Loading user config located at: '/home/ubuntu/isaacsim/kit/data/Kit/Isaac-Sim/5.1/user.config.json'
[Info] [carb] Logging to file: /home/ubuntu/isaacsim/kit/logs/Kit/Isaac-Sim/5.1/kit_20260714_214952.log
2026-07-14T13:49:53Z [189ms] [Warning] [omni.usd_config.extension] Enable omni.materialx.libs extension to use MaterialX
2026-07-14T13:49:53Z [195ms] [Warning] [omni.platforminfo.plugin] failed to open the default display.  Can't verify X Server version.
2026-07-14T13:49:53Z [470ms] [Warning] [carb] Acquiring non optional plugin interface which is not listed as dependency: [omni::physx::IPhysxBenchmarks v1.0] (plugin: <default plugin>), by client: omni.physics.physx.plugin. Add it to CARB_PLUGIN_IMPL_DEPS() macro of a client.
2026-07-14T13:49:53Z [603ms] [Warning] [omni.isaac.dynamic_control] omni.isaac.dynamic_control is deprecated as of Isaac Sim 4.5. No action is needed from end-users.

|---------------------------------------------------------------------------------------------|
| Driver Version: 580.142       | Graphics API: Vulkan
|=============================================================================================|
| GPU | Name                             | Active | LDA | GPU Memory | Vendor-ID | LUID       |
|     |                                  |        |     |            | Device-ID | UUID       |
|     |                                  |        |     |            | Bus-ID    |            |
|---------------------------------------------------------------------------------------------|
| 0   | NVIDIA GeForce RTX 5090 D v2     | Yes: 0 |     | 24701   MB | 10de      | 0          |
|     |                                  |        |     |            | 2b8c      | 5f3d0dc0.. |
|     |                                  |        |     |            | 1         |            |
|=============================================================================================|
| OS: 24.04.3 LTS (Noble Numbat) ubuntu, Version: 24.04.3, Kernel: 6.17.0-1017-oem
| Processor: Intel(R) Core(TM) i9-14900K
| Cores: 24 | Logical Cores: 32
|---------------------------------------------------------------------------------------------|
| Total Memory (MB): 64063 | Free Memory: 55437
| Total Page/Swap (MB): 8191 | Free Page/Swap: 8191
|---------------------------------------------------------------------------------------------|
2026-07-14T13:49:55Z [2,642ms] [Warning] [gpu.foundation.plugin] CPU performance profile is set to powersave. This profile sets the CPU to the lowest frequency reducing performance.
2026-07-14T13:49:55Z [2,649ms] [Warning] [gpu.foundation.plugin] IOMMU is enabled.
2026-07-14T13:49:55Z [2,782ms] [Warning] [carb.windowing-glfw.plugin] GLFW initialization failed.
2026-07-14T13:49:55Z [2,782ms] [Warning] [carb] Failed to startup plugin carb.windowing-glfw.plugin (interfaces: [carb::windowing::IGLContext v1.0],[carb::windowing::IWindowing v1.5]) (impl: carb.windowing-glfw.plugin)

|---------------------------------------------------------------------------------------------|
| Driver Version: 580.142       | Graphics API: Vulkan
|=============================================================================================|
| GPU | Name                             | Active | LDA | GPU Memory | Vendor-ID | LUID       |
|     |                                  |        |     |            | Device-ID | UUID       |
|     |                                  |        |     |            | Bus-ID    |            |
|---------------------------------------------------------------------------------------------|
| 0   | NVIDIA GeForce RTX 5090 D v2     | Yes: 0 |     | 24701   MB | 10de      | 0          |
|     |                                  |        |     |            | 2b8c      | 5f3d0dc0.. |
|     |                                  |        |     |            | 1         |            |
|=============================================================================================|
| OS: 24.04.3 LTS (Noble Numbat) ubuntu, Version: 24.04.3, Kernel: 6.17.0-1017-oem
| Processor: Intel(R) Core(TM) i9-14900K
| Cores: 24 | Logical Cores: 32
|---------------------------------------------------------------------------------------------|
| Total Memory (MB): 64063 | Free Memory: 55228
| Total Page/Swap (MB): 8191 | Free Page/Swap: 8191
|---------------------------------------------------------------------------------------------|
2026-07-14T13:49:55Z [3,013ms] [Warning] [gpu.foundation.plugin] CPU performance profile is set to powersave. This profile sets the CPU to the lowest frequency reducing performance.
2026-07-14T13:49:55Z [3,013ms] [Warning] [gpu.foundation.plugin] IOMMU is enabled.
2026-07-14T13:49:56Z [3,212ms] [Warning] [carb.windowing-glfw.plugin] GLFW initialization failed.
2026-07-14T13:49:56Z [3,212ms] [Warning] [carb] Failed to startup plugin carb.windowing-glfw.plugin (interfaces: [carb::windowing::IGLContext v1.0],[carb::windowing::IWindowing v1.5]) (impl: carb.windowing-glfw.plugin)
2026-07-14T13:49:56Z [3,224ms] [Warning] [carb.windowing-glfw.plugin] GLFW initialization failed.
2026-07-14T13:49:56Z [3,224ms] [Warning] [carb] Failed to startup plugin carb.windowing-glfw.plugin (interfaces: [carb::windowing::IGLContext v1.0],[carb::windowing::IWindowing v1.5]) (impl: carb.windowing-glfw.plugin)
2026-07-14T13:49:56Z [3,229ms] [Warning] [carb.windowing-glfw.plugin] GLFW initialization failed.
2026-07-14T13:49:56Z [3,229ms] [Warning] [carb] Failed to startup plugin carb.windowing-glfw.plugin (interfaces: [carb::windowing::IGLContext v1.0],[carb::windowing::IWindowing v1.5]) (impl: carb.windowing-glfw.plugin)
2026-07-14T13:49:56Z [3,234ms] [Warning] [carb.windowing-glfw.plugin] GLFW initialization failed.
2026-07-14T13:49:56Z [3,234ms] [Warning] [carb] Failed to startup plugin carb.windowing-glfw.plugin (interfaces: [carb::windowing::IGLContext v1.0],[carb::windowing::IWindowing v1.5]) (impl: carb.windowing-glfw.plugin)
2026-07-14T13:49:56Z [3,235ms] [Warning] [carb.windowing-glfw.plugin] GLFW initialization failed.
2026-07-14T13:49:56Z [3,235ms] [Warning] [carb] Failed to startup plugin carb.windowing-glfw.plugin (interfaces: [carb::windowing::IGLContext v1.0],[carb::windowing::IWindowing v1.5]) (impl: carb.windowing-glfw.plugin)
2026-07-14T13:49:56Z [3,236ms] [Warning] [carb.windowing-glfw.plugin] GLFW initialization failed.
2026-07-14T13:49:56Z [3,236ms] [Warning] [carb] Failed to startup plugin carb.windowing-glfw.plugin (interfaces: [carb::windowing::IGLContext v1.0],[carb::windowing::IWindowing v1.5]) (impl: carb.windowing-glfw.plugin)
2026-07-14T13:49:56Z [3,483ms] [Warning] [omni.graph.visualization.nodes._impl.extension] No Viewport Window to add omni.graph.visualization.nodes-2.1.3 scene to
2026-07-14T13:49:56Z [3,568ms] [Warning] [omni.usd] Warning: in _ReportErrors at line 3172 of /builds/omniverse/usd-ci/USD/pxr/usd/usd/stage.cpp -- In </partnet_6e85f6897e07e0b1df3a1b0d597ce76e/base/visuals>: Unresolved reference prim path @/home/ubuntu/workspace/physvla_sim/datasets/data_normalized/Dishwasher_urdf/11453/configuration/fitr_info1_physics.usd@</visuals/base> introduced by @/home/ubuntu/workspace/physvla_sim/datasets/data_normalized/Dishwasher_urdf/11453/configuration/fitr_info1_base.usd@</partnet_6e85f6897e07e0b1df3a1b0d597ce76e/base/visuals> (instantiating stage on stage @/home/ubuntu/workspace/physvla_sim/datasets/data_normalized/Dishwasher_urdf/11453/fitr_info1.usd@ <0x3e1a2570>)

2026-07-14T13:49:56Z [3,573ms] [Warning] [omni.usd] Warning: in _ReportErrors at line 3172 of /builds/omniverse/usd-ci/USD/pxr/usd/usd/stage.cpp -- In </partnet_6e85f6897e07e0b1df3a1b0d597ce76e/base/visuals>: Unresolved reference prim path @/home/ubuntu/workspace/physvla_sim/datasets/data_normalized/Dishwasher_urdf/11453/configuration/fitr_info1_physics.usd@</visuals/base> introduced by @/home/ubuntu/workspace/physvla_sim/datasets/data_normalized/Dishwasher_urdf/11453/configuration/fitr_info1_base.usd@</partnet_6e85f6897e07e0b1df3a1b0d597ce76e/base/visuals> (instantiating stage on stage @/home/ubuntu/workspace/physvla_sim/datasets/data_normalized/Dishwasher_urdf/11453/configuration/fitr_info1_physics.usd@ <0x3e1bddc0>)

2026-07-14T13:49:56Z [3,574ms] [Warning] [omni.usd] Warning: in _ReportErrors at line 3172 of /builds/omniverse/usd-ci/USD/pxr/usd/usd/stage.cpp -- In </partnet_6e85f6897e07e0b1df3a1b0d597ce76e/base/visuals>: Unresolved reference prim path @/home/ubuntu/workspace/physvla_sim/datasets/data_normalized/Dishwasher_urdf/11453/configuration/fitr_info1_base.usd@</visuals/base> introduced by @/home/ubuntu/workspace/physvla_sim/datasets/data_normalized/Dishwasher_urdf/11453/configuration/fitr_info1_base.usd@</partnet_6e85f6897e07e0b1df3a1b0d597ce76e/base/visuals> (instantiating stage on stage @/home/ubuntu/workspace/physvla_sim/datasets/data_normalized/Dishwasher_urdf/11453/configuration/fitr_info1_base.usd@ <0x3e1cac80>)

2026-07-14T13:49:56Z [3,581ms] [Warning] [isaacsim.asset.importer.urdf] No mass specified for link base
2026-07-14T13:49:56Z [3,581ms] [Warning] [omni.usd] Warning: in _ReportErrors at line 3172 of /builds/omniverse/usd-ci/USD/pxr/usd/usd/stage.cpp -- In </partnet_6e85f6897e07e0b1df3a1b0d597ce76e/base/visuals>: Unresolved reference prim path @/home/ubuntu/workspace/physvla_sim/datasets/data_normalized/Dishwasher_urdf/11453/configuration/fitr_info1_physics.usd@</visuals/base> introduced by @/home/ubuntu/workspace/physvla_sim/datasets/data_normalized/Dishwasher_urdf/11453/configuration/fitr_info1_base.usd@</partnet_6e85f6897e07e0b1df3a1b0d597ce76e/base/visuals> (recomposing stage on stage @/home/ubuntu/workspace/physvla_sim/datasets/data_normalized/Dishwasher_urdf/11453/configuration/fitr_info1_physics.usd@ <0x3e1bddc0>)

2026-07-14T13:49:56Z [3,582ms] [Warning] [omni.usd] Warning: in _ReportErrors at line 3172 of /builds/omniverse/usd-ci/USD/pxr/usd/usd/stage.cpp -- In </partnet_6e85f6897e07e0b1df3a1b0d597ce76e/base/visuals>: Unresolved reference prim path @/home/ubuntu/workspace/physvla_sim/datasets/data_normalized/Dishwasher_urdf/11453/fitr_info1.usd@</visuals/base> introduced by @/home/ubuntu/workspace/physvla_sim/datasets/data_normalized/Dishwasher_urdf/11453/configuration/fitr_info1_base.usd@</partnet_6e85f6897e07e0b1df3a1b0d597ce76e/base/visuals> (recomposing stage on stage @/home/ubuntu/workspace/physvla_sim/datasets/data_normalized/Dishwasher_urdf/11453/fitr_info1.usd@ <0x3e1a2570>)

2026-07-14T13:49:56Z [3,582ms] [Warning] [omni.usd] Warning: in _ReportErrors at line 3172 of /builds/omniverse/usd-ci/USD/pxr/usd/usd/stage.cpp -- In </partnet_6e85f6897e07e0b1df3a1b0d597ce76e/base/visuals>: Unresolved reference prim path @/home/ubuntu/workspace/physvla_sim/datasets/data_normalized/Dishwasher_urdf/11453/configuration/fitr_info1_base.usd@</visuals/base> introduced by @/home/ubuntu/workspace/physvla_sim/datasets/data_normalized/Dishwasher_urdf/11453/configuration/fitr_info1_base.usd@</partnet_6e85f6897e07e0b1df3a1b0d597ce76e/base/visuals> (recomposing stage on stage @/home/ubuntu/workspace/physvla_sim/datasets/data_normalized/Dishwasher_urdf/11453/configuration/fitr_info1_base.usd@ <0x3e1cac80>)

2026-07-14T13:49:56Z [3,582ms] [Warning] [omni.usd] Warning: in _ReportErrors at line 3172 of /builds/omniverse/usd-ci/USD/pxr/usd/usd/stage.cpp -- In </partnet_6e85f6897e07e0b1df3a1b0d597ce76e/base/visuals>: Unresolved reference prim path @/home/ubuntu/workspace/physvla_sim/datasets/data_normalized/Dishwasher_urdf/11453/configuration/fitr_info1_physics.usd@</visuals/base> introduced by @/home/ubuntu/workspace/physvla_sim/datasets/data_normalized/Dishwasher_urdf/11453/configuration/fitr_info1_base.usd@</partnet_6e85f6897e07e0b1df3a1b0d597ce76e/base/visuals> (recomposing stage on stage @/home/ubuntu/workspace/physvla_sim/datasets/data_normalized/Dishwasher_urdf/11453/configuration/fitr_info1_physics.usd@ <0x3e1bddc0>)

2026-07-14T13:49:56Z [3,582ms] [Warning] [omni.usd] Warning: in _ReportErrors at line 3172 of /builds/omniverse/usd-ci/USD/pxr/usd/usd/stage.cpp -- In </partnet_6e85f6897e07e0b1df3a1b0d597ce76e/base/visuals>: Unresolved reference prim path @/home/ubuntu/workspace/physvla_sim/datasets/data_normalized/Dishwasher_urdf/11453/fitr_info1.usd@</visuals/base> introduced by @/home/ubuntu/workspace/physvla_sim/datasets/data_normalized/Dishwasher_urdf/11453/configuration/fitr_info1_base.usd@</partnet_6e85f6897e07e0b1df3a1b0d597ce76e/base/visuals> (recomposing stage on stage @/home/ubuntu/workspace/physvla_sim/datasets/data_normalized/Dishwasher_urdf/11453/fitr_info1.usd@ <0x3e1a2570>)

2026-07-14T13:49:56Z [3,582ms] [Warning] [omni.usd] Warning: in _ReportErrors at line 3172 of /builds/omniverse/usd-ci/USD/pxr/usd/usd/stage.cpp -- In </partnet_6e85f6897e07e0b1df3a1b0d597ce76e/base/visuals>: Unresolved reference prim path @/home/ubuntu/workspace/physvla_sim/datasets/data_normalized/Dishwasher_urdf/11453/configuration/fitr_info1_base.usd@</visuals/base> introduced by @/home/ubuntu/workspace/physvla_sim/datasets/data_normalized/Dishwasher_urdf/11453/configuration/fitr_info1_base.usd@</partnet_6e85f6897e07e0b1df3a1b0d597ce76e/base/visuals> (recomposing stage on stage @/home/ubuntu/workspace/physvla_sim/datasets/data_normalized/Dishwasher_urdf/11453/configuration/fitr_info1_base.usd@ <0x3e1cac80>)

2026-07-14T13:49:56Z [3,583ms] [Warning] [isaacsim.asset.importer.urdf] Link base has no colliders, and no inertia was imported; assigning a small isotropic inertia matrix
2026-07-14T13:49:56Z [3,584ms] [Warning] [isaacsim.asset.importer.urdf] No mass specified for link body
2026-07-14T13:49:56Z [3,591ms] [Warning] [isaacsim.asset.importer.urdf] No mass specified for link door_1
2026-07-14T13:49:56Z [3,609ms] [Warning] [omni.usd] Warning: in _ReportErrors at line 3172 of /builds/omniverse/usd-ci/USD/pxr/usd/usd/stage.cpp -- In </partnet_6e85f6897e07e0b1df3a1b0d597ce76e/base/visuals>: Unresolved reference prim path @/home/ubuntu/workspace/physvla_sim/datasets/data_normalized/Dishwasher_urdf/11453/configuration/fitr_info1_base.usd@</visuals/base> introduced by @/home/ubuntu/workspace/physvla_sim/datasets/data_normalized/Dishwasher_urdf/11453/configuration/fitr_info1_base.usd@</partnet_6e85f6897e07e0b1df3a1b0d597ce76e/base/visuals> (recomposing stage on stage @/home/ubuntu/workspace/physvla_sim/datasets/data_normalized/Dishwasher_urdf/11453/fitr_info1.usd@ <0x3e1a2570>)

2026-07-14T13:49:56Z [3,611ms] [Warning] [omni.usd] Warning: in _ReportErrors at line 3172 of /builds/omniverse/usd-ci/USD/pxr/usd/usd/stage.cpp -- In </partnet_6e85f6897e07e0b1df3a1b0d597ce76e/base/visuals>: Unresolved reference prim path @/home/ubuntu/workspace/physvla_sim/datasets/data_normalized/Dishwasher_urdf/11453/configuration/fitr_info1_physics.usd@</visuals/base> introduced by @/home/ubuntu/workspace/physvla_sim/datasets/data_normalized/Dishwasher_urdf/11453/configuration/fitr_info1_base.usd@</partnet_6e85f6897e07e0b1df3a1b0d597ce76e/base/visuals> (recomposing stage on stage @/home/ubuntu/workspace/physvla_sim/datasets/data_normalized/Dishwasher_urdf/11453/fitr_info1.usd@ <0x3e1a2570>)

2026-07-14T13:49:56Z [3,613ms] [Warning] [omni.usd] Warning: in _ReportErrors at line 3172 of /builds/omniverse/usd-ci/USD/pxr/usd/usd/stage.cpp -- In </partnet_6e85f6897e07e0b1df3a1b0d597ce76e/base/visuals>: Unresolved reference prim path @/home/ubuntu/workspace/physvla_sim/datasets/data_normalized/Dishwasher_urdf/11453/configuration/fitr_info1_physics.usd@</visuals/base> introduced by @/home/ubuntu/workspace/physvla_sim/datasets/data_normalized/Dishwasher_urdf/11453/configuration/fitr_info1_base.usd@</partnet_6e85f6897e07e0b1df3a1b0d597ce76e/base/visuals> (recomposing stage on stage @/home/ubuntu/workspace/physvla_sim/datasets/data_normalized/Dishwasher_urdf/11453/fitr_info1.usd@ <0x3e1a2570>)

2026-07-14T13:49:56Z [3,614ms] [Warning] [omni.usd] Warning: in _ReportErrors at line 3172 of /builds/omniverse/usd-ci/USD/pxr/usd/usd/stage.cpp -- In </partnet_6e85f6897e07e0b1df3a1b0d597ce76e/base/visuals>: Unresolved reference prim path @/home/ubuntu/workspace/physvla_sim/datasets/data_normalized/Dishwasher_urdf/11453/configuration/fitr_info1_physics.usd@</visuals/base> introduced by @/home/ubuntu/workspace/physvla_sim/datasets/data_normalized/Dishwasher_urdf/11453/configuration/fitr_info1_base.usd@</partnet_6e85f6897e07e0b1df3a1b0d597ce76e/base/visuals> (recomposing stage on stage @/home/ubuntu/workspace/physvla_sim/datasets/data_normalized/Dishwasher_urdf/11453/fitr_info1.usd@ <0x3e1a2570>)

2026-07-14T13:49:56Z [3,616ms] [Warning] [omni.usd] Warning: in _ReportErrors at line 3172 of /builds/omniverse/usd-ci/USD/pxr/usd/usd/stage.cpp -- In </partnet_6e85f6897e07e0b1df3a1b0d597ce76e/base/visuals>: Unresolved reference prim path @/home/ubuntu/workspace/physvla_sim/datasets/data_normalized/Dishwasher_urdf/11453/configuration/fitr_info1_physics.usd@</visuals/base> introduced by @/home/ubuntu/workspace/physvla_sim/datasets/data_normalized/Dishwasher_urdf/11453/configuration/fitr_info1_base.usd@</partnet_6e85f6897e07e0b1df3a1b0d597ce76e/base/visuals> (recomposing stage on stage @/home/ubuntu/workspace/physvla_sim/datasets/data_normalized/Dishwasher_urdf/11453/fitr_info1.usd@ <0x3e1a2570>)

2026-07-14T13:49:56Z [3,617ms] [Warning] [omni.usd] Warning: in _ReportErrors at line 3172 of /builds/omniverse/usd-ci/USD/pxr/usd/usd/stage.cpp -- In </partnet_6e85f6897e07e0b1df3a1b0d597ce76e/base/visuals>: Unresolved reference prim path @/home/ubuntu/workspace/physvla_sim/datasets/data_normalized/Dishwasher_urdf/11453/configuration/fitr_info1_physics.usd@</visuals/base> introduced by @/home/ubuntu/workspace/physvla_sim/datasets/data_normalized/Dishwasher_urdf/11453/configuration/fitr_info1_base.usd@</partnet_6e85f6897e07e0b1df3a1b0d597ce76e/base/visuals> (recomposing stage on stage @/home/ubuntu/workspace/physvla_sim/datasets/data_normalized/Dishwasher_urdf/11453/fitr_info1.usd@ <0x3e1a2570>)

2026-07-14T13:49:56Z [3,619ms] [Warning] [omni.usd] Warning: in _ReportErrors at line 3172 of /builds/omniverse/usd-ci/USD/pxr/usd/usd/stage.cpp -- In </partnet_6e85f6897e07e0b1df3a1b0d597ce76e/base/visuals>: Unresolved reference prim path @/home/ubuntu/workspace/physvla_sim/datasets/data_normalized/Dishwasher_urdf/11453/configuration/fitr_info1_physics.usd@</visuals/base> introduced by @/home/ubuntu/workspace/physvla_sim/datasets/data_normalized/Dishwasher_urdf/11453/configuration/fitr_info1_base.usd@</partnet_6e85f6897e07e0b1df3a1b0d597ce76e/base/visuals> (recomposing stage on stage @/home/ubuntu/workspace/physvla_sim/datasets/data_normalized/Dishwasher_urdf/11453/fitr_info1.usd@ <0x3e1a2570>)

2026-07-14T13:49:56Z [3,621ms] [Warning] [omni.usd] Warning: in _ReportErrors at line 3172 of /builds/omniverse/usd-ci/USD/pxr/usd/usd/stage.cpp -- In </partnet_6e85f6897e07e0b1df3a1b0d597ce76e/base/visuals>: Unresolved reference prim path @/home/ubuntu/workspace/physvla_sim/datasets/data_normalized/Dishwasher_urdf/11453/configuration/fitr_info1_physics.usd@</visuals/base> introduced by @/home/ubuntu/workspace/physvla_sim/datasets/data_normalized/Dishwasher_urdf/11453/configuration/fitr_info1_base.usd@</partnet_6e85f6897e07e0b1df3a1b0d597ce76e/base/visuals> (recomposing stage on stage @/home/ubuntu/workspace/physvla_sim/datasets/data_normalized/Dishwasher_urdf/11453/fitr_info1.usd@ <0x3e1a2570>)

Loading user config located at: '/home/ubuntu/isaacsim/kit/data/Kit/Isaac-Sim/5.1/user.config.json'
[Info] [carb] Logging to file: /home/ubuntu/isaacsim/kit/logs/Kit/Isaac-Sim/5.1/kit_20260714_214956.log
2026-07-14T13:49:57Z [187ms] [Warning] [omni.usd_config.extension] Enable omni.materialx.libs extension to use MaterialX
2026-07-14T13:49:57Z [191ms] [Warning] [omni.platforminfo.plugin] failed to open the default display.  Can't verify X Server version.
2026-07-14T13:49:57Z [464ms] [Warning] [carb] Acquiring non optional plugin interface which is not listed as dependency: [omni::physx::IPhysxBenchmarks v1.0] (plugin: <default plugin>), by client: omni.physics.physx.plugin. Add it to CARB_PLUGIN_IMPL_DEPS() macro of a client.
2026-07-14T13:49:57Z [602ms] [Warning] [omni.isaac.dynamic_control] omni.isaac.dynamic_control is deprecated as of Isaac Sim 4.5. No action is needed from end-users.

|---------------------------------------------------------------------------------------------|
| Driver Version: 580.142       | Graphics API: Vulkan
|=============================================================================================|
| GPU | Name                             | Active | LDA | GPU Memory | Vendor-ID | LUID       |
|     |                                  |        |     |            | Device-ID | UUID       |
|     |                                  |        |     |            | Bus-ID    |            |
|---------------------------------------------------------------------------------------------|
| 0   | NVIDIA GeForce RTX 5090 D v2     | Yes: 0 |     | 24701   MB | 10de      | 0          |
|     |                                  |        |     |            | 2b8c      | 5f3d0dc0.. |
|     |                                  |        |     |            | 1         |            |
|=============================================================================================|
| OS: 24.04.3 LTS (Noble Numbat) ubuntu, Version: 24.04.3, Kernel: 6.17.0-1017-oem
| Processor: Intel(R) Core(TM) i9-14900K
| Cores: 24 | Logical Cores: 32
|---------------------------------------------------------------------------------------------|
| Total Memory (MB): 64063 | Free Memory: 55393
| Total Page/Swap (MB): 8191 | Free Page/Swap: 8191
|---------------------------------------------------------------------------------------------|
2026-07-14T13:49:59Z [2,593ms] [Warning] [gpu.foundation.plugin] CPU performance profile is set to powersave. This profile sets the CPU to the lowest frequency reducing performance.
2026-07-14T13:49:59Z [2,601ms] [Warning] [gpu.foundation.plugin] IOMMU is enabled.
2026-07-14T13:49:59Z [2,744ms] [Warning] [omni.usd] Warning: in _ReportErrors at line 3172 of /builds/omniverse/usd-ci/USD/pxr/usd/usd/stage.cpp -- In </partnet_6e85f6897e07e0b1df3a1b0d597ce76e/base/visuals>: Unresolved reference prim path @/home/ubuntu/workspace/physvla_sim/datasets/data_normalized/Dishwasher_urdf/11453/configuration/fitr_info1_base.usd@</visuals/base> introduced by @/home/ubuntu/workspace/physvla_sim/datasets/data_normalized/Dishwasher_urdf/11453/configuration/fitr_info1_base.usd@</partnet_6e85f6897e07e0b1df3a1b0d597ce76e/base/visuals> (instantiating stage on stage @/home/ubuntu/workspace/physvla_sim/datasets/data_normalized/Dishwasher_urdf/11453/configuration/fitr_info1_base.usd@ <0x2e6568b0>)

2026-07-14T13:49:59Z [2,747ms] [Warning] [omni.usd] Warning: in _ReportErrors at line 3172 of /builds/omniverse/usd-ci/USD/pxr/usd/usd/stage.cpp -- In </partnet_6e85f6897e07e0b1df3a1b0d597ce76e/base/visuals>: Unresolved reference prim path @/home/ubuntu/workspace/physvla_sim/datasets/data_normalized/Dishwasher_urdf/11453/configuration/fitr_info1_physics.usd@</visuals/base> introduced by @/home/ubuntu/workspace/physvla_sim/datasets/data_normalized/Dishwasher_urdf/11453/configuration/fitr_info1_base.usd@</partnet_6e85f6897e07e0b1df3a1b0d597ce76e/base/visuals> (instantiating stage on stage @/home/ubuntu/workspace/physvla_sim/datasets/data_normalized/Dishwasher_urdf/11453/configuration/fitr_info1_physics.usd@ <0x37c31d70>)

2026-07-14T13:49:59Z [2,750ms] [Warning] [omni.usd] Warning: in _ReportErrors at line 3172 of /builds/omniverse/usd-ci/USD/pxr/usd/usd/stage.cpp -- In </partnet_6e85f6897e07e0b1df3a1b0d597ce76e/base/visuals>: Unresolved reference prim path @/home/ubuntu/workspace/physvla_sim/datasets/data_normalized/Dishwasher_urdf/11453/configuration/fitr_info1_physics.usd@</visuals/base> introduced by @/home/ubuntu/workspace/physvla_sim/datasets/data_normalized/Dishwasher_urdf/11453/configuration/fitr_info1_base.usd@</partnet_6e85f6897e07e0b1df3a1b0d597ce76e/base/visuals> (instantiating stage on stage @/home/ubuntu/workspace/physvla_sim/datasets/data_normalized/Dishwasher_urdf/11453/fitr_info1.usd@ <0x2e627ef0>)

[INFO][AppLauncher]: Using device: cuda:0
[INFO][AppLauncher]: Loading experience file: /home/ubuntu/workspace/IsaacLab/apps/isaaclab.python.headless.kit
{
  "output": "/home/ubuntu/workspace/physvla_sim/datasets/data_normalized/Dishwasher_urdf/11453/fitr_info1.usd",
  "scale": 0.3148360904732597,
  "scale_layer": "/home/ubuntu/workspace/physvla_sim/datasets/data_normalized/Dishwasher_urdf/11453/configuration/fitr_info1_base.usd",
  "joints": [
    {
      "joint": "/partnet_6e85f6897e07e0b1df3a1b0d597ce76e/joints/joint_0",
      "drive": "angular",
      "damping": 528.75,
      "stiffness": 0.0,
      "max_force": 7.96875
    }
  ],
  "dynamics_layer": "/home/ubuntu/workspace/physvla_sim/datasets/data_normalized/Dishwasher_urdf/11453/configuration/fitr_info1_physics.usd",
  "affordance_links": [
    "/partnet_6e85f6897e07e0b1df3a1b0d597ce76e/door_1"
  ]
}
Loading user config located at: '/home/ubuntu/isaacsim/kit/data/Kit/Isaac-Sim/5.1/user.config.json'
[Info] [carb] Logging to file: /home/ubuntu/isaacsim/kit/logs/Kit/Isaac-Sim/5.1/kit_20260714_214959.log
2026-07-14T13:50:00Z [183ms] [Warning] [omni.usd_config.extension] Enable omni.materialx.libs extension to use MaterialX
2026-07-14T13:50:00Z [188ms] [Warning] [omni.platforminfo.plugin] failed to open the default display.  Can't verify X Server version.
2026-07-14T13:50:00Z [471ms] [Warning] [carb] Acquiring non optional plugin interface which is not listed as dependency: [omni::physx::IPhysxBenchmarks v1.0] (plugin: <default plugin>), by client: omni.physics.physx.plugin. Add it to CARB_PLUGIN_IMPL_DEPS() macro of a client.
2026-07-14T13:50:00Z [604ms] [Warning] [omni.isaac.dynamic_control] omni.isaac.dynamic_control is deprecated as of Isaac Sim 4.5. No action is needed from end-users.

|---------------------------------------------------------------------------------------------|
| Driver Version: 580.142       | Graphics API: Vulkan
|=============================================================================================|
| GPU | Name                             | Active | LDA | GPU Memory | Vendor-ID | LUID       |
|     |                                  |        |     |            | Device-ID | UUID       |
|     |                                  |        |     |            | Bus-ID    |            |
|---------------------------------------------------------------------------------------------|
| 0   | NVIDIA GeForce RTX 5090 D v2     | Yes: 0 |     | 24701   MB | 10de      | 0          |
|     |                                  |        |     |            | 2b8c      | 5f3d0dc0.. |
|     |                                  |        |     |            | 1         |            |
|=============================================================================================|
| OS: 24.04.3 LTS (Noble Numbat) ubuntu, Version: 24.04.3, Kernel: 6.17.0-1017-oem
| Processor: Intel(R) Core(TM) i9-14900K
| Cores: 24 | Logical Cores: 32
|---------------------------------------------------------------------------------------------|
| Total Memory (MB): 64063 | Free Memory: 55357
| Total Page/Swap (MB): 8191 | Free Page/Swap: 8191
|---------------------------------------------------------------------------------------------|
2026-07-14T13:50:02Z [2,600ms] [Warning] [gpu.foundation.plugin] CPU performance profile is set to powersave. This profile sets the CPU to the lowest frequency reducing performance.
2026-07-14T13:50:02Z [2,608ms] [Warning] [gpu.foundation.plugin] IOMMU is enabled.
2026-07-14T13:50:02Z [2,733ms] [Warning] [carb.windowing-glfw.plugin] GLFW initialization failed.
2026-07-14T13:50:02Z [2,733ms] [Warning] [carb] Failed to startup plugin carb.windowing-glfw.plugin (interfaces: [carb::windowing::IGLContext v1.0],[carb::windowing::IWindowing v1.5]) (impl: carb.windowing-glfw.plugin)

|---------------------------------------------------------------------------------------------|
| Driver Version: 580.142       | Graphics API: Vulkan
|=============================================================================================|
| GPU | Name                             | Active | LDA | GPU Memory | Vendor-ID | LUID       |
|     |                                  |        |     |            | Device-ID | UUID       |
|     |                                  |        |     |            | Bus-ID    |            |
|---------------------------------------------------------------------------------------------|
| 0   | NVIDIA GeForce RTX 5090 D v2     | Yes: 0 |     | 24701   MB | 10de      | 0          |
|     |                                  |        |     |            | 2b8c      | 5f3d0dc0.. |
|     |                                  |        |     |            | 1         |            |
|=============================================================================================|
| OS: 24.04.3 LTS (Noble Numbat) ubuntu, Version: 24.04.3, Kernel: 6.17.0-1017-oem
| Processor: Intel(R) Core(TM) i9-14900K
| Cores: 24 | Logical Cores: 32
|---------------------------------------------------------------------------------------------|
| Total Memory (MB): 64063 | Free Memory: 55154
| Total Page/Swap (MB): 8191 | Free Page/Swap: 8191
|---------------------------------------------------------------------------------------------|
2026-07-14T13:50:02Z [2,958ms] [Warning] [gpu.foundation.plugin] CPU performance profile is set to powersave. This profile sets the CPU to the lowest frequency reducing performance.
2026-07-14T13:50:02Z [2,959ms] [Warning] [gpu.foundation.plugin] IOMMU is enabled.
2026-07-14T13:50:03Z [3,159ms] [Warning] [carb.windowing-glfw.plugin] GLFW initialization failed.
2026-07-14T13:50:03Z [3,159ms] [Warning] [carb] Failed to startup plugin carb.windowing-glfw.plugin (interfaces: [carb::windowing::IGLContext v1.0],[carb::windowing::IWindowing v1.5]) (impl: carb.windowing-glfw.plugin)
2026-07-14T13:50:03Z [3,171ms] [Warning] [carb.windowing-glfw.plugin] GLFW initialization failed.
2026-07-14T13:50:03Z [3,171ms] [Warning] [carb] Failed to startup plugin carb.windowing-glfw.plugin (interfaces: [carb::windowing::IGLContext v1.0],[carb::windowing::IWindowing v1.5]) (impl: carb.windowing-glfw.plugin)
2026-07-14T13:50:03Z [3,176ms] [Warning] [carb.windowing-glfw.plugin] GLFW initialization failed.
2026-07-14T13:50:03Z [3,176ms] [Warning] [carb] Failed to startup plugin carb.windowing-glfw.plugin (interfaces: [carb::windowing::IGLContext v1.0],[carb::windowing::IWindowing v1.5]) (impl: carb.windowing-glfw.plugin)
2026-07-14T13:50:03Z [3,181ms] [Warning] [carb.windowing-glfw.plugin] GLFW initialization failed.
2026-07-14T13:50:03Z [3,181ms] [Warning] [carb] Failed to startup plugin carb.windowing-glfw.plugin (interfaces: [carb::windowing::IGLContext v1.0],[carb::windowing::IWindowing v1.5]) (impl: carb.windowing-glfw.plugin)
2026-07-14T13:50:03Z [3,182ms] [Warning] [carb.windowing-glfw.plugin] GLFW initialization failed.
2026-07-14T13:50:03Z [3,182ms] [Warning] [carb] Failed to startup plugin carb.windowing-glfw.plugin (interfaces: [carb::windowing::IGLContext v1.0],[carb::windowing::IWindowing v1.5]) (impl: carb.windowing-glfw.plugin)
2026-07-14T13:50:03Z [3,182ms] [Warning] [carb.windowing-glfw.plugin] GLFW initialization failed.
2026-07-14T13:50:03Z [3,182ms] [Warning] [carb] Failed to startup plugin carb.windowing-glfw.plugin (interfaces: [carb::windowing::IGLContext v1.0],[carb::windowing::IWindowing v1.5]) (impl: carb.windowing-glfw.plugin)
2026-07-14T13:50:03Z [3,429ms] [Warning] [omni.graph.visualization.nodes._impl.extension] No Viewport Window to add omni.graph.visualization.nodes-2.1.3 scene to
2026-07-14T13:50:03Z [3,526ms] [Warning] [isaacsim.asset.importer.urdf] No mass specified for link base
2026-07-14T13:50:03Z [3,526ms] [Warning] [omni.usd] Warning: in _ReportErrors at line 3172 of /builds/omniverse/usd-ci/USD/pxr/usd/usd/stage.cpp -- In </partnet_6e85f6897e07e0b1df3a1b0d597ce76e/base/visuals>: Unresolved reference prim path @/home/ubuntu/workspace/physvla_sim/datasets/data_normalized/Dishwasher_urdf/11622/configuration/fitr_info1_physics.usd@</visuals/base> introduced by @/home/ubuntu/workspace/physvla_sim/datasets/data_normalized/Dishwasher_urdf/11622/configuration/fitr_info1_base.usd@</partnet_6e85f6897e07e0b1df3a1b0d597ce76e/base/visuals> (recomposing stage on stage @/home/ubuntu/workspace/physvla_sim/datasets/data_normalized/Dishwasher_urdf/11622/configuration/fitr_info1_physics.usd@ <0x24235a00>)

2026-07-14T13:50:03Z [3,526ms] [Warning] [omni.usd] Warning: in _ReportErrors at line 3172 of /builds/omniverse/usd-ci/USD/pxr/usd/usd/stage.cpp -- In </partnet_6e85f6897e07e0b1df3a1b0d597ce76e/base/visuals>: Unresolved reference prim path @/home/ubuntu/workspace/physvla_sim/datasets/data_normalized/Dishwasher_urdf/11622/fitr_info1.usd@</visuals/base> introduced by @/home/ubuntu/workspace/physvla_sim/datasets/data_normalized/Dishwasher_urdf/11622/configuration/fitr_info1_base.usd@</partnet_6e85f6897e07e0b1df3a1b0d597ce76e/base/visuals> (recomposing stage on stage @/home/ubuntu/workspace/physvla_sim/datasets/data_normalized/Dishwasher_urdf/11622/fitr_info1.usd@ <0x242221a0>)

2026-07-14T13:50:03Z [3,527ms] [Warning] [omni.usd] Warning: in _ReportErrors at line 3172 of /builds/omniverse/usd-ci/USD/pxr/usd/usd/stage.cpp -- In </partnet_6e85f6897e07e0b1df3a1b0d597ce76e/base/visuals>: Unresolved reference prim path @/home/ubuntu/workspace/physvla_sim/datasets/data_normalized/Dishwasher_urdf/11622/fitr_info1.usd@</visuals/base> introduced by @/home/ubuntu/workspace/physvla_sim/datasets/data_normalized/Dishwasher_urdf/11622/configuration/fitr_info1_base.usd@</partnet_6e85f6897e07e0b1df3a1b0d597ce76e/base/visuals> (recomposing stage on stage @/home/ubuntu/workspace/physvla_sim/datasets/data_normalized/Dishwasher_urdf/11622/fitr_info1.usd@ <0x2421d9e0>)

2026-07-14T13:50:03Z [3,527ms] [Warning] [omni.usd] Warning: in _ReportErrors at line 3172 of /builds/omniverse/usd-ci/USD/pxr/usd/usd/stage.cpp -- In </partnet_6e85f6897e07e0b1df3a1b0d597ce76e/base/visuals>: Unresolved reference prim path @/home/ubuntu/workspace/physvla_sim/datasets/data_normalized/Dishwasher_urdf/11622/configuration/fitr_info1_base.usd@</visuals/base> introduced by @/home/ubuntu/workspace/physvla_sim/datasets/data_normalized/Dishwasher_urdf/11622/configuration/fitr_info1_base.usd@</partnet_6e85f6897e07e0b1df3a1b0d597ce76e/base/visuals> (recomposing stage on stage @/home/ubuntu/workspace/physvla_sim/datasets/data_normalized/Dishwasher_urdf/11622/configuration/fitr_info1_base.usd@ <0x2423f0d0>)

2026-07-14T13:50:03Z [3,527ms] [Warning] [omni.usd] Warning: in _ReportErrors at line 3172 of /builds/omniverse/usd-ci/USD/pxr/usd/usd/stage.cpp -- In </partnet_6e85f6897e07e0b1df3a1b0d597ce76e/base/visuals>: Unresolved reference prim path @/home/ubuntu/workspace/physvla_sim/datasets/data_normalized/Dishwasher_urdf/11622/configuration/fitr_info1_physics.usd@</visuals/base> introduced by @/home/ubuntu/workspace/physvla_sim/datasets/data_normalized/Dishwasher_urdf/11622/configuration/fitr_info1_base.usd@</partnet_6e85f6897e07e0b1df3a1b0d597ce76e/base/visuals> (recomposing stage on stage @/home/ubuntu/workspace/physvla_sim/datasets/data_normalized/Dishwasher_urdf/11622/configuration/fitr_info1_physics.usd@ <0x24235a00>)

2026-07-14T13:50:03Z [3,527ms] [Warning] [omni.usd] Warning: in _ReportErrors at line 3172 of /builds/omniverse/usd-ci/USD/pxr/usd/usd/stage.cpp -- In </partnet_6e85f6897e07e0b1df3a1b0d597ce76e/base/visuals>: Unresolved reference prim path @/home/ubuntu/workspace/physvla_sim/datasets/data_normalized/Dishwasher_urdf/11622/fitr_info1.usd@</visuals/base> introduced by @/home/ubuntu/workspace/physvla_sim/datasets/data_normalized/Dishwasher_urdf/11622/configuration/fitr_info1_base.usd@</partnet_6e85f6897e07e0b1df3a1b0d597ce76e/base/visuals> (recomposing stage on stage @/home/ubuntu/workspace/physvla_sim/datasets/data_normalized/Dishwasher_urdf/11622/fitr_info1.usd@ <0x242221a0>)

2026-07-14T13:50:03Z [3,527ms] [Warning] [omni.usd] Warning: in _ReportErrors at line 3172 of /builds/omniverse/usd-ci/USD/pxr/usd/usd/stage.cpp -- In </partnet_6e85f6897e07e0b1df3a1b0d597ce76e/base/visuals>: Unresolved reference prim path @/home/ubuntu/workspace/physvla_sim/datasets/data_normalized/Dishwasher_urdf/11622/fitr_info1.usd@</visuals/base> introduced by @/home/ubuntu/workspace/physvla_sim/datasets/data_normalized/Dishwasher_urdf/11622/configuration/fitr_info1_base.usd@</partnet_6e85f6897e07e0b1df3a1b0d597ce76e/base/visuals> (recomposing stage on stage @/home/ubuntu/workspace/physvla_sim/datasets/data_normalized/Dishwasher_urdf/11622/fitr_info1.usd@ <0x2421d9e0>)

2026-07-14T13:50:03Z [3,527ms] [Warning] [omni.usd] Warning: in _ReportErrors at line 3172 of /builds/omniverse/usd-ci/USD/pxr/usd/usd/stage.cpp -- In </partnet_6e85f6897e07e0b1df3a1b0d597ce76e/base/visuals>: Unresolved reference prim path @/home/ubuntu/workspace/physvla_sim/datasets/data_normalized/Dishwasher_urdf/11622/configuration/fitr_info1_base.usd@</visuals/base> introduced by @/home/ubuntu/workspace/physvla_sim/datasets/data_normalized/Dishwasher_urdf/11622/configuration/fitr_info1_base.usd@</partnet_6e85f6897e07e0b1df3a1b0d597ce76e/base/visuals> (recomposing stage on stage @/home/ubuntu/workspace/physvla_sim/datasets/data_normalized/Dishwasher_urdf/11622/configuration/fitr_info1_base.usd@ <0x2423f0d0>)

2026-07-14T13:50:03Z [3,528ms] [Warning] [isaacsim.asset.importer.urdf] Link base has no colliders, and no inertia was imported; assigning a small isotropic inertia matrix
2026-07-14T13:50:03Z [3,529ms] [Warning] [isaacsim.asset.importer.urdf] No mass specified for link body
2026-07-14T13:50:03Z [3,560ms] [Warning] [isaacsim.asset.importer.urdf] No mass specified for link door_1
2026-07-14T13:50:03Z [3,581ms] [Warning] [omni.usd] Warning: in _ReportErrors at line 3172 of /builds/omniverse/usd-ci/USD/pxr/usd/usd/stage.cpp -- In </partnet_6e85f6897e07e0b1df3a1b0d597ce76e/base/visuals>: Unresolved reference prim path @/home/ubuntu/workspace/physvla_sim/datasets/data_normalized/Dishwasher_urdf/11622/configuration/fitr_info1_base.usd@</visuals/base> introduced by @/home/ubuntu/workspace/physvla_sim/datasets/data_normalized/Dishwasher_urdf/11622/configuration/fitr_info1_base.usd@</partnet_6e85f6897e07e0b1df3a1b0d597ce76e/base/visuals> (recomposing stage on stage @/home/ubuntu/workspace/physvla_sim/datasets/data_normalized/Dishwasher_urdf/11622/fitr_info1.usd@ <0x242221a0>)

2026-07-14T13:50:03Z [3,581ms] [Warning] [omni.usd] Warning: in _ReportErrors at line 3172 of /builds/omniverse/usd-ci/USD/pxr/usd/usd/stage.cpp -- In </partnet_6e85f6897e07e0b1df3a1b0d597ce76e/base/visuals>: Unresolved reference prim path @/home/ubuntu/workspace/physvla_sim/datasets/data_normalized/Dishwasher_urdf/11622/configuration/fitr_info1_base.usd@</visuals/base> introduced by @/home/ubuntu/workspace/physvla_sim/datasets/data_normalized/Dishwasher_urdf/11622/configuration/fitr_info1_base.usd@</partnet_6e85f6897e07e0b1df3a1b0d597ce76e/base/visuals> (recomposing stage on stage @/home/ubuntu/workspace/physvla_sim/datasets/data_normalized/Dishwasher_urdf/11622/fitr_info1.usd@ <0x2421d9e0>)

2026-07-14T13:50:03Z [3,581ms] [Warning] [omni.usd] Warning: in _ReportErrors at line 3172 of /builds/omniverse/usd-ci/USD/pxr/usd/usd/stage.cpp -- In </partnet_6e85f6897e07e0b1df3a1b0d597ce76e/base/visuals>: Unresolved reference prim path @/home/ubuntu/workspace/physvla_sim/datasets/data_normalized/Dishwasher_urdf/11622/configuration/fitr_info1_physics.usd@</visuals/base> introduced by @/home/ubuntu/workspace/physvla_sim/datasets/data_normalized/Dishwasher_urdf/11622/configuration/fitr_info1_base.usd@</partnet_6e85f6897e07e0b1df3a1b0d597ce76e/base/visuals> (recomposing stage on stage @/home/ubuntu/workspace/physvla_sim/datasets/data_normalized/Dishwasher_urdf/11622/fitr_info1.usd@ <0x242221a0>)

2026-07-14T13:50:03Z [3,582ms] [Warning] [omni.usd] Warning: in _ReportErrors at line 3172 of /builds/omniverse/usd-ci/USD/pxr/usd/usd/stage.cpp -- In </partnet_6e85f6897e07e0b1df3a1b0d597ce76e/base/visuals>: Unresolved reference prim path @/home/ubuntu/workspace/physvla_sim/datasets/data_normalized/Dishwasher_urdf/11622/configuration/fitr_info1_physics.usd@</visuals/base> introduced by @/home/ubuntu/workspace/physvla_sim/datasets/data_normalized/Dishwasher_urdf/11622/configuration/fitr_info1_base.usd@</partnet_6e85f6897e07e0b1df3a1b0d597ce76e/base/visuals> (recomposing stage on stage @/home/ubuntu/workspace/physvla_sim/datasets/data_normalized/Dishwasher_urdf/11622/fitr_info1.usd@ <0x2421d9e0>)

2026-07-14T13:50:03Z [3,582ms] [Warning] [omni.usd] Warning: in _ReportErrors at line 3172 of /builds/omniverse/usd-ci/USD/pxr/usd/usd/stage.cpp -- In </partnet_6e85f6897e07e0b1df3a1b0d597ce76e/base/visuals>: Unresolved reference prim path @/home/ubuntu/workspace/physvla_sim/datasets/data_normalized/Dishwasher_urdf/11622/configuration/fitr_info1_physics.usd@</visuals/base> introduced by @/home/ubuntu/workspace/physvla_sim/datasets/data_normalized/Dishwasher_urdf/11622/configuration/fitr_info1_base.usd@</partnet_6e85f6897e07e0b1df3a1b0d597ce76e/base/visuals> (recomposing stage on stage @/home/ubuntu/workspace/physvla_sim/datasets/data_normalized/Dishwasher_urdf/11622/fitr_info1.usd@ <0x242221a0>)

2026-07-14T13:50:03Z [3,583ms] [Warning] [omni.usd] Warning: in _ReportErrors at line 3172 of /builds/omniverse/usd-ci/USD/pxr/usd/usd/stage.cpp -- In </partnet_6e85f6897e07e0b1df3a1b0d597ce76e/base/visuals>: Unresolved reference prim path @/home/ubuntu/workspace/physvla_sim/datasets/data_normalized/Dishwasher_urdf/11622/configuration/fitr_info1_physics.usd@</visuals/base> introduced by @/home/ubuntu/workspace/physvla_sim/datasets/data_normalized/Dishwasher_urdf/11622/configuration/fitr_info1_base.usd@</partnet_6e85f6897e07e0b1df3a1b0d597ce76e/base/visuals> (recomposing stage on stage @/home/ubuntu/workspace/physvla_sim/datasets/data_normalized/Dishwasher_urdf/11622/fitr_info1.usd@ <0x2421d9e0>)

2026-07-14T13:50:03Z [3,584ms] [Warning] [omni.usd] Warning: in _ReportErrors at line 3172 of /builds/omniverse/usd-ci/USD/pxr/usd/usd/stage.cpp -- In </partnet_6e85f6897e07e0b1df3a1b0d597ce76e/base/visuals>: Unresolved reference prim path @/home/ubuntu/workspace/physvla_sim/datasets/data_normalized/Dishwasher_urdf/11622/configuration/fitr_info1_physics.usd@</visuals/base> introduced by @/home/ubuntu/workspace/physvla_sim/datasets/data_normalized/Dishwasher_urdf/11622/configuration/fitr_info1_base.usd@</partnet_6e85f6897e07e0b1df3a1b0d597ce76e/base/visuals> (recomposing stage on stage @/home/ubuntu/workspace/physvla_sim/datasets/data_normalized/Dishwasher_urdf/11622/fitr_info1.usd@ <0x242221a0>)

2026-07-14T13:50:03Z [3,585ms] [Warning] [omni.usd] Warning: in _ReportErrors at line 3172 of /builds/omniverse/usd-ci/USD/pxr/usd/usd/stage.cpp -- In </partnet_6e85f6897e07e0b1df3a1b0d597ce76e/base/visuals>: Unresolved reference prim path @/home/ubuntu/workspace/physvla_sim/datasets/data_normalized/Dishwasher_urdf/11622/configuration/fitr_info1_physics.usd@</visuals/base> introduced by @/home/ubuntu/workspace/physvla_sim/datasets/data_normalized/Dishwasher_urdf/11622/configuration/fitr_info1_base.usd@</partnet_6e85f6897e07e0b1df3a1b0d597ce76e/base/visuals> (recomposing stage on stage @/home/ubuntu/workspace/physvla_sim/datasets/data_normalized/Dishwasher_urdf/11622/fitr_info1.usd@ <0x2421d9e0>)

2026-07-14T13:50:03Z [3,586ms] [Warning] [omni.usd] Warning: in _ReportErrors at line 3172 of /builds/omniverse/usd-ci/USD/pxr/usd/usd/stage.cpp -- In </partnet_6e85f6897e07e0b1df3a1b0d597ce76e/base/visuals>: Unresolved reference prim path @/home/ubuntu/workspace/physvla_sim/datasets/data_normalized/Dishwasher_urdf/11622/configuration/fitr_info1_physics.usd@</visuals/base> introduced by @/home/ubuntu/workspace/physvla_sim/datasets/data_normalized/Dishwasher_urdf/11622/configuration/fitr_info1_base.usd@</partnet_6e85f6897e07e0b1df3a1b0d597ce76e/base/visuals> (recomposing stage on stage @/home/ubuntu/workspace/physvla_sim/datasets/data_normalized/Dishwasher_urdf/11622/fitr_info1.usd@ <0x242221a0>)

2026-07-14T13:50:03Z [3,587ms] [Warning] [omni.usd] Warning: in _ReportErrors at line 3172 of /builds/omniverse/usd-ci/USD/pxr/usd/usd/stage.cpp -- In </partnet_6e85f6897e07e0b1df3a1b0d597ce76e/base/visuals>: Unresolved reference prim path @/home/ubuntu/workspace/physvla_sim/datasets/data_normalized/Dishwasher_urdf/11622/configuration/fitr_info1_physics.usd@</visuals/base> introduced by @/home/ubuntu/workspace/physvla_sim/datasets/data_normalized/Dishwasher_urdf/11622/configuration/fitr_info1_base.usd@</partnet_6e85f6897e07e0b1df3a1b0d597ce76e/base/visuals> (recomposing stage on stage @/home/ubuntu/workspace/physvla_sim/datasets/data_normalized/Dishwasher_urdf/11622/fitr_info1.usd@ <0x2421d9e0>)

2026-07-14T13:50:03Z [3,588ms] [Warning] [omni.usd] Warning: in _ReportErrors at line 3172 of /builds/omniverse/usd-ci/USD/pxr/usd/usd/stage.cpp -- In </partnet_6e85f6897e07e0b1df3a1b0d597ce76e/base/visuals>: Unresolved reference prim path @/home/ubuntu/workspace/physvla_sim/datasets/data_normalized/Dishwasher_urdf/11622/configuration/fitr_info1_physics.usd@</visuals/base> introduced by @/home/ubuntu/workspace/physvla_sim/datasets/data_normalized/Dishwasher_urdf/11622/configuration/fitr_info1_base.usd@</partnet_6e85f6897e07e0b1df3a1b0d597ce76e/base/visuals> (recomposing stage on stage @/home/ubuntu/workspace/physvla_sim/datasets/data_normalized/Dishwasher_urdf/11622/fitr_info1.usd@ <0x242221a0>)

2026-07-14T13:50:03Z [3,589ms] [Warning] [omni.usd] Warning: in _ReportErrors at line 3172 of /builds/omniverse/usd-ci/USD/pxr/usd/usd/stage.cpp -- In </partnet_6e85f6897e07e0b1df3a1b0d597ce76e/base/visuals>: Unresolved reference prim path @/home/ubuntu/workspace/physvla_sim/datasets/data_normalized/Dishwasher_urdf/11622/configuration/fitr_info1_physics.usd@</visuals/base> introduced by @/home/ubuntu/workspace/physvla_sim/datasets/data_normalized/Dishwasher_urdf/11622/configuration/fitr_info1_base.usd@</partnet_6e85f6897e07e0b1df3a1b0d597ce76e/base/visuals> (recomposing stage on stage @/home/ubuntu/workspace/physvla_sim/datasets/data_normalized/Dishwasher_urdf/11622/fitr_info1.usd@ <0x2421d9e0>)

2026-07-14T13:50:03Z [3,590ms] [Warning] [omni.usd] Warning: in _ReportErrors at line 3172 of /builds/omniverse/usd-ci/USD/pxr/usd/usd/stage.cpp -- In </partnet_6e85f6897e07e0b1df3a1b0d597ce76e/base/visuals>: Unresolved reference prim path @/home/ubuntu/workspace/physvla_sim/datasets/data_normalized/Dishwasher_urdf/11622/configuration/fitr_info1_physics.usd@</visuals/base> introduced by @/home/ubuntu/workspace/physvla_sim/datasets/data_normalized/Dishwasher_urdf/11622/configuration/fitr_info1_base.usd@</partnet_6e85f6897e07e0b1df3a1b0d597ce76e/base/visuals> (recomposing stage on stage @/home/ubuntu/workspace/physvla_sim/datasets/data_normalized/Dishwasher_urdf/11622/fitr_info1.usd@ <0x242221a0>)

2026-07-14T13:50:03Z [3,591ms] [Warning] [omni.usd] Warning: in _ReportErrors at line 3172 of /builds/omniverse/usd-ci/USD/pxr/usd/usd/stage.cpp -- In </partnet_6e85f6897e07e0b1df3a1b0d597ce76e/base/visuals>: Unresolved reference prim path @/home/ubuntu/workspace/physvla_sim/datasets/data_normalized/Dishwasher_urdf/11622/configuration/fitr_info1_physics.usd@</visuals/base> introduced by @/home/ubuntu/workspace/physvla_sim/datasets/data_normalized/Dishwasher_urdf/11622/configuration/fitr_info1_base.usd@</partnet_6e85f6897e07e0b1df3a1b0d597ce76e/base/visuals> (recomposing stage on stage @/home/ubuntu/workspace/physvla_sim/datasets/data_normalized/Dishwasher_urdf/11622/fitr_info1.usd@ <0x2421d9e0>)

2026-07-14T13:50:03Z [3,592ms] [Warning] [omni.usd] Warning: in _ReportErrors at line 3172 of /builds/omniverse/usd-ci/USD/pxr/usd/usd/stage.cpp -- In </partnet_6e85f6897e07e0b1df3a1b0d597ce76e/base/visuals>: Unresolved reference prim path @/home/ubuntu/workspace/physvla_sim/datasets/data_normalized/Dishwasher_urdf/11622/configuration/fitr_info1_physics.usd@</visuals/base> introduced by @/home/ubuntu/workspace/physvla_sim/datasets/data_normalized/Dishwasher_urdf/11622/configuration/fitr_info1_base.usd@</partnet_6e85f6897e07e0b1df3a1b0d597ce76e/base/visuals> (recomposing stage on stage @/home/ubuntu/workspace/physvla_sim/datasets/data_normalized/Dishwasher_urdf/11622/fitr_info1.usd@ <0x242221a0>)

2026-07-14T13:50:03Z [3,593ms] [Warning] [omni.usd] Warning: in _ReportErrors at line 3172 of /builds/omniverse/usd-ci/USD/pxr/usd/usd/stage.cpp -- In </partnet_6e85f6897e07e0b1df3a1b0d597ce76e/base/visuals>: Unresolved reference prim path @/home/ubuntu/workspace/physvla_sim/datasets/data_normalized/Dishwasher_urdf/11622/configuration/fitr_info1_physics.usd@</visuals/base> introduced by @/home/ubuntu/workspace/physvla_sim/datasets/data_normalized/Dishwasher_urdf/11622/configuration/fitr_info1_base.usd@</partnet_6e85f6897e07e0b1df3a1b0d597ce76e/base/visuals> (recomposing stage on stage @/home/ubuntu/workspace/physvla_sim/datasets/data_normalized/Dishwasher_urdf/11622/fitr_info1.usd@ <0x2421d9e0>)

Loading user config located at: '/home/ubuntu/isaacsim/kit/data/Kit/Isaac-Sim/5.1/user.config.json'
[Info] [carb] Logging to file: /home/ubuntu/isaacsim/kit/logs/Kit/Isaac-Sim/5.1/kit_20260714_215004.log
2026-07-14T13:50:04Z [182ms] [Warning] [omni.usd_config.extension] Enable omni.materialx.libs extension to use MaterialX
2026-07-14T13:50:04Z [185ms] [Warning] [omni.platforminfo.plugin] failed to open the default display.  Can't verify X Server version.
2026-07-14T13:50:04Z [458ms] [Warning] [carb] Acquiring non optional plugin interface which is not listed as dependency: [omni::physx::IPhysxBenchmarks v1.0] (plugin: <default plugin>), by client: omni.physics.physx.plugin. Add it to CARB_PLUGIN_IMPL_DEPS() macro of a client.
2026-07-14T13:50:04Z [592ms] [Warning] [omni.isaac.dynamic_control] omni.isaac.dynamic_control is deprecated as of Isaac Sim 4.5. No action is needed from end-users.

|---------------------------------------------------------------------------------------------|
| Driver Version: 580.142       | Graphics API: Vulkan
|=============================================================================================|
| GPU | Name                             | Active | LDA | GPU Memory | Vendor-ID | LUID       |
|     |                                  |        |     |            | Device-ID | UUID       |
|     |                                  |        |     |            | Bus-ID    |            |
|---------------------------------------------------------------------------------------------|
| 0   | NVIDIA GeForce RTX 5090 D v2     | Yes: 0 |     | 24701   MB | 10de      | 0          |
|     |                                  |        |     |            | 2b8c      | 5f3d0dc0.. |
|     |                                  |        |     |            | 1         |            |
|=============================================================================================|
| OS: 24.04.3 LTS (Noble Numbat) ubuntu, Version: 24.04.3, Kernel: 6.17.0-1017-oem
| Processor: Intel(R) Core(TM) i9-14900K
| Cores: 24 | Logical Cores: 32
|---------------------------------------------------------------------------------------------|
| Total Memory (MB): 64063 | Free Memory: 55253
| Total Page/Swap (MB): 8191 | Free Page/Swap: 8191
|---------------------------------------------------------------------------------------------|
2026-07-14T13:50:06Z [2,559ms] [Warning] [gpu.foundation.plugin] CPU performance profile is set to powersave. This profile sets the CPU to the lowest frequency reducing performance.
2026-07-14T13:50:06Z [2,567ms] [Warning] [gpu.foundation.plugin] IOMMU is enabled.
2026-07-14T13:50:06Z [2,709ms] [Warning] [omni.usd] Warning: in _ReportErrors at line 3172 of /builds/omniverse/usd-ci/USD/pxr/usd/usd/stage.cpp -- In </partnet_6e85f6897e07e0b1df3a1b0d597ce76e/base/visuals>: Unresolved reference prim path @/home/ubuntu/workspace/physvla_sim/datasets/data_normalized/Dishwasher_urdf/11622/configuration/fitr_info1_base.usd@</visuals/base> introduced by @/home/ubuntu/workspace/physvla_sim/datasets/data_normalized/Dishwasher_urdf/11622/configuration/fitr_info1_base.usd@</partnet_6e85f6897e07e0b1df3a1b0d597ce76e/base/visuals> (instantiating stage on stage @/home/ubuntu/workspace/physvla_sim/datasets/data_normalized/Dishwasher_urdf/11622/configuration/fitr_info1_base.usd@ <0x73930b3e4440>)

2026-07-14T13:50:06Z [2,713ms] [Warning] [omni.usd] Warning: in _ReportErrors at line 3172 of /builds/omniverse/usd-ci/USD/pxr/usd/usd/stage.cpp -- In </partnet_6e85f6897e07e0b1df3a1b0d597ce76e/base/visuals>: Unresolved reference prim path @/home/ubuntu/workspace/physvla_sim/datasets/data_normalized/Dishwasher_urdf/11622/configuration/fitr_info1_physics.usd@</visuals/base> introduced by @/home/ubuntu/workspace/physvla_sim/datasets/data_normalized/Dishwasher_urdf/11622/configuration/fitr_info1_base.usd@</partnet_6e85f6897e07e0b1df3a1b0d597ce76e/base/visuals> (instantiating stage on stage @/home/ubuntu/workspace/physvla_sim/datasets/data_normalized/Dishwasher_urdf/11622/configuration/fitr_info1_physics.usd@ <0x4b3dc600>)

2026-07-14T13:50:06Z [2,715ms] [Warning] [omni.usd] Warning: in _ReportErrors at line 3172 of /builds/omniverse/usd-ci/USD/pxr/usd/usd/stage.cpp -- In </partnet_6e85f6897e07e0b1df3a1b0d597ce76e/base/visuals>: Unresolved reference prim path @/home/ubuntu/workspace/physvla_sim/datasets/data_normalized/Dishwasher_urdf/11622/configuration/fitr_info1_physics.usd@</visuals/base> introduced by @/home/ubuntu/workspace/physvla_sim/datasets/data_normalized/Dishwasher_urdf/11622/configuration/fitr_info1_base.usd@</partnet_6e85f6897e07e0b1df3a1b0d597ce76e/base/visuals> (instantiating stage on stage @/home/ubuntu/workspace/physvla_sim/datasets/data_normalized/Dishwasher_urdf/11622/fitr_info1.usd@ <0x42f443e0>)

[INFO][AppLauncher]: Using device: cuda:0
[INFO][AppLauncher]: Loading experience file: /home/ubuntu/workspace/IsaacLab/apps/isaaclab.python.headless.kit
{
  "output": "/home/ubuntu/workspace/physvla_sim/datasets/data_normalized/Dishwasher_urdf/11622/fitr_info1.usd",
  "scale": 0.4336194905699057,
  "scale_layer": "/home/ubuntu/workspace/physvla_sim/datasets/data_normalized/Dishwasher_urdf/11622/configuration/fitr_info1_base.usd",
  "joints": [
    {
      "joint": "/partnet_6e85f6897e07e0b1df3a1b0d597ce76e/joints/joint_0",
      "drive": "angular",
      "damping": 725.0,
      "stiffness": 0.0,
      "max_force": 11.25
    }
  ],
  "dynamics_layer": "/home/ubuntu/workspace/physvla_sim/datasets/data_normalized/Dishwasher_urdf/11622/configuration/fitr_info1_physics.usd",
  "affordance_links": [
    "/partnet_6e85f6897e07e0b1df3a1b0d597ce76e/door_1"
  ]
}
Loading user config located at: '/home/ubuntu/isaacsim/kit/data/Kit/Isaac-Sim/5.1/user.config.json'
[Info] [carb] Logging to file: /home/ubuntu/isaacsim/kit/logs/Kit/Isaac-Sim/5.1/kit_20260714_215007.log
2026-07-14T13:50:07Z [186ms] [Warning] [omni.platforminfo.plugin] failed to open the default display.  Can't verify X Server version.
2026-07-14T13:50:07Z [186ms] [Warning] [omni.usd_config.extension] Enable omni.materialx.libs extension to use MaterialX
2026-07-14T13:50:07Z [460ms] [Warning] [carb] Acquiring non optional plugin interface which is not listed as dependency: [omni::physx::IPhysxBenchmarks v1.0] (plugin: <default plugin>), by client: omni.physics.physx.plugin. Add it to CARB_PLUGIN_IMPL_DEPS() macro of a client.
2026-07-14T13:50:07Z [593ms] [Warning] [omni.isaac.dynamic_control] omni.isaac.dynamic_control is deprecated as of Isaac Sim 4.5. No action is needed from end-users.

|---------------------------------------------------------------------------------------------|
| Driver Version: 580.142       | Graphics API: Vulkan
|=============================================================================================|
| GPU | Name                             | Active | LDA | GPU Memory | Vendor-ID | LUID       |
|     |                                  |        |     |            | Device-ID | UUID       |
|     |                                  |        |     |            | Bus-ID    |            |
|---------------------------------------------------------------------------------------------|
| 0   | NVIDIA GeForce RTX 5090 D v2     | Yes: 0 |     | 24701   MB | 10de      | 0          |
|     |                                  |        |     |            | 2b8c      | 5f3d0dc0.. |
|     |                                  |        |     |            | 1         |            |
|=============================================================================================|
| OS: 24.04.3 LTS (Noble Numbat) ubuntu, Version: 24.04.3, Kernel: 6.17.0-1017-oem
| Processor: Intel(R) Core(TM) i9-14900K
| Cores: 24 | Logical Cores: 32
|---------------------------------------------------------------------------------------------|
| Total Memory (MB): 64063 | Free Memory: 55254
| Total Page/Swap (MB): 8191 | Free Page/Swap: 8191
|---------------------------------------------------------------------------------------------|
2026-07-14T13:50:09Z [2,593ms] [Warning] [gpu.foundation.plugin] CPU performance profile is set to powersave. This profile sets the CPU to the lowest frequency reducing performance.
2026-07-14T13:50:09Z [2,601ms] [Warning] [gpu.foundation.plugin] IOMMU is enabled.
2026-07-14T13:50:09Z [2,735ms] [Warning] [carb.windowing-glfw.plugin] GLFW initialization failed.
2026-07-14T13:50:09Z [2,735ms] [Warning] [carb] Failed to startup plugin carb.windowing-glfw.plugin (interfaces: [carb::windowing::IGLContext v1.0],[carb::windowing::IWindowing v1.5]) (impl: carb.windowing-glfw.plugin)

|---------------------------------------------------------------------------------------------|
| Driver Version: 580.142       | Graphics API: Vulkan
|=============================================================================================|
| GPU | Name                             | Active | LDA | GPU Memory | Vendor-ID | LUID       |
|     |                                  |        |     |            | Device-ID | UUID       |
|     |                                  |        |     |            | Bus-ID    |            |
|---------------------------------------------------------------------------------------------|
| 0   | NVIDIA GeForce RTX 5090 D v2     | Yes: 0 |     | 24701   MB | 10de      | 0          |
|     |                                  |        |     |            | 2b8c      | 5f3d0dc0.. |
|     |                                  |        |     |            | 1         |            |
|=============================================================================================|
| OS: 24.04.3 LTS (Noble Numbat) ubuntu, Version: 24.04.3, Kernel: 6.17.0-1017-oem
| Processor: Intel(R) Core(TM) i9-14900K
| Cores: 24 | Logical Cores: 32
|---------------------------------------------------------------------------------------------|
| Total Memory (MB): 64063 | Free Memory: 55050
| Total Page/Swap (MB): 8191 | Free Page/Swap: 8191
|---------------------------------------------------------------------------------------------|
2026-07-14T13:50:10Z [2,964ms] [Warning] [gpu.foundation.plugin] CPU performance profile is set to powersave. This profile sets the CPU to the lowest frequency reducing performance.
2026-07-14T13:50:10Z [2,964ms] [Warning] [gpu.foundation.plugin] IOMMU is enabled.
2026-07-14T13:50:10Z [3,171ms] [Warning] [carb.windowing-glfw.plugin] GLFW initialization failed.
2026-07-14T13:50:10Z [3,171ms] [Warning] [carb] Failed to startup plugin carb.windowing-glfw.plugin (interfaces: [carb::windowing::IGLContext v1.0],[carb::windowing::IWindowing v1.5]) (impl: carb.windowing-glfw.plugin)
2026-07-14T13:50:10Z [3,183ms] [Warning] [carb.windowing-glfw.plugin] GLFW initialization failed.
2026-07-14T13:50:10Z [3,183ms] [Warning] [carb] Failed to startup plugin carb.windowing-glfw.plugin (interfaces: [carb::windowing::IGLContext v1.0],[carb::windowing::IWindowing v1.5]) (impl: carb.windowing-glfw.plugin)
2026-07-14T13:50:10Z [3,188ms] [Warning] [carb.windowing-glfw.plugin] GLFW initialization failed.
2026-07-14T13:50:10Z [3,188ms] [Warning] [carb] Failed to startup plugin carb.windowing-glfw.plugin (interfaces: [carb::windowing::IGLContext v1.0],[carb::windowing::IWindowing v1.5]) (impl: carb.windowing-glfw.plugin)
2026-07-14T13:50:10Z [3,192ms] [Warning] [carb.windowing-glfw.plugin] GLFW initialization failed.
2026-07-14T13:50:10Z [3,192ms] [Warning] [carb] Failed to startup plugin carb.windowing-glfw.plugin (interfaces: [carb::windowing::IGLContext v1.0],[carb::windowing::IWindowing v1.5]) (impl: carb.windowing-glfw.plugin)
2026-07-14T13:50:10Z [3,193ms] [Warning] [carb.windowing-glfw.plugin] GLFW initialization failed.
2026-07-14T13:50:10Z [3,193ms] [Warning] [carb] Failed to startup plugin carb.windowing-glfw.plugin (interfaces: [carb::windowing::IGLContext v1.0],[carb::windowing::IWindowing v1.5]) (impl: carb.windowing-glfw.plugin)
2026-07-14T13:50:10Z [3,194ms] [Warning] [carb.windowing-glfw.plugin] GLFW initialization failed.
2026-07-14T13:50:10Z [3,194ms] [Warning] [carb] Failed to startup plugin carb.windowing-glfw.plugin (interfaces: [carb::windowing::IGLContext v1.0],[carb::windowing::IWindowing v1.5]) (impl: carb.windowing-glfw.plugin)
2026-07-14T13:50:10Z [3,438ms] [Warning] [omni.graph.visualization.nodes._impl.extension] No Viewport Window to add omni.graph.visualization.nodes-2.1.3 scene to
2026-07-14T13:50:10Z [3,529ms] [Warning] [isaacsim.asset.importer.urdf] No mass specified for link base
2026-07-14T13:50:10Z [3,529ms] [Warning] [omni.usd] Warning: in _ReportErrors at line 3172 of /builds/omniverse/usd-ci/USD/pxr/usd/usd/stage.cpp -- In </partnet_2cdc36d2f2693ad9617724635ed7cc4b/base/visuals>: Unresolved reference prim path @/home/ubuntu/workspace/physvla_sim/datasets/data_normalized/Dishwasher_urdf/11646/configuration/fitr_info1_physics.usd@</visuals/base> introduced by @/home/ubuntu/workspace/physvla_sim/datasets/data_normalized/Dishwasher_urdf/11646/configuration/fitr_info1_base.usd@</partnet_2cdc36d2f2693ad9617724635ed7cc4b/base/visuals> (recomposing stage on stage @/home/ubuntu/workspace/physvla_sim/datasets/data_normalized/Dishwasher_urdf/11646/configuration/fitr_info1_physics.usd@ <0x3bd931c0>)

2026-07-14T13:50:10Z [3,529ms] [Warning] [omni.usd] Warning: in _ReportErrors at line 3172 of /builds/omniverse/usd-ci/USD/pxr/usd/usd/stage.cpp -- In </partnet_2cdc36d2f2693ad9617724635ed7cc4b/base/visuals>: Unresolved reference prim path @/home/ubuntu/workspace/physvla_sim/datasets/data_normalized/Dishwasher_urdf/11646/fitr_info1.usd@</visuals/base> introduced by @/home/ubuntu/workspace/physvla_sim/datasets/data_normalized/Dishwasher_urdf/11646/configuration/fitr_info1_base.usd@</partnet_2cdc36d2f2693ad9617724635ed7cc4b/base/visuals> (recomposing stage on stage @/home/ubuntu/workspace/physvla_sim/datasets/data_normalized/Dishwasher_urdf/11646/fitr_info1.usd@ <0x3bd7f960>)

2026-07-14T13:50:10Z [3,529ms] [Warning] [omni.usd] Warning: in _ReportErrors at line 3172 of /builds/omniverse/usd-ci/USD/pxr/usd/usd/stage.cpp -- In </partnet_2cdc36d2f2693ad9617724635ed7cc4b/base/visuals>: Unresolved reference prim path @/home/ubuntu/workspace/physvla_sim/datasets/data_normalized/Dishwasher_urdf/11646/fitr_info1.usd@</visuals/base> introduced by @/home/ubuntu/workspace/physvla_sim/datasets/data_normalized/Dishwasher_urdf/11646/configuration/fitr_info1_base.usd@</partnet_2cdc36d2f2693ad9617724635ed7cc4b/base/visuals> (recomposing stage on stage @/home/ubuntu/workspace/physvla_sim/datasets/data_normalized/Dishwasher_urdf/11646/fitr_info1.usd@ <0x3bd7b5f0>)

2026-07-14T13:50:10Z [3,529ms] [Warning] [omni.usd] Warning: in _ReportErrors at line 3172 of /builds/omniverse/usd-ci/USD/pxr/usd/usd/stage.cpp -- In </partnet_2cdc36d2f2693ad9617724635ed7cc4b/base/visuals>: Unresolved reference prim path @/home/ubuntu/workspace/physvla_sim/datasets/data_normalized/Dishwasher_urdf/11646/configuration/fitr_info1_base.usd@</visuals/base> introduced by @/home/ubuntu/workspace/physvla_sim/datasets/data_normalized/Dishwasher_urdf/11646/configuration/fitr_info1_base.usd@</partnet_2cdc36d2f2693ad9617724635ed7cc4b/base/visuals> (recomposing stage on stage @/home/ubuntu/workspace/physvla_sim/datasets/data_normalized/Dishwasher_urdf/11646/configuration/fitr_info1_base.usd@ <0x3bd9c3c0>)

2026-07-14T13:50:10Z [3,530ms] [Warning] [omni.usd] Warning: in _ReportErrors at line 3172 of /builds/omniverse/usd-ci/USD/pxr/usd/usd/stage.cpp -- In </partnet_2cdc36d2f2693ad9617724635ed7cc4b/base/visuals>: Unresolved reference prim path @/home/ubuntu/workspace/physvla_sim/datasets/data_normalized/Dishwasher_urdf/11646/configuration/fitr_info1_physics.usd@</visuals/base> introduced by @/home/ubuntu/workspace/physvla_sim/datasets/data_normalized/Dishwasher_urdf/11646/configuration/fitr_info1_base.usd@</partnet_2cdc36d2f2693ad9617724635ed7cc4b/base/visuals> (recomposing stage on stage @/home/ubuntu/workspace/physvla_sim/datasets/data_normalized/Dishwasher_urdf/11646/configuration/fitr_info1_physics.usd@ <0x3bd931c0>)

2026-07-14T13:50:10Z [3,530ms] [Warning] [omni.usd] Warning: in _ReportErrors at line 3172 of /builds/omniverse/usd-ci/USD/pxr/usd/usd/stage.cpp -- In </partnet_2cdc36d2f2693ad9617724635ed7cc4b/base/visuals>: Unresolved reference prim path @/home/ubuntu/workspace/physvla_sim/datasets/data_normalized/Dishwasher_urdf/11646/fitr_info1.usd@</visuals/base> introduced by @/home/ubuntu/workspace/physvla_sim/datasets/data_normalized/Dishwasher_urdf/11646/configuration/fitr_info1_base.usd@</partnet_2cdc36d2f2693ad9617724635ed7cc4b/base/visuals> (recomposing stage on stage @/home/ubuntu/workspace/physvla_sim/datasets/data_normalized/Dishwasher_urdf/11646/fitr_info1.usd@ <0x3bd7f960>)

2026-07-14T13:50:10Z [3,530ms] [Warning] [omni.usd] Warning: in _ReportErrors at line 3172 of /builds/omniverse/usd-ci/USD/pxr/usd/usd/stage.cpp -- In </partnet_2cdc36d2f2693ad9617724635ed7cc4b/base/visuals>: Unresolved reference prim path @/home/ubuntu/workspace/physvla_sim/datasets/data_normalized/Dishwasher_urdf/11646/fitr_info1.usd@</visuals/base> introduced by @/home/ubuntu/workspace/physvla_sim/datasets/data_normalized/Dishwasher_urdf/11646/configuration/fitr_info1_base.usd@</partnet_2cdc36d2f2693ad9617724635ed7cc4b/base/visuals> (recomposing stage on stage @/home/ubuntu/workspace/physvla_sim/datasets/data_normalized/Dishwasher_urdf/11646/fitr_info1.usd@ <0x3bd7b5f0>)

2026-07-14T13:50:10Z [3,530ms] [Warning] [omni.usd] Warning: in _ReportErrors at line 3172 of /builds/omniverse/usd-ci/USD/pxr/usd/usd/stage.cpp -- In </partnet_2cdc36d2f2693ad9617724635ed7cc4b/base/visuals>: Unresolved reference prim path @/home/ubuntu/workspace/physvla_sim/datasets/data_normalized/Dishwasher_urdf/11646/configuration/fitr_info1_base.usd@</visuals/base> introduced by @/home/ubuntu/workspace/physvla_sim/datasets/data_normalized/Dishwasher_urdf/11646/configuration/fitr_info1_base.usd@</partnet_2cdc36d2f2693ad9617724635ed7cc4b/base/visuals> (recomposing stage on stage @/home/ubuntu/workspace/physvla_sim/datasets/data_normalized/Dishwasher_urdf/11646/configuration/fitr_info1_base.usd@ <0x3bd9c3c0>)

2026-07-14T13:50:10Z [3,530ms] [Warning] [isaacsim.asset.importer.urdf] Link base has no colliders, and no inertia was imported; assigning a small isotropic inertia matrix
2026-07-14T13:50:10Z [3,531ms] [Warning] [isaacsim.asset.importer.urdf] No mass specified for link body
2026-07-14T13:50:10Z [3,554ms] [Warning] [isaacsim.asset.importer.urdf] No mass specified for link door_2
2026-07-14T13:50:10Z [3,560ms] [Warning] [isaacsim.asset.importer.urdf] No mass specified for link door_1
2026-07-14T13:50:10Z [3,574ms] [Warning] [omni.usd] Warning: in _ReportErrors at line 3172 of /builds/omniverse/usd-ci/USD/pxr/usd/usd/stage.cpp -- In </partnet_2cdc36d2f2693ad9617724635ed7cc4b/base/visuals>: Unresolved reference prim path @/home/ubuntu/workspace/physvla_sim/datasets/data_normalized/Dishwasher_urdf/11646/configuration/fitr_info1_base.usd@</visuals/base> introduced by @/home/ubuntu/workspace/physvla_sim/datasets/data_normalized/Dishwasher_urdf/11646/configuration/fitr_info1_base.usd@</partnet_2cdc36d2f2693ad9617724635ed7cc4b/base/visuals> (recomposing stage on stage @/home/ubuntu/workspace/physvla_sim/datasets/data_normalized/Dishwasher_urdf/11646/fitr_info1.usd@ <0x3bd7f960>)

2026-07-14T13:50:10Z [3,575ms] [Warning] [omni.usd] Warning: in _ReportErrors at line 3172 of /builds/omniverse/usd-ci/USD/pxr/usd/usd/stage.cpp -- In </partnet_2cdc36d2f2693ad9617724635ed7cc4b/base/visuals>: Unresolved reference prim path @/home/ubuntu/workspace/physvla_sim/datasets/data_normalized/Dishwasher_urdf/11646/configuration/fitr_info1_base.usd@</visuals/base> introduced by @/home/ubuntu/workspace/physvla_sim/datasets/data_normalized/Dishwasher_urdf/11646/configuration/fitr_info1_base.usd@</partnet_2cdc36d2f2693ad9617724635ed7cc4b/base/visuals> (recomposing stage on stage @/home/ubuntu/workspace/physvla_sim/datasets/data_normalized/Dishwasher_urdf/11646/fitr_info1.usd@ <0x3bd7b5f0>)

2026-07-14T13:50:10Z [3,575ms] [Warning] [omni.usd] Warning: in _ReportErrors at line 3172 of /builds/omniverse/usd-ci/USD/pxr/usd/usd/stage.cpp -- In </partnet_2cdc36d2f2693ad9617724635ed7cc4b/base/visuals>: Unresolved reference prim path @/home/ubuntu/workspace/physvla_sim/datasets/data_normalized/Dishwasher_urdf/11646/configuration/fitr_info1_physics.usd@</visuals/base> introduced by @/home/ubuntu/workspace/physvla_sim/datasets/data_normalized/Dishwasher_urdf/11646/configuration/fitr_info1_base.usd@</partnet_2cdc36d2f2693ad9617724635ed7cc4b/base/visuals> (recomposing stage on stage @/home/ubuntu/workspace/physvla_sim/datasets/data_normalized/Dishwasher_urdf/11646/fitr_info1.usd@ <0x3bd7f960>)

2026-07-14T13:50:10Z [3,576ms] [Warning] [omni.usd] Warning: in _ReportErrors at line 3172 of /builds/omniverse/usd-ci/USD/pxr/usd/usd/stage.cpp -- In </partnet_2cdc36d2f2693ad9617724635ed7cc4b/base/visuals>: Unresolved reference prim path @/home/ubuntu/workspace/physvla_sim/datasets/data_normalized/Dishwasher_urdf/11646/configuration/fitr_info1_physics.usd@</visuals/base> introduced by @/home/ubuntu/workspace/physvla_sim/datasets/data_normalized/Dishwasher_urdf/11646/configuration/fitr_info1_base.usd@</partnet_2cdc36d2f2693ad9617724635ed7cc4b/base/visuals> (recomposing stage on stage @/home/ubuntu/workspace/physvla_sim/datasets/data_normalized/Dishwasher_urdf/11646/fitr_info1.usd@ <0x3bd7b5f0>)

2026-07-14T13:50:10Z [3,577ms] [Warning] [omni.usd] Warning: in _ReportErrors at line 3172 of /builds/omniverse/usd-ci/USD/pxr/usd/usd/stage.cpp -- In </partnet_2cdc36d2f2693ad9617724635ed7cc4b/base/visuals>: Unresolved reference prim path @/home/ubuntu/workspace/physvla_sim/datasets/data_normalized/Dishwasher_urdf/11646/configuration/fitr_info1_physics.usd@</visuals/base> introduced by @/home/ubuntu/workspace/physvla_sim/datasets/data_normalized/Dishwasher_urdf/11646/configuration/fitr_info1_base.usd@</partnet_2cdc36d2f2693ad9617724635ed7cc4b/base/visuals> (recomposing stage on stage @/home/ubuntu/workspace/physvla_sim/datasets/data_normalized/Dishwasher_urdf/11646/fitr_info1.usd@ <0x3bd7f960>)

2026-07-14T13:50:10Z [3,577ms] [Warning] [omni.usd] Warning: in _ReportErrors at line 3172 of /builds/omniverse/usd-ci/USD/pxr/usd/usd/stage.cpp -- In </partnet_2cdc36d2f2693ad9617724635ed7cc4b/base/visuals>: Unresolved reference prim path @/home/ubuntu/workspace/physvla_sim/datasets/data_normalized/Dishwasher_urdf/11646/configuration/fitr_info1_physics.usd@</visuals/base> introduced by @/home/ubuntu/workspace/physvla_sim/datasets/data_normalized/Dishwasher_urdf/11646/configuration/fitr_info1_base.usd@</partnet_2cdc36d2f2693ad9617724635ed7cc4b/base/visuals> (recomposing stage on stage @/home/ubuntu/workspace/physvla_sim/datasets/data_normalized/Dishwasher_urdf/11646/fitr_info1.usd@ <0x3bd7b5f0>)

2026-07-14T13:50:10Z [3,578ms] [Warning] [omni.usd] Warning: in _ReportErrors at line 3172 of /builds/omniverse/usd-ci/USD/pxr/usd/usd/stage.cpp -- In </partnet_2cdc36d2f2693ad9617724635ed7cc4b/base/visuals>: Unresolved reference prim path @/home/ubuntu/workspace/physvla_sim/datasets/data_normalized/Dishwasher_urdf/11646/configuration/fitr_info1_physics.usd@</visuals/base> introduced by @/home/ubuntu/workspace/physvla_sim/datasets/data_normalized/Dishwasher_urdf/11646/configuration/fitr_info1_base.usd@</partnet_2cdc36d2f2693ad9617724635ed7cc4b/base/visuals> (recomposing stage on stage @/home/ubuntu/workspace/physvla_sim/datasets/data_normalized/Dishwasher_urdf/11646/fitr_info1.usd@ <0x3bd7f960>)

2026-07-14T13:50:10Z [3,578ms] [Warning] [omni.usd] Warning: in _ReportErrors at line 3172 of /builds/omniverse/usd-ci/USD/pxr/usd/usd/stage.cpp -- In </partnet_2cdc36d2f2693ad9617724635ed7cc4b/base/visuals>: Unresolved reference prim path @/home/ubuntu/workspace/physvla_sim/datasets/data_normalized/Dishwasher_urdf/11646/configuration/fitr_info1_physics.usd@</visuals/base> introduced by @/home/ubuntu/workspace/physvla_sim/datasets/data_normalized/Dishwasher_urdf/11646/configuration/fitr_info1_base.usd@</partnet_2cdc36d2f2693ad9617724635ed7cc4b/base/visuals> (recomposing stage on stage @/home/ubuntu/workspace/physvla_sim/datasets/data_normalized/Dishwasher_urdf/11646/fitr_info1.usd@ <0x3bd7b5f0>)

2026-07-14T13:50:10Z [3,579ms] [Warning] [omni.usd] Warning: in _ReportErrors at line 3172 of /builds/omniverse/usd-ci/USD/pxr/usd/usd/stage.cpp -- In </partnet_2cdc36d2f2693ad9617724635ed7cc4b/base/visuals>: Unresolved reference prim path @/home/ubuntu/workspace/physvla_sim/datasets/data_normalized/Dishwasher_urdf/11646/configuration/fitr_info1_physics.usd@</visuals/base> introduced by @/home/ubuntu/workspace/physvla_sim/datasets/data_normalized/Dishwasher_urdf/11646/configuration/fitr_info1_base.usd@</partnet_2cdc36d2f2693ad9617724635ed7cc4b/base/visuals> (recomposing stage on stage @/home/ubuntu/workspace/physvla_sim/datasets/data_normalized/Dishwasher_urdf/11646/fitr_info1.usd@ <0x3bd7f960>)

2026-07-14T13:50:10Z [3,579ms] [Warning] [omni.usd] Warning: in _ReportErrors at line 3172 of /builds/omniverse/usd-ci/USD/pxr/usd/usd/stage.cpp -- In </partnet_2cdc36d2f2693ad9617724635ed7cc4b/base/visuals>: Unresolved reference prim path @/home/ubuntu/workspace/physvla_sim/datasets/data_normalized/Dishwasher_urdf/11646/configuration/fitr_info1_physics.usd@</visuals/base> introduced by @/home/ubuntu/workspace/physvla_sim/datasets/data_normalized/Dishwasher_urdf/11646/configuration/fitr_info1_base.usd@</partnet_2cdc36d2f2693ad9617724635ed7cc4b/base/visuals> (recomposing stage on stage @/home/ubuntu/workspace/physvla_sim/datasets/data_normalized/Dishwasher_urdf/11646/fitr_info1.usd@ <0x3bd7b5f0>)

2026-07-14T13:50:10Z [3,580ms] [Warning] [omni.usd] Warning: in _ReportErrors at line 3172 of /builds/omniverse/usd-ci/USD/pxr/usd/usd/stage.cpp -- In </partnet_2cdc36d2f2693ad9617724635ed7cc4b/base/visuals>: Unresolved reference prim path @/home/ubuntu/workspace/physvla_sim/datasets/data_normalized/Dishwasher_urdf/11646/configuration/fitr_info1_physics.usd@</visuals/base> introduced by @/home/ubuntu/workspace/physvla_sim/datasets/data_normalized/Dishwasher_urdf/11646/configuration/fitr_info1_base.usd@</partnet_2cdc36d2f2693ad9617724635ed7cc4b/base/visuals> (recomposing stage on stage @/home/ubuntu/workspace/physvla_sim/datasets/data_normalized/Dishwasher_urdf/11646/fitr_info1.usd@ <0x3bd7f960>)

2026-07-14T13:50:10Z [3,580ms] [Warning] [omni.usd] Warning: in _ReportErrors at line 3172 of /builds/omniverse/usd-ci/USD/pxr/usd/usd/stage.cpp -- In </partnet_2cdc36d2f2693ad9617724635ed7cc4b/base/visuals>: Unresolved reference prim path @/home/ubuntu/workspace/physvla_sim/datasets/data_normalized/Dishwasher_urdf/11646/configuration/fitr_info1_physics.usd@</visuals/base> introduced by @/home/ubuntu/workspace/physvla_sim/datasets/data_normalized/Dishwasher_urdf/11646/configuration/fitr_info1_base.usd@</partnet_2cdc36d2f2693ad9617724635ed7cc4b/base/visuals> (recomposing stage on stage @/home/ubuntu/workspace/physvla_sim/datasets/data_normalized/Dishwasher_urdf/11646/fitr_info1.usd@ <0x3bd7b5f0>)

2026-07-14T13:50:10Z [3,581ms] [Warning] [omni.usd] Warning: in _ReportErrors at line 3172 of /builds/omniverse/usd-ci/USD/pxr/usd/usd/stage.cpp -- In </partnet_2cdc36d2f2693ad9617724635ed7cc4b/base/visuals>: Unresolved reference prim path @/home/ubuntu/workspace/physvla_sim/datasets/data_normalized/Dishwasher_urdf/11646/configuration/fitr_info1_physics.usd@</visuals/base> introduced by @/home/ubuntu/workspace/physvla_sim/datasets/data_normalized/Dishwasher_urdf/11646/configuration/fitr_info1_base.usd@</partnet_2cdc36d2f2693ad9617724635ed7cc4b/base/visuals> (recomposing stage on stage @/home/ubuntu/workspace/physvla_sim/datasets/data_normalized/Dishwasher_urdf/11646/fitr_info1.usd@ <0x3bd7f960>)

2026-07-14T13:50:10Z [3,582ms] [Warning] [omni.usd] Warning: in _ReportErrors at line 3172 of /builds/omniverse/usd-ci/USD/pxr/usd/usd/stage.cpp -- In </partnet_2cdc36d2f2693ad9617724635ed7cc4b/base/visuals>: Unresolved reference prim path @/home/ubuntu/workspace/physvla_sim/datasets/data_normalized/Dishwasher_urdf/11646/configuration/fitr_info1_physics.usd@</visuals/base> introduced by @/home/ubuntu/workspace/physvla_sim/datasets/data_normalized/Dishwasher_urdf/11646/configuration/fitr_info1_base.usd@</partnet_2cdc36d2f2693ad9617724635ed7cc4b/base/visuals> (recomposing stage on stage @/home/ubuntu/workspace/physvla_sim/datasets/data_normalized/Dishwasher_urdf/11646/fitr_info1.usd@ <0x3bd7b5f0>)

2026-07-14T13:50:10Z [3,582ms] [Warning] [omni.usd] Warning: in _ReportErrors at line 3172 of /builds/omniverse/usd-ci/USD/pxr/usd/usd/stage.cpp -- In </partnet_2cdc36d2f2693ad9617724635ed7cc4b/base/visuals>: Unresolved reference prim path @/home/ubuntu/workspace/physvla_sim/datasets/data_normalized/Dishwasher_urdf/11646/configuration/fitr_info1_physics.usd@</visuals/base> introduced by @/home/ubuntu/workspace/physvla_sim/datasets/data_normalized/Dishwasher_urdf/11646/configuration/fitr_info1_base.usd@</partnet_2cdc36d2f2693ad9617724635ed7cc4b/base/visuals> (recomposing stage on stage @/home/ubuntu/workspace/physvla_sim/datasets/data_normalized/Dishwasher_urdf/11646/fitr_info1.usd@ <0x3bd7f960>)

2026-07-14T13:50:10Z [3,583ms] [Warning] [omni.usd] Warning: in _ReportErrors at line 3172 of /builds/omniverse/usd-ci/USD/pxr/usd/usd/stage.cpp -- In </partnet_2cdc36d2f2693ad9617724635ed7cc4b/base/visuals>: Unresolved reference prim path @/home/ubuntu/workspace/physvla_sim/datasets/data_normalized/Dishwasher_urdf/11646/configuration/fitr_info1_physics.usd@</visuals/base> introduced by @/home/ubuntu/workspace/physvla_sim/datasets/data_normalized/Dishwasher_urdf/11646/configuration/fitr_info1_base.usd@</partnet_2cdc36d2f2693ad9617724635ed7cc4b/base/visuals> (recomposing stage on stage @/home/ubuntu/workspace/physvla_sim/datasets/data_normalized/Dishwasher_urdf/11646/fitr_info1.usd@ <0x3bd7b5f0>)

[INFO][AppLauncher]: Using device: cuda:0
[INFO][AppLauncher]: Loading experience file: /home/ubuntu/workspace/IsaacLab/apps/isaaclab.python.headless.kit
Loading user config located at: '/home/ubuntu/isaacsim/kit/data/Kit/Isaac-Sim/5.1/user.config.json'
[Info] [carb] Logging to file: /home/ubuntu/isaacsim/kit/logs/Kit/Isaac-Sim/5.1/kit_20260714_215011.log
2026-07-14T13:50:11Z [186ms] [Warning] [omni.usd_config.extension] Enable omni.materialx.libs extension to use MaterialX
2026-07-14T13:50:11Z [194ms] [Warning] [omni.platforminfo.plugin] failed to open the default display.  Can't verify X Server version.
2026-07-14T13:50:11Z [460ms] [Warning] [carb] Acquiring non optional plugin interface which is not listed as dependency: [omni::physx::IPhysxBenchmarks v1.0] (plugin: <default plugin>), by client: omni.physics.physx.plugin. Add it to CARB_PLUGIN_IMPL_DEPS() macro of a client.
2026-07-14T13:50:11Z [594ms] [Warning] [omni.isaac.dynamic_control] omni.isaac.dynamic_control is deprecated as of Isaac Sim 4.5. No action is needed from end-users.

|---------------------------------------------------------------------------------------------|
| Driver Version: 580.142       | Graphics API: Vulkan
|=============================================================================================|
| GPU | Name                             | Active | LDA | GPU Memory | Vendor-ID | LUID       |
|     |                                  |        |     |            | Device-ID | UUID       |
|     |                                  |        |     |            | Bus-ID    |            |
|---------------------------------------------------------------------------------------------|
| 0   | NVIDIA GeForce RTX 5090 D v2     | Yes: 0 |     | 24701   MB | 10de      | 0          |
|     |                                  |        |     |            | 2b8c      | 5f3d0dc0.. |
|     |                                  |        |     |            | 1         |            |
|=============================================================================================|
| OS: 24.04.3 LTS (Noble Numbat) ubuntu, Version: 24.04.3, Kernel: 6.17.0-1017-oem
| Processor: Intel(R) Core(TM) i9-14900K
| Cores: 24 | Logical Cores: 32
|---------------------------------------------------------------------------------------------|
| Total Memory (MB): 64063 | Free Memory: 55325
| Total Page/Swap (MB): 8191 | Free Page/Swap: 8191
|---------------------------------------------------------------------------------------------|
2026-07-14T13:50:13Z [2,587ms] [Warning] [gpu.foundation.plugin] CPU performance profile is set to powersave. This profile sets the CPU to the lowest frequency reducing performance.
2026-07-14T13:50:13Z [2,595ms] [Warning] [gpu.foundation.plugin] IOMMU is enabled.
2026-07-14T13:50:13Z [2,716ms] [Warning] [omni.usd] Warning: in _ReportErrors at line 3172 of /builds/omniverse/usd-ci/USD/pxr/usd/usd/stage.cpp -- In </partnet_2cdc36d2f2693ad9617724635ed7cc4b/base/visuals>: Unresolved reference prim path @/home/ubuntu/workspace/physvla_sim/datasets/data_normalized/Dishwasher_urdf/11646/configuration/fitr_info1_base.usd@</visuals/base> introduced by @/home/ubuntu/workspace/physvla_sim/datasets/data_normalized/Dishwasher_urdf/11646/configuration/fitr_info1_base.usd@</partnet_2cdc36d2f2693ad9617724635ed7cc4b/base/visuals> (instantiating stage on stage @/home/ubuntu/workspace/physvla_sim/datasets/data_normalized/Dishwasher_urdf/11646/configuration/fitr_info1_base.usd@ <0x23d054d0>)

2026-07-14T13:50:13Z [2,720ms] [Warning] [omni.usd] Warning: in _ReportErrors at line 3172 of /builds/omniverse/usd-ci/USD/pxr/usd/usd/stage.cpp -- In </partnet_2cdc36d2f2693ad9617724635ed7cc4b/base/visuals>: Unresolved reference prim path @/home/ubuntu/workspace/physvla_sim/datasets/data_normalized/Dishwasher_urdf/11646/configuration/fitr_info1_physics.usd@</visuals/base> introduced by @/home/ubuntu/workspace/physvla_sim/datasets/data_normalized/Dishwasher_urdf/11646/configuration/fitr_info1_base.usd@</partnet_2cdc36d2f2693ad9617724635ed7cc4b/base/visuals> (instantiating stage on stage @/home/ubuntu/workspace/physvla_sim/datasets/data_normalized/Dishwasher_urdf/11646/configuration/fitr_info1_physics.usd@ <0x2c09ee30>)

Traceback (most recent call last):
  File "/home/ubuntu/workspace/physvla_sim/Augment_code/dyn/author_info1_usd.py", line 189, in <module>
    main()
  File "/home/ubuntu/workspace/physvla_sim/Augment_code/dyn/author_info1_usd.py", line 131, in main
    prim, drive_name = author_joint(physics_stage, data)
                       ^^^^^^^^^^^^^^^^^^^^^^^^^^^^^^^^^
  File "/home/ubuntu/workspace/physvla_sim/Augment_code/dyn/author_info1_usd.py", line 96, in author_joint
    raise TypeError(f"{prim.GetPath()} is not a revolute USD joint")
TypeError: /partnet_2cdc36d2f2693ad9617724635ed7cc4b/joints/joint_0 is not a revolute USD joint
2026-07-14T13:50:13Z [2,725ms] [Warning] [omni.physx.plugin] USD stage detach not called, holding a loose ptr to a stage!
2026-07-14T13:50:14Z [2,876ms] [Warning] [carb] Recursive unloadAllPlugins() detected!
Loading user config located at: '/home/ubuntu/isaacsim/kit/data/Kit/Isaac-Sim/5.1/user.config.json'
[Info] [carb] Logging to file: /home/ubuntu/isaacsim/kit/logs/Kit/Isaac-Sim/5.1/kit_20260714_215014.log
2026-07-14T13:50:14Z [181ms] [Warning] [omni.platforminfo.plugin] failed to open the default display.  Can't verify X Server version.
2026-07-14T13:50:14Z [181ms] [Warning] [omni.usd_config.extension] Enable omni.materialx.libs extension to use MaterialX
2026-07-14T13:50:14Z [455ms] [Warning] [carb] Acquiring non optional plugin interface which is not listed as dependency: [omni::physx::IPhysxBenchmarks v1.0] (plugin: <default plugin>), by client: omni.physics.physx.plugin. Add it to CARB_PLUGIN_IMPL_DEPS() macro of a client.
2026-07-14T13:50:14Z [588ms] [Warning] [omni.isaac.dynamic_control] omni.isaac.dynamic_control is deprecated as of Isaac Sim 4.5. No action is needed from end-users.

|---------------------------------------------------------------------------------------------|
| Driver Version: 580.142       | Graphics API: Vulkan
|=============================================================================================|
| GPU | Name                             | Active | LDA | GPU Memory | Vendor-ID | LUID       |
|     |                                  |        |     |            | Device-ID | UUID       |
|     |                                  |        |     |            | Bus-ID    |            |
|---------------------------------------------------------------------------------------------|
| 0   | NVIDIA GeForce RTX 5090 D v2     | Yes: 0 |     | 24701   MB | 10de      | 0          |
|     |                                  |        |     |            | 2b8c      | 5f3d0dc0.. |
|     |                                  |        |     |            | 1         |            |
|=============================================================================================|
| OS: 24.04.3 LTS (Noble Numbat) ubuntu, Version: 24.04.3, Kernel: 6.17.0-1017-oem
| Processor: Intel(R) Core(TM) i9-14900K
| Cores: 24 | Logical Cores: 32
|---------------------------------------------------------------------------------------------|
| Total Memory (MB): 64063 | Free Memory: 55344
| Total Page/Swap (MB): 8191 | Free Page/Swap: 8191
|---------------------------------------------------------------------------------------------|
2026-07-14T13:50:16Z [2,560ms] [Warning] [gpu.foundation.plugin] CPU performance profile is set to powersave. This profile sets the CPU to the lowest frequency reducing performance.
2026-07-14T13:50:16Z [2,568ms] [Warning] [gpu.foundation.plugin] IOMMU is enabled.
2026-07-14T13:50:16Z [2,695ms] [Warning] [carb.windowing-glfw.plugin] GLFW initialization failed.
2026-07-14T13:50:16Z [2,695ms] [Warning] [carb] Failed to startup plugin carb.windowing-glfw.plugin (interfaces: [carb::windowing::IGLContext v1.0],[carb::windowing::IWindowing v1.5]) (impl: carb.windowing-glfw.plugin)

|---------------------------------------------------------------------------------------------|
| Driver Version: 580.142       | Graphics API: Vulkan
|=============================================================================================|
| GPU | Name                             | Active | LDA | GPU Memory | Vendor-ID | LUID       |
|     |                                  |        |     |            | Device-ID | UUID       |
|     |                                  |        |     |            | Bus-ID    |            |
|---------------------------------------------------------------------------------------------|
| 0   | NVIDIA GeForce RTX 5090 D v2     | Yes: 0 |     | 24701   MB | 10de      | 0          |
|     |                                  |        |     |            | 2b8c      | 5f3d0dc0.. |
|     |                                  |        |     |            | 1         |            |
|=============================================================================================|
| OS: 24.04.3 LTS (Noble Numbat) ubuntu, Version: 24.04.3, Kernel: 6.17.0-1017-oem
| Processor: Intel(R) Core(TM) i9-14900K
| Cores: 24 | Logical Cores: 32
|---------------------------------------------------------------------------------------------|
| Total Memory (MB): 64063 | Free Memory: 55140
| Total Page/Swap (MB): 8191 | Free Page/Swap: 8191
|---------------------------------------------------------------------------------------------|
2026-07-14T13:50:17Z [2,927ms] [Warning] [gpu.foundation.plugin] CPU performance profile is set to powersave. This profile sets the CPU to the lowest frequency reducing performance.
2026-07-14T13:50:17Z [2,927ms] [Warning] [gpu.foundation.plugin] IOMMU is enabled.
2026-07-14T13:50:17Z [3,144ms] [Warning] [carb.windowing-glfw.plugin] GLFW initialization failed.
2026-07-14T13:50:17Z [3,144ms] [Warning] [carb] Failed to startup plugin carb.windowing-glfw.plugin (interfaces: [carb::windowing::IGLContext v1.0],[carb::windowing::IWindowing v1.5]) (impl: carb.windowing-glfw.plugin)
2026-07-14T13:50:17Z [3,156ms] [Warning] [carb.windowing-glfw.plugin] GLFW initialization failed.
2026-07-14T13:50:17Z [3,157ms] [Warning] [carb] Failed to startup plugin carb.windowing-glfw.plugin (interfaces: [carb::windowing::IGLContext v1.0],[carb::windowing::IWindowing v1.5]) (impl: carb.windowing-glfw.plugin)
2026-07-14T13:50:17Z [3,161ms] [Warning] [carb.windowing-glfw.plugin] GLFW initialization failed.
2026-07-14T13:50:17Z [3,161ms] [Warning] [carb] Failed to startup plugin carb.windowing-glfw.plugin (interfaces: [carb::windowing::IGLContext v1.0],[carb::windowing::IWindowing v1.5]) (impl: carb.windowing-glfw.plugin)
2026-07-14T13:50:17Z [3,166ms] [Warning] [carb.windowing-glfw.plugin] GLFW initialization failed.
2026-07-14T13:50:17Z [3,166ms] [Warning] [carb] Failed to startup plugin carb.windowing-glfw.plugin (interfaces: [carb::windowing::IGLContext v1.0],[carb::windowing::IWindowing v1.5]) (impl: carb.windowing-glfw.plugin)
2026-07-14T13:50:17Z [3,167ms] [Warning] [carb.windowing-glfw.plugin] GLFW initialization failed.
2026-07-14T13:50:17Z [3,167ms] [Warning] [carb] Failed to startup plugin carb.windowing-glfw.plugin (interfaces: [carb::windowing::IGLContext v1.0],[carb::windowing::IWindowing v1.5]) (impl: carb.windowing-glfw.plugin)
2026-07-14T13:50:17Z [3,167ms] [Warning] [carb.windowing-glfw.plugin] GLFW initialization failed.
2026-07-14T13:50:17Z [3,167ms] [Warning] [carb] Failed to startup plugin carb.windowing-glfw.plugin (interfaces: [carb::windowing::IGLContext v1.0],[carb::windowing::IWindowing v1.5]) (impl: carb.windowing-glfw.plugin)
2026-07-14T13:50:17Z [3,423ms] [Warning] [omni.graph.visualization.nodes._impl.extension] No Viewport Window to add omni.graph.visualization.nodes-2.1.3 scene to
2026-07-14T13:50:17Z [3,517ms] [Warning] [isaacsim.asset.importer.urdf] No mass specified for link base
2026-07-14T13:50:17Z [3,517ms] [Warning] [omni.usd] Warning: in _ReportErrors at line 3172 of /builds/omniverse/usd-ci/USD/pxr/usd/usd/stage.cpp -- In </partnet_857147b940e582c9c05f7b017030de8/base/visuals>: Unresolved reference prim path @/home/ubuntu/workspace/physvla_sim/datasets/data_normalized/Dishwasher_urdf/11661/configuration/fitr_info1_physics.usd@</visuals/base> introduced by @/home/ubuntu/workspace/physvla_sim/datasets/data_normalized/Dishwasher_urdf/11661/configuration/fitr_info1_base.usd@</partnet_857147b940e582c9c05f7b017030de8/base/visuals> (recomposing stage on stage @/home/ubuntu/workspace/physvla_sim/datasets/data_normalized/Dishwasher_urdf/11661/configuration/fitr_info1_physics.usd@ <0x783119e162a0>)

2026-07-14T13:50:17Z [3,518ms] [Warning] [omni.usd] Warning: in _ReportErrors at line 3172 of /builds/omniverse/usd-ci/USD/pxr/usd/usd/stage.cpp -- In </partnet_857147b940e582c9c05f7b017030de8/base/visuals>: Unresolved reference prim path @/home/ubuntu/workspace/physvla_sim/datasets/data_normalized/Dishwasher_urdf/11661/fitr_info1.usd@</visuals/base> introduced by @/home/ubuntu/workspace/physvla_sim/datasets/data_normalized/Dishwasher_urdf/11661/configuration/fitr_info1_base.usd@</partnet_857147b940e582c9c05f7b017030de8/base/visuals> (recomposing stage on stage @/home/ubuntu/workspace/physvla_sim/datasets/data_normalized/Dishwasher_urdf/11661/fitr_info1.usd@ <0x783119e03360>)

2026-07-14T13:50:17Z [3,518ms] [Warning] [omni.usd] Warning: in _ReportErrors at line 3172 of /builds/omniverse/usd-ci/USD/pxr/usd/usd/stage.cpp -- In </partnet_857147b940e582c9c05f7b017030de8/base/visuals>: Unresolved reference prim path @/home/ubuntu/workspace/physvla_sim/datasets/data_normalized/Dishwasher_urdf/11661/fitr_info1.usd@</visuals/base> introduced by @/home/ubuntu/workspace/physvla_sim/datasets/data_normalized/Dishwasher_urdf/11661/configuration/fitr_info1_base.usd@</partnet_857147b940e582c9c05f7b017030de8/base/visuals> (recomposing stage on stage @/home/ubuntu/workspace/physvla_sim/datasets/data_normalized/Dishwasher_urdf/11661/fitr_info1.usd@ <0x783119dfed80>)

2026-07-14T13:50:17Z [3,518ms] [Warning] [omni.usd] Warning: in _ReportErrors at line 3172 of /builds/omniverse/usd-ci/USD/pxr/usd/usd/stage.cpp -- In </partnet_857147b940e582c9c05f7b017030de8/base/visuals>: Unresolved reference prim path @/home/ubuntu/workspace/physvla_sim/datasets/data_normalized/Dishwasher_urdf/11661/configuration/fitr_info1_base.usd@</visuals/base> introduced by @/home/ubuntu/workspace/physvla_sim/datasets/data_normalized/Dishwasher_urdf/11661/configuration/fitr_info1_base.usd@</partnet_857147b940e582c9c05f7b017030de8/base/visuals> (recomposing stage on stage @/home/ubuntu/workspace/physvla_sim/datasets/data_normalized/Dishwasher_urdf/11661/configuration/fitr_info1_base.usd@ <0x783119e1fa90>)

2026-07-14T13:50:17Z [3,518ms] [Warning] [omni.usd] Warning: in _ReportErrors at line 3172 of /builds/omniverse/usd-ci/USD/pxr/usd/usd/stage.cpp -- In </partnet_857147b940e582c9c05f7b017030de8/base/visuals>: Unresolved reference prim path @/home/ubuntu/workspace/physvla_sim/datasets/data_normalized/Dishwasher_urdf/11661/configuration/fitr_info1_physics.usd@</visuals/base> introduced by @/home/ubuntu/workspace/physvla_sim/datasets/data_normalized/Dishwasher_urdf/11661/configuration/fitr_info1_base.usd@</partnet_857147b940e582c9c05f7b017030de8/base/visuals> (recomposing stage on stage @/home/ubuntu/workspace/physvla_sim/datasets/data_normalized/Dishwasher_urdf/11661/configuration/fitr_info1_physics.usd@ <0x783119e162a0>)

2026-07-14T13:50:17Z [3,518ms] [Warning] [omni.usd] Warning: in _ReportErrors at line 3172 of /builds/omniverse/usd-ci/USD/pxr/usd/usd/stage.cpp -- In </partnet_857147b940e582c9c05f7b017030de8/base/visuals>: Unresolved reference prim path @/home/ubuntu/workspace/physvla_sim/datasets/data_normalized/Dishwasher_urdf/11661/fitr_info1.usd@</visuals/base> introduced by @/home/ubuntu/workspace/physvla_sim/datasets/data_normalized/Dishwasher_urdf/11661/configuration/fitr_info1_base.usd@</partnet_857147b940e582c9c05f7b017030de8/base/visuals> (recomposing stage on stage @/home/ubuntu/workspace/physvla_sim/datasets/data_normalized/Dishwasher_urdf/11661/fitr_info1.usd@ <0x783119e03360>)

2026-07-14T13:50:17Z [3,518ms] [Warning] [omni.usd] Warning: in _ReportErrors at line 3172 of /builds/omniverse/usd-ci/USD/pxr/usd/usd/stage.cpp -- In </partnet_857147b940e582c9c05f7b017030de8/base/visuals>: Unresolved reference prim path @/home/ubuntu/workspace/physvla_sim/datasets/data_normalized/Dishwasher_urdf/11661/fitr_info1.usd@</visuals/base> introduced by @/home/ubuntu/workspace/physvla_sim/datasets/data_normalized/Dishwasher_urdf/11661/configuration/fitr_info1_base.usd@</partnet_857147b940e582c9c05f7b017030de8/base/visuals> (recomposing stage on stage @/home/ubuntu/workspace/physvla_sim/datasets/data_normalized/Dishwasher_urdf/11661/fitr_info1.usd@ <0x783119dfed80>)

2026-07-14T13:50:17Z [3,518ms] [Warning] [omni.usd] Warning: in _ReportErrors at line 3172 of /builds/omniverse/usd-ci/USD/pxr/usd/usd/stage.cpp -- In </partnet_857147b940e582c9c05f7b017030de8/base/visuals>: Unresolved reference prim path @/home/ubuntu/workspace/physvla_sim/datasets/data_normalized/Dishwasher_urdf/11661/configuration/fitr_info1_base.usd@</visuals/base> introduced by @/home/ubuntu/workspace/physvla_sim/datasets/data_normalized/Dishwasher_urdf/11661/configuration/fitr_info1_base.usd@</partnet_857147b940e582c9c05f7b017030de8/base/visuals> (recomposing stage on stage @/home/ubuntu/workspace/physvla_sim/datasets/data_normalized/Dishwasher_urdf/11661/configuration/fitr_info1_base.usd@ <0x783119e1fa90>)

2026-07-14T13:50:17Z [3,519ms] [Warning] [isaacsim.asset.importer.urdf] Link base has no colliders, and no inertia was imported; assigning a small isotropic inertia matrix
2026-07-14T13:50:17Z [3,520ms] [Warning] [isaacsim.asset.importer.urdf] No mass specified for link body
2026-07-14T13:50:17Z [3,543ms] [Warning] [isaacsim.asset.importer.urdf] No mass specified for link door_1
2026-07-14T13:50:17Z [3,565ms] [Warning] [omni.usd] Warning: in _ReportErrors at line 3172 of /builds/omniverse/usd-ci/USD/pxr/usd/usd/stage.cpp -- In </partnet_857147b940e582c9c05f7b017030de8/base/visuals>: Unresolved reference prim path @/home/ubuntu/workspace/physvla_sim/datasets/data_normalized/Dishwasher_urdf/11661/configuration/fitr_info1_base.usd@</visuals/base> introduced by @/home/ubuntu/workspace/physvla_sim/datasets/data_normalized/Dishwasher_urdf/11661/configuration/fitr_info1_base.usd@</partnet_857147b940e582c9c05f7b017030de8/base/visuals> (recomposing stage on stage @/home/ubuntu/workspace/physvla_sim/datasets/data_normalized/Dishwasher_urdf/11661/fitr_info1.usd@ <0x783119e03360>)

2026-07-14T13:50:17Z [3,566ms] [Warning] [omni.usd] Warning: in _ReportErrors at line 3172 of /builds/omniverse/usd-ci/USD/pxr/usd/usd/stage.cpp -- In </partnet_857147b940e582c9c05f7b017030de8/base/visuals>: Unresolved reference prim path @/home/ubuntu/workspace/physvla_sim/datasets/data_normalized/Dishwasher_urdf/11661/configuration/fitr_info1_base.usd@</visuals/base> introduced by @/home/ubuntu/workspace/physvla_sim/datasets/data_normalized/Dishwasher_urdf/11661/configuration/fitr_info1_base.usd@</partnet_857147b940e582c9c05f7b017030de8/base/visuals> (recomposing stage on stage @/home/ubuntu/workspace/physvla_sim/datasets/data_normalized/Dishwasher_urdf/11661/fitr_info1.usd@ <0x783119dfed80>)

2026-07-14T13:50:17Z [3,568ms] [Warning] [omni.usd] Warning: in _ReportErrors at line 3172 of /builds/omniverse/usd-ci/USD/pxr/usd/usd/stage.cpp -- In </partnet_857147b940e582c9c05f7b017030de8/base/visuals>: Unresolved reference prim path @/home/ubuntu/workspace/physvla_sim/datasets/data_normalized/Dishwasher_urdf/11661/configuration/fitr_info1_physics.usd@</visuals/base> introduced by @/home/ubuntu/workspace/physvla_sim/datasets/data_normalized/Dishwasher_urdf/11661/configuration/fitr_info1_base.usd@</partnet_857147b940e582c9c05f7b017030de8/base/visuals> (recomposing stage on stage @/home/ubuntu/workspace/physvla_sim/datasets/data_normalized/Dishwasher_urdf/11661/fitr_info1.usd@ <0x783119e03360>)

2026-07-14T13:50:17Z [3,569ms] [Warning] [omni.usd] Warning: in _ReportErrors at line 3172 of /builds/omniverse/usd-ci/USD/pxr/usd/usd/stage.cpp -- In </partnet_857147b940e582c9c05f7b017030de8/base/visuals>: Unresolved reference prim path @/home/ubuntu/workspace/physvla_sim/datasets/data_normalized/Dishwasher_urdf/11661/configuration/fitr_info1_physics.usd@</visuals/base> introduced by @/home/ubuntu/workspace/physvla_sim/datasets/data_normalized/Dishwasher_urdf/11661/configuration/fitr_info1_base.usd@</partnet_857147b940e582c9c05f7b017030de8/base/visuals> (recomposing stage on stage @/home/ubuntu/workspace/physvla_sim/datasets/data_normalized/Dishwasher_urdf/11661/fitr_info1.usd@ <0x783119dfed80>)

2026-07-14T13:50:17Z [3,570ms] [Warning] [omni.usd] Warning: in _ReportErrors at line 3172 of /builds/omniverse/usd-ci/USD/pxr/usd/usd/stage.cpp -- In </partnet_857147b940e582c9c05f7b017030de8/base/visuals>: Unresolved reference prim path @/home/ubuntu/workspace/physvla_sim/datasets/data_normalized/Dishwasher_urdf/11661/configuration/fitr_info1_physics.usd@</visuals/base> introduced by @/home/ubuntu/workspace/physvla_sim/datasets/data_normalized/Dishwasher_urdf/11661/configuration/fitr_info1_base.usd@</partnet_857147b940e582c9c05f7b017030de8/base/visuals> (recomposing stage on stage @/home/ubuntu/workspace/physvla_sim/datasets/data_normalized/Dishwasher_urdf/11661/fitr_info1.usd@ <0x783119e03360>)

2026-07-14T13:50:17Z [3,571ms] [Warning] [omni.usd] Warning: in _ReportErrors at line 3172 of /builds/omniverse/usd-ci/USD/pxr/usd/usd/stage.cpp -- In </partnet_857147b940e582c9c05f7b017030de8/base/visuals>: Unresolved reference prim path @/home/ubuntu/workspace/physvla_sim/datasets/data_normalized/Dishwasher_urdf/11661/configuration/fitr_info1_physics.usd@</visuals/base> introduced by @/home/ubuntu/workspace/physvla_sim/datasets/data_normalized/Dishwasher_urdf/11661/configuration/fitr_info1_base.usd@</partnet_857147b940e582c9c05f7b017030de8/base/visuals> (recomposing stage on stage @/home/ubuntu/workspace/physvla_sim/datasets/data_normalized/Dishwasher_urdf/11661/fitr_info1.usd@ <0x783119dfed80>)

2026-07-14T13:50:17Z [3,572ms] [Warning] [omni.usd] Warning: in _ReportErrors at line 3172 of /builds/omniverse/usd-ci/USD/pxr/usd/usd/stage.cpp -- In </partnet_857147b940e582c9c05f7b017030de8/base/visuals>: Unresolved reference prim path @/home/ubuntu/workspace/physvla_sim/datasets/data_normalized/Dishwasher_urdf/11661/configuration/fitr_info1_physics.usd@</visuals/base> introduced by @/home/ubuntu/workspace/physvla_sim/datasets/data_normalized/Dishwasher_urdf/11661/configuration/fitr_info1_base.usd@</partnet_857147b940e582c9c05f7b017030de8/base/visuals> (recomposing stage on stage @/home/ubuntu/workspace/physvla_sim/datasets/data_normalized/Dishwasher_urdf/11661/fitr_info1.usd@ <0x783119e03360>)

2026-07-14T13:50:17Z [3,573ms] [Warning] [omni.usd] Warning: in _ReportErrors at line 3172 of /builds/omniverse/usd-ci/USD/pxr/usd/usd/stage.cpp -- In </partnet_857147b940e582c9c05f7b017030de8/base/visuals>: Unresolved reference prim path @/home/ubuntu/workspace/physvla_sim/datasets/data_normalized/Dishwasher_urdf/11661/configuration/fitr_info1_physics.usd@</visuals/base> introduced by @/home/ubuntu/workspace/physvla_sim/datasets/data_normalized/Dishwasher_urdf/11661/configuration/fitr_info1_base.usd@</partnet_857147b940e582c9c05f7b017030de8/base/visuals> (recomposing stage on stage @/home/ubuntu/workspace/physvla_sim/datasets/data_normalized/Dishwasher_urdf/11661/fitr_info1.usd@ <0x783119dfed80>)

2026-07-14T13:50:17Z [3,575ms] [Warning] [omni.usd] Warning: in _ReportErrors at line 3172 of /builds/omniverse/usd-ci/USD/pxr/usd/usd/stage.cpp -- In </partnet_857147b940e582c9c05f7b017030de8/base/visuals>: Unresolved reference prim path @/home/ubuntu/workspace/physvla_sim/datasets/data_normalized/Dishwasher_urdf/11661/configuration/fitr_info1_physics.usd@</visuals/base> introduced by @/home/ubuntu/workspace/physvla_sim/datasets/data_normalized/Dishwasher_urdf/11661/configuration/fitr_info1_base.usd@</partnet_857147b940e582c9c05f7b017030de8/base/visuals> (recomposing stage on stage @/home/ubuntu/workspace/physvla_sim/datasets/data_normalized/Dishwasher_urdf/11661/fitr_info1.usd@ <0x783119e03360>)

2026-07-14T13:50:17Z [3,576ms] [Warning] [omni.usd] Warning: in _ReportErrors at line 3172 of /builds/omniverse/usd-ci/USD/pxr/usd/usd/stage.cpp -- In </partnet_857147b940e582c9c05f7b017030de8/base/visuals>: Unresolved reference prim path @/home/ubuntu/workspace/physvla_sim/datasets/data_normalized/Dishwasher_urdf/11661/configuration/fitr_info1_physics.usd@</visuals/base> introduced by @/home/ubuntu/workspace/physvla_sim/datasets/data_normalized/Dishwasher_urdf/11661/configuration/fitr_info1_base.usd@</partnet_857147b940e582c9c05f7b017030de8/base/visuals> (recomposing stage on stage @/home/ubuntu/workspace/physvla_sim/datasets/data_normalized/Dishwasher_urdf/11661/fitr_info1.usd@ <0x783119dfed80>)

2026-07-14T13:50:17Z [3,577ms] [Warning] [omni.usd] Warning: in _ReportErrors at line 3172 of /builds/omniverse/usd-ci/USD/pxr/usd/usd/stage.cpp -- In </partnet_857147b940e582c9c05f7b017030de8/base/visuals>: Unresolved reference prim path @/home/ubuntu/workspace/physvla_sim/datasets/data_normalized/Dishwasher_urdf/11661/configuration/fitr_info1_physics.usd@</visuals/base> introduced by @/home/ubuntu/workspace/physvla_sim/datasets/data_normalized/Dishwasher_urdf/11661/configuration/fitr_info1_base.usd@</partnet_857147b940e582c9c05f7b017030de8/base/visuals> (recomposing stage on stage @/home/ubuntu/workspace/physvla_sim/datasets/data_normalized/Dishwasher_urdf/11661/fitr_info1.usd@ <0x783119e03360>)

2026-07-14T13:50:17Z [3,579ms] [Warning] [omni.usd] Warning: in _ReportErrors at line 3172 of /builds/omniverse/usd-ci/USD/pxr/usd/usd/stage.cpp -- In </partnet_857147b940e582c9c05f7b017030de8/base/visuals>: Unresolved reference prim path @/home/ubuntu/workspace/physvla_sim/datasets/data_normalized/Dishwasher_urdf/11661/configuration/fitr_info1_physics.usd@</visuals/base> introduced by @/home/ubuntu/workspace/physvla_sim/datasets/data_normalized/Dishwasher_urdf/11661/configuration/fitr_info1_base.usd@</partnet_857147b940e582c9c05f7b017030de8/base/visuals> (recomposing stage on stage @/home/ubuntu/workspace/physvla_sim/datasets/data_normalized/Dishwasher_urdf/11661/fitr_info1.usd@ <0x783119dfed80>)

2026-07-14T13:50:17Z [3,580ms] [Warning] [omni.usd] Warning: in _ReportErrors at line 3172 of /builds/omniverse/usd-ci/USD/pxr/usd/usd/stage.cpp -- In </partnet_857147b940e582c9c05f7b017030de8/base/visuals>: Unresolved reference prim path @/home/ubuntu/workspace/physvla_sim/datasets/data_normalized/Dishwasher_urdf/11661/configuration/fitr_info1_physics.usd@</visuals/base> introduced by @/home/ubuntu/workspace/physvla_sim/datasets/data_normalized/Dishwasher_urdf/11661/configuration/fitr_info1_base.usd@</partnet_857147b940e582c9c05f7b017030de8/base/visuals> (recomposing stage on stage @/home/ubuntu/workspace/physvla_sim/datasets/data_normalized/Dishwasher_urdf/11661/fitr_info1.usd@ <0x783119e03360>)

2026-07-14T13:50:17Z [3,582ms] [Warning] [omni.usd] Warning: in _ReportErrors at line 3172 of /builds/omniverse/usd-ci/USD/pxr/usd/usd/stage.cpp -- In </partnet_857147b940e582c9c05f7b017030de8/base/visuals>: Unresolved reference prim path @/home/ubuntu/workspace/physvla_sim/datasets/data_normalized/Dishwasher_urdf/11661/configuration/fitr_info1_physics.usd@</visuals/base> introduced by @/home/ubuntu/workspace/physvla_sim/datasets/data_normalized/Dishwasher_urdf/11661/configuration/fitr_info1_base.usd@</partnet_857147b940e582c9c05f7b017030de8/base/visuals> (recomposing stage on stage @/home/ubuntu/workspace/physvla_sim/datasets/data_normalized/Dishwasher_urdf/11661/fitr_info1.usd@ <0x783119dfed80>)

2026-07-14T13:50:17Z [3,583ms] [Warning] [omni.usd] Warning: in _ReportErrors at line 3172 of /builds/omniverse/usd-ci/USD/pxr/usd/usd/stage.cpp -- In </partnet_857147b940e582c9c05f7b017030de8/base/visuals>: Unresolved reference prim path @/home/ubuntu/workspace/physvla_sim/datasets/data_normalized/Dishwasher_urdf/11661/configuration/fitr_info1_physics.usd@</visuals/base> introduced by @/home/ubuntu/workspace/physvla_sim/datasets/data_normalized/Dishwasher_urdf/11661/configuration/fitr_info1_base.usd@</partnet_857147b940e582c9c05f7b017030de8/base/visuals> (recomposing stage on stage @/home/ubuntu/workspace/physvla_sim/datasets/data_normalized/Dishwasher_urdf/11661/fitr_info1.usd@ <0x783119e03360>)

2026-07-14T13:50:17Z [3,585ms] [Warning] [omni.usd] Warning: in _ReportErrors at line 3172 of /builds/omniverse/usd-ci/USD/pxr/usd/usd/stage.cpp -- In </partnet_857147b940e582c9c05f7b017030de8/base/visuals>: Unresolved reference prim path @/home/ubuntu/workspace/physvla_sim/datasets/data_normalized/Dishwasher_urdf/11661/configuration/fitr_info1_physics.usd@</visuals/base> introduced by @/home/ubuntu/workspace/physvla_sim/datasets/data_normalized/Dishwasher_urdf/11661/configuration/fitr_info1_base.usd@</partnet_857147b940e582c9c05f7b017030de8/base/visuals> (recomposing stage on stage @/home/ubuntu/workspace/physvla_sim/datasets/data_normalized/Dishwasher_urdf/11661/fitr_info1.usd@ <0x783119dfed80>)

[INFO][AppLauncher]: Using device: cuda:0
[INFO][AppLauncher]: Loading experience file: /home/ubuntu/workspace/IsaacLab/apps/isaaclab.python.headless.kit
Loading user config located at: '/home/ubuntu/isaacsim/kit/data/Kit/Isaac-Sim/5.1/user.config.json'
[Info] [carb] Logging to file: /home/ubuntu/isaacsim/kit/logs/Kit/Isaac-Sim/5.1/kit_20260714_215018.log
2026-07-14T13:50:18Z [182ms] [Warning] [omni.usd_config.extension] Enable omni.materialx.libs extension to use MaterialX
2026-07-14T13:50:18Z [183ms] [Warning] [omni.platforminfo.plugin] failed to open the default display.  Can't verify X Server version.
2026-07-14T13:50:18Z [456ms] [Warning] [carb] Acquiring non optional plugin interface which is not listed as dependency: [omni::physx::IPhysxBenchmarks v1.0] (plugin: <default plugin>), by client: omni.physics.physx.plugin. Add it to CARB_PLUGIN_IMPL_DEPS() macro of a client.
2026-07-14T13:50:18Z [589ms] [Warning] [omni.isaac.dynamic_control] omni.isaac.dynamic_control is deprecated as of Isaac Sim 4.5. No action is needed from end-users.

|---------------------------------------------------------------------------------------------|
| Driver Version: 580.142       | Graphics API: Vulkan
|=============================================================================================|
| GPU | Name                             | Active | LDA | GPU Memory | Vendor-ID | LUID       |
|     |                                  |        |     |            | Device-ID | UUID       |
|     |                                  |        |     |            | Bus-ID    |            |
|---------------------------------------------------------------------------------------------|
| 0   | NVIDIA GeForce RTX 5090 D v2     | Yes: 0 |     | 24701   MB | 10de      | 0          |
|     |                                  |        |     |            | 2b8c      | 5f3d0dc0.. |
|     |                                  |        |     |            | 1         |            |
|=============================================================================================|
| OS: 24.04.3 LTS (Noble Numbat) ubuntu, Version: 24.04.3, Kernel: 6.17.0-1017-oem
| Processor: Intel(R) Core(TM) i9-14900K
| Cores: 24 | Logical Cores: 32
|---------------------------------------------------------------------------------------------|
| Total Memory (MB): 64063 | Free Memory: 55311
| Total Page/Swap (MB): 8191 | Free Page/Swap: 8191
|---------------------------------------------------------------------------------------------|
2026-07-14T13:50:20Z [2,567ms] [Warning] [gpu.foundation.plugin] CPU performance profile is set to powersave. This profile sets the CPU to the lowest frequency reducing performance.
2026-07-14T13:50:20Z [2,575ms] [Warning] [gpu.foundation.plugin] IOMMU is enabled.
2026-07-14T13:50:21Z [2,717ms] [Warning] [omni.usd] Warning: in _ReportErrors at line 3172 of /builds/omniverse/usd-ci/USD/pxr/usd/usd/stage.cpp -- In </partnet_857147b940e582c9c05f7b017030de8/base/visuals>: Unresolved reference prim path @/home/ubuntu/workspace/physvla_sim/datasets/data_normalized/Dishwasher_urdf/11661/configuration/fitr_info1_base.usd@</visuals/base> introduced by @/home/ubuntu/workspace/physvla_sim/datasets/data_normalized/Dishwasher_urdf/11661/configuration/fitr_info1_base.usd@</partnet_857147b940e582c9c05f7b017030de8/base/visuals> (instantiating stage on stage @/home/ubuntu/workspace/physvla_sim/datasets/data_normalized/Dishwasher_urdf/11661/configuration/fitr_info1_base.usd@ <0x3d5e6f40>)

2026-07-14T13:50:21Z [2,721ms] [Warning] [omni.usd] Warning: in _ReportErrors at line 3172 of /builds/omniverse/usd-ci/USD/pxr/usd/usd/stage.cpp -- In </partnet_857147b940e582c9c05f7b017030de8/base/visuals>: Unresolved reference prim path @/home/ubuntu/workspace/physvla_sim/datasets/data_normalized/Dishwasher_urdf/11661/configuration/fitr_info1_physics.usd@</visuals/base> introduced by @/home/ubuntu/workspace/physvla_sim/datasets/data_normalized/Dishwasher_urdf/11661/configuration/fitr_info1_base.usd@</partnet_857147b940e582c9c05f7b017030de8/base/visuals> (instantiating stage on stage @/home/ubuntu/workspace/physvla_sim/datasets/data_normalized/Dishwasher_urdf/11661/configuration/fitr_info1_physics.usd@ <0x459ddcc0>)

Traceback (most recent call last):
  File "/home/ubuntu/workspace/physvla_sim/Augment_code/dyn/author_info1_usd.py", line 189, in <module>
    main()
  File "/home/ubuntu/workspace/physvla_sim/Augment_code/dyn/author_info1_usd.py", line 131, in main
    prim, drive_name = author_joint(physics_stage, data)
                       ^^^^^^^^^^^^^^^^^^^^^^^^^^^^^^^^^
  File "/home/ubuntu/workspace/physvla_sim/Augment_code/dyn/author_info1_usd.py", line 96, in author_joint
    raise TypeError(f"{prim.GetPath()} is not a revolute USD joint")
TypeError: /partnet_857147b940e582c9c05f7b017030de8/joints/joint_0 is not a revolute USD joint
2026-07-14T13:50:21Z [2,727ms] [Warning] [omni.physx.plugin] USD stage detach not called, holding a loose ptr to a stage!
2026-07-14T13:50:21Z [2,868ms] [Warning] [carb] Recursive unloadAllPlugins() detected!
Loading user config located at: '/home/ubuntu/isaacsim/kit/data/Kit/Isaac-Sim/5.1/user.config.json'
[Info] [carb] Logging to file: /home/ubuntu/isaacsim/kit/logs/Kit/Isaac-Sim/5.1/kit_20260714_215021.log
2026-07-14T13:50:21Z [184ms] [Warning] [omni.usd_config.extension] Enable omni.materialx.libs extension to use MaterialX
2026-07-14T13:50:21Z [188ms] [Warning] [omni.platforminfo.plugin] failed to open the default display.  Can't verify X Server version.
2026-07-14T13:50:21Z [459ms] [Warning] [carb] Acquiring non optional plugin interface which is not listed as dependency: [omni::physx::IPhysxBenchmarks v1.0] (plugin: <default plugin>), by client: omni.physics.physx.plugin. Add it to CARB_PLUGIN_IMPL_DEPS() macro of a client.
2026-07-14T13:50:21Z [592ms] [Warning] [omni.isaac.dynamic_control] omni.isaac.dynamic_control is deprecated as of Isaac Sim 4.5. No action is needed from end-users.

|---------------------------------------------------------------------------------------------|
| Driver Version: 580.142       | Graphics API: Vulkan
|=============================================================================================|
| GPU | Name                             | Active | LDA | GPU Memory | Vendor-ID | LUID       |
|     |                                  |        |     |            | Device-ID | UUID       |
|     |                                  |        |     |            | Bus-ID    |            |
|---------------------------------------------------------------------------------------------|
| 0   | NVIDIA GeForce RTX 5090 D v2     | Yes: 0 |     | 24701   MB | 10de      | 0          |
|     |                                  |        |     |            | 2b8c      | 5f3d0dc0.. |
|     |                                  |        |     |            | 1         |            |
|=============================================================================================|
| OS: 24.04.3 LTS (Noble Numbat) ubuntu, Version: 24.04.3, Kernel: 6.17.0-1017-oem
| Processor: Intel(R) Core(TM) i9-14900K
| Cores: 24 | Logical Cores: 32
|---------------------------------------------------------------------------------------------|
| Total Memory (MB): 64063 | Free Memory: 55302
| Total Page/Swap (MB): 8191 | Free Page/Swap: 8191
|---------------------------------------------------------------------------------------------|
2026-07-14T13:50:23Z [2,544ms] [Warning] [gpu.foundation.plugin] CPU performance profile is set to powersave. This profile sets the CPU to the lowest frequency reducing performance.
2026-07-14T13:50:23Z [2,552ms] [Warning] [gpu.foundation.plugin] IOMMU is enabled.
2026-07-14T13:50:24Z [2,679ms] [Warning] [carb.windowing-glfw.plugin] GLFW initialization failed.
2026-07-14T13:50:24Z [2,679ms] [Warning] [carb] Failed to startup plugin carb.windowing-glfw.plugin (interfaces: [carb::windowing::IGLContext v1.0],[carb::windowing::IWindowing v1.5]) (impl: carb.windowing-glfw.plugin)

|---------------------------------------------------------------------------------------------|
| Driver Version: 580.142       | Graphics API: Vulkan
|=============================================================================================|
| GPU | Name                             | Active | LDA | GPU Memory | Vendor-ID | LUID       |
|     |                                  |        |     |            | Device-ID | UUID       |
|     |                                  |        |     |            | Bus-ID    |            |
|---------------------------------------------------------------------------------------------|
| 0   | NVIDIA GeForce RTX 5090 D v2     | Yes: 0 |     | 24701   MB | 10de      | 0          |
|     |                                  |        |     |            | 2b8c      | 5f3d0dc0.. |
|     |                                  |        |     |            | 1         |            |
|=============================================================================================|
| OS: 24.04.3 LTS (Noble Numbat) ubuntu, Version: 24.04.3, Kernel: 6.17.0-1017-oem
| Processor: Intel(R) Core(TM) i9-14900K
| Cores: 24 | Logical Cores: 32
|---------------------------------------------------------------------------------------------|
| Total Memory (MB): 64063 | Free Memory: 55078
| Total Page/Swap (MB): 8191 | Free Page/Swap: 8191
|---------------------------------------------------------------------------------------------|
2026-07-14T13:50:24Z [2,910ms] [Warning] [gpu.foundation.plugin] CPU performance profile is set to powersave. This profile sets the CPU to the lowest frequency reducing performance.
2026-07-14T13:50:24Z [2,911ms] [Warning] [gpu.foundation.plugin] IOMMU is enabled.
2026-07-14T13:50:24Z [3,112ms] [Warning] [carb.windowing-glfw.plugin] GLFW initialization failed.
2026-07-14T13:50:24Z [3,112ms] [Warning] [carb] Failed to startup plugin carb.windowing-glfw.plugin (interfaces: [carb::windowing::IGLContext v1.0],[carb::windowing::IWindowing v1.5]) (impl: carb.windowing-glfw.plugin)
2026-07-14T13:50:24Z [3,124ms] [Warning] [carb.windowing-glfw.plugin] GLFW initialization failed.
2026-07-14T13:50:24Z [3,124ms] [Warning] [carb] Failed to startup plugin carb.windowing-glfw.plugin (interfaces: [carb::windowing::IGLContext v1.0],[carb::windowing::IWindowing v1.5]) (impl: carb.windowing-glfw.plugin)
2026-07-14T13:50:24Z [3,128ms] [Warning] [carb.windowing-glfw.plugin] GLFW initialization failed.
2026-07-14T13:50:24Z [3,128ms] [Warning] [carb] Failed to startup plugin carb.windowing-glfw.plugin (interfaces: [carb::windowing::IGLContext v1.0],[carb::windowing::IWindowing v1.5]) (impl: carb.windowing-glfw.plugin)
2026-07-14T13:50:24Z [3,133ms] [Warning] [carb.windowing-glfw.plugin] GLFW initialization failed.
2026-07-14T13:50:24Z [3,133ms] [Warning] [carb] Failed to startup plugin carb.windowing-glfw.plugin (interfaces: [carb::windowing::IGLContext v1.0],[carb::windowing::IWindowing v1.5]) (impl: carb.windowing-glfw.plugin)
2026-07-14T13:50:24Z [3,134ms] [Warning] [carb.windowing-glfw.plugin] GLFW initialization failed.
2026-07-14T13:50:24Z [3,134ms] [Warning] [carb] Failed to startup plugin carb.windowing-glfw.plugin (interfaces: [carb::windowing::IGLContext v1.0],[carb::windowing::IWindowing v1.5]) (impl: carb.windowing-glfw.plugin)
2026-07-14T13:50:24Z [3,135ms] [Warning] [carb.windowing-glfw.plugin] GLFW initialization failed.
2026-07-14T13:50:24Z [3,135ms] [Warning] [carb] Failed to startup plugin carb.windowing-glfw.plugin (interfaces: [carb::windowing::IGLContext v1.0],[carb::windowing::IWindowing v1.5]) (impl: carb.windowing-glfw.plugin)
2026-07-14T13:50:24Z [3,392ms] [Warning] [omni.graph.visualization.nodes._impl.extension] No Viewport Window to add omni.graph.visualization.nodes-2.1.3 scene to
2026-07-14T13:50:24Z [3,520ms] [Warning] [isaacsim.asset.importer.urdf] No mass specified for link base
2026-07-14T13:50:24Z [3,521ms] [Warning] [omni.usd] Warning: in _ReportErrors at line 3172 of /builds/omniverse/usd-ci/USD/pxr/usd/usd/stage.cpp -- In </partnet_6e85f6897e07e0b1df3a1b0d597ce76e/base/visuals>: Unresolved reference prim path @/home/ubuntu/workspace/physvla_sim/datasets/data_normalized/Dishwasher_urdf/11674/configuration/fitr_info1_physics.usd@</visuals/base> introduced by @/home/ubuntu/workspace/physvla_sim/datasets/data_normalized/Dishwasher_urdf/11674/configuration/fitr_info1_base.usd@</partnet_6e85f6897e07e0b1df3a1b0d597ce76e/base/visuals> (recomposing stage on stage @/home/ubuntu/workspace/physvla_sim/datasets/data_normalized/Dishwasher_urdf/11674/configuration/fitr_info1_physics.usd@ <0x7dabbe527640>)

2026-07-14T13:50:24Z [3,521ms] [Warning] [omni.usd] Warning: in _ReportErrors at line 3172 of /builds/omniverse/usd-ci/USD/pxr/usd/usd/stage.cpp -- In </partnet_6e85f6897e07e0b1df3a1b0d597ce76e/base/visuals>: Unresolved reference prim path @/home/ubuntu/workspace/physvla_sim/datasets/data_normalized/Dishwasher_urdf/11674/fitr_info1.usd@</visuals/base> introduced by @/home/ubuntu/workspace/physvla_sim/datasets/data_normalized/Dishwasher_urdf/11674/configuration/fitr_info1_base.usd@</partnet_6e85f6897e07e0b1df3a1b0d597ce76e/base/visuals> (recomposing stage on stage @/home/ubuntu/workspace/physvla_sim/datasets/data_normalized/Dishwasher_urdf/11674/fitr_info1.usd@ <0x7dabbe5147e0>)

2026-07-14T13:50:24Z [3,521ms] [Warning] [omni.usd] Warning: in _ReportErrors at line 3172 of /builds/omniverse/usd-ci/USD/pxr/usd/usd/stage.cpp -- In </partnet_6e85f6897e07e0b1df3a1b0d597ce76e/base/visuals>: Unresolved reference prim path @/home/ubuntu/workspace/physvla_sim/datasets/data_normalized/Dishwasher_urdf/11674/fitr_info1.usd@</visuals/base> introduced by @/home/ubuntu/workspace/physvla_sim/datasets/data_normalized/Dishwasher_urdf/11674/configuration/fitr_info1_base.usd@</partnet_6e85f6897e07e0b1df3a1b0d597ce76e/base/visuals> (recomposing stage on stage @/home/ubuntu/workspace/physvla_sim/datasets/data_normalized/Dishwasher_urdf/11674/fitr_info1.usd@ <0x7dabbe510280>)

2026-07-14T13:50:24Z [3,521ms] [Warning] [omni.usd] Warning: in _ReportErrors at line 3172 of /builds/omniverse/usd-ci/USD/pxr/usd/usd/stage.cpp -- In </partnet_6e85f6897e07e0b1df3a1b0d597ce76e/base/visuals>: Unresolved reference prim path @/home/ubuntu/workspace/physvla_sim/datasets/data_normalized/Dishwasher_urdf/11674/configuration/fitr_info1_base.usd@</visuals/base> introduced by @/home/ubuntu/workspace/physvla_sim/datasets/data_normalized/Dishwasher_urdf/11674/configuration/fitr_info1_base.usd@</partnet_6e85f6897e07e0b1df3a1b0d597ce76e/base/visuals> (recomposing stage on stage @/home/ubuntu/workspace/physvla_sim/datasets/data_normalized/Dishwasher_urdf/11674/configuration/fitr_info1_base.usd@ <0x7dabbe530910>)

2026-07-14T13:50:24Z [3,521ms] [Warning] [omni.usd] Warning: in _ReportErrors at line 3172 of /builds/omniverse/usd-ci/USD/pxr/usd/usd/stage.cpp -- In </partnet_6e85f6897e07e0b1df3a1b0d597ce76e/base/visuals>: Unresolved reference prim path @/home/ubuntu/workspace/physvla_sim/datasets/data_normalized/Dishwasher_urdf/11674/configuration/fitr_info1_physics.usd@</visuals/base> introduced by @/home/ubuntu/workspace/physvla_sim/datasets/data_normalized/Dishwasher_urdf/11674/configuration/fitr_info1_base.usd@</partnet_6e85f6897e07e0b1df3a1b0d597ce76e/base/visuals> (recomposing stage on stage @/home/ubuntu/workspace/physvla_sim/datasets/data_normalized/Dishwasher_urdf/11674/configuration/fitr_info1_physics.usd@ <0x7dabbe527640>)

2026-07-14T13:50:24Z [3,521ms] [Warning] [omni.usd] Warning: in _ReportErrors at line 3172 of /builds/omniverse/usd-ci/USD/pxr/usd/usd/stage.cpp -- In </partnet_6e85f6897e07e0b1df3a1b0d597ce76e/base/visuals>: Unresolved reference prim path @/home/ubuntu/workspace/physvla_sim/datasets/data_normalized/Dishwasher_urdf/11674/fitr_info1.usd@</visuals/base> introduced by @/home/ubuntu/workspace/physvla_sim/datasets/data_normalized/Dishwasher_urdf/11674/configuration/fitr_info1_base.usd@</partnet_6e85f6897e07e0b1df3a1b0d597ce76e/base/visuals> (recomposing stage on stage @/home/ubuntu/workspace/physvla_sim/datasets/data_normalized/Dishwasher_urdf/11674/fitr_info1.usd@ <0x7dabbe5147e0>)

2026-07-14T13:50:24Z [3,521ms] [Warning] [omni.usd] Warning: in _ReportErrors at line 3172 of /builds/omniverse/usd-ci/USD/pxr/usd/usd/stage.cpp -- In </partnet_6e85f6897e07e0b1df3a1b0d597ce76e/base/visuals>: Unresolved reference prim path @/home/ubuntu/workspace/physvla_sim/datasets/data_normalized/Dishwasher_urdf/11674/fitr_info1.usd@</visuals/base> introduced by @/home/ubuntu/workspace/physvla_sim/datasets/data_normalized/Dishwasher_urdf/11674/configuration/fitr_info1_base.usd@</partnet_6e85f6897e07e0b1df3a1b0d597ce76e/base/visuals> (recomposing stage on stage @/home/ubuntu/workspace/physvla_sim/datasets/data_normalized/Dishwasher_urdf/11674/fitr_info1.usd@ <0x7dabbe510280>)

2026-07-14T13:50:24Z [3,521ms] [Warning] [omni.usd] Warning: in _ReportErrors at line 3172 of /builds/omniverse/usd-ci/USD/pxr/usd/usd/stage.cpp -- In </partnet_6e85f6897e07e0b1df3a1b0d597ce76e/base/visuals>: Unresolved reference prim path @/home/ubuntu/workspace/physvla_sim/datasets/data_normalized/Dishwasher_urdf/11674/configuration/fitr_info1_base.usd@</visuals/base> introduced by @/home/ubuntu/workspace/physvla_sim/datasets/data_normalized/Dishwasher_urdf/11674/configuration/fitr_info1_base.usd@</partnet_6e85f6897e07e0b1df3a1b0d597ce76e/base/visuals> (recomposing stage on stage @/home/ubuntu/workspace/physvla_sim/datasets/data_normalized/Dishwasher_urdf/11674/configuration/fitr_info1_base.usd@ <0x7dabbe530910>)

2026-07-14T13:50:24Z [3,521ms] [Warning] [isaacsim.asset.importer.urdf] Link base has no colliders, and no inertia was imported; assigning a small isotropic inertia matrix
2026-07-14T13:50:24Z [3,522ms] [Warning] [isaacsim.asset.importer.urdf] No mass specified for link body
2026-07-14T13:50:24Z [3,543ms] [Warning] [isaacsim.asset.importer.urdf] No mass specified for link door_1
2026-07-14T13:50:24Z [3,559ms] [Warning] [omni.usd] Warning: in _ReportErrors at line 3172 of /builds/omniverse/usd-ci/USD/pxr/usd/usd/stage.cpp -- In </partnet_6e85f6897e07e0b1df3a1b0d597ce76e/base/visuals>: Unresolved reference prim path @/home/ubuntu/workspace/physvla_sim/datasets/data_normalized/Dishwasher_urdf/11674/configuration/fitr_info1_base.usd@</visuals/base> introduced by @/home/ubuntu/workspace/physvla_sim/datasets/data_normalized/Dishwasher_urdf/11674/configuration/fitr_info1_base.usd@</partnet_6e85f6897e07e0b1df3a1b0d597ce76e/base/visuals> (recomposing stage on stage @/home/ubuntu/workspace/physvla_sim/datasets/data_normalized/Dishwasher_urdf/11674/fitr_info1.usd@ <0x7dabbe5147e0>)

2026-07-14T13:50:24Z [3,559ms] [Warning] [omni.usd] Warning: in _ReportErrors at line 3172 of /builds/omniverse/usd-ci/USD/pxr/usd/usd/stage.cpp -- In </partnet_6e85f6897e07e0b1df3a1b0d597ce76e/base/visuals>: Unresolved reference prim path @/home/ubuntu/workspace/physvla_sim/datasets/data_normalized/Dishwasher_urdf/11674/configuration/fitr_info1_base.usd@</visuals/base> introduced by @/home/ubuntu/workspace/physvla_sim/datasets/data_normalized/Dishwasher_urdf/11674/configuration/fitr_info1_base.usd@</partnet_6e85f6897e07e0b1df3a1b0d597ce76e/base/visuals> (recomposing stage on stage @/home/ubuntu/workspace/physvla_sim/datasets/data_normalized/Dishwasher_urdf/11674/fitr_info1.usd@ <0x7dabbe510280>)

2026-07-14T13:50:24Z [3,561ms] [Warning] [omni.usd] Warning: in _ReportErrors at line 3172 of /builds/omniverse/usd-ci/USD/pxr/usd/usd/stage.cpp -- In </partnet_6e85f6897e07e0b1df3a1b0d597ce76e/base/visuals>: Unresolved reference prim path @/home/ubuntu/workspace/physvla_sim/datasets/data_normalized/Dishwasher_urdf/11674/configuration/fitr_info1_physics.usd@</visuals/base> introduced by @/home/ubuntu/workspace/physvla_sim/datasets/data_normalized/Dishwasher_urdf/11674/configuration/fitr_info1_base.usd@</partnet_6e85f6897e07e0b1df3a1b0d597ce76e/base/visuals> (recomposing stage on stage @/home/ubuntu/workspace/physvla_sim/datasets/data_normalized/Dishwasher_urdf/11674/fitr_info1.usd@ <0x7dabbe5147e0>)

2026-07-14T13:50:24Z [3,562ms] [Warning] [omni.usd] Warning: in _ReportErrors at line 3172 of /builds/omniverse/usd-ci/USD/pxr/usd/usd/stage.cpp -- In </partnet_6e85f6897e07e0b1df3a1b0d597ce76e/base/visuals>: Unresolved reference prim path @/home/ubuntu/workspace/physvla_sim/datasets/data_normalized/Dishwasher_urdf/11674/configuration/fitr_info1_physics.usd@</visuals/base> introduced by @/home/ubuntu/workspace/physvla_sim/datasets/data_normalized/Dishwasher_urdf/11674/configuration/fitr_info1_base.usd@</partnet_6e85f6897e07e0b1df3a1b0d597ce76e/base/visuals> (recomposing stage on stage @/home/ubuntu/workspace/physvla_sim/datasets/data_normalized/Dishwasher_urdf/11674/fitr_info1.usd@ <0x7dabbe510280>)

2026-07-14T13:50:24Z [3,563ms] [Warning] [omni.usd] Warning: in _ReportErrors at line 3172 of /builds/omniverse/usd-ci/USD/pxr/usd/usd/stage.cpp -- In </partnet_6e85f6897e07e0b1df3a1b0d597ce76e/base/visuals>: Unresolved reference prim path @/home/ubuntu/workspace/physvla_sim/datasets/data_normalized/Dishwasher_urdf/11674/configuration/fitr_info1_physics.usd@</visuals/base> introduced by @/home/ubuntu/workspace/physvla_sim/datasets/data_normalized/Dishwasher_urdf/11674/configuration/fitr_info1_base.usd@</partnet_6e85f6897e07e0b1df3a1b0d597ce76e/base/visuals> (recomposing stage on stage @/home/ubuntu/workspace/physvla_sim/datasets/data_normalized/Dishwasher_urdf/11674/fitr_info1.usd@ <0x7dabbe5147e0>)

2026-07-14T13:50:24Z [3,564ms] [Warning] [omni.usd] Warning: in _ReportErrors at line 3172 of /builds/omniverse/usd-ci/USD/pxr/usd/usd/stage.cpp -- In </partnet_6e85f6897e07e0b1df3a1b0d597ce76e/base/visuals>: Unresolved reference prim path @/home/ubuntu/workspace/physvla_sim/datasets/data_normalized/Dishwasher_urdf/11674/configuration/fitr_info1_physics.usd@</visuals/base> introduced by @/home/ubuntu/workspace/physvla_sim/datasets/data_normalized/Dishwasher_urdf/11674/configuration/fitr_info1_base.usd@</partnet_6e85f6897e07e0b1df3a1b0d597ce76e/base/visuals> (recomposing stage on stage @/home/ubuntu/workspace/physvla_sim/datasets/data_normalized/Dishwasher_urdf/11674/fitr_info1.usd@ <0x7dabbe510280>)

2026-07-14T13:50:24Z [3,565ms] [Warning] [omni.usd] Warning: in _ReportErrors at line 3172 of /builds/omniverse/usd-ci/USD/pxr/usd/usd/stage.cpp -- In </partnet_6e85f6897e07e0b1df3a1b0d597ce76e/base/visuals>: Unresolved reference prim path @/home/ubuntu/workspace/physvla_sim/datasets/data_normalized/Dishwasher_urdf/11674/configuration/fitr_info1_physics.usd@</visuals/base> introduced by @/home/ubuntu/workspace/physvla_sim/datasets/data_normalized/Dishwasher_urdf/11674/configuration/fitr_info1_base.usd@</partnet_6e85f6897e07e0b1df3a1b0d597ce76e/base/visuals> (recomposing stage on stage @/home/ubuntu/workspace/physvla_sim/datasets/data_normalized/Dishwasher_urdf/11674/fitr_info1.usd@ <0x7dabbe5147e0>)

2026-07-14T13:50:24Z [3,566ms] [Warning] [omni.usd] Warning: in _ReportErrors at line 3172 of /builds/omniverse/usd-ci/USD/pxr/usd/usd/stage.cpp -- In </partnet_6e85f6897e07e0b1df3a1b0d597ce76e/base/visuals>: Unresolved reference prim path @/home/ubuntu/workspace/physvla_sim/datasets/data_normalized/Dishwasher_urdf/11674/configuration/fitr_info1_physics.usd@</visuals/base> introduced by @/home/ubuntu/workspace/physvla_sim/datasets/data_normalized/Dishwasher_urdf/11674/configuration/fitr_info1_base.usd@</partnet_6e85f6897e07e0b1df3a1b0d597ce76e/base/visuals> (recomposing stage on stage @/home/ubuntu/workspace/physvla_sim/datasets/data_normalized/Dishwasher_urdf/11674/fitr_info1.usd@ <0x7dabbe510280>)

2026-07-14T13:50:24Z [3,567ms] [Warning] [omni.usd] Warning: in _ReportErrors at line 3172 of /builds/omniverse/usd-ci/USD/pxr/usd/usd/stage.cpp -- In </partnet_6e85f6897e07e0b1df3a1b0d597ce76e/base/visuals>: Unresolved reference prim path @/home/ubuntu/workspace/physvla_sim/datasets/data_normalized/Dishwasher_urdf/11674/configuration/fitr_info1_physics.usd@</visuals/base> introduced by @/home/ubuntu/workspace/physvla_sim/datasets/data_normalized/Dishwasher_urdf/11674/configuration/fitr_info1_base.usd@</partnet_6e85f6897e07e0b1df3a1b0d597ce76e/base/visuals> (recomposing stage on stage @/home/ubuntu/workspace/physvla_sim/datasets/data_normalized/Dishwasher_urdf/11674/fitr_info1.usd@ <0x7dabbe5147e0>)

2026-07-14T13:50:24Z [3,568ms] [Warning] [omni.usd] Warning: in _ReportErrors at line 3172 of /builds/omniverse/usd-ci/USD/pxr/usd/usd/stage.cpp -- In </partnet_6e85f6897e07e0b1df3a1b0d597ce76e/base/visuals>: Unresolved reference prim path @/home/ubuntu/workspace/physvla_sim/datasets/data_normalized/Dishwasher_urdf/11674/configuration/fitr_info1_physics.usd@</visuals/base> introduced by @/home/ubuntu/workspace/physvla_sim/datasets/data_normalized/Dishwasher_urdf/11674/configuration/fitr_info1_base.usd@</partnet_6e85f6897e07e0b1df3a1b0d597ce76e/base/visuals> (recomposing stage on stage @/home/ubuntu/workspace/physvla_sim/datasets/data_normalized/Dishwasher_urdf/11674/fitr_info1.usd@ <0x7dabbe510280>)

2026-07-14T13:50:24Z [3,569ms] [Warning] [omni.usd] Warning: in _ReportErrors at line 3172 of /builds/omniverse/usd-ci/USD/pxr/usd/usd/stage.cpp -- In </partnet_6e85f6897e07e0b1df3a1b0d597ce76e/base/visuals>: Unresolved reference prim path @/home/ubuntu/workspace/physvla_sim/datasets/data_normalized/Dishwasher_urdf/11674/configuration/fitr_info1_physics.usd@</visuals/base> introduced by @/home/ubuntu/workspace/physvla_sim/datasets/data_normalized/Dishwasher_urdf/11674/configuration/fitr_info1_base.usd@</partnet_6e85f6897e07e0b1df3a1b0d597ce76e/base/visuals> (recomposing stage on stage @/home/ubuntu/workspace/physvla_sim/datasets/data_normalized/Dishwasher_urdf/11674/fitr_info1.usd@ <0x7dabbe5147e0>)

2026-07-14T13:50:24Z [3,570ms] [Warning] [omni.usd] Warning: in _ReportErrors at line 3172 of /builds/omniverse/usd-ci/USD/pxr/usd/usd/stage.cpp -- In </partnet_6e85f6897e07e0b1df3a1b0d597ce76e/base/visuals>: Unresolved reference prim path @/home/ubuntu/workspace/physvla_sim/datasets/data_normalized/Dishwasher_urdf/11674/configuration/fitr_info1_physics.usd@</visuals/base> introduced by @/home/ubuntu/workspace/physvla_sim/datasets/data_normalized/Dishwasher_urdf/11674/configuration/fitr_info1_base.usd@</partnet_6e85f6897e07e0b1df3a1b0d597ce76e/base/visuals> (recomposing stage on stage @/home/ubuntu/workspace/physvla_sim/datasets/data_normalized/Dishwasher_urdf/11674/fitr_info1.usd@ <0x7dabbe510280>)

2026-07-14T13:50:24Z [3,571ms] [Warning] [omni.usd] Warning: in _ReportErrors at line 3172 of /builds/omniverse/usd-ci/USD/pxr/usd/usd/stage.cpp -- In </partnet_6e85f6897e07e0b1df3a1b0d597ce76e/base/visuals>: Unresolved reference prim path @/home/ubuntu/workspace/physvla_sim/datasets/data_normalized/Dishwasher_urdf/11674/configuration/fitr_info1_physics.usd@</visuals/base> introduced by @/home/ubuntu/workspace/physvla_sim/datasets/data_normalized/Dishwasher_urdf/11674/configuration/fitr_info1_base.usd@</partnet_6e85f6897e07e0b1df3a1b0d597ce76e/base/visuals> (recomposing stage on stage @/home/ubuntu/workspace/physvla_sim/datasets/data_normalized/Dishwasher_urdf/11674/fitr_info1.usd@ <0x7dabbe5147e0>)

2026-07-14T13:50:24Z [3,573ms] [Warning] [omni.usd] Warning: in _ReportErrors at line 3172 of /builds/omniverse/usd-ci/USD/pxr/usd/usd/stage.cpp -- In </partnet_6e85f6897e07e0b1df3a1b0d597ce76e/base/visuals>: Unresolved reference prim path @/home/ubuntu/workspace/physvla_sim/datasets/data_normalized/Dishwasher_urdf/11674/configuration/fitr_info1_physics.usd@</visuals/base> introduced by @/home/ubuntu/workspace/physvla_sim/datasets/data_normalized/Dishwasher_urdf/11674/configuration/fitr_info1_base.usd@</partnet_6e85f6897e07e0b1df3a1b0d597ce76e/base/visuals> (recomposing stage on stage @/home/ubuntu/workspace/physvla_sim/datasets/data_normalized/Dishwasher_urdf/11674/fitr_info1.usd@ <0x7dabbe510280>)

2026-07-14T13:50:24Z [3,574ms] [Warning] [omni.usd] Warning: in _ReportErrors at line 3172 of /builds/omniverse/usd-ci/USD/pxr/usd/usd/stage.cpp -- In </partnet_6e85f6897e07e0b1df3a1b0d597ce76e/base/visuals>: Unresolved reference prim path @/home/ubuntu/workspace/physvla_sim/datasets/data_normalized/Dishwasher_urdf/11674/configuration/fitr_info1_physics.usd@</visuals/base> introduced by @/home/ubuntu/workspace/physvla_sim/datasets/data_normalized/Dishwasher_urdf/11674/configuration/fitr_info1_base.usd@</partnet_6e85f6897e07e0b1df3a1b0d597ce76e/base/visuals> (recomposing stage on stage @/home/ubuntu/workspace/physvla_sim/datasets/data_normalized/Dishwasher_urdf/11674/fitr_info1.usd@ <0x7dabbe5147e0>)

2026-07-14T13:50:24Z [3,575ms] [Warning] [omni.usd] Warning: in _ReportErrors at line 3172 of /builds/omniverse/usd-ci/USD/pxr/usd/usd/stage.cpp -- In </partnet_6e85f6897e07e0b1df3a1b0d597ce76e/base/visuals>: Unresolved reference prim path @/home/ubuntu/workspace/physvla_sim/datasets/data_normalized/Dishwasher_urdf/11674/configuration/fitr_info1_physics.usd@</visuals/base> introduced by @/home/ubuntu/workspace/physvla_sim/datasets/data_normalized/Dishwasher_urdf/11674/configuration/fitr_info1_base.usd@</partnet_6e85f6897e07e0b1df3a1b0d597ce76e/base/visuals> (recomposing stage on stage @/home/ubuntu/workspace/physvla_sim/datasets/data_normalized/Dishwasher_urdf/11674/fitr_info1.usd@ <0x7dabbe510280>)

Loading user config located at: '/home/ubuntu/isaacsim/kit/data/Kit/Isaac-Sim/5.1/user.config.json'
[Info] [carb] Logging to file: /home/ubuntu/isaacsim/kit/logs/Kit/Isaac-Sim/5.1/kit_20260714_215025.log
2026-07-14T13:50:25Z [187ms] [Warning] [omni.platforminfo.plugin] failed to open the default display.  Can't verify X Server version.
2026-07-14T13:50:25Z [187ms] [Warning] [omni.usd_config.extension] Enable omni.materialx.libs extension to use MaterialX
2026-07-14T13:50:25Z [461ms] [Warning] [carb] Acquiring non optional plugin interface which is not listed as dependency: [omni::physx::IPhysxBenchmarks v1.0] (plugin: <default plugin>), by client: omni.physics.physx.plugin. Add it to CARB_PLUGIN_IMPL_DEPS() macro of a client.
2026-07-14T13:50:26Z [595ms] [Warning] [omni.isaac.dynamic_control] omni.isaac.dynamic_control is deprecated as of Isaac Sim 4.5. No action is needed from end-users.

|---------------------------------------------------------------------------------------------|
| Driver Version: 580.142       | Graphics API: Vulkan
|=============================================================================================|
| GPU | Name                             | Active | LDA | GPU Memory | Vendor-ID | LUID       |
|     |                                  |        |     |            | Device-ID | UUID       |
|     |                                  |        |     |            | Bus-ID    |            |
|---------------------------------------------------------------------------------------------|
| 0   | NVIDIA GeForce RTX 5090 D v2     | Yes: 0 |     | 24701   MB | 10de      | 0          |
|     |                                  |        |     |            | 2b8c      | 5f3d0dc0.. |
|     |                                  |        |     |            | 1         |            |
|=============================================================================================|
| OS: 24.04.3 LTS (Noble Numbat) ubuntu, Version: 24.04.3, Kernel: 6.17.0-1017-oem
| Processor: Intel(R) Core(TM) i9-14900K
| Cores: 24 | Logical Cores: 32
|---------------------------------------------------------------------------------------------|
| Total Memory (MB): 64063 | Free Memory: 55313
| Total Page/Swap (MB): 8191 | Free Page/Swap: 8191
|---------------------------------------------------------------------------------------------|
2026-07-14T13:50:27Z [2,569ms] [Warning] [gpu.foundation.plugin] CPU performance profile is set to powersave. This profile sets the CPU to the lowest frequency reducing performance.
2026-07-14T13:50:28Z [2,577ms] [Warning] [gpu.foundation.plugin] IOMMU is enabled.
2026-07-14T13:50:28Z [2,712ms] [Warning] [omni.usd] Warning: in _ReportErrors at line 3172 of /builds/omniverse/usd-ci/USD/pxr/usd/usd/stage.cpp -- In </partnet_6e85f6897e07e0b1df3a1b0d597ce76e/base/visuals>: Unresolved reference prim path @/home/ubuntu/workspace/physvla_sim/datasets/data_normalized/Dishwasher_urdf/11674/configuration/fitr_info1_base.usd@</visuals/base> introduced by @/home/ubuntu/workspace/physvla_sim/datasets/data_normalized/Dishwasher_urdf/11674/configuration/fitr_info1_base.usd@</partnet_6e85f6897e07e0b1df3a1b0d597ce76e/base/visuals> (instantiating stage on stage @/home/ubuntu/workspace/physvla_sim/datasets/data_normalized/Dishwasher_urdf/11674/configuration/fitr_info1_base.usd@ <0x106c5030>)

2026-07-14T13:50:28Z [2,716ms] [Warning] [omni.usd] Warning: in _ReportErrors at line 3172 of /builds/omniverse/usd-ci/USD/pxr/usd/usd/stage.cpp -- In </partnet_6e85f6897e07e0b1df3a1b0d597ce76e/base/visuals>: Unresolved reference prim path @/home/ubuntu/workspace/physvla_sim/datasets/data_normalized/Dishwasher_urdf/11674/configuration/fitr_info1_physics.usd@</visuals/base> introduced by @/home/ubuntu/workspace/physvla_sim/datasets/data_normalized/Dishwasher_urdf/11674/configuration/fitr_info1_base.usd@</partnet_6e85f6897e07e0b1df3a1b0d597ce76e/base/visuals> (instantiating stage on stage @/home/ubuntu/workspace/physvla_sim/datasets/data_normalized/Dishwasher_urdf/11674/configuration/fitr_info1_physics.usd@ <0x18a64740>)

2026-07-14T13:50:28Z [2,717ms] [Warning] [omni.usd] Warning: in _ReportErrors at line 3172 of /builds/omniverse/usd-ci/USD/pxr/usd/usd/stage.cpp -- In </partnet_6e85f6897e07e0b1df3a1b0d597ce76e/base/visuals>: Unresolved reference prim path @/home/ubuntu/workspace/physvla_sim/datasets/data_normalized/Dishwasher_urdf/11674/configuration/fitr_info1_physics.usd@</visuals/base> introduced by @/home/ubuntu/workspace/physvla_sim/datasets/data_normalized/Dishwasher_urdf/11674/configuration/fitr_info1_base.usd@</partnet_6e85f6897e07e0b1df3a1b0d597ce76e/base/visuals> (instantiating stage on stage @/home/ubuntu/workspace/physvla_sim/datasets/data_normalized/Dishwasher_urdf/11674/fitr_info1.usd@ <0x10696670>)

[INFO][AppLauncher]: Using device: cuda:0
[INFO][AppLauncher]: Loading experience file: /home/ubuntu/workspace/IsaacLab/apps/isaaclab.python.headless.kit
{
  "output": "/home/ubuntu/workspace/physvla_sim/datasets/data_normalized/Dishwasher_urdf/11674/fitr_info1.usd",
  "scale": 0.40527709870848705,
  "scale_layer": "/home/ubuntu/workspace/physvla_sim/datasets/data_normalized/Dishwasher_urdf/11674/configuration/fitr_info1_base.usd",
  "joints": [
    {
      "joint": "/partnet_6e85f6897e07e0b1df3a1b0d597ce76e/joints/joint_0",
      "drive": "angular",
      "damping": 680.0,
      "stiffness": 0.0,
      "max_force": 12.5
    }
  ],
  "dynamics_layer": "/home/ubuntu/workspace/physvla_sim/datasets/data_normalized/Dishwasher_urdf/11674/configuration/fitr_info1_physics.usd",
  "affordance_links": [
    "/partnet_6e85f6897e07e0b1df3a1b0d597ce76e/door_1"
  ]
}
Loading user config located at: '/home/ubuntu/isaacsim/kit/data/Kit/Isaac-Sim/5.1/user.config.json'
[Info] [carb] Logging to file: /home/ubuntu/isaacsim/kit/logs/Kit/Isaac-Sim/5.1/kit_20260714_215028.log
2026-07-14T13:50:28Z [186ms] [Warning] [omni.usd_config.extension] Enable omni.materialx.libs extension to use MaterialX
2026-07-14T13:50:28Z [189ms] [Warning] [omni.platforminfo.plugin] failed to open the default display.  Can't verify X Server version.
2026-07-14T13:50:28Z [459ms] [Warning] [carb] Acquiring non optional plugin interface which is not listed as dependency: [omni::physx::IPhysxBenchmarks v1.0] (plugin: <default plugin>), by client: omni.physics.physx.plugin. Add it to CARB_PLUGIN_IMPL_DEPS() macro of a client.
2026-07-14T13:50:29Z [594ms] [Warning] [omni.isaac.dynamic_control] omni.isaac.dynamic_control is deprecated as of Isaac Sim 4.5. No action is needed from end-users.

|---------------------------------------------------------------------------------------------|
| Driver Version: 580.142       | Graphics API: Vulkan
|=============================================================================================|
| GPU | Name                             | Active | LDA | GPU Memory | Vendor-ID | LUID       |
|     |                                  |        |     |            | Device-ID | UUID       |
|     |                                  |        |     |            | Bus-ID    |            |
|---------------------------------------------------------------------------------------------|
| 0   | NVIDIA GeForce RTX 5090 D v2     | Yes: 0 |     | 24701   MB | 10de      | 0          |
|     |                                  |        |     |            | 2b8c      | 5f3d0dc0.. |
|     |                                  |        |     |            | 1         |            |
|=============================================================================================|
| OS: 24.04.3 LTS (Noble Numbat) ubuntu, Version: 24.04.3, Kernel: 6.17.0-1017-oem
| Processor: Intel(R) Core(TM) i9-14900K
| Cores: 24 | Logical Cores: 32
|---------------------------------------------------------------------------------------------|
| Total Memory (MB): 64063 | Free Memory: 55326
| Total Page/Swap (MB): 8191 | Free Page/Swap: 8191
|---------------------------------------------------------------------------------------------|
2026-07-14T13:50:31Z [2,599ms] [Warning] [gpu.foundation.plugin] CPU performance profile is set to powersave. This profile sets the CPU to the lowest frequency reducing performance.
2026-07-14T13:50:31Z [2,607ms] [Warning] [gpu.foundation.plugin] IOMMU is enabled.
2026-07-14T13:50:31Z [2,757ms] [Warning] [carb.windowing-glfw.plugin] GLFW initialization failed.
2026-07-14T13:50:31Z [2,757ms] [Warning] [carb] Failed to startup plugin carb.windowing-glfw.plugin (interfaces: [carb::windowing::IGLContext v1.0],[carb::windowing::IWindowing v1.5]) (impl: carb.windowing-glfw.plugin)

|---------------------------------------------------------------------------------------------|
| Driver Version: 580.142       | Graphics API: Vulkan
|=============================================================================================|
| GPU | Name                             | Active | LDA | GPU Memory | Vendor-ID | LUID       |
|     |                                  |        |     |            | Device-ID | UUID       |
|     |                                  |        |     |            | Bus-ID    |            |
|---------------------------------------------------------------------------------------------|
| 0   | NVIDIA GeForce RTX 5090 D v2     | Yes: 0 |     | 24701   MB | 10de      | 0          |
|     |                                  |        |     |            | 2b8c      | 5f3d0dc0.. |
|     |                                  |        |     |            | 1         |            |
|=============================================================================================|
| OS: 24.04.3 LTS (Noble Numbat) ubuntu, Version: 24.04.3, Kernel: 6.17.0-1017-oem
| Processor: Intel(R) Core(TM) i9-14900K
| Cores: 24 | Logical Cores: 32
|---------------------------------------------------------------------------------------------|
| Total Memory (MB): 64063 | Free Memory: 55114
| Total Page/Swap (MB): 8191 | Free Page/Swap: 8191
|---------------------------------------------------------------------------------------------|
2026-07-14T13:50:31Z [2,983ms] [Warning] [gpu.foundation.plugin] CPU performance profile is set to powersave. This profile sets the CPU to the lowest frequency reducing performance.
2026-07-14T13:50:31Z [2,983ms] [Warning] [gpu.foundation.plugin] IOMMU is enabled.
2026-07-14T13:50:31Z [3,392ms] [Warning] [carb.windowing-glfw.plugin] GLFW initialization failed.
2026-07-14T13:50:31Z [3,392ms] [Warning] [carb] Failed to startup plugin carb.windowing-glfw.plugin (interfaces: [carb::windowing::IGLContext v1.0],[carb::windowing::IWindowing v1.5]) (impl: carb.windowing-glfw.plugin)
2026-07-14T13:50:31Z [3,404ms] [Warning] [carb.windowing-glfw.plugin] GLFW initialization failed.
2026-07-14T13:50:31Z [3,404ms] [Warning] [carb] Failed to startup plugin carb.windowing-glfw.plugin (interfaces: [carb::windowing::IGLContext v1.0],[carb::windowing::IWindowing v1.5]) (impl: carb.windowing-glfw.plugin)
2026-07-14T13:50:31Z [3,409ms] [Warning] [carb.windowing-glfw.plugin] GLFW initialization failed.
2026-07-14T13:50:31Z [3,409ms] [Warning] [carb] Failed to startup plugin carb.windowing-glfw.plugin (interfaces: [carb::windowing::IGLContext v1.0],[carb::windowing::IWindowing v1.5]) (impl: carb.windowing-glfw.plugin)
2026-07-14T13:50:31Z [3,416ms] [Warning] [carb.windowing-glfw.plugin] GLFW initialization failed.
2026-07-14T13:50:31Z [3,416ms] [Warning] [carb] Failed to startup plugin carb.windowing-glfw.plugin (interfaces: [carb::windowing::IGLContext v1.0],[carb::windowing::IWindowing v1.5]) (impl: carb.windowing-glfw.plugin)
2026-07-14T13:50:31Z [3,417ms] [Warning] [carb.windowing-glfw.plugin] GLFW initialization failed.
2026-07-14T13:50:31Z [3,417ms] [Warning] [carb] Failed to startup plugin carb.windowing-glfw.plugin (interfaces: [carb::windowing::IGLContext v1.0],[carb::windowing::IWindowing v1.5]) (impl: carb.windowing-glfw.plugin)
2026-07-14T13:50:31Z [3,418ms] [Warning] [carb.windowing-glfw.plugin] GLFW initialization failed.
2026-07-14T13:50:31Z [3,418ms] [Warning] [carb] Failed to startup plugin carb.windowing-glfw.plugin (interfaces: [carb::windowing::IGLContext v1.0],[carb::windowing::IWindowing v1.5]) (impl: carb.windowing-glfw.plugin)
2026-07-14T13:50:32Z [3,659ms] [Warning] [omni.graph.visualization.nodes._impl.extension] No Viewport Window to add omni.graph.visualization.nodes-2.1.3 scene to
2026-07-14T13:50:32Z [3,751ms] [Warning] [isaacsim.asset.importer.urdf] No mass specified for link base
2026-07-14T13:50:32Z [3,751ms] [Warning] [omni.usd] Warning: in _ReportErrors at line 3172 of /builds/omniverse/usd-ci/USD/pxr/usd/usd/stage.cpp -- In </partnet_a2caaa68364f6207f054969eeb39ff86/base/visuals>: Unresolved reference prim path @/home/ubuntu/workspace/physvla_sim/datasets/data_normalized/Dishwasher_urdf/11700/configuration/fitr_info1_physics.usd@</visuals/base> introduced by @/home/ubuntu/workspace/physvla_sim/datasets/data_normalized/Dishwasher_urdf/11700/configuration/fitr_info1_base.usd@</partnet_a2caaa68364f6207f054969eeb39ff86/base/visuals> (recomposing stage on stage @/home/ubuntu/workspace/physvla_sim/datasets/data_normalized/Dishwasher_urdf/11700/configuration/fitr_info1_physics.usd@ <0x2ae26e70>)

2026-07-14T13:50:32Z [3,751ms] [Warning] [omni.usd] Warning: in _ReportErrors at line 3172 of /builds/omniverse/usd-ci/USD/pxr/usd/usd/stage.cpp -- In </partnet_a2caaa68364f6207f054969eeb39ff86/base/visuals>: Unresolved reference prim path @/home/ubuntu/workspace/physvla_sim/datasets/data_normalized/Dishwasher_urdf/11700/fitr_info1.usd@</visuals/base> introduced by @/home/ubuntu/workspace/physvla_sim/datasets/data_normalized/Dishwasher_urdf/11700/configuration/fitr_info1_base.usd@</partnet_a2caaa68364f6207f054969eeb39ff86/base/visuals> (recomposing stage on stage @/home/ubuntu/workspace/physvla_sim/datasets/data_normalized/Dishwasher_urdf/11700/fitr_info1.usd@ <0x2ae13a20>)

2026-07-14T13:50:32Z [3,751ms] [Warning] [omni.usd] Warning: in _ReportErrors at line 3172 of /builds/omniverse/usd-ci/USD/pxr/usd/usd/stage.cpp -- In </partnet_a2caaa68364f6207f054969eeb39ff86/base/visuals>: Unresolved reference prim path @/home/ubuntu/workspace/physvla_sim/datasets/data_normalized/Dishwasher_urdf/11700/fitr_info1.usd@</visuals/base> introduced by @/home/ubuntu/workspace/physvla_sim/datasets/data_normalized/Dishwasher_urdf/11700/configuration/fitr_info1_base.usd@</partnet_a2caaa68364f6207f054969eeb39ff86/base/visuals> (recomposing stage on stage @/home/ubuntu/workspace/physvla_sim/datasets/data_normalized/Dishwasher_urdf/11700/fitr_info1.usd@ <0x2ae0f480>)

2026-07-14T13:50:32Z [3,751ms] [Warning] [omni.usd] Warning: in _ReportErrors at line 3172 of /builds/omniverse/usd-ci/USD/pxr/usd/usd/stage.cpp -- In </partnet_a2caaa68364f6207f054969eeb39ff86/base/visuals>: Unresolved reference prim path @/home/ubuntu/workspace/physvla_sim/datasets/data_normalized/Dishwasher_urdf/11700/configuration/fitr_info1_base.usd@</visuals/base> introduced by @/home/ubuntu/workspace/physvla_sim/datasets/data_normalized/Dishwasher_urdf/11700/configuration/fitr_info1_base.usd@</partnet_a2caaa68364f6207f054969eeb39ff86/base/visuals> (recomposing stage on stage @/home/ubuntu/workspace/physvla_sim/datasets/data_normalized/Dishwasher_urdf/11700/configuration/fitr_info1_base.usd@ <0x2ae30a70>)

2026-07-14T13:50:32Z [3,751ms] [Warning] [omni.usd] Warning: in _ReportErrors at line 3172 of /builds/omniverse/usd-ci/USD/pxr/usd/usd/stage.cpp -- In </partnet_a2caaa68364f6207f054969eeb39ff86/base/visuals>: Unresolved reference prim path @/home/ubuntu/workspace/physvla_sim/datasets/data_normalized/Dishwasher_urdf/11700/configuration/fitr_info1_physics.usd@</visuals/base> introduced by @/home/ubuntu/workspace/physvla_sim/datasets/data_normalized/Dishwasher_urdf/11700/configuration/fitr_info1_base.usd@</partnet_a2caaa68364f6207f054969eeb39ff86/base/visuals> (recomposing stage on stage @/home/ubuntu/workspace/physvla_sim/datasets/data_normalized/Dishwasher_urdf/11700/configuration/fitr_info1_physics.usd@ <0x2ae26e70>)

2026-07-14T13:50:32Z [3,751ms] [Warning] [omni.usd] Warning: in _ReportErrors at line 3172 of /builds/omniverse/usd-ci/USD/pxr/usd/usd/stage.cpp -- In </partnet_a2caaa68364f6207f054969eeb39ff86/base/visuals>: Unresolved reference prim path @/home/ubuntu/workspace/physvla_sim/datasets/data_normalized/Dishwasher_urdf/11700/fitr_info1.usd@</visuals/base> introduced by @/home/ubuntu/workspace/physvla_sim/datasets/data_normalized/Dishwasher_urdf/11700/configuration/fitr_info1_base.usd@</partnet_a2caaa68364f6207f054969eeb39ff86/base/visuals> (recomposing stage on stage @/home/ubuntu/workspace/physvla_sim/datasets/data_normalized/Dishwasher_urdf/11700/fitr_info1.usd@ <0x2ae13a20>)

2026-07-14T13:50:32Z [3,751ms] [Warning] [omni.usd] Warning: in _ReportErrors at line 3172 of /builds/omniverse/usd-ci/USD/pxr/usd/usd/stage.cpp -- In </partnet_a2caaa68364f6207f054969eeb39ff86/base/visuals>: Unresolved reference prim path @/home/ubuntu/workspace/physvla_sim/datasets/data_normalized/Dishwasher_urdf/11700/fitr_info1.usd@</visuals/base> introduced by @/home/ubuntu/workspace/physvla_sim/datasets/data_normalized/Dishwasher_urdf/11700/configuration/fitr_info1_base.usd@</partnet_a2caaa68364f6207f054969eeb39ff86/base/visuals> (recomposing stage on stage @/home/ubuntu/workspace/physvla_sim/datasets/data_normalized/Dishwasher_urdf/11700/fitr_info1.usd@ <0x2ae0f480>)

2026-07-14T13:50:32Z [3,751ms] [Warning] [omni.usd] Warning: in _ReportErrors at line 3172 of /builds/omniverse/usd-ci/USD/pxr/usd/usd/stage.cpp -- In </partnet_a2caaa68364f6207f054969eeb39ff86/base/visuals>: Unresolved reference prim path @/home/ubuntu/workspace/physvla_sim/datasets/data_normalized/Dishwasher_urdf/11700/configuration/fitr_info1_base.usd@</visuals/base> introduced by @/home/ubuntu/workspace/physvla_sim/datasets/data_normalized/Dishwasher_urdf/11700/configuration/fitr_info1_base.usd@</partnet_a2caaa68364f6207f054969eeb39ff86/base/visuals> (recomposing stage on stage @/home/ubuntu/workspace/physvla_sim/datasets/data_normalized/Dishwasher_urdf/11700/configuration/fitr_info1_base.usd@ <0x2ae30a70>)

2026-07-14T13:50:32Z [3,751ms] [Warning] [isaacsim.asset.importer.urdf] Link base has no colliders, and no inertia was imported; assigning a small isotropic inertia matrix
2026-07-14T13:50:32Z [3,752ms] [Warning] [isaacsim.asset.importer.urdf] No mass specified for link body
2026-07-14T13:50:32Z [3,781ms] [Warning] [isaacsim.asset.importer.urdf] No mass specified for link door_1
2026-07-14T13:50:32Z [3,800ms] [Warning] [omni.usd] Warning: in _ReportErrors at line 3172 of /builds/omniverse/usd-ci/USD/pxr/usd/usd/stage.cpp -- In </partnet_a2caaa68364f6207f054969eeb39ff86/base/visuals>: Unresolved reference prim path @/home/ubuntu/workspace/physvla_sim/datasets/data_normalized/Dishwasher_urdf/11700/configuration/fitr_info1_base.usd@</visuals/base> introduced by @/home/ubuntu/workspace/physvla_sim/datasets/data_normalized/Dishwasher_urdf/11700/configuration/fitr_info1_base.usd@</partnet_a2caaa68364f6207f054969eeb39ff86/base/visuals> (recomposing stage on stage @/home/ubuntu/workspace/physvla_sim/datasets/data_normalized/Dishwasher_urdf/11700/fitr_info1.usd@ <0x2ae13a20>)

2026-07-14T13:50:32Z [3,800ms] [Warning] [omni.usd] Warning: in _ReportErrors at line 3172 of /builds/omniverse/usd-ci/USD/pxr/usd/usd/stage.cpp -- In </partnet_a2caaa68364f6207f054969eeb39ff86/base/visuals>: Unresolved reference prim path @/home/ubuntu/workspace/physvla_sim/datasets/data_normalized/Dishwasher_urdf/11700/configuration/fitr_info1_base.usd@</visuals/base> introduced by @/home/ubuntu/workspace/physvla_sim/datasets/data_normalized/Dishwasher_urdf/11700/configuration/fitr_info1_base.usd@</partnet_a2caaa68364f6207f054969eeb39ff86/base/visuals> (recomposing stage on stage @/home/ubuntu/workspace/physvla_sim/datasets/data_normalized/Dishwasher_urdf/11700/fitr_info1.usd@ <0x2ae0f480>)

2026-07-14T13:50:32Z [3,801ms] [Warning] [omni.usd] Warning: in _ReportErrors at line 3172 of /builds/omniverse/usd-ci/USD/pxr/usd/usd/stage.cpp -- In </partnet_a2caaa68364f6207f054969eeb39ff86/base/visuals>: Unresolved reference prim path @/home/ubuntu/workspace/physvla_sim/datasets/data_normalized/Dishwasher_urdf/11700/configuration/fitr_info1_physics.usd@</visuals/base> introduced by @/home/ubuntu/workspace/physvla_sim/datasets/data_normalized/Dishwasher_urdf/11700/configuration/fitr_info1_base.usd@</partnet_a2caaa68364f6207f054969eeb39ff86/base/visuals> (recomposing stage on stage @/home/ubuntu/workspace/physvla_sim/datasets/data_normalized/Dishwasher_urdf/11700/fitr_info1.usd@ <0x2ae13a20>)

2026-07-14T13:50:32Z [3,801ms] [Warning] [omni.usd] Warning: in _ReportErrors at line 3172 of /builds/omniverse/usd-ci/USD/pxr/usd/usd/stage.cpp -- In </partnet_a2caaa68364f6207f054969eeb39ff86/base/visuals>: Unresolved reference prim path @/home/ubuntu/workspace/physvla_sim/datasets/data_normalized/Dishwasher_urdf/11700/configuration/fitr_info1_physics.usd@</visuals/base> introduced by @/home/ubuntu/workspace/physvla_sim/datasets/data_normalized/Dishwasher_urdf/11700/configuration/fitr_info1_base.usd@</partnet_a2caaa68364f6207f054969eeb39ff86/base/visuals> (recomposing stage on stage @/home/ubuntu/workspace/physvla_sim/datasets/data_normalized/Dishwasher_urdf/11700/fitr_info1.usd@ <0x2ae0f480>)

2026-07-14T13:50:32Z [3,802ms] [Warning] [omni.usd] Warning: in _ReportErrors at line 3172 of /builds/omniverse/usd-ci/USD/pxr/usd/usd/stage.cpp -- In </partnet_a2caaa68364f6207f054969eeb39ff86/base/visuals>: Unresolved reference prim path @/home/ubuntu/workspace/physvla_sim/datasets/data_normalized/Dishwasher_urdf/11700/configuration/fitr_info1_physics.usd@</visuals/base> introduced by @/home/ubuntu/workspace/physvla_sim/datasets/data_normalized/Dishwasher_urdf/11700/configuration/fitr_info1_base.usd@</partnet_a2caaa68364f6207f054969eeb39ff86/base/visuals> (recomposing stage on stage @/home/ubuntu/workspace/physvla_sim/datasets/data_normalized/Dishwasher_urdf/11700/fitr_info1.usd@ <0x2ae13a20>)

2026-07-14T13:50:32Z [3,802ms] [Warning] [omni.usd] Warning: in _ReportErrors at line 3172 of /builds/omniverse/usd-ci/USD/pxr/usd/usd/stage.cpp -- In </partnet_a2caaa68364f6207f054969eeb39ff86/base/visuals>: Unresolved reference prim path @/home/ubuntu/workspace/physvla_sim/datasets/data_normalized/Dishwasher_urdf/11700/configuration/fitr_info1_physics.usd@</visuals/base> introduced by @/home/ubuntu/workspace/physvla_sim/datasets/data_normalized/Dishwasher_urdf/11700/configuration/fitr_info1_base.usd@</partnet_a2caaa68364f6207f054969eeb39ff86/base/visuals> (recomposing stage on stage @/home/ubuntu/workspace/physvla_sim/datasets/data_normalized/Dishwasher_urdf/11700/fitr_info1.usd@ <0x2ae0f480>)

2026-07-14T13:50:32Z [3,803ms] [Warning] [omni.usd] Warning: in _ReportErrors at line 3172 of /builds/omniverse/usd-ci/USD/pxr/usd/usd/stage.cpp -- In </partnet_a2caaa68364f6207f054969eeb39ff86/base/visuals>: Unresolved reference prim path @/home/ubuntu/workspace/physvla_sim/datasets/data_normalized/Dishwasher_urdf/11700/configuration/fitr_info1_physics.usd@</visuals/base> introduced by @/home/ubuntu/workspace/physvla_sim/datasets/data_normalized/Dishwasher_urdf/11700/configuration/fitr_info1_base.usd@</partnet_a2caaa68364f6207f054969eeb39ff86/base/visuals> (recomposing stage on stage @/home/ubuntu/workspace/physvla_sim/datasets/data_normalized/Dishwasher_urdf/11700/fitr_info1.usd@ <0x2ae13a20>)

2026-07-14T13:50:32Z [3,803ms] [Warning] [omni.usd] Warning: in _ReportErrors at line 3172 of /builds/omniverse/usd-ci/USD/pxr/usd/usd/stage.cpp -- In </partnet_a2caaa68364f6207f054969eeb39ff86/base/visuals>: Unresolved reference prim path @/home/ubuntu/workspace/physvla_sim/datasets/data_normalized/Dishwasher_urdf/11700/configuration/fitr_info1_physics.usd@</visuals/base> introduced by @/home/ubuntu/workspace/physvla_sim/datasets/data_normalized/Dishwasher_urdf/11700/configuration/fitr_info1_base.usd@</partnet_a2caaa68364f6207f054969eeb39ff86/base/visuals> (recomposing stage on stage @/home/ubuntu/workspace/physvla_sim/datasets/data_normalized/Dishwasher_urdf/11700/fitr_info1.usd@ <0x2ae0f480>)

2026-07-14T13:50:32Z [3,803ms] [Warning] [omni.usd] Warning: in _ReportErrors at line 3172 of /builds/omniverse/usd-ci/USD/pxr/usd/usd/stage.cpp -- In </partnet_a2caaa68364f6207f054969eeb39ff86/base/visuals>: Unresolved reference prim path @/home/ubuntu/workspace/physvla_sim/datasets/data_normalized/Dishwasher_urdf/11700/configuration/fitr_info1_physics.usd@</visuals/base> introduced by @/home/ubuntu/workspace/physvla_sim/datasets/data_normalized/Dishwasher_urdf/11700/configuration/fitr_info1_base.usd@</partnet_a2caaa68364f6207f054969eeb39ff86/base/visuals> (recomposing stage on stage @/home/ubuntu/workspace/physvla_sim/datasets/data_normalized/Dishwasher_urdf/11700/fitr_info1.usd@ <0x2ae13a20>)

2026-07-14T13:50:32Z [3,804ms] [Warning] [omni.usd] Warning: in _ReportErrors at line 3172 of /builds/omniverse/usd-ci/USD/pxr/usd/usd/stage.cpp -- In </partnet_a2caaa68364f6207f054969eeb39ff86/base/visuals>: Unresolved reference prim path @/home/ubuntu/workspace/physvla_sim/datasets/data_normalized/Dishwasher_urdf/11700/configuration/fitr_info1_physics.usd@</visuals/base> introduced by @/home/ubuntu/workspace/physvla_sim/datasets/data_normalized/Dishwasher_urdf/11700/configuration/fitr_info1_base.usd@</partnet_a2caaa68364f6207f054969eeb39ff86/base/visuals> (recomposing stage on stage @/home/ubuntu/workspace/physvla_sim/datasets/data_normalized/Dishwasher_urdf/11700/fitr_info1.usd@ <0x2ae0f480>)

2026-07-14T13:50:32Z [3,804ms] [Warning] [omni.usd] Warning: in _ReportErrors at line 3172 of /builds/omniverse/usd-ci/USD/pxr/usd/usd/stage.cpp -- In </partnet_a2caaa68364f6207f054969eeb39ff86/base/visuals>: Unresolved reference prim path @/home/ubuntu/workspace/physvla_sim/datasets/data_normalized/Dishwasher_urdf/11700/configuration/fitr_info1_physics.usd@</visuals/base> introduced by @/home/ubuntu/workspace/physvla_sim/datasets/data_normalized/Dishwasher_urdf/11700/configuration/fitr_info1_base.usd@</partnet_a2caaa68364f6207f054969eeb39ff86/base/visuals> (recomposing stage on stage @/home/ubuntu/workspace/physvla_sim/datasets/data_normalized/Dishwasher_urdf/11700/fitr_info1.usd@ <0x2ae13a20>)

2026-07-14T13:50:32Z [3,805ms] [Warning] [omni.usd] Warning: in _ReportErrors at line 3172 of /builds/omniverse/usd-ci/USD/pxr/usd/usd/stage.cpp -- In </partnet_a2caaa68364f6207f054969eeb39ff86/base/visuals>: Unresolved reference prim path @/home/ubuntu/workspace/physvla_sim/datasets/data_normalized/Dishwasher_urdf/11700/configuration/fitr_info1_physics.usd@</visuals/base> introduced by @/home/ubuntu/workspace/physvla_sim/datasets/data_normalized/Dishwasher_urdf/11700/configuration/fitr_info1_base.usd@</partnet_a2caaa68364f6207f054969eeb39ff86/base/visuals> (recomposing stage on stage @/home/ubuntu/workspace/physvla_sim/datasets/data_normalized/Dishwasher_urdf/11700/fitr_info1.usd@ <0x2ae0f480>)

2026-07-14T13:50:32Z [3,805ms] [Warning] [omni.usd] Warning: in _ReportErrors at line 3172 of /builds/omniverse/usd-ci/USD/pxr/usd/usd/stage.cpp -- In </partnet_a2caaa68364f6207f054969eeb39ff86/base/visuals>: Unresolved reference prim path @/home/ubuntu/workspace/physvla_sim/datasets/data_normalized/Dishwasher_urdf/11700/configuration/fitr_info1_physics.usd@</visuals/base> introduced by @/home/ubuntu/workspace/physvla_sim/datasets/data_normalized/Dishwasher_urdf/11700/configuration/fitr_info1_base.usd@</partnet_a2caaa68364f6207f054969eeb39ff86/base/visuals> (recomposing stage on stage @/home/ubuntu/workspace/physvla_sim/datasets/data_normalized/Dishwasher_urdf/11700/fitr_info1.usd@ <0x2ae13a20>)

2026-07-14T13:50:32Z [3,806ms] [Warning] [omni.usd] Warning: in _ReportErrors at line 3172 of /builds/omniverse/usd-ci/USD/pxr/usd/usd/stage.cpp -- In </partnet_a2caaa68364f6207f054969eeb39ff86/base/visuals>: Unresolved reference prim path @/home/ubuntu/workspace/physvla_sim/datasets/data_normalized/Dishwasher_urdf/11700/configuration/fitr_info1_physics.usd@</visuals/base> introduced by @/home/ubuntu/workspace/physvla_sim/datasets/data_normalized/Dishwasher_urdf/11700/configuration/fitr_info1_base.usd@</partnet_a2caaa68364f6207f054969eeb39ff86/base/visuals> (recomposing stage on stage @/home/ubuntu/workspace/physvla_sim/datasets/data_normalized/Dishwasher_urdf/11700/fitr_info1.usd@ <0x2ae0f480>)

2026-07-14T13:50:32Z [3,806ms] [Warning] [omni.usd] Warning: in _ReportErrors at line 3172 of /builds/omniverse/usd-ci/USD/pxr/usd/usd/stage.cpp -- In </partnet_a2caaa68364f6207f054969eeb39ff86/base/visuals>: Unresolved reference prim path @/home/ubuntu/workspace/physvla_sim/datasets/data_normalized/Dishwasher_urdf/11700/configuration/fitr_info1_physics.usd@</visuals/base> introduced by @/home/ubuntu/workspace/physvla_sim/datasets/data_normalized/Dishwasher_urdf/11700/configuration/fitr_info1_base.usd@</partnet_a2caaa68364f6207f054969eeb39ff86/base/visuals> (recomposing stage on stage @/home/ubuntu/workspace/physvla_sim/datasets/data_normalized/Dishwasher_urdf/11700/fitr_info1.usd@ <0x2ae13a20>)

2026-07-14T13:50:32Z [3,807ms] [Warning] [omni.usd] Warning: in _ReportErrors at line 3172 of /builds/omniverse/usd-ci/USD/pxr/usd/usd/stage.cpp -- In </partnet_a2caaa68364f6207f054969eeb39ff86/base/visuals>: Unresolved reference prim path @/home/ubuntu/workspace/physvla_sim/datasets/data_normalized/Dishwasher_urdf/11700/configuration/fitr_info1_physics.usd@</visuals/base> introduced by @/home/ubuntu/workspace/physvla_sim/datasets/data_normalized/Dishwasher_urdf/11700/configuration/fitr_info1_base.usd@</partnet_a2caaa68364f6207f054969eeb39ff86/base/visuals> (recomposing stage on stage @/home/ubuntu/workspace/physvla_sim/datasets/data_normalized/Dishwasher_urdf/11700/fitr_info1.usd@ <0x2ae0f480>)

Loading user config located at: '/home/ubuntu/isaacsim/kit/data/Kit/Isaac-Sim/5.1/user.config.json'
[Info] [carb] Logging to file: /home/ubuntu/isaacsim/kit/logs/Kit/Isaac-Sim/5.1/kit_20260714_215032.log
2026-07-14T13:50:32Z [182ms] [Warning] [omni.platforminfo.plugin] failed to open the default display.  Can't verify X Server version.
2026-07-14T13:50:32Z [184ms] [Warning] [omni.usd_config.extension] Enable omni.materialx.libs extension to use MaterialX
2026-07-14T13:50:33Z [455ms] [Warning] [carb] Acquiring non optional plugin interface which is not listed as dependency: [omni::physx::IPhysxBenchmarks v1.0] (plugin: <default plugin>), by client: omni.physics.physx.plugin. Add it to CARB_PLUGIN_IMPL_DEPS() macro of a client.
2026-07-14T13:50:33Z [590ms] [Warning] [omni.isaac.dynamic_control] omni.isaac.dynamic_control is deprecated as of Isaac Sim 4.5. No action is needed from end-users.

|---------------------------------------------------------------------------------------------|
| Driver Version: 580.142       | Graphics API: Vulkan
|=============================================================================================|
| GPU | Name                             | Active | LDA | GPU Memory | Vendor-ID | LUID       |
|     |                                  |        |     |            | Device-ID | UUID       |
|     |                                  |        |     |            | Bus-ID    |            |
|---------------------------------------------------------------------------------------------|
| 0   | NVIDIA GeForce RTX 5090 D v2     | Yes: 0 |     | 24701   MB | 10de      | 0          |
|     |                                  |        |     |            | 2b8c      | 5f3d0dc0.. |
|     |                                  |        |     |            | 1         |            |
|=============================================================================================|
| OS: 24.04.3 LTS (Noble Numbat) ubuntu, Version: 24.04.3, Kernel: 6.17.0-1017-oem
| Processor: Intel(R) Core(TM) i9-14900K
| Cores: 24 | Logical Cores: 32
|---------------------------------------------------------------------------------------------|
| Total Memory (MB): 64063 | Free Memory: 55246
| Total Page/Swap (MB): 8191 | Free Page/Swap: 8191
|---------------------------------------------------------------------------------------------|
2026-07-14T13:50:35Z [2,566ms] [Warning] [gpu.foundation.plugin] CPU performance profile is set to powersave. This profile sets the CPU to the lowest frequency reducing performance.
2026-07-14T13:50:35Z [2,574ms] [Warning] [gpu.foundation.plugin] IOMMU is enabled.
2026-07-14T13:50:35Z [2,696ms] [Warning] [omni.usd] Warning: in _ReportErrors at line 3172 of /builds/omniverse/usd-ci/USD/pxr/usd/usd/stage.cpp -- In </partnet_a2caaa68364f6207f054969eeb39ff86/base/visuals>: Unresolved reference prim path @/home/ubuntu/workspace/physvla_sim/datasets/data_normalized/Dishwasher_urdf/11700/configuration/fitr_info1_base.usd@</visuals/base> introduced by @/home/ubuntu/workspace/physvla_sim/datasets/data_normalized/Dishwasher_urdf/11700/configuration/fitr_info1_base.usd@</partnet_a2caaa68364f6207f054969eeb39ff86/base/visuals> (instantiating stage on stage @/home/ubuntu/workspace/physvla_sim/datasets/data_normalized/Dishwasher_urdf/11700/configuration/fitr_info1_base.usd@ <0x25224ae0>)

2026-07-14T13:50:35Z [2,699ms] [Warning] [omni.usd] Warning: in _ReportErrors at line 3172 of /builds/omniverse/usd-ci/USD/pxr/usd/usd/stage.cpp -- In </partnet_a2caaa68364f6207f054969eeb39ff86/base/visuals>: Unresolved reference prim path @/home/ubuntu/workspace/physvla_sim/datasets/data_normalized/Dishwasher_urdf/11700/configuration/fitr_info1_physics.usd@</visuals/base> introduced by @/home/ubuntu/workspace/physvla_sim/datasets/data_normalized/Dishwasher_urdf/11700/configuration/fitr_info1_base.usd@</partnet_a2caaa68364f6207f054969eeb39ff86/base/visuals> (instantiating stage on stage @/home/ubuntu/workspace/physvla_sim/datasets/data_normalized/Dishwasher_urdf/11700/configuration/fitr_info1_physics.usd@ <0x2d717bc0>)

2026-07-14T13:50:35Z [2,701ms] [Warning] [omni.usd] Warning: in _ReportErrors at line 3172 of /builds/omniverse/usd-ci/USD/pxr/usd/usd/stage.cpp -- In </partnet_a2caaa68364f6207f054969eeb39ff86/base/visuals>: Unresolved reference prim path @/home/ubuntu/workspace/physvla_sim/datasets/data_normalized/Dishwasher_urdf/11700/configuration/fitr_info1_physics.usd@</visuals/base> introduced by @/home/ubuntu/workspace/physvla_sim/datasets/data_normalized/Dishwasher_urdf/11700/configuration/fitr_info1_base.usd@</partnet_a2caaa68364f6207f054969eeb39ff86/base/visuals> (instantiating stage on stage @/home/ubuntu/workspace/physvla_sim/datasets/data_normalized/Dishwasher_urdf/11700/fitr_info1.usd@ <0x251f6120>)

[INFO][AppLauncher]: Using device: cuda:0
[INFO][AppLauncher]: Loading experience file: /home/ubuntu/workspace/IsaacLab/apps/isaaclab.python.headless.kit
{
  "output": "/home/ubuntu/workspace/physvla_sim/datasets/data_normalized/Dishwasher_urdf/11700/fitr_info1.usd",
  "scale": 0.38737011838868385,
  "scale_layer": "/home/ubuntu/workspace/physvla_sim/datasets/data_normalized/Dishwasher_urdf/11700/configuration/fitr_info1_base.usd",
  "joints": [
    {
      "joint": "/partnet_a2caaa68364f6207f054969eeb39ff86/joints/joint_0",
      "drive": "angular",
      "damping": 650.0,
      "stiffness": 0.0,
      "max_force": 9.75
    }
  ],
  "dynamics_layer": "/home/ubuntu/workspace/physvla_sim/datasets/data_normalized/Dishwasher_urdf/11700/configuration/fitr_info1_physics.usd",
  "affordance_links": [
    "/partnet_a2caaa68364f6207f054969eeb39ff86/door_1"
  ]
}
Loading user config located at: '/home/ubuntu/isaacsim/kit/data/Kit/Isaac-Sim/5.1/user.config.json'
[Info] [carb] Logging to file: /home/ubuntu/isaacsim/kit/logs/Kit/Isaac-Sim/5.1/kit_20260714_215035.log
2026-07-14T13:50:35Z [187ms] [Warning] [omni.usd_config.extension] Enable omni.materialx.libs extension to use MaterialX
2026-07-14T13:50:35Z [187ms] [Warning] [omni.platforminfo.plugin] failed to open the default display.  Can't verify X Server version.
2026-07-14T13:50:36Z [461ms] [Warning] [carb] Acquiring non optional plugin interface which is not listed as dependency: [omni::physx::IPhysxBenchmarks v1.0] (plugin: <default plugin>), by client: omni.physics.physx.plugin. Add it to CARB_PLUGIN_IMPL_DEPS() macro of a client.
2026-07-14T13:50:36Z [594ms] [Warning] [omni.isaac.dynamic_control] omni.isaac.dynamic_control is deprecated as of Isaac Sim 4.5. No action is needed from end-users.

|---------------------------------------------------------------------------------------------|
| Driver Version: 580.142       | Graphics API: Vulkan
|=============================================================================================|
| GPU | Name                             | Active | LDA | GPU Memory | Vendor-ID | LUID       |
|     |                                  |        |     |            | Device-ID | UUID       |
|     |                                  |        |     |            | Bus-ID    |            |
|---------------------------------------------------------------------------------------------|
| 0   | NVIDIA GeForce RTX 5090 D v2     | Yes: 0 |     | 24701   MB | 10de      | 0          |
|     |                                  |        |     |            | 2b8c      | 5f3d0dc0.. |
|     |                                  |        |     |            | 1         |            |
|=============================================================================================|
| OS: 24.04.3 LTS (Noble Numbat) ubuntu, Version: 24.04.3, Kernel: 6.17.0-1017-oem
| Processor: Intel(R) Core(TM) i9-14900K
| Cores: 24 | Logical Cores: 32
|---------------------------------------------------------------------------------------------|
| Total Memory (MB): 64063 | Free Memory: 55337
| Total Page/Swap (MB): 8191 | Free Page/Swap: 8191
|---------------------------------------------------------------------------------------------|
2026-07-14T13:50:38Z [2,591ms] [Warning] [gpu.foundation.plugin] CPU performance profile is set to powersave. This profile sets the CPU to the lowest frequency reducing performance.
2026-07-14T13:50:38Z [2,599ms] [Warning] [gpu.foundation.plugin] IOMMU is enabled.
2026-07-14T13:50:38Z [2,736ms] [Warning] [carb.windowing-glfw.plugin] GLFW initialization failed.
2026-07-14T13:50:38Z [2,736ms] [Warning] [carb] Failed to startup plugin carb.windowing-glfw.plugin (interfaces: [carb::windowing::IGLContext v1.0],[carb::windowing::IWindowing v1.5]) (impl: carb.windowing-glfw.plugin)

|---------------------------------------------------------------------------------------------|
| Driver Version: 580.142       | Graphics API: Vulkan
|=============================================================================================|
| GPU | Name                             | Active | LDA | GPU Memory | Vendor-ID | LUID       |
|     |                                  |        |     |            | Device-ID | UUID       |
|     |                                  |        |     |            | Bus-ID    |            |
|---------------------------------------------------------------------------------------------|
| 0   | NVIDIA GeForce RTX 5090 D v2     | Yes: 0 |     | 24701   MB | 10de      | 0          |
|     |                                  |        |     |            | 2b8c      | 5f3d0dc0.. |
|     |                                  |        |     |            | 1         |            |
|=============================================================================================|
| OS: 24.04.3 LTS (Noble Numbat) ubuntu, Version: 24.04.3, Kernel: 6.17.0-1017-oem
| Processor: Intel(R) Core(TM) i9-14900K
| Cores: 24 | Logical Cores: 32
|---------------------------------------------------------------------------------------------|
| Total Memory (MB): 64063 | Free Memory: 55143
| Total Page/Swap (MB): 8191 | Free Page/Swap: 8191
|---------------------------------------------------------------------------------------------|
2026-07-14T13:50:38Z [2,965ms] [Warning] [gpu.foundation.plugin] CPU performance profile is set to powersave. This profile sets the CPU to the lowest frequency reducing performance.
2026-07-14T13:50:38Z [2,966ms] [Warning] [gpu.foundation.plugin] IOMMU is enabled.
2026-07-14T13:50:38Z [3,167ms] [Warning] [carb.windowing-glfw.plugin] GLFW initialization failed.
2026-07-14T13:50:38Z [3,167ms] [Warning] [carb] Failed to startup plugin carb.windowing-glfw.plugin (interfaces: [carb::windowing::IGLContext v1.0],[carb::windowing::IWindowing v1.5]) (impl: carb.windowing-glfw.plugin)
2026-07-14T13:50:38Z [3,178ms] [Warning] [carb.windowing-glfw.plugin] GLFW initialization failed.
2026-07-14T13:50:38Z [3,178ms] [Warning] [carb] Failed to startup plugin carb.windowing-glfw.plugin (interfaces: [carb::windowing::IGLContext v1.0],[carb::windowing::IWindowing v1.5]) (impl: carb.windowing-glfw.plugin)
2026-07-14T13:50:38Z [3,183ms] [Warning] [carb.windowing-glfw.plugin] GLFW initialization failed.
2026-07-14T13:50:38Z [3,183ms] [Warning] [carb] Failed to startup plugin carb.windowing-glfw.plugin (interfaces: [carb::windowing::IGLContext v1.0],[carb::windowing::IWindowing v1.5]) (impl: carb.windowing-glfw.plugin)
2026-07-14T13:50:38Z [3,187ms] [Warning] [carb.windowing-glfw.plugin] GLFW initialization failed.
2026-07-14T13:50:38Z [3,187ms] [Warning] [carb] Failed to startup plugin carb.windowing-glfw.plugin (interfaces: [carb::windowing::IGLContext v1.0],[carb::windowing::IWindowing v1.5]) (impl: carb.windowing-glfw.plugin)
2026-07-14T13:50:38Z [3,188ms] [Warning] [carb.windowing-glfw.plugin] GLFW initialization failed.
2026-07-14T13:50:38Z [3,188ms] [Warning] [carb] Failed to startup plugin carb.windowing-glfw.plugin (interfaces: [carb::windowing::IGLContext v1.0],[carb::windowing::IWindowing v1.5]) (impl: carb.windowing-glfw.plugin)
2026-07-14T13:50:38Z [3,189ms] [Warning] [carb.windowing-glfw.plugin] GLFW initialization failed.
2026-07-14T13:50:38Z [3,189ms] [Warning] [carb] Failed to startup plugin carb.windowing-glfw.plugin (interfaces: [carb::windowing::IGLContext v1.0],[carb::windowing::IWindowing v1.5]) (impl: carb.windowing-glfw.plugin)
2026-07-14T13:50:39Z [3,442ms] [Warning] [omni.graph.visualization.nodes._impl.extension] No Viewport Window to add omni.graph.visualization.nodes-2.1.3 scene to
2026-07-14T13:50:39Z [3,535ms] [Warning] [isaacsim.asset.importer.urdf] No mass specified for link base
2026-07-14T13:50:39Z [3,535ms] [Warning] [omni.usd] Warning: in _ReportErrors at line 3172 of /builds/omniverse/usd-ci/USD/pxr/usd/usd/stage.cpp -- In </partnet_6e85f6897e07e0b1df3a1b0d597ce76e/base/visuals>: Unresolved reference prim path @/home/ubuntu/workspace/physvla_sim/datasets/data_normalized/Dishwasher_urdf/11710/configuration/fitr_info1_physics.usd@</visuals/base> introduced by @/home/ubuntu/workspace/physvla_sim/datasets/data_normalized/Dishwasher_urdf/11710/configuration/fitr_info1_base.usd@</partnet_6e85f6897e07e0b1df3a1b0d597ce76e/base/visuals> (recomposing stage on stage @/home/ubuntu/workspace/physvla_sim/datasets/data_normalized/Dishwasher_urdf/11710/configuration/fitr_info1_physics.usd@ <0x7bb524801f00>)

2026-07-14T13:50:39Z [3,535ms] [Warning] [omni.usd] Warning: in _ReportErrors at line 3172 of /builds/omniverse/usd-ci/USD/pxr/usd/usd/stage.cpp -- In </partnet_6e85f6897e07e0b1df3a1b0d597ce76e/base/visuals>: Unresolved reference prim path @/home/ubuntu/workspace/physvla_sim/datasets/data_normalized/Dishwasher_urdf/11710/fitr_info1.usd@</visuals/base> introduced by @/home/ubuntu/workspace/physvla_sim/datasets/data_normalized/Dishwasher_urdf/11710/configuration/fitr_info1_base.usd@</partnet_6e85f6897e07e0b1df3a1b0d597ce76e/base/visuals> (recomposing stage on stage @/home/ubuntu/workspace/physvla_sim/datasets/data_normalized/Dishwasher_urdf/11710/fitr_info1.usd@ <0x7bb5247eeb00>)

2026-07-14T13:50:39Z [3,535ms] [Warning] [omni.usd] Warning: in _ReportErrors at line 3172 of /builds/omniverse/usd-ci/USD/pxr/usd/usd/stage.cpp -- In </partnet_6e85f6897e07e0b1df3a1b0d597ce76e/base/visuals>: Unresolved reference prim path @/home/ubuntu/workspace/physvla_sim/datasets/data_normalized/Dishwasher_urdf/11710/fitr_info1.usd@</visuals/base> introduced by @/home/ubuntu/workspace/physvla_sim/datasets/data_normalized/Dishwasher_urdf/11710/configuration/fitr_info1_base.usd@</partnet_6e85f6897e07e0b1df3a1b0d597ce76e/base/visuals> (recomposing stage on stage @/home/ubuntu/workspace/physvla_sim/datasets/data_normalized/Dishwasher_urdf/11710/fitr_info1.usd@ <0x7bb5247ea8e0>)

2026-07-14T13:50:39Z [3,535ms] [Warning] [omni.usd] Warning: in _ReportErrors at line 3172 of /builds/omniverse/usd-ci/USD/pxr/usd/usd/stage.cpp -- In </partnet_6e85f6897e07e0b1df3a1b0d597ce76e/base/visuals>: Unresolved reference prim path @/home/ubuntu/workspace/physvla_sim/datasets/data_normalized/Dishwasher_urdf/11710/configuration/fitr_info1_base.usd@</visuals/base> introduced by @/home/ubuntu/workspace/physvla_sim/datasets/data_normalized/Dishwasher_urdf/11710/configuration/fitr_info1_base.usd@</partnet_6e85f6897e07e0b1df3a1b0d597ce76e/base/visuals> (recomposing stage on stage @/home/ubuntu/workspace/physvla_sim/datasets/data_normalized/Dishwasher_urdf/11710/configuration/fitr_info1_base.usd@ <0x7bb52480b270>)

2026-07-14T13:50:39Z [3,535ms] [Warning] [omni.usd] Warning: in _ReportErrors at line 3172 of /builds/omniverse/usd-ci/USD/pxr/usd/usd/stage.cpp -- In </partnet_6e85f6897e07e0b1df3a1b0d597ce76e/base/visuals>: Unresolved reference prim path @/home/ubuntu/workspace/physvla_sim/datasets/data_normalized/Dishwasher_urdf/11710/configuration/fitr_info1_physics.usd@</visuals/base> introduced by @/home/ubuntu/workspace/physvla_sim/datasets/data_normalized/Dishwasher_urdf/11710/configuration/fitr_info1_base.usd@</partnet_6e85f6897e07e0b1df3a1b0d597ce76e/base/visuals> (recomposing stage on stage @/home/ubuntu/workspace/physvla_sim/datasets/data_normalized/Dishwasher_urdf/11710/configuration/fitr_info1_physics.usd@ <0x7bb524801f00>)

2026-07-14T13:50:39Z [3,535ms] [Warning] [omni.usd] Warning: in _ReportErrors at line 3172 of /builds/omniverse/usd-ci/USD/pxr/usd/usd/stage.cpp -- In </partnet_6e85f6897e07e0b1df3a1b0d597ce76e/base/visuals>: Unresolved reference prim path @/home/ubuntu/workspace/physvla_sim/datasets/data_normalized/Dishwasher_urdf/11710/fitr_info1.usd@</visuals/base> introduced by @/home/ubuntu/workspace/physvla_sim/datasets/data_normalized/Dishwasher_urdf/11710/configuration/fitr_info1_base.usd@</partnet_6e85f6897e07e0b1df3a1b0d597ce76e/base/visuals> (recomposing stage on stage @/home/ubuntu/workspace/physvla_sim/datasets/data_normalized/Dishwasher_urdf/11710/fitr_info1.usd@ <0x7bb5247eeb00>)

2026-07-14T13:50:39Z [3,535ms] [Warning] [omni.usd] Warning: in _ReportErrors at line 3172 of /builds/omniverse/usd-ci/USD/pxr/usd/usd/stage.cpp -- In </partnet_6e85f6897e07e0b1df3a1b0d597ce76e/base/visuals>: Unresolved reference prim path @/home/ubuntu/workspace/physvla_sim/datasets/data_normalized/Dishwasher_urdf/11710/fitr_info1.usd@</visuals/base> introduced by @/home/ubuntu/workspace/physvla_sim/datasets/data_normalized/Dishwasher_urdf/11710/configuration/fitr_info1_base.usd@</partnet_6e85f6897e07e0b1df3a1b0d597ce76e/base/visuals> (recomposing stage on stage @/home/ubuntu/workspace/physvla_sim/datasets/data_normalized/Dishwasher_urdf/11710/fitr_info1.usd@ <0x7bb5247ea8e0>)

2026-07-14T13:50:39Z [3,535ms] [Warning] [omni.usd] Warning: in _ReportErrors at line 3172 of /builds/omniverse/usd-ci/USD/pxr/usd/usd/stage.cpp -- In </partnet_6e85f6897e07e0b1df3a1b0d597ce76e/base/visuals>: Unresolved reference prim path @/home/ubuntu/workspace/physvla_sim/datasets/data_normalized/Dishwasher_urdf/11710/configuration/fitr_info1_base.usd@</visuals/base> introduced by @/home/ubuntu/workspace/physvla_sim/datasets/data_normalized/Dishwasher_urdf/11710/configuration/fitr_info1_base.usd@</partnet_6e85f6897e07e0b1df3a1b0d597ce76e/base/visuals> (recomposing stage on stage @/home/ubuntu/workspace/physvla_sim/datasets/data_normalized/Dishwasher_urdf/11710/configuration/fitr_info1_base.usd@ <0x7bb52480b270>)

2026-07-14T13:50:39Z [3,535ms] [Warning] [isaacsim.asset.importer.urdf] Link base has no colliders, and no inertia was imported; assigning a small isotropic inertia matrix
2026-07-14T13:50:39Z [3,536ms] [Warning] [isaacsim.asset.importer.urdf] No mass specified for link body
2026-07-14T13:50:39Z [3,560ms] [Warning] [isaacsim.asset.importer.urdf] No mass specified for link door_1
2026-07-14T13:50:39Z [3,571ms] [Warning] [omni.usd] Warning: in _ReportErrors at line 3172 of /builds/omniverse/usd-ci/USD/pxr/usd/usd/stage.cpp -- In </partnet_6e85f6897e07e0b1df3a1b0d597ce76e/base/visuals>: Unresolved reference prim path @/home/ubuntu/workspace/physvla_sim/datasets/data_normalized/Dishwasher_urdf/11710/configuration/fitr_info1_base.usd@</visuals/base> introduced by @/home/ubuntu/workspace/physvla_sim/datasets/data_normalized/Dishwasher_urdf/11710/configuration/fitr_info1_base.usd@</partnet_6e85f6897e07e0b1df3a1b0d597ce76e/base/visuals> (recomposing stage on stage @/home/ubuntu/workspace/physvla_sim/datasets/data_normalized/Dishwasher_urdf/11710/fitr_info1.usd@ <0x7bb5247eeb00>)

2026-07-14T13:50:39Z [3,571ms] [Warning] [omni.usd] Warning: in _ReportErrors at line 3172 of /builds/omniverse/usd-ci/USD/pxr/usd/usd/stage.cpp -- In </partnet_6e85f6897e07e0b1df3a1b0d597ce76e/base/visuals>: Unresolved reference prim path @/home/ubuntu/workspace/physvla_sim/datasets/data_normalized/Dishwasher_urdf/11710/configuration/fitr_info1_base.usd@</visuals/base> introduced by @/home/ubuntu/workspace/physvla_sim/datasets/data_normalized/Dishwasher_urdf/11710/configuration/fitr_info1_base.usd@</partnet_6e85f6897e07e0b1df3a1b0d597ce76e/base/visuals> (recomposing stage on stage @/home/ubuntu/workspace/physvla_sim/datasets/data_normalized/Dishwasher_urdf/11710/fitr_info1.usd@ <0x7bb5247ea8e0>)

2026-07-14T13:50:39Z [3,572ms] [Warning] [omni.usd] Warning: in _ReportErrors at line 3172 of /builds/omniverse/usd-ci/USD/pxr/usd/usd/stage.cpp -- In </partnet_6e85f6897e07e0b1df3a1b0d597ce76e/base/visuals>: Unresolved reference prim path @/home/ubuntu/workspace/physvla_sim/datasets/data_normalized/Dishwasher_urdf/11710/configuration/fitr_info1_physics.usd@</visuals/base> introduced by @/home/ubuntu/workspace/physvla_sim/datasets/data_normalized/Dishwasher_urdf/11710/configuration/fitr_info1_base.usd@</partnet_6e85f6897e07e0b1df3a1b0d597ce76e/base/visuals> (recomposing stage on stage @/home/ubuntu/workspace/physvla_sim/datasets/data_normalized/Dishwasher_urdf/11710/fitr_info1.usd@ <0x7bb5247eeb00>)

2026-07-14T13:50:39Z [3,572ms] [Warning] [omni.usd] Warning: in _ReportErrors at line 3172 of /builds/omniverse/usd-ci/USD/pxr/usd/usd/stage.cpp -- In </partnet_6e85f6897e07e0b1df3a1b0d597ce76e/base/visuals>: Unresolved reference prim path @/home/ubuntu/workspace/physvla_sim/datasets/data_normalized/Dishwasher_urdf/11710/configuration/fitr_info1_physics.usd@</visuals/base> introduced by @/home/ubuntu/workspace/physvla_sim/datasets/data_normalized/Dishwasher_urdf/11710/configuration/fitr_info1_base.usd@</partnet_6e85f6897e07e0b1df3a1b0d597ce76e/base/visuals> (recomposing stage on stage @/home/ubuntu/workspace/physvla_sim/datasets/data_normalized/Dishwasher_urdf/11710/fitr_info1.usd@ <0x7bb5247ea8e0>)

2026-07-14T13:50:39Z [3,572ms] [Warning] [omni.usd] Warning: in _ReportErrors at line 3172 of /builds/omniverse/usd-ci/USD/pxr/usd/usd/stage.cpp -- In </partnet_6e85f6897e07e0b1df3a1b0d597ce76e/base/visuals>: Unresolved reference prim path @/home/ubuntu/workspace/physvla_sim/datasets/data_normalized/Dishwasher_urdf/11710/configuration/fitr_info1_physics.usd@</visuals/base> introduced by @/home/ubuntu/workspace/physvla_sim/datasets/data_normalized/Dishwasher_urdf/11710/configuration/fitr_info1_base.usd@</partnet_6e85f6897e07e0b1df3a1b0d597ce76e/base/visuals> (recomposing stage on stage @/home/ubuntu/workspace/physvla_sim/datasets/data_normalized/Dishwasher_urdf/11710/fitr_info1.usd@ <0x7bb5247eeb00>)

2026-07-14T13:50:39Z [3,573ms] [Warning] [omni.usd] Warning: in _ReportErrors at line 3172 of /builds/omniverse/usd-ci/USD/pxr/usd/usd/stage.cpp -- In </partnet_6e85f6897e07e0b1df3a1b0d597ce76e/base/visuals>: Unresolved reference prim path @/home/ubuntu/workspace/physvla_sim/datasets/data_normalized/Dishwasher_urdf/11710/configuration/fitr_info1_physics.usd@</visuals/base> introduced by @/home/ubuntu/workspace/physvla_sim/datasets/data_normalized/Dishwasher_urdf/11710/configuration/fitr_info1_base.usd@</partnet_6e85f6897e07e0b1df3a1b0d597ce76e/base/visuals> (recomposing stage on stage @/home/ubuntu/workspace/physvla_sim/datasets/data_normalized/Dishwasher_urdf/11710/fitr_info1.usd@ <0x7bb5247ea8e0>)

2026-07-14T13:50:39Z [3,573ms] [Warning] [omni.usd] Warning: in _ReportErrors at line 3172 of /builds/omniverse/usd-ci/USD/pxr/usd/usd/stage.cpp -- In </partnet_6e85f6897e07e0b1df3a1b0d597ce76e/base/visuals>: Unresolved reference prim path @/home/ubuntu/workspace/physvla_sim/datasets/data_normalized/Dishwasher_urdf/11710/configuration/fitr_info1_physics.usd@</visuals/base> introduced by @/home/ubuntu/workspace/physvla_sim/datasets/data_normalized/Dishwasher_urdf/11710/configuration/fitr_info1_base.usd@</partnet_6e85f6897e07e0b1df3a1b0d597ce76e/base/visuals> (recomposing stage on stage @/home/ubuntu/workspace/physvla_sim/datasets/data_normalized/Dishwasher_urdf/11710/fitr_info1.usd@ <0x7bb5247eeb00>)

2026-07-14T13:50:39Z [3,574ms] [Warning] [omni.usd] Warning: in _ReportErrors at line 3172 of /builds/omniverse/usd-ci/USD/pxr/usd/usd/stage.cpp -- In </partnet_6e85f6897e07e0b1df3a1b0d597ce76e/base/visuals>: Unresolved reference prim path @/home/ubuntu/workspace/physvla_sim/datasets/data_normalized/Dishwasher_urdf/11710/configuration/fitr_info1_physics.usd@</visuals/base> introduced by @/home/ubuntu/workspace/physvla_sim/datasets/data_normalized/Dishwasher_urdf/11710/configuration/fitr_info1_base.usd@</partnet_6e85f6897e07e0b1df3a1b0d597ce76e/base/visuals> (recomposing stage on stage @/home/ubuntu/workspace/physvla_sim/datasets/data_normalized/Dishwasher_urdf/11710/fitr_info1.usd@ <0x7bb5247ea8e0>)

2026-07-14T13:50:39Z [3,574ms] [Warning] [omni.usd] Warning: in _ReportErrors at line 3172 of /builds/omniverse/usd-ci/USD/pxr/usd/usd/stage.cpp -- In </partnet_6e85f6897e07e0b1df3a1b0d597ce76e/base/visuals>: Unresolved reference prim path @/home/ubuntu/workspace/physvla_sim/datasets/data_normalized/Dishwasher_urdf/11710/configuration/fitr_info1_physics.usd@</visuals/base> introduced by @/home/ubuntu/workspace/physvla_sim/datasets/data_normalized/Dishwasher_urdf/11710/configuration/fitr_info1_base.usd@</partnet_6e85f6897e07e0b1df3a1b0d597ce76e/base/visuals> (recomposing stage on stage @/home/ubuntu/workspace/physvla_sim/datasets/data_normalized/Dishwasher_urdf/11710/fitr_info1.usd@ <0x7bb5247eeb00>)

2026-07-14T13:50:39Z [3,575ms] [Warning] [omni.usd] Warning: in _ReportErrors at line 3172 of /builds/omniverse/usd-ci/USD/pxr/usd/usd/stage.cpp -- In </partnet_6e85f6897e07e0b1df3a1b0d597ce76e/base/visuals>: Unresolved reference prim path @/home/ubuntu/workspace/physvla_sim/datasets/data_normalized/Dishwasher_urdf/11710/configuration/fitr_info1_physics.usd@</visuals/base> introduced by @/home/ubuntu/workspace/physvla_sim/datasets/data_normalized/Dishwasher_urdf/11710/configuration/fitr_info1_base.usd@</partnet_6e85f6897e07e0b1df3a1b0d597ce76e/base/visuals> (recomposing stage on stage @/home/ubuntu/workspace/physvla_sim/datasets/data_normalized/Dishwasher_urdf/11710/fitr_info1.usd@ <0x7bb5247ea8e0>)

2026-07-14T13:50:39Z [3,576ms] [Warning] [omni.usd] Warning: in _ReportErrors at line 3172 of /builds/omniverse/usd-ci/USD/pxr/usd/usd/stage.cpp -- In </partnet_6e85f6897e07e0b1df3a1b0d597ce76e/base/visuals>: Unresolved reference prim path @/home/ubuntu/workspace/physvla_sim/datasets/data_normalized/Dishwasher_urdf/11710/configuration/fitr_info1_physics.usd@</visuals/base> introduced by @/home/ubuntu/workspace/physvla_sim/datasets/data_normalized/Dishwasher_urdf/11710/configuration/fitr_info1_base.usd@</partnet_6e85f6897e07e0b1df3a1b0d597ce76e/base/visuals> (recomposing stage on stage @/home/ubuntu/workspace/physvla_sim/datasets/data_normalized/Dishwasher_urdf/11710/fitr_info1.usd@ <0x7bb5247eeb00>)

2026-07-14T13:50:39Z [3,576ms] [Warning] [omni.usd] Warning: in _ReportErrors at line 3172 of /builds/omniverse/usd-ci/USD/pxr/usd/usd/stage.cpp -- In </partnet_6e85f6897e07e0b1df3a1b0d597ce76e/base/visuals>: Unresolved reference prim path @/home/ubuntu/workspace/physvla_sim/datasets/data_normalized/Dishwasher_urdf/11710/configuration/fitr_info1_physics.usd@</visuals/base> introduced by @/home/ubuntu/workspace/physvla_sim/datasets/data_normalized/Dishwasher_urdf/11710/configuration/fitr_info1_base.usd@</partnet_6e85f6897e07e0b1df3a1b0d597ce76e/base/visuals> (recomposing stage on stage @/home/ubuntu/workspace/physvla_sim/datasets/data_normalized/Dishwasher_urdf/11710/fitr_info1.usd@ <0x7bb5247ea8e0>)

2026-07-14T13:50:39Z [3,577ms] [Warning] [omni.usd] Warning: in _ReportErrors at line 3172 of /builds/omniverse/usd-ci/USD/pxr/usd/usd/stage.cpp -- In </partnet_6e85f6897e07e0b1df3a1b0d597ce76e/base/visuals>: Unresolved reference prim path @/home/ubuntu/workspace/physvla_sim/datasets/data_normalized/Dishwasher_urdf/11710/configuration/fitr_info1_physics.usd@</visuals/base> introduced by @/home/ubuntu/workspace/physvla_sim/datasets/data_normalized/Dishwasher_urdf/11710/configuration/fitr_info1_base.usd@</partnet_6e85f6897e07e0b1df3a1b0d597ce76e/base/visuals> (recomposing stage on stage @/home/ubuntu/workspace/physvla_sim/datasets/data_normalized/Dishwasher_urdf/11710/fitr_info1.usd@ <0x7bb5247eeb00>)

2026-07-14T13:50:39Z [3,577ms] [Warning] [omni.usd] Warning: in _ReportErrors at line 3172 of /builds/omniverse/usd-ci/USD/pxr/usd/usd/stage.cpp -- In </partnet_6e85f6897e07e0b1df3a1b0d597ce76e/base/visuals>: Unresolved reference prim path @/home/ubuntu/workspace/physvla_sim/datasets/data_normalized/Dishwasher_urdf/11710/configuration/fitr_info1_physics.usd@</visuals/base> introduced by @/home/ubuntu/workspace/physvla_sim/datasets/data_normalized/Dishwasher_urdf/11710/configuration/fitr_info1_base.usd@</partnet_6e85f6897e07e0b1df3a1b0d597ce76e/base/visuals> (recomposing stage on stage @/home/ubuntu/workspace/physvla_sim/datasets/data_normalized/Dishwasher_urdf/11710/fitr_info1.usd@ <0x7bb5247ea8e0>)

2026-07-14T13:50:39Z [3,578ms] [Warning] [omni.usd] Warning: in _ReportErrors at line 3172 of /builds/omniverse/usd-ci/USD/pxr/usd/usd/stage.cpp -- In </partnet_6e85f6897e07e0b1df3a1b0d597ce76e/base/visuals>: Unresolved reference prim path @/home/ubuntu/workspace/physvla_sim/datasets/data_normalized/Dishwasher_urdf/11710/configuration/fitr_info1_physics.usd@</visuals/base> introduced by @/home/ubuntu/workspace/physvla_sim/datasets/data_normalized/Dishwasher_urdf/11710/configuration/fitr_info1_base.usd@</partnet_6e85f6897e07e0b1df3a1b0d597ce76e/base/visuals> (recomposing stage on stage @/home/ubuntu/workspace/physvla_sim/datasets/data_normalized/Dishwasher_urdf/11710/fitr_info1.usd@ <0x7bb5247eeb00>)

2026-07-14T13:50:39Z [3,579ms] [Warning] [omni.usd] Warning: in _ReportErrors at line 3172 of /builds/omniverse/usd-ci/USD/pxr/usd/usd/stage.cpp -- In </partnet_6e85f6897e07e0b1df3a1b0d597ce76e/base/visuals>: Unresolved reference prim path @/home/ubuntu/workspace/physvla_sim/datasets/data_normalized/Dishwasher_urdf/11710/configuration/fitr_info1_physics.usd@</visuals/base> introduced by @/home/ubuntu/workspace/physvla_sim/datasets/data_normalized/Dishwasher_urdf/11710/configuration/fitr_info1_base.usd@</partnet_6e85f6897e07e0b1df3a1b0d597ce76e/base/visuals> (recomposing stage on stage @/home/ubuntu/workspace/physvla_sim/datasets/data_normalized/Dishwasher_urdf/11710/fitr_info1.usd@ <0x7bb5247ea8e0>)

Loading user config located at: '/home/ubuntu/isaacsim/kit/data/Kit/Isaac-Sim/5.1/user.config.json'
[Info] [carb] Logging to file: /home/ubuntu/isaacsim/kit/logs/Kit/Isaac-Sim/5.1/kit_20260714_215039.log
2026-07-14T13:50:40Z [188ms] [Warning] [omni.usd_config.extension] Enable omni.materialx.libs extension to use MaterialX
2026-07-14T13:50:40Z [190ms] [Warning] [omni.platforminfo.plugin] failed to open the default display.  Can't verify X Server version.
2026-07-14T13:50:40Z [462ms] [Warning] [carb] Acquiring non optional plugin interface which is not listed as dependency: [omni::physx::IPhysxBenchmarks v1.0] (plugin: <default plugin>), by client: omni.physics.physx.plugin. Add it to CARB_PLUGIN_IMPL_DEPS() macro of a client.
2026-07-14T13:50:40Z [596ms] [Warning] [omni.isaac.dynamic_control] omni.isaac.dynamic_control is deprecated as of Isaac Sim 4.5. No action is needed from end-users.

|---------------------------------------------------------------------------------------------|
| Driver Version: 580.142       | Graphics API: Vulkan
|=============================================================================================|
| GPU | Name                             | Active | LDA | GPU Memory | Vendor-ID | LUID       |
|     |                                  |        |     |            | Device-ID | UUID       |
|     |                                  |        |     |            | Bus-ID    |            |
|---------------------------------------------------------------------------------------------|
| 0   | NVIDIA GeForce RTX 5090 D v2     | Yes: 0 |     | 24701   MB | 10de      | 0          |
|     |                                  |        |     |            | 2b8c      | 5f3d0dc0.. |
|     |                                  |        |     |            | 1         |            |
|=============================================================================================|
| OS: 24.04.3 LTS (Noble Numbat) ubuntu, Version: 24.04.3, Kernel: 6.17.0-1017-oem
| Processor: Intel(R) Core(TM) i9-14900K
| Cores: 24 | Logical Cores: 32
|---------------------------------------------------------------------------------------------|
| Total Memory (MB): 64063 | Free Memory: 55380
| Total Page/Swap (MB): 8191 | Free Page/Swap: 8191
|---------------------------------------------------------------------------------------------|
2026-07-14T13:50:42Z [2,589ms] [Warning] [gpu.foundation.plugin] CPU performance profile is set to powersave. This profile sets the CPU to the lowest frequency reducing performance.
2026-07-14T13:50:42Z [2,597ms] [Warning] [gpu.foundation.plugin] IOMMU is enabled.
2026-07-14T13:50:42Z [2,730ms] [Warning] [omni.usd] Warning: in _ReportErrors at line 3172 of /builds/omniverse/usd-ci/USD/pxr/usd/usd/stage.cpp -- In </partnet_6e85f6897e07e0b1df3a1b0d597ce76e/base/visuals>: Unresolved reference prim path @/home/ubuntu/workspace/physvla_sim/datasets/data_normalized/Dishwasher_urdf/11710/configuration/fitr_info1_base.usd@</visuals/base> introduced by @/home/ubuntu/workspace/physvla_sim/datasets/data_normalized/Dishwasher_urdf/11710/configuration/fitr_info1_base.usd@</partnet_6e85f6897e07e0b1df3a1b0d597ce76e/base/visuals> (instantiating stage on stage @/home/ubuntu/workspace/physvla_sim/datasets/data_normalized/Dishwasher_urdf/11710/configuration/fitr_info1_base.usd@ <0x438c94b0>)

2026-07-14T13:50:42Z [2,733ms] [Warning] [omni.usd] Warning: in _ReportErrors at line 3172 of /builds/omniverse/usd-ci/USD/pxr/usd/usd/stage.cpp -- In </partnet_6e85f6897e07e0b1df3a1b0d597ce76e/base/visuals>: Unresolved reference prim path @/home/ubuntu/workspace/physvla_sim/datasets/data_normalized/Dishwasher_urdf/11710/configuration/fitr_info1_physics.usd@</visuals/base> introduced by @/home/ubuntu/workspace/physvla_sim/datasets/data_normalized/Dishwasher_urdf/11710/configuration/fitr_info1_base.usd@</partnet_6e85f6897e07e0b1df3a1b0d597ce76e/base/visuals> (instantiating stage on stage @/home/ubuntu/workspace/physvla_sim/datasets/data_normalized/Dishwasher_urdf/11710/configuration/fitr_info1_physics.usd@ <0x40741fa0>)

2026-07-14T13:50:42Z [2,735ms] [Warning] [omni.usd] Warning: in _ReportErrors at line 3172 of /builds/omniverse/usd-ci/USD/pxr/usd/usd/stage.cpp -- In </partnet_6e85f6897e07e0b1df3a1b0d597ce76e/base/visuals>: Unresolved reference prim path @/home/ubuntu/workspace/physvla_sim/datasets/data_normalized/Dishwasher_urdf/11710/configuration/fitr_info1_physics.usd@</visuals/base> introduced by @/home/ubuntu/workspace/physvla_sim/datasets/data_normalized/Dishwasher_urdf/11710/configuration/fitr_info1_base.usd@</partnet_6e85f6897e07e0b1df3a1b0d597ce76e/base/visuals> (instantiating stage on stage @/home/ubuntu/workspace/physvla_sim/datasets/data_normalized/Dishwasher_urdf/11710/fitr_info1.usd@ <0x382420d0>)

[INFO][AppLauncher]: Using device: cuda:0
[INFO][AppLauncher]: Loading experience file: /home/ubuntu/workspace/IsaacLab/apps/isaaclab.python.headless.kit
{
  "output": "/home/ubuntu/workspace/physvla_sim/datasets/data_normalized/Dishwasher_urdf/11710/fitr_info1.usd",
  "scale": 0.3914146824230647,
  "scale_layer": "/home/ubuntu/workspace/physvla_sim/datasets/data_normalized/Dishwasher_urdf/11710/configuration/fitr_info1_base.usd",
  "joints": [
    {
      "joint": "/partnet_6e85f6897e07e0b1df3a1b0d597ce76e/joints/joint_0",
      "drive": "angular",
      "damping": 650.0,
      "stiffness": 0.0,
      "max_force": 11.25
    }
  ],
  "dynamics_layer": "/home/ubuntu/workspace/physvla_sim/datasets/data_normalized/Dishwasher_urdf/11710/configuration/fitr_info1_physics.usd",
  "affordance_links": [
    "/partnet_6e85f6897e07e0b1df3a1b0d597ce76e/door_1"
  ]
}
Loading user config located at: '/home/ubuntu/isaacsim/kit/data/Kit/Isaac-Sim/5.1/user.config.json'
[Info] [carb] Logging to file: /home/ubuntu/isaacsim/kit/logs/Kit/Isaac-Sim/5.1/kit_20260714_215042.log
2026-07-14T13:50:43Z [182ms] [Warning] [omni.usd_config.extension] Enable omni.materialx.libs extension to use MaterialX
2026-07-14T13:50:43Z [184ms] [Warning] [omni.platforminfo.plugin] failed to open the default display.  Can't verify X Server version.
2026-07-14T13:50:43Z [460ms] [Warning] [carb] Acquiring non optional plugin interface which is not listed as dependency: [omni::physx::IPhysxBenchmarks v1.0] (plugin: <default plugin>), by client: omni.physics.physx.plugin. Add it to CARB_PLUGIN_IMPL_DEPS() macro of a client.
2026-07-14T13:50:43Z [593ms] [Warning] [omni.isaac.dynamic_control] omni.isaac.dynamic_control is deprecated as of Isaac Sim 4.5. No action is needed from end-users.

|---------------------------------------------------------------------------------------------|
| Driver Version: 580.142       | Graphics API: Vulkan
|=============================================================================================|
| GPU | Name                             | Active | LDA | GPU Memory | Vendor-ID | LUID       |
|     |                                  |        |     |            | Device-ID | UUID       |
|     |                                  |        |     |            | Bus-ID    |            |
|---------------------------------------------------------------------------------------------|
| 0   | NVIDIA GeForce RTX 5090 D v2     | Yes: 0 |     | 24701   MB | 10de      | 0          |
|     |                                  |        |     |            | 2b8c      | 5f3d0dc0.. |
|     |                                  |        |     |            | 1         |            |
|=============================================================================================|
| OS: 24.04.3 LTS (Noble Numbat) ubuntu, Version: 24.04.3, Kernel: 6.17.0-1017-oem
| Processor: Intel(R) Core(TM) i9-14900K
| Cores: 24 | Logical Cores: 32
|---------------------------------------------------------------------------------------------|
| Total Memory (MB): 64063 | Free Memory: 55326
| Total Page/Swap (MB): 8191 | Free Page/Swap: 8191
|---------------------------------------------------------------------------------------------|
2026-07-14T13:50:45Z [2,569ms] [Warning] [gpu.foundation.plugin] CPU performance profile is set to powersave. This profile sets the CPU to the lowest frequency reducing performance.
2026-07-14T13:50:45Z [2,577ms] [Warning] [gpu.foundation.plugin] IOMMU is enabled.
2026-07-14T13:50:45Z [2,712ms] [Warning] [carb.windowing-glfw.plugin] GLFW initialization failed.
2026-07-14T13:50:45Z [2,712ms] [Warning] [carb] Failed to startup plugin carb.windowing-glfw.plugin (interfaces: [carb::windowing::IGLContext v1.0],[carb::windowing::IWindowing v1.5]) (impl: carb.windowing-glfw.plugin)

|---------------------------------------------------------------------------------------------|
| Driver Version: 580.142       | Graphics API: Vulkan
|=============================================================================================|
| GPU | Name                             | Active | LDA | GPU Memory | Vendor-ID | LUID       |
|     |                                  |        |     |            | Device-ID | UUID       |
|     |                                  |        |     |            | Bus-ID    |            |
|---------------------------------------------------------------------------------------------|
| 0   | NVIDIA GeForce RTX 5090 D v2     | Yes: 0 |     | 24701   MB | 10de      | 0          |
|     |                                  |        |     |            | 2b8c      | 5f3d0dc0.. |
|     |                                  |        |     |            | 1         |            |
|=============================================================================================|
| OS: 24.04.3 LTS (Noble Numbat) ubuntu, Version: 24.04.3, Kernel: 6.17.0-1017-oem
| Processor: Intel(R) Core(TM) i9-14900K
| Cores: 24 | Logical Cores: 32
|---------------------------------------------------------------------------------------------|
| Total Memory (MB): 64063 | Free Memory: 55140
| Total Page/Swap (MB): 8191 | Free Page/Swap: 8191
|---------------------------------------------------------------------------------------------|
2026-07-14T13:50:45Z [2,946ms] [Warning] [gpu.foundation.plugin] CPU performance profile is set to powersave. This profile sets the CPU to the lowest frequency reducing performance.
2026-07-14T13:50:45Z [2,946ms] [Warning] [gpu.foundation.plugin] IOMMU is enabled.
2026-07-14T13:50:46Z [3,144ms] [Warning] [carb.windowing-glfw.plugin] GLFW initialization failed.
2026-07-14T13:50:46Z [3,144ms] [Warning] [carb] Failed to startup plugin carb.windowing-glfw.plugin (interfaces: [carb::windowing::IGLContext v1.0],[carb::windowing::IWindowing v1.5]) (impl: carb.windowing-glfw.plugin)
2026-07-14T13:50:46Z [3,157ms] [Warning] [carb.windowing-glfw.plugin] GLFW initialization failed.
2026-07-14T13:50:46Z [3,157ms] [Warning] [carb] Failed to startup plugin carb.windowing-glfw.plugin (interfaces: [carb::windowing::IGLContext v1.0],[carb::windowing::IWindowing v1.5]) (impl: carb.windowing-glfw.plugin)
2026-07-14T13:50:46Z [3,162ms] [Warning] [carb.windowing-glfw.plugin] GLFW initialization failed.
2026-07-14T13:50:46Z [3,162ms] [Warning] [carb] Failed to startup plugin carb.windowing-glfw.plugin (interfaces: [carb::windowing::IGLContext v1.0],[carb::windowing::IWindowing v1.5]) (impl: carb.windowing-glfw.plugin)
2026-07-14T13:50:46Z [3,166ms] [Warning] [carb.windowing-glfw.plugin] GLFW initialization failed.
2026-07-14T13:50:46Z [3,166ms] [Warning] [carb] Failed to startup plugin carb.windowing-glfw.plugin (interfaces: [carb::windowing::IGLContext v1.0],[carb::windowing::IWindowing v1.5]) (impl: carb.windowing-glfw.plugin)
2026-07-14T13:50:46Z [3,167ms] [Warning] [carb.windowing-glfw.plugin] GLFW initialization failed.
2026-07-14T13:50:46Z [3,167ms] [Warning] [carb] Failed to startup plugin carb.windowing-glfw.plugin (interfaces: [carb::windowing::IGLContext v1.0],[carb::windowing::IWindowing v1.5]) (impl: carb.windowing-glfw.plugin)
2026-07-14T13:50:46Z [3,168ms] [Warning] [carb.windowing-glfw.plugin] GLFW initialization failed.
2026-07-14T13:50:46Z [3,168ms] [Warning] [carb] Failed to startup plugin carb.windowing-glfw.plugin (interfaces: [carb::windowing::IGLContext v1.0],[carb::windowing::IWindowing v1.5]) (impl: carb.windowing-glfw.plugin)
2026-07-14T13:50:46Z [3,417ms] [Warning] [omni.graph.visualization.nodes._impl.extension] No Viewport Window to add omni.graph.visualization.nodes-2.1.3 scene to
2026-07-14T13:50:46Z [3,521ms] [Warning] [isaacsim.asset.importer.urdf] No mass specified for link base
2026-07-14T13:50:46Z [3,521ms] [Warning] [omni.usd] Warning: in _ReportErrors at line 3172 of /builds/omniverse/usd-ci/USD/pxr/usd/usd/stage.cpp -- In </partnet_6e85f6897e07e0b1df3a1b0d597ce76e/base/visuals>: Unresolved reference prim path @/home/ubuntu/workspace/physvla_sim/datasets/data_normalized/Dishwasher_urdf/11724/configuration/fitr_info1_physics.usd@</visuals/base> introduced by @/home/ubuntu/workspace/physvla_sim/datasets/data_normalized/Dishwasher_urdf/11724/configuration/fitr_info1_base.usd@</partnet_6e85f6897e07e0b1df3a1b0d597ce76e/base/visuals> (recomposing stage on stage @/home/ubuntu/workspace/physvla_sim/datasets/data_normalized/Dishwasher_urdf/11724/configuration/fitr_info1_physics.usd@ <0x78a06b038640>)

2026-07-14T13:50:46Z [3,522ms] [Warning] [omni.usd] Warning: in _ReportErrors at line 3172 of /builds/omniverse/usd-ci/USD/pxr/usd/usd/stage.cpp -- In </partnet_6e85f6897e07e0b1df3a1b0d597ce76e/base/visuals>: Unresolved reference prim path @/home/ubuntu/workspace/physvla_sim/datasets/data_normalized/Dishwasher_urdf/11724/fitr_info1.usd@</visuals/base> introduced by @/home/ubuntu/workspace/physvla_sim/datasets/data_normalized/Dishwasher_urdf/11724/configuration/fitr_info1_base.usd@</partnet_6e85f6897e07e0b1df3a1b0d597ce76e/base/visuals> (recomposing stage on stage @/home/ubuntu/workspace/physvla_sim/datasets/data_normalized/Dishwasher_urdf/11724/fitr_info1.usd@ <0x78a06b025d00>)

2026-07-14T13:50:46Z [3,522ms] [Warning] [omni.usd] Warning: in _ReportErrors at line 3172 of /builds/omniverse/usd-ci/USD/pxr/usd/usd/stage.cpp -- In </partnet_6e85f6897e07e0b1df3a1b0d597ce76e/base/visuals>: Unresolved reference prim path @/home/ubuntu/workspace/physvla_sim/datasets/data_normalized/Dishwasher_urdf/11724/fitr_info1.usd@</visuals/base> introduced by @/home/ubuntu/workspace/physvla_sim/datasets/data_normalized/Dishwasher_urdf/11724/configuration/fitr_info1_base.usd@</partnet_6e85f6897e07e0b1df3a1b0d597ce76e/base/visuals> (recomposing stage on stage @/home/ubuntu/workspace/physvla_sim/datasets/data_normalized/Dishwasher_urdf/11724/fitr_info1.usd@ <0x78a06b021730>)

2026-07-14T13:50:46Z [3,522ms] [Warning] [omni.usd] Warning: in _ReportErrors at line 3172 of /builds/omniverse/usd-ci/USD/pxr/usd/usd/stage.cpp -- In </partnet_6e85f6897e07e0b1df3a1b0d597ce76e/base/visuals>: Unresolved reference prim path @/home/ubuntu/workspace/physvla_sim/datasets/data_normalized/Dishwasher_urdf/11724/configuration/fitr_info1_base.usd@</visuals/base> introduced by @/home/ubuntu/workspace/physvla_sim/datasets/data_normalized/Dishwasher_urdf/11724/configuration/fitr_info1_base.usd@</partnet_6e85f6897e07e0b1df3a1b0d597ce76e/base/visuals> (recomposing stage on stage @/home/ubuntu/workspace/physvla_sim/datasets/data_normalized/Dishwasher_urdf/11724/configuration/fitr_info1_base.usd@ <0x78a06b041c00>)

2026-07-14T13:50:46Z [3,522ms] [Warning] [omni.usd] Warning: in _ReportErrors at line 3172 of /builds/omniverse/usd-ci/USD/pxr/usd/usd/stage.cpp -- In </partnet_6e85f6897e07e0b1df3a1b0d597ce76e/base/visuals>: Unresolved reference prim path @/home/ubuntu/workspace/physvla_sim/datasets/data_normalized/Dishwasher_urdf/11724/configuration/fitr_info1_physics.usd@</visuals/base> introduced by @/home/ubuntu/workspace/physvla_sim/datasets/data_normalized/Dishwasher_urdf/11724/configuration/fitr_info1_base.usd@</partnet_6e85f6897e07e0b1df3a1b0d597ce76e/base/visuals> (recomposing stage on stage @/home/ubuntu/workspace/physvla_sim/datasets/data_normalized/Dishwasher_urdf/11724/configuration/fitr_info1_physics.usd@ <0x78a06b038640>)

2026-07-14T13:50:46Z [3,522ms] [Warning] [omni.usd] Warning: in _ReportErrors at line 3172 of /builds/omniverse/usd-ci/USD/pxr/usd/usd/stage.cpp -- In </partnet_6e85f6897e07e0b1df3a1b0d597ce76e/base/visuals>: Unresolved reference prim path @/home/ubuntu/workspace/physvla_sim/datasets/data_normalized/Dishwasher_urdf/11724/fitr_info1.usd@</visuals/base> introduced by @/home/ubuntu/workspace/physvla_sim/datasets/data_normalized/Dishwasher_urdf/11724/configuration/fitr_info1_base.usd@</partnet_6e85f6897e07e0b1df3a1b0d597ce76e/base/visuals> (recomposing stage on stage @/home/ubuntu/workspace/physvla_sim/datasets/data_normalized/Dishwasher_urdf/11724/fitr_info1.usd@ <0x78a06b025d00>)

2026-07-14T13:50:46Z [3,522ms] [Warning] [omni.usd] Warning: in _ReportErrors at line 3172 of /builds/omniverse/usd-ci/USD/pxr/usd/usd/stage.cpp -- In </partnet_6e85f6897e07e0b1df3a1b0d597ce76e/base/visuals>: Unresolved reference prim path @/home/ubuntu/workspace/physvla_sim/datasets/data_normalized/Dishwasher_urdf/11724/fitr_info1.usd@</visuals/base> introduced by @/home/ubuntu/workspace/physvla_sim/datasets/data_normalized/Dishwasher_urdf/11724/configuration/fitr_info1_base.usd@</partnet_6e85f6897e07e0b1df3a1b0d597ce76e/base/visuals> (recomposing stage on stage @/home/ubuntu/workspace/physvla_sim/datasets/data_normalized/Dishwasher_urdf/11724/fitr_info1.usd@ <0x78a06b021730>)

2026-07-14T13:50:46Z [3,522ms] [Warning] [omni.usd] Warning: in _ReportErrors at line 3172 of /builds/omniverse/usd-ci/USD/pxr/usd/usd/stage.cpp -- In </partnet_6e85f6897e07e0b1df3a1b0d597ce76e/base/visuals>: Unresolved reference prim path @/home/ubuntu/workspace/physvla_sim/datasets/data_normalized/Dishwasher_urdf/11724/configuration/fitr_info1_base.usd@</visuals/base> introduced by @/home/ubuntu/workspace/physvla_sim/datasets/data_normalized/Dishwasher_urdf/11724/configuration/fitr_info1_base.usd@</partnet_6e85f6897e07e0b1df3a1b0d597ce76e/base/visuals> (recomposing stage on stage @/home/ubuntu/workspace/physvla_sim/datasets/data_normalized/Dishwasher_urdf/11724/configuration/fitr_info1_base.usd@ <0x78a06b041c00>)

2026-07-14T13:50:46Z [3,523ms] [Warning] [isaacsim.asset.importer.urdf] Link base has no colliders, and no inertia was imported; assigning a small isotropic inertia matrix
2026-07-14T13:50:46Z [3,525ms] [Warning] [isaacsim.asset.importer.urdf] No mass specified for link body
2026-07-14T13:50:46Z [3,550ms] [Warning] [isaacsim.asset.importer.urdf] No mass specified for link door_1
2026-07-14T13:50:46Z [3,562ms] [Warning] [omni.usd] Warning: in _ReportErrors at line 3172 of /builds/omniverse/usd-ci/USD/pxr/usd/usd/stage.cpp -- In </partnet_6e85f6897e07e0b1df3a1b0d597ce76e/base/visuals>: Unresolved reference prim path @/home/ubuntu/workspace/physvla_sim/datasets/data_normalized/Dishwasher_urdf/11724/configuration/fitr_info1_base.usd@</visuals/base> introduced by @/home/ubuntu/workspace/physvla_sim/datasets/data_normalized/Dishwasher_urdf/11724/configuration/fitr_info1_base.usd@</partnet_6e85f6897e07e0b1df3a1b0d597ce76e/base/visuals> (recomposing stage on stage @/home/ubuntu/workspace/physvla_sim/datasets/data_normalized/Dishwasher_urdf/11724/fitr_info1.usd@ <0x78a06b025d00>)

2026-07-14T13:50:46Z [3,562ms] [Warning] [omni.usd] Warning: in _ReportErrors at line 3172 of /builds/omniverse/usd-ci/USD/pxr/usd/usd/stage.cpp -- In </partnet_6e85f6897e07e0b1df3a1b0d597ce76e/base/visuals>: Unresolved reference prim path @/home/ubuntu/workspace/physvla_sim/datasets/data_normalized/Dishwasher_urdf/11724/configuration/fitr_info1_base.usd@</visuals/base> introduced by @/home/ubuntu/workspace/physvla_sim/datasets/data_normalized/Dishwasher_urdf/11724/configuration/fitr_info1_base.usd@</partnet_6e85f6897e07e0b1df3a1b0d597ce76e/base/visuals> (recomposing stage on stage @/home/ubuntu/workspace/physvla_sim/datasets/data_normalized/Dishwasher_urdf/11724/fitr_info1.usd@ <0x78a06b021730>)

2026-07-14T13:50:46Z [3,562ms] [Warning] [omni.usd] Warning: in _ReportErrors at line 3172 of /builds/omniverse/usd-ci/USD/pxr/usd/usd/stage.cpp -- In </partnet_6e85f6897e07e0b1df3a1b0d597ce76e/base/visuals>: Unresolved reference prim path @/home/ubuntu/workspace/physvla_sim/datasets/data_normalized/Dishwasher_urdf/11724/configuration/fitr_info1_physics.usd@</visuals/base> introduced by @/home/ubuntu/workspace/physvla_sim/datasets/data_normalized/Dishwasher_urdf/11724/configuration/fitr_info1_base.usd@</partnet_6e85f6897e07e0b1df3a1b0d597ce76e/base/visuals> (recomposing stage on stage @/home/ubuntu/workspace/physvla_sim/datasets/data_normalized/Dishwasher_urdf/11724/fitr_info1.usd@ <0x78a06b025d00>)

2026-07-14T13:50:46Z [3,563ms] [Warning] [omni.usd] Warning: in _ReportErrors at line 3172 of /builds/omniverse/usd-ci/USD/pxr/usd/usd/stage.cpp -- In </partnet_6e85f6897e07e0b1df3a1b0d597ce76e/base/visuals>: Unresolved reference prim path @/home/ubuntu/workspace/physvla_sim/datasets/data_normalized/Dishwasher_urdf/11724/configuration/fitr_info1_physics.usd@</visuals/base> introduced by @/home/ubuntu/workspace/physvla_sim/datasets/data_normalized/Dishwasher_urdf/11724/configuration/fitr_info1_base.usd@</partnet_6e85f6897e07e0b1df3a1b0d597ce76e/base/visuals> (recomposing stage on stage @/home/ubuntu/workspace/physvla_sim/datasets/data_normalized/Dishwasher_urdf/11724/fitr_info1.usd@ <0x78a06b021730>)

2026-07-14T13:50:46Z [3,563ms] [Warning] [omni.usd] Warning: in _ReportErrors at line 3172 of /builds/omniverse/usd-ci/USD/pxr/usd/usd/stage.cpp -- In </partnet_6e85f6897e07e0b1df3a1b0d597ce76e/base/visuals>: Unresolved reference prim path @/home/ubuntu/workspace/physvla_sim/datasets/data_normalized/Dishwasher_urdf/11724/configuration/fitr_info1_physics.usd@</visuals/base> introduced by @/home/ubuntu/workspace/physvla_sim/datasets/data_normalized/Dishwasher_urdf/11724/configuration/fitr_info1_base.usd@</partnet_6e85f6897e07e0b1df3a1b0d597ce76e/base/visuals> (recomposing stage on stage @/home/ubuntu/workspace/physvla_sim/datasets/data_normalized/Dishwasher_urdf/11724/fitr_info1.usd@ <0x78a06b025d00>)

2026-07-14T13:50:46Z [3,564ms] [Warning] [omni.usd] Warning: in _ReportErrors at line 3172 of /builds/omniverse/usd-ci/USD/pxr/usd/usd/stage.cpp -- In </partnet_6e85f6897e07e0b1df3a1b0d597ce76e/base/visuals>: Unresolved reference prim path @/home/ubuntu/workspace/physvla_sim/datasets/data_normalized/Dishwasher_urdf/11724/configuration/fitr_info1_physics.usd@</visuals/base> introduced by @/home/ubuntu/workspace/physvla_sim/datasets/data_normalized/Dishwasher_urdf/11724/configuration/fitr_info1_base.usd@</partnet_6e85f6897e07e0b1df3a1b0d597ce76e/base/visuals> (recomposing stage on stage @/home/ubuntu/workspace/physvla_sim/datasets/data_normalized/Dishwasher_urdf/11724/fitr_info1.usd@ <0x78a06b021730>)

2026-07-14T13:50:46Z [3,564ms] [Warning] [omni.usd] Warning: in _ReportErrors at line 3172 of /builds/omniverse/usd-ci/USD/pxr/usd/usd/stage.cpp -- In </partnet_6e85f6897e07e0b1df3a1b0d597ce76e/base/visuals>: Unresolved reference prim path @/home/ubuntu/workspace/physvla_sim/datasets/data_normalized/Dishwasher_urdf/11724/configuration/fitr_info1_physics.usd@</visuals/base> introduced by @/home/ubuntu/workspace/physvla_sim/datasets/data_normalized/Dishwasher_urdf/11724/configuration/fitr_info1_base.usd@</partnet_6e85f6897e07e0b1df3a1b0d597ce76e/base/visuals> (recomposing stage on stage @/home/ubuntu/workspace/physvla_sim/datasets/data_normalized/Dishwasher_urdf/11724/fitr_info1.usd@ <0x78a06b025d00>)

2026-07-14T13:50:46Z [3,564ms] [Warning] [omni.usd] Warning: in _ReportErrors at line 3172 of /builds/omniverse/usd-ci/USD/pxr/usd/usd/stage.cpp -- In </partnet_6e85f6897e07e0b1df3a1b0d597ce76e/base/visuals>: Unresolved reference prim path @/home/ubuntu/workspace/physvla_sim/datasets/data_normalized/Dishwasher_urdf/11724/configuration/fitr_info1_physics.usd@</visuals/base> introduced by @/home/ubuntu/workspace/physvla_sim/datasets/data_normalized/Dishwasher_urdf/11724/configuration/fitr_info1_base.usd@</partnet_6e85f6897e07e0b1df3a1b0d597ce76e/base/visuals> (recomposing stage on stage @/home/ubuntu/workspace/physvla_sim/datasets/data_normalized/Dishwasher_urdf/11724/fitr_info1.usd@ <0x78a06b021730>)

2026-07-14T13:50:46Z [3,565ms] [Warning] [omni.usd] Warning: in _ReportErrors at line 3172 of /builds/omniverse/usd-ci/USD/pxr/usd/usd/stage.cpp -- In </partnet_6e85f6897e07e0b1df3a1b0d597ce76e/base/visuals>: Unresolved reference prim path @/home/ubuntu/workspace/physvla_sim/datasets/data_normalized/Dishwasher_urdf/11724/configuration/fitr_info1_physics.usd@</visuals/base> introduced by @/home/ubuntu/workspace/physvla_sim/datasets/data_normalized/Dishwasher_urdf/11724/configuration/fitr_info1_base.usd@</partnet_6e85f6897e07e0b1df3a1b0d597ce76e/base/visuals> (recomposing stage on stage @/home/ubuntu/workspace/physvla_sim/datasets/data_normalized/Dishwasher_urdf/11724/fitr_info1.usd@ <0x78a06b025d00>)

2026-07-14T13:50:46Z [3,565ms] [Warning] [omni.usd] Warning: in _ReportErrors at line 3172 of /builds/omniverse/usd-ci/USD/pxr/usd/usd/stage.cpp -- In </partnet_6e85f6897e07e0b1df3a1b0d597ce76e/base/visuals>: Unresolved reference prim path @/home/ubuntu/workspace/physvla_sim/datasets/data_normalized/Dishwasher_urdf/11724/configuration/fitr_info1_physics.usd@</visuals/base> introduced by @/home/ubuntu/workspace/physvla_sim/datasets/data_normalized/Dishwasher_urdf/11724/configuration/fitr_info1_base.usd@</partnet_6e85f6897e07e0b1df3a1b0d597ce76e/base/visuals> (recomposing stage on stage @/home/ubuntu/workspace/physvla_sim/datasets/data_normalized/Dishwasher_urdf/11724/fitr_info1.usd@ <0x78a06b021730>)

2026-07-14T13:50:46Z [3,566ms] [Warning] [omni.usd] Warning: in _ReportErrors at line 3172 of /builds/omniverse/usd-ci/USD/pxr/usd/usd/stage.cpp -- In </partnet_6e85f6897e07e0b1df3a1b0d597ce76e/base/visuals>: Unresolved reference prim path @/home/ubuntu/workspace/physvla_sim/datasets/data_normalized/Dishwasher_urdf/11724/configuration/fitr_info1_physics.usd@</visuals/base> introduced by @/home/ubuntu/workspace/physvla_sim/datasets/data_normalized/Dishwasher_urdf/11724/configuration/fitr_info1_base.usd@</partnet_6e85f6897e07e0b1df3a1b0d597ce76e/base/visuals> (recomposing stage on stage @/home/ubuntu/workspace/physvla_sim/datasets/data_normalized/Dishwasher_urdf/11724/fitr_info1.usd@ <0x78a06b025d00>)

2026-07-14T13:50:46Z [3,566ms] [Warning] [omni.usd] Warning: in _ReportErrors at line 3172 of /builds/omniverse/usd-ci/USD/pxr/usd/usd/stage.cpp -- In </partnet_6e85f6897e07e0b1df3a1b0d597ce76e/base/visuals>: Unresolved reference prim path @/home/ubuntu/workspace/physvla_sim/datasets/data_normalized/Dishwasher_urdf/11724/configuration/fitr_info1_physics.usd@</visuals/base> introduced by @/home/ubuntu/workspace/physvla_sim/datasets/data_normalized/Dishwasher_urdf/11724/configuration/fitr_info1_base.usd@</partnet_6e85f6897e07e0b1df3a1b0d597ce76e/base/visuals> (recomposing stage on stage @/home/ubuntu/workspace/physvla_sim/datasets/data_normalized/Dishwasher_urdf/11724/fitr_info1.usd@ <0x78a06b021730>)

2026-07-14T13:50:46Z [3,566ms] [Warning] [omni.usd] Warning: in _ReportErrors at line 3172 of /builds/omniverse/usd-ci/USD/pxr/usd/usd/stage.cpp -- In </partnet_6e85f6897e07e0b1df3a1b0d597ce76e/base/visuals>: Unresolved reference prim path @/home/ubuntu/workspace/physvla_sim/datasets/data_normalized/Dishwasher_urdf/11724/configuration/fitr_info1_physics.usd@</visuals/base> introduced by @/home/ubuntu/workspace/physvla_sim/datasets/data_normalized/Dishwasher_urdf/11724/configuration/fitr_info1_base.usd@</partnet_6e85f6897e07e0b1df3a1b0d597ce76e/base/visuals> (recomposing stage on stage @/home/ubuntu/workspace/physvla_sim/datasets/data_normalized/Dishwasher_urdf/11724/fitr_info1.usd@ <0x78a06b025d00>)

2026-07-14T13:50:46Z [3,567ms] [Warning] [omni.usd] Warning: in _ReportErrors at line 3172 of /builds/omniverse/usd-ci/USD/pxr/usd/usd/stage.cpp -- In </partnet_6e85f6897e07e0b1df3a1b0d597ce76e/base/visuals>: Unresolved reference prim path @/home/ubuntu/workspace/physvla_sim/datasets/data_normalized/Dishwasher_urdf/11724/configuration/fitr_info1_physics.usd@</visuals/base> introduced by @/home/ubuntu/workspace/physvla_sim/datasets/data_normalized/Dishwasher_urdf/11724/configuration/fitr_info1_base.usd@</partnet_6e85f6897e07e0b1df3a1b0d597ce76e/base/visuals> (recomposing stage on stage @/home/ubuntu/workspace/physvla_sim/datasets/data_normalized/Dishwasher_urdf/11724/fitr_info1.usd@ <0x78a06b021730>)

2026-07-14T13:50:46Z [3,567ms] [Warning] [omni.usd] Warning: in _ReportErrors at line 3172 of /builds/omniverse/usd-ci/USD/pxr/usd/usd/stage.cpp -- In </partnet_6e85f6897e07e0b1df3a1b0d597ce76e/base/visuals>: Unresolved reference prim path @/home/ubuntu/workspace/physvla_sim/datasets/data_normalized/Dishwasher_urdf/11724/configuration/fitr_info1_physics.usd@</visuals/base> introduced by @/home/ubuntu/workspace/physvla_sim/datasets/data_normalized/Dishwasher_urdf/11724/configuration/fitr_info1_base.usd@</partnet_6e85f6897e07e0b1df3a1b0d597ce76e/base/visuals> (recomposing stage on stage @/home/ubuntu/workspace/physvla_sim/datasets/data_normalized/Dishwasher_urdf/11724/fitr_info1.usd@ <0x78a06b025d00>)

2026-07-14T13:50:46Z [3,568ms] [Warning] [omni.usd] Warning: in _ReportErrors at line 3172 of /builds/omniverse/usd-ci/USD/pxr/usd/usd/stage.cpp -- In </partnet_6e85f6897e07e0b1df3a1b0d597ce76e/base/visuals>: Unresolved reference prim path @/home/ubuntu/workspace/physvla_sim/datasets/data_normalized/Dishwasher_urdf/11724/configuration/fitr_info1_physics.usd@</visuals/base> introduced by @/home/ubuntu/workspace/physvla_sim/datasets/data_normalized/Dishwasher_urdf/11724/configuration/fitr_info1_base.usd@</partnet_6e85f6897e07e0b1df3a1b0d597ce76e/base/visuals> (recomposing stage on stage @/home/ubuntu/workspace/physvla_sim/datasets/data_normalized/Dishwasher_urdf/11724/fitr_info1.usd@ <0x78a06b021730>)

Loading user config located at: '/home/ubuntu/isaacsim/kit/data/Kit/Isaac-Sim/5.1/user.config.json'
[Info] [carb] Logging to file: /home/ubuntu/isaacsim/kit/logs/Kit/Isaac-Sim/5.1/kit_20260714_215046.log
2026-07-14T13:50:47Z [185ms] [Warning] [omni.usd_config.extension] Enable omni.materialx.libs extension to use MaterialX
2026-07-14T13:50:47Z [187ms] [Warning] [omni.platforminfo.plugin] failed to open the default display.  Can't verify X Server version.
2026-07-14T13:50:47Z [459ms] [Warning] [carb] Acquiring non optional plugin interface which is not listed as dependency: [omni::physx::IPhysxBenchmarks v1.0] (plugin: <default plugin>), by client: omni.physics.physx.plugin. Add it to CARB_PLUGIN_IMPL_DEPS() macro of a client.
2026-07-14T13:50:47Z [592ms] [Warning] [omni.isaac.dynamic_control] omni.isaac.dynamic_control is deprecated as of Isaac Sim 4.5. No action is needed from end-users.

|---------------------------------------------------------------------------------------------|
| Driver Version: 580.142       | Graphics API: Vulkan
|=============================================================================================|
| GPU | Name                             | Active | LDA | GPU Memory | Vendor-ID | LUID       |
|     |                                  |        |     |            | Device-ID | UUID       |
|     |                                  |        |     |            | Bus-ID    |            |
|---------------------------------------------------------------------------------------------|
| 0   | NVIDIA GeForce RTX 5090 D v2     | Yes: 0 |     | 24701   MB | 10de      | 0          |
|     |                                  |        |     |            | 2b8c      | 5f3d0dc0.. |
|     |                                  |        |     |            | 1         |            |
|=============================================================================================|
| OS: 24.04.3 LTS (Noble Numbat) ubuntu, Version: 24.04.3, Kernel: 6.17.0-1017-oem
| Processor: Intel(R) Core(TM) i9-14900K
| Cores: 24 | Logical Cores: 32
|---------------------------------------------------------------------------------------------|
| Total Memory (MB): 64063 | Free Memory: 55313
| Total Page/Swap (MB): 8191 | Free Page/Swap: 8191
|---------------------------------------------------------------------------------------------|
2026-07-14T13:50:49Z [2,567ms] [Warning] [gpu.foundation.plugin] CPU performance profile is set to powersave. This profile sets the CPU to the lowest frequency reducing performance.
2026-07-14T13:50:49Z [2,575ms] [Warning] [gpu.foundation.plugin] IOMMU is enabled.
2026-07-14T13:50:49Z [2,705ms] [Warning] [omni.usd] Warning: in _ReportErrors at line 3172 of /builds/omniverse/usd-ci/USD/pxr/usd/usd/stage.cpp -- In </partnet_6e85f6897e07e0b1df3a1b0d597ce76e/base/visuals>: Unresolved reference prim path @/home/ubuntu/workspace/physvla_sim/datasets/data_normalized/Dishwasher_urdf/11724/configuration/fitr_info1_base.usd@</visuals/base> introduced by @/home/ubuntu/workspace/physvla_sim/datasets/data_normalized/Dishwasher_urdf/11724/configuration/fitr_info1_base.usd@</partnet_6e85f6897e07e0b1df3a1b0d597ce76e/base/visuals> (instantiating stage on stage @/home/ubuntu/workspace/physvla_sim/datasets/data_normalized/Dishwasher_urdf/11724/configuration/fitr_info1_base.usd@ <0x2e0b72b0>)

2026-07-14T13:50:49Z [2,708ms] [Warning] [omni.usd] Warning: in _ReportErrors at line 3172 of /builds/omniverse/usd-ci/USD/pxr/usd/usd/stage.cpp -- In </partnet_6e85f6897e07e0b1df3a1b0d597ce76e/base/visuals>: Unresolved reference prim path @/home/ubuntu/workspace/physvla_sim/datasets/data_normalized/Dishwasher_urdf/11724/configuration/fitr_info1_physics.usd@</visuals/base> introduced by @/home/ubuntu/workspace/physvla_sim/datasets/data_normalized/Dishwasher_urdf/11724/configuration/fitr_info1_base.usd@</partnet_6e85f6897e07e0b1df3a1b0d597ce76e/base/visuals> (instantiating stage on stage @/home/ubuntu/workspace/physvla_sim/datasets/data_normalized/Dishwasher_urdf/11724/configuration/fitr_info1_physics.usd@ <0x2aa978e0>)

2026-07-14T13:50:49Z [2,710ms] [Warning] [omni.usd] Warning: in _ReportErrors at line 3172 of /builds/omniverse/usd-ci/USD/pxr/usd/usd/stage.cpp -- In </partnet_6e85f6897e07e0b1df3a1b0d597ce76e/base/visuals>: Unresolved reference prim path @/home/ubuntu/workspace/physvla_sim/datasets/data_normalized/Dishwasher_urdf/11724/configuration/fitr_info1_physics.usd@</visuals/base> introduced by @/home/ubuntu/workspace/physvla_sim/datasets/data_normalized/Dishwasher_urdf/11724/configuration/fitr_info1_base.usd@</partnet_6e85f6897e07e0b1df3a1b0d597ce76e/base/visuals> (instantiating stage on stage @/home/ubuntu/workspace/physvla_sim/datasets/data_normalized/Dishwasher_urdf/11724/fitr_info1.usd@ <0x214a9700>)

[INFO][AppLauncher]: Using device: cuda:0
[INFO][AppLauncher]: Loading experience file: /home/ubuntu/workspace/IsaacLab/apps/isaaclab.python.headless.kit
{
  "output": "/home/ubuntu/workspace/physvla_sim/datasets/data_normalized/Dishwasher_urdf/11724/fitr_info1.usd",
  "scale": 0.41935793357933576,
  "scale_layer": "/home/ubuntu/workspace/physvla_sim/datasets/data_normalized/Dishwasher_urdf/11724/configuration/fitr_info1_base.usd",
  "joints": [
    {
      "joint": "/partnet_6e85f6897e07e0b1df3a1b0d597ce76e/joints/joint_0",
      "drive": "angular",
      "damping": 650.0,
      "stiffness": 0.0,
      "max_force": 11.25
    }
  ],
  "dynamics_layer": "/home/ubuntu/workspace/physvla_sim/datasets/data_normalized/Dishwasher_urdf/11724/configuration/fitr_info1_physics.usd",
  "affordance_links": [
    "/partnet_6e85f6897e07e0b1df3a1b0d597ce76e/door_1"
  ]
}
Loading user config located at: '/home/ubuntu/isaacsim/kit/data/Kit/Isaac-Sim/5.1/user.config.json'
[Info] [carb] Logging to file: /home/ubuntu/isaacsim/kit/logs/Kit/Isaac-Sim/5.1/kit_20260714_215050.log
2026-07-14T13:50:50Z [185ms] [Warning] [omni.usd_config.extension] Enable omni.materialx.libs extension to use MaterialX
2026-07-14T13:50:50Z [186ms] [Warning] [omni.platforminfo.plugin] failed to open the default display.  Can't verify X Server version.
2026-07-14T13:50:50Z [465ms] [Warning] [carb] Acquiring non optional plugin interface which is not listed as dependency: [omni::physx::IPhysxBenchmarks v1.0] (plugin: <default plugin>), by client: omni.physics.physx.plugin. Add it to CARB_PLUGIN_IMPL_DEPS() macro of a client.
2026-07-14T13:50:50Z [599ms] [Warning] [omni.isaac.dynamic_control] omni.isaac.dynamic_control is deprecated as of Isaac Sim 4.5. No action is needed from end-users.

|---------------------------------------------------------------------------------------------|
| Driver Version: 580.142       | Graphics API: Vulkan
|=============================================================================================|
| GPU | Name                             | Active | LDA | GPU Memory | Vendor-ID | LUID       |
|     |                                  |        |     |            | Device-ID | UUID       |
|     |                                  |        |     |            | Bus-ID    |            |
|---------------------------------------------------------------------------------------------|
| 0   | NVIDIA GeForce RTX 5090 D v2     | Yes: 0 |     | 24701   MB | 10de      | 0          |
|     |                                  |        |     |            | 2b8c      | 5f3d0dc0.. |
|     |                                  |        |     |            | 1         |            |
|=============================================================================================|
| OS: 24.04.3 LTS (Noble Numbat) ubuntu, Version: 24.04.3, Kernel: 6.17.0-1017-oem
| Processor: Intel(R) Core(TM) i9-14900K
| Cores: 24 | Logical Cores: 32
|---------------------------------------------------------------------------------------------|
| Total Memory (MB): 64063 | Free Memory: 55303
| Total Page/Swap (MB): 8191 | Free Page/Swap: 8191
|---------------------------------------------------------------------------------------------|
2026-07-14T13:50:52Z [2,603ms] [Warning] [gpu.foundation.plugin] CPU performance profile is set to powersave. This profile sets the CPU to the lowest frequency reducing performance.
2026-07-14T13:50:52Z [2,611ms] [Warning] [gpu.foundation.plugin] IOMMU is enabled.
2026-07-14T13:50:52Z [2,749ms] [Warning] [carb.windowing-glfw.plugin] GLFW initialization failed.
2026-07-14T13:50:52Z [2,749ms] [Warning] [carb] Failed to startup plugin carb.windowing-glfw.plugin (interfaces: [carb::windowing::IGLContext v1.0],[carb::windowing::IWindowing v1.5]) (impl: carb.windowing-glfw.plugin)

|---------------------------------------------------------------------------------------------|
| Driver Version: 580.142       | Graphics API: Vulkan
|=============================================================================================|
| GPU | Name                             | Active | LDA | GPU Memory | Vendor-ID | LUID       |
|     |                                  |        |     |            | Device-ID | UUID       |
|     |                                  |        |     |            | Bus-ID    |            |
|---------------------------------------------------------------------------------------------|
| 0   | NVIDIA GeForce RTX 5090 D v2     | Yes: 0 |     | 24701   MB | 10de      | 0          |
|     |                                  |        |     |            | 2b8c      | 5f3d0dc0.. |
|     |                                  |        |     |            | 1         |            |
|=============================================================================================|
| OS: 24.04.3 LTS (Noble Numbat) ubuntu, Version: 24.04.3, Kernel: 6.17.0-1017-oem
| Processor: Intel(R) Core(TM) i9-14900K
| Cores: 24 | Logical Cores: 32
|---------------------------------------------------------------------------------------------|
| Total Memory (MB): 64063 | Free Memory: 55124
| Total Page/Swap (MB): 8191 | Free Page/Swap: 8191
|---------------------------------------------------------------------------------------------|
2026-07-14T13:50:53Z [2,983ms] [Warning] [gpu.foundation.plugin] CPU performance profile is set to powersave. This profile sets the CPU to the lowest frequency reducing performance.
2026-07-14T13:50:53Z [2,983ms] [Warning] [gpu.foundation.plugin] IOMMU is enabled.
2026-07-14T13:50:53Z [3,206ms] [Warning] [carb.windowing-glfw.plugin] GLFW initialization failed.
2026-07-14T13:50:53Z [3,206ms] [Warning] [carb] Failed to startup plugin carb.windowing-glfw.plugin (interfaces: [carb::windowing::IGLContext v1.0],[carb::windowing::IWindowing v1.5]) (impl: carb.windowing-glfw.plugin)
2026-07-14T13:50:53Z [3,219ms] [Warning] [carb.windowing-glfw.plugin] GLFW initialization failed.
2026-07-14T13:50:53Z [3,219ms] [Warning] [carb] Failed to startup plugin carb.windowing-glfw.plugin (interfaces: [carb::windowing::IGLContext v1.0],[carb::windowing::IWindowing v1.5]) (impl: carb.windowing-glfw.plugin)
2026-07-14T13:50:53Z [3,226ms] [Warning] [carb.windowing-glfw.plugin] GLFW initialization failed.
2026-07-14T13:50:53Z [3,226ms] [Warning] [carb] Failed to startup plugin carb.windowing-glfw.plugin (interfaces: [carb::windowing::IGLContext v1.0],[carb::windowing::IWindowing v1.5]) (impl: carb.windowing-glfw.plugin)
2026-07-14T13:50:53Z [3,230ms] [Warning] [carb.windowing-glfw.plugin] GLFW initialization failed.
2026-07-14T13:50:53Z [3,230ms] [Warning] [carb] Failed to startup plugin carb.windowing-glfw.plugin (interfaces: [carb::windowing::IGLContext v1.0],[carb::windowing::IWindowing v1.5]) (impl: carb.windowing-glfw.plugin)
2026-07-14T13:50:53Z [3,231ms] [Warning] [carb.windowing-glfw.plugin] GLFW initialization failed.
2026-07-14T13:50:53Z [3,231ms] [Warning] [carb] Failed to startup plugin carb.windowing-glfw.plugin (interfaces: [carb::windowing::IGLContext v1.0],[carb::windowing::IWindowing v1.5]) (impl: carb.windowing-glfw.plugin)
2026-07-14T13:50:53Z [3,232ms] [Warning] [carb.windowing-glfw.plugin] GLFW initialization failed.
2026-07-14T13:50:53Z [3,232ms] [Warning] [carb] Failed to startup plugin carb.windowing-glfw.plugin (interfaces: [carb::windowing::IGLContext v1.0],[carb::windowing::IWindowing v1.5]) (impl: carb.windowing-glfw.plugin)
2026-07-14T13:50:53Z [3,475ms] [Warning] [omni.graph.visualization.nodes._impl.extension] No Viewport Window to add omni.graph.visualization.nodes-2.1.3 scene to
2026-07-14T13:50:53Z [3,570ms] [Warning] [isaacsim.asset.importer.urdf] No mass specified for link base
2026-07-14T13:50:53Z [3,570ms] [Warning] [omni.usd] Warning: in _ReportErrors at line 3172 of /builds/omniverse/usd-ci/USD/pxr/usd/usd/stage.cpp -- In </partnet_6e85f6897e07e0b1df3a1b0d597ce76e/base/visuals>: Unresolved reference prim path @/home/ubuntu/workspace/physvla_sim/datasets/data_normalized/Dishwasher_urdf/11760/configuration/fitr_info1_physics.usd@</visuals/base> introduced by @/home/ubuntu/workspace/physvla_sim/datasets/data_normalized/Dishwasher_urdf/11760/configuration/fitr_info1_base.usd@</partnet_6e85f6897e07e0b1df3a1b0d597ce76e/base/visuals> (recomposing stage on stage @/home/ubuntu/workspace/physvla_sim/datasets/data_normalized/Dishwasher_urdf/11760/configuration/fitr_info1_physics.usd@ <0x72849d6395c0>)

2026-07-14T13:50:53Z [3,570ms] [Warning] [omni.usd] Warning: in _ReportErrors at line 3172 of /builds/omniverse/usd-ci/USD/pxr/usd/usd/stage.cpp -- In </partnet_6e85f6897e07e0b1df3a1b0d597ce76e/base/visuals>: Unresolved reference prim path @/home/ubuntu/workspace/physvla_sim/datasets/data_normalized/Dishwasher_urdf/11760/fitr_info1.usd@</visuals/base> introduced by @/home/ubuntu/workspace/physvla_sim/datasets/data_normalized/Dishwasher_urdf/11760/configuration/fitr_info1_base.usd@</partnet_6e85f6897e07e0b1df3a1b0d597ce76e/base/visuals> (recomposing stage on stage @/home/ubuntu/workspace/physvla_sim/datasets/data_normalized/Dishwasher_urdf/11760/fitr_info1.usd@ <0x72849d625e40>)

2026-07-14T13:50:53Z [3,570ms] [Warning] [omni.usd] Warning: in _ReportErrors at line 3172 of /builds/omniverse/usd-ci/USD/pxr/usd/usd/stage.cpp -- In </partnet_6e85f6897e07e0b1df3a1b0d597ce76e/base/visuals>: Unresolved reference prim path @/home/ubuntu/workspace/physvla_sim/datasets/data_normalized/Dishwasher_urdf/11760/fitr_info1.usd@</visuals/base> introduced by @/home/ubuntu/workspace/physvla_sim/datasets/data_normalized/Dishwasher_urdf/11760/configuration/fitr_info1_base.usd@</partnet_6e85f6897e07e0b1df3a1b0d597ce76e/base/visuals> (recomposing stage on stage @/home/ubuntu/workspace/physvla_sim/datasets/data_normalized/Dishwasher_urdf/11760/fitr_info1.usd@ <0x72849d621930>)

2026-07-14T13:50:53Z [3,570ms] [Warning] [omni.usd] Warning: in _ReportErrors at line 3172 of /builds/omniverse/usd-ci/USD/pxr/usd/usd/stage.cpp -- In </partnet_6e85f6897e07e0b1df3a1b0d597ce76e/base/visuals>: Unresolved reference prim path @/home/ubuntu/workspace/physvla_sim/datasets/data_normalized/Dishwasher_urdf/11760/configuration/fitr_info1_base.usd@</visuals/base> introduced by @/home/ubuntu/workspace/physvla_sim/datasets/data_normalized/Dishwasher_urdf/11760/configuration/fitr_info1_base.usd@</partnet_6e85f6897e07e0b1df3a1b0d597ce76e/base/visuals> (recomposing stage on stage @/home/ubuntu/workspace/physvla_sim/datasets/data_normalized/Dishwasher_urdf/11760/configuration/fitr_info1_base.usd@ <0x72849d642890>)

2026-07-14T13:50:53Z [3,570ms] [Warning] [omni.usd] Warning: in _ReportErrors at line 3172 of /builds/omniverse/usd-ci/USD/pxr/usd/usd/stage.cpp -- In </partnet_6e85f6897e07e0b1df3a1b0d597ce76e/base/visuals>: Unresolved reference prim path @/home/ubuntu/workspace/physvla_sim/datasets/data_normalized/Dishwasher_urdf/11760/configuration/fitr_info1_physics.usd@</visuals/base> introduced by @/home/ubuntu/workspace/physvla_sim/datasets/data_normalized/Dishwasher_urdf/11760/configuration/fitr_info1_base.usd@</partnet_6e85f6897e07e0b1df3a1b0d597ce76e/base/visuals> (recomposing stage on stage @/home/ubuntu/workspace/physvla_sim/datasets/data_normalized/Dishwasher_urdf/11760/configuration/fitr_info1_physics.usd@ <0x72849d6395c0>)

2026-07-14T13:50:53Z [3,570ms] [Warning] [omni.usd] Warning: in _ReportErrors at line 3172 of /builds/omniverse/usd-ci/USD/pxr/usd/usd/stage.cpp -- In </partnet_6e85f6897e07e0b1df3a1b0d597ce76e/base/visuals>: Unresolved reference prim path @/home/ubuntu/workspace/physvla_sim/datasets/data_normalized/Dishwasher_urdf/11760/fitr_info1.usd@</visuals/base> introduced by @/home/ubuntu/workspace/physvla_sim/datasets/data_normalized/Dishwasher_urdf/11760/configuration/fitr_info1_base.usd@</partnet_6e85f6897e07e0b1df3a1b0d597ce76e/base/visuals> (recomposing stage on stage @/home/ubuntu/workspace/physvla_sim/datasets/data_normalized/Dishwasher_urdf/11760/fitr_info1.usd@ <0x72849d625e40>)

2026-07-14T13:50:53Z [3,570ms] [Warning] [omni.usd] Warning: in _ReportErrors at line 3172 of /builds/omniverse/usd-ci/USD/pxr/usd/usd/stage.cpp -- In </partnet_6e85f6897e07e0b1df3a1b0d597ce76e/base/visuals>: Unresolved reference prim path @/home/ubuntu/workspace/physvla_sim/datasets/data_normalized/Dishwasher_urdf/11760/fitr_info1.usd@</visuals/base> introduced by @/home/ubuntu/workspace/physvla_sim/datasets/data_normalized/Dishwasher_urdf/11760/configuration/fitr_info1_base.usd@</partnet_6e85f6897e07e0b1df3a1b0d597ce76e/base/visuals> (recomposing stage on stage @/home/ubuntu/workspace/physvla_sim/datasets/data_normalized/Dishwasher_urdf/11760/fitr_info1.usd@ <0x72849d621930>)

2026-07-14T13:50:53Z [3,571ms] [Warning] [omni.usd] Warning: in _ReportErrors at line 3172 of /builds/omniverse/usd-ci/USD/pxr/usd/usd/stage.cpp -- In </partnet_6e85f6897e07e0b1df3a1b0d597ce76e/base/visuals>: Unresolved reference prim path @/home/ubuntu/workspace/physvla_sim/datasets/data_normalized/Dishwasher_urdf/11760/configuration/fitr_info1_base.usd@</visuals/base> introduced by @/home/ubuntu/workspace/physvla_sim/datasets/data_normalized/Dishwasher_urdf/11760/configuration/fitr_info1_base.usd@</partnet_6e85f6897e07e0b1df3a1b0d597ce76e/base/visuals> (recomposing stage on stage @/home/ubuntu/workspace/physvla_sim/datasets/data_normalized/Dishwasher_urdf/11760/configuration/fitr_info1_base.usd@ <0x72849d642890>)

2026-07-14T13:50:53Z [3,571ms] [Warning] [isaacsim.asset.importer.urdf] Link base has no colliders, and no inertia was imported; assigning a small isotropic inertia matrix
2026-07-14T13:50:53Z [3,572ms] [Warning] [isaacsim.asset.importer.urdf] No mass specified for link body
2026-07-14T13:50:53Z [3,600ms] [Warning] [isaacsim.asset.importer.urdf] No mass specified for link door_1
2026-07-14T13:50:53Z [3,619ms] [Warning] [omni.usd] Warning: in _ReportErrors at line 3172 of /builds/omniverse/usd-ci/USD/pxr/usd/usd/stage.cpp -- In </partnet_6e85f6897e07e0b1df3a1b0d597ce76e/base/visuals>: Unresolved reference prim path @/home/ubuntu/workspace/physvla_sim/datasets/data_normalized/Dishwasher_urdf/11760/configuration/fitr_info1_base.usd@</visuals/base> introduced by @/home/ubuntu/workspace/physvla_sim/datasets/data_normalized/Dishwasher_urdf/11760/configuration/fitr_info1_base.usd@</partnet_6e85f6897e07e0b1df3a1b0d597ce76e/base/visuals> (recomposing stage on stage @/home/ubuntu/workspace/physvla_sim/datasets/data_normalized/Dishwasher_urdf/11760/fitr_info1.usd@ <0x72849d625e40>)

2026-07-14T13:50:53Z [3,619ms] [Warning] [omni.usd] Warning: in _ReportErrors at line 3172 of /builds/omniverse/usd-ci/USD/pxr/usd/usd/stage.cpp -- In </partnet_6e85f6897e07e0b1df3a1b0d597ce76e/base/visuals>: Unresolved reference prim path @/home/ubuntu/workspace/physvla_sim/datasets/data_normalized/Dishwasher_urdf/11760/configuration/fitr_info1_base.usd@</visuals/base> introduced by @/home/ubuntu/workspace/physvla_sim/datasets/data_normalized/Dishwasher_urdf/11760/configuration/fitr_info1_base.usd@</partnet_6e85f6897e07e0b1df3a1b0d597ce76e/base/visuals> (recomposing stage on stage @/home/ubuntu/workspace/physvla_sim/datasets/data_normalized/Dishwasher_urdf/11760/fitr_info1.usd@ <0x72849d621930>)

2026-07-14T13:50:53Z [3,620ms] [Warning] [omni.usd] Warning: in _ReportErrors at line 3172 of /builds/omniverse/usd-ci/USD/pxr/usd/usd/stage.cpp -- In </partnet_6e85f6897e07e0b1df3a1b0d597ce76e/base/visuals>: Unresolved reference prim path @/home/ubuntu/workspace/physvla_sim/datasets/data_normalized/Dishwasher_urdf/11760/configuration/fitr_info1_physics.usd@</visuals/base> introduced by @/home/ubuntu/workspace/physvla_sim/datasets/data_normalized/Dishwasher_urdf/11760/configuration/fitr_info1_base.usd@</partnet_6e85f6897e07e0b1df3a1b0d597ce76e/base/visuals> (recomposing stage on stage @/home/ubuntu/workspace/physvla_sim/datasets/data_normalized/Dishwasher_urdf/11760/fitr_info1.usd@ <0x72849d625e40>)

2026-07-14T13:50:53Z [3,620ms] [Warning] [omni.usd] Warning: in _ReportErrors at line 3172 of /builds/omniverse/usd-ci/USD/pxr/usd/usd/stage.cpp -- In </partnet_6e85f6897e07e0b1df3a1b0d597ce76e/base/visuals>: Unresolved reference prim path @/home/ubuntu/workspace/physvla_sim/datasets/data_normalized/Dishwasher_urdf/11760/configuration/fitr_info1_physics.usd@</visuals/base> introduced by @/home/ubuntu/workspace/physvla_sim/datasets/data_normalized/Dishwasher_urdf/11760/configuration/fitr_info1_base.usd@</partnet_6e85f6897e07e0b1df3a1b0d597ce76e/base/visuals> (recomposing stage on stage @/home/ubuntu/workspace/physvla_sim/datasets/data_normalized/Dishwasher_urdf/11760/fitr_info1.usd@ <0x72849d621930>)

2026-07-14T13:50:53Z [3,620ms] [Warning] [omni.usd] Warning: in _ReportErrors at line 3172 of /builds/omniverse/usd-ci/USD/pxr/usd/usd/stage.cpp -- In </partnet_6e85f6897e07e0b1df3a1b0d597ce76e/base/visuals>: Unresolved reference prim path @/home/ubuntu/workspace/physvla_sim/datasets/data_normalized/Dishwasher_urdf/11760/configuration/fitr_info1_physics.usd@</visuals/base> introduced by @/home/ubuntu/workspace/physvla_sim/datasets/data_normalized/Dishwasher_urdf/11760/configuration/fitr_info1_base.usd@</partnet_6e85f6897e07e0b1df3a1b0d597ce76e/base/visuals> (recomposing stage on stage @/home/ubuntu/workspace/physvla_sim/datasets/data_normalized/Dishwasher_urdf/11760/fitr_info1.usd@ <0x72849d625e40>)

2026-07-14T13:50:53Z [3,621ms] [Warning] [omni.usd] Warning: in _ReportErrors at line 3172 of /builds/omniverse/usd-ci/USD/pxr/usd/usd/stage.cpp -- In </partnet_6e85f6897e07e0b1df3a1b0d597ce76e/base/visuals>: Unresolved reference prim path @/home/ubuntu/workspace/physvla_sim/datasets/data_normalized/Dishwasher_urdf/11760/configuration/fitr_info1_physics.usd@</visuals/base> introduced by @/home/ubuntu/workspace/physvla_sim/datasets/data_normalized/Dishwasher_urdf/11760/configuration/fitr_info1_base.usd@</partnet_6e85f6897e07e0b1df3a1b0d597ce76e/base/visuals> (recomposing stage on stage @/home/ubuntu/workspace/physvla_sim/datasets/data_normalized/Dishwasher_urdf/11760/fitr_info1.usd@ <0x72849d621930>)

2026-07-14T13:50:53Z [3,622ms] [Warning] [omni.usd] Warning: in _ReportErrors at line 3172 of /builds/omniverse/usd-ci/USD/pxr/usd/usd/stage.cpp -- In </partnet_6e85f6897e07e0b1df3a1b0d597ce76e/base/visuals>: Unresolved reference prim path @/home/ubuntu/workspace/physvla_sim/datasets/data_normalized/Dishwasher_urdf/11760/configuration/fitr_info1_physics.usd@</visuals/base> introduced by @/home/ubuntu/workspace/physvla_sim/datasets/data_normalized/Dishwasher_urdf/11760/configuration/fitr_info1_base.usd@</partnet_6e85f6897e07e0b1df3a1b0d597ce76e/base/visuals> (recomposing stage on stage @/home/ubuntu/workspace/physvla_sim/datasets/data_normalized/Dishwasher_urdf/11760/fitr_info1.usd@ <0x72849d625e40>)

2026-07-14T13:50:53Z [3,622ms] [Warning] [omni.usd] Warning: in _ReportErrors at line 3172 of /builds/omniverse/usd-ci/USD/pxr/usd/usd/stage.cpp -- In </partnet_6e85f6897e07e0b1df3a1b0d597ce76e/base/visuals>: Unresolved reference prim path @/home/ubuntu/workspace/physvla_sim/datasets/data_normalized/Dishwasher_urdf/11760/configuration/fitr_info1_physics.usd@</visuals/base> introduced by @/home/ubuntu/workspace/physvla_sim/datasets/data_normalized/Dishwasher_urdf/11760/configuration/fitr_info1_base.usd@</partnet_6e85f6897e07e0b1df3a1b0d597ce76e/base/visuals> (recomposing stage on stage @/home/ubuntu/workspace/physvla_sim/datasets/data_normalized/Dishwasher_urdf/11760/fitr_info1.usd@ <0x72849d621930>)

2026-07-14T13:50:53Z [3,623ms] [Warning] [omni.usd] Warning: in _ReportErrors at line 3172 of /builds/omniverse/usd-ci/USD/pxr/usd/usd/stage.cpp -- In </partnet_6e85f6897e07e0b1df3a1b0d597ce76e/base/visuals>: Unresolved reference prim path @/home/ubuntu/workspace/physvla_sim/datasets/data_normalized/Dishwasher_urdf/11760/configuration/fitr_info1_physics.usd@</visuals/base> introduced by @/home/ubuntu/workspace/physvla_sim/datasets/data_normalized/Dishwasher_urdf/11760/configuration/fitr_info1_base.usd@</partnet_6e85f6897e07e0b1df3a1b0d597ce76e/base/visuals> (recomposing stage on stage @/home/ubuntu/workspace/physvla_sim/datasets/data_normalized/Dishwasher_urdf/11760/fitr_info1.usd@ <0x72849d625e40>)

2026-07-14T13:50:53Z [3,624ms] [Warning] [omni.usd] Warning: in _ReportErrors at line 3172 of /builds/omniverse/usd-ci/USD/pxr/usd/usd/stage.cpp -- In </partnet_6e85f6897e07e0b1df3a1b0d597ce76e/base/visuals>: Unresolved reference prim path @/home/ubuntu/workspace/physvla_sim/datasets/data_normalized/Dishwasher_urdf/11760/configuration/fitr_info1_physics.usd@</visuals/base> introduced by @/home/ubuntu/workspace/physvla_sim/datasets/data_normalized/Dishwasher_urdf/11760/configuration/fitr_info1_base.usd@</partnet_6e85f6897e07e0b1df3a1b0d597ce76e/base/visuals> (recomposing stage on stage @/home/ubuntu/workspace/physvla_sim/datasets/data_normalized/Dishwasher_urdf/11760/fitr_info1.usd@ <0x72849d621930>)

2026-07-14T13:50:53Z [3,625ms] [Warning] [omni.usd] Warning: in _ReportErrors at line 3172 of /builds/omniverse/usd-ci/USD/pxr/usd/usd/stage.cpp -- In </partnet_6e85f6897e07e0b1df3a1b0d597ce76e/base/visuals>: Unresolved reference prim path @/home/ubuntu/workspace/physvla_sim/datasets/data_normalized/Dishwasher_urdf/11760/configuration/fitr_info1_physics.usd@</visuals/base> introduced by @/home/ubuntu/workspace/physvla_sim/datasets/data_normalized/Dishwasher_urdf/11760/configuration/fitr_info1_base.usd@</partnet_6e85f6897e07e0b1df3a1b0d597ce76e/base/visuals> (recomposing stage on stage @/home/ubuntu/workspace/physvla_sim/datasets/data_normalized/Dishwasher_urdf/11760/fitr_info1.usd@ <0x72849d625e40>)

2026-07-14T13:50:53Z [3,625ms] [Warning] [omni.usd] Warning: in _ReportErrors at line 3172 of /builds/omniverse/usd-ci/USD/pxr/usd/usd/stage.cpp -- In </partnet_6e85f6897e07e0b1df3a1b0d597ce76e/base/visuals>: Unresolved reference prim path @/home/ubuntu/workspace/physvla_sim/datasets/data_normalized/Dishwasher_urdf/11760/configuration/fitr_info1_physics.usd@</visuals/base> introduced by @/home/ubuntu/workspace/physvla_sim/datasets/data_normalized/Dishwasher_urdf/11760/configuration/fitr_info1_base.usd@</partnet_6e85f6897e07e0b1df3a1b0d597ce76e/base/visuals> (recomposing stage on stage @/home/ubuntu/workspace/physvla_sim/datasets/data_normalized/Dishwasher_urdf/11760/fitr_info1.usd@ <0x72849d621930>)

2026-07-14T13:50:53Z [3,626ms] [Warning] [omni.usd] Warning: in _ReportErrors at line 3172 of /builds/omniverse/usd-ci/USD/pxr/usd/usd/stage.cpp -- In </partnet_6e85f6897e07e0b1df3a1b0d597ce76e/base/visuals>: Unresolved reference prim path @/home/ubuntu/workspace/physvla_sim/datasets/data_normalized/Dishwasher_urdf/11760/configuration/fitr_info1_physics.usd@</visuals/base> introduced by @/home/ubuntu/workspace/physvla_sim/datasets/data_normalized/Dishwasher_urdf/11760/configuration/fitr_info1_base.usd@</partnet_6e85f6897e07e0b1df3a1b0d597ce76e/base/visuals> (recomposing stage on stage @/home/ubuntu/workspace/physvla_sim/datasets/data_normalized/Dishwasher_urdf/11760/fitr_info1.usd@ <0x72849d625e40>)

2026-07-14T13:50:53Z [3,627ms] [Warning] [omni.usd] Warning: in _ReportErrors at line 3172 of /builds/omniverse/usd-ci/USD/pxr/usd/usd/stage.cpp -- In </partnet_6e85f6897e07e0b1df3a1b0d597ce76e/base/visuals>: Unresolved reference prim path @/home/ubuntu/workspace/physvla_sim/datasets/data_normalized/Dishwasher_urdf/11760/configuration/fitr_info1_physics.usd@</visuals/base> introduced by @/home/ubuntu/workspace/physvla_sim/datasets/data_normalized/Dishwasher_urdf/11760/configuration/fitr_info1_base.usd@</partnet_6e85f6897e07e0b1df3a1b0d597ce76e/base/visuals> (recomposing stage on stage @/home/ubuntu/workspace/physvla_sim/datasets/data_normalized/Dishwasher_urdf/11760/fitr_info1.usd@ <0x72849d621930>)

2026-07-14T13:50:53Z [3,628ms] [Warning] [omni.usd] Warning: in _ReportErrors at line 3172 of /builds/omniverse/usd-ci/USD/pxr/usd/usd/stage.cpp -- In </partnet_6e85f6897e07e0b1df3a1b0d597ce76e/base/visuals>: Unresolved reference prim path @/home/ubuntu/workspace/physvla_sim/datasets/data_normalized/Dishwasher_urdf/11760/configuration/fitr_info1_physics.usd@</visuals/base> introduced by @/home/ubuntu/workspace/physvla_sim/datasets/data_normalized/Dishwasher_urdf/11760/configuration/fitr_info1_base.usd@</partnet_6e85f6897e07e0b1df3a1b0d597ce76e/base/visuals> (recomposing stage on stage @/home/ubuntu/workspace/physvla_sim/datasets/data_normalized/Dishwasher_urdf/11760/fitr_info1.usd@ <0x72849d625e40>)

2026-07-14T13:50:53Z [3,628ms] [Warning] [omni.usd] Warning: in _ReportErrors at line 3172 of /builds/omniverse/usd-ci/USD/pxr/usd/usd/stage.cpp -- In </partnet_6e85f6897e07e0b1df3a1b0d597ce76e/base/visuals>: Unresolved reference prim path @/home/ubuntu/workspace/physvla_sim/datasets/data_normalized/Dishwasher_urdf/11760/configuration/fitr_info1_physics.usd@</visuals/base> introduced by @/home/ubuntu/workspace/physvla_sim/datasets/data_normalized/Dishwasher_urdf/11760/configuration/fitr_info1_base.usd@</partnet_6e85f6897e07e0b1df3a1b0d597ce76e/base/visuals> (recomposing stage on stage @/home/ubuntu/workspace/physvla_sim/datasets/data_normalized/Dishwasher_urdf/11760/fitr_info1.usd@ <0x72849d621930>)

Loading user config located at: '/home/ubuntu/isaacsim/kit/data/Kit/Isaac-Sim/5.1/user.config.json'
[Info] [carb] Logging to file: /home/ubuntu/isaacsim/kit/logs/Kit/Isaac-Sim/5.1/kit_20260714_215054.log
2026-07-14T13:50:54Z [182ms] [Warning] [omni.usd_config.extension] Enable omni.materialx.libs extension to use MaterialX
2026-07-14T13:50:54Z [184ms] [Warning] [omni.platforminfo.plugin] failed to open the default display.  Can't verify X Server version.
2026-07-14T13:50:54Z [457ms] [Warning] [carb] Acquiring non optional plugin interface which is not listed as dependency: [omni::physx::IPhysxBenchmarks v1.0] (plugin: <default plugin>), by client: omni.physics.physx.plugin. Add it to CARB_PLUGIN_IMPL_DEPS() macro of a client.
2026-07-14T13:50:54Z [588ms] [Warning] [omni.isaac.dynamic_control] omni.isaac.dynamic_control is deprecated as of Isaac Sim 4.5. No action is needed from end-users.

|---------------------------------------------------------------------------------------------|
| Driver Version: 580.142       | Graphics API: Vulkan
|=============================================================================================|
| GPU | Name                             | Active | LDA | GPU Memory | Vendor-ID | LUID       |
|     |                                  |        |     |            | Device-ID | UUID       |
|     |                                  |        |     |            | Bus-ID    |            |
|---------------------------------------------------------------------------------------------|
| 0   | NVIDIA GeForce RTX 5090 D v2     | Yes: 0 |     | 24701   MB | 10de      | 0          |
|     |                                  |        |     |            | 2b8c      | 5f3d0dc0.. |
|     |                                  |        |     |            | 1         |            |
|=============================================================================================|
| OS: 24.04.3 LTS (Noble Numbat) ubuntu, Version: 24.04.3, Kernel: 6.17.0-1017-oem
| Processor: Intel(R) Core(TM) i9-14900K
| Cores: 24 | Logical Cores: 32
|---------------------------------------------------------------------------------------------|
| Total Memory (MB): 64063 | Free Memory: 55312
| Total Page/Swap (MB): 8191 | Free Page/Swap: 8191
|---------------------------------------------------------------------------------------------|
2026-07-14T13:50:56Z [2,564ms] [Warning] [gpu.foundation.plugin] CPU performance profile is set to powersave. This profile sets the CPU to the lowest frequency reducing performance.
2026-07-14T13:50:56Z [2,572ms] [Warning] [gpu.foundation.plugin] IOMMU is enabled.
2026-07-14T13:50:56Z [2,709ms] [Warning] [omni.usd] Warning: in _ReportErrors at line 3172 of /builds/omniverse/usd-ci/USD/pxr/usd/usd/stage.cpp -- In </partnet_6e85f6897e07e0b1df3a1b0d597ce76e/base/visuals>: Unresolved reference prim path @/home/ubuntu/workspace/physvla_sim/datasets/data_normalized/Dishwasher_urdf/11760/configuration/fitr_info1_base.usd@</visuals/base> introduced by @/home/ubuntu/workspace/physvla_sim/datasets/data_normalized/Dishwasher_urdf/11760/configuration/fitr_info1_base.usd@</partnet_6e85f6897e07e0b1df3a1b0d597ce76e/base/visuals> (instantiating stage on stage @/home/ubuntu/workspace/physvla_sim/datasets/data_normalized/Dishwasher_urdf/11760/configuration/fitr_info1_base.usd@ <0x27f6e4b0>)

2026-07-14T13:50:56Z [2,712ms] [Warning] [omni.usd] Warning: in _ReportErrors at line 3172 of /builds/omniverse/usd-ci/USD/pxr/usd/usd/stage.cpp -- In </partnet_6e85f6897e07e0b1df3a1b0d597ce76e/base/visuals>: Unresolved reference prim path @/home/ubuntu/workspace/physvla_sim/datasets/data_normalized/Dishwasher_urdf/11760/configuration/fitr_info1_physics.usd@</visuals/base> introduced by @/home/ubuntu/workspace/physvla_sim/datasets/data_normalized/Dishwasher_urdf/11760/configuration/fitr_info1_base.usd@</partnet_6e85f6897e07e0b1df3a1b0d597ce76e/base/visuals> (instantiating stage on stage @/home/ubuntu/workspace/physvla_sim/datasets/data_normalized/Dishwasher_urdf/11760/configuration/fitr_info1_physics.usd@ <0x303c61e0>)

2026-07-14T13:50:56Z [2,714ms] [Warning] [omni.usd] Warning: in _ReportErrors at line 3172 of /builds/omniverse/usd-ci/USD/pxr/usd/usd/stage.cpp -- In </partnet_6e85f6897e07e0b1df3a1b0d597ce76e/base/visuals>: Unresolved reference prim path @/home/ubuntu/workspace/physvla_sim/datasets/data_normalized/Dishwasher_urdf/11760/configuration/fitr_info1_physics.usd@</visuals/base> introduced by @/home/ubuntu/workspace/physvla_sim/datasets/data_normalized/Dishwasher_urdf/11760/configuration/fitr_info1_base.usd@</partnet_6e85f6897e07e0b1df3a1b0d597ce76e/base/visuals> (instantiating stage on stage @/home/ubuntu/workspace/physvla_sim/datasets/data_normalized/Dishwasher_urdf/11760/fitr_info1.usd@ <0x27f3faf0>)

[INFO][AppLauncher]: Using device: cuda:0
[INFO][AppLauncher]: Loading experience file: /home/ubuntu/workspace/IsaacLab/apps/isaaclab.python.headless.kit
{
  "output": "/home/ubuntu/workspace/physvla_sim/datasets/data_normalized/Dishwasher_urdf/11760/fitr_info1.usd",
  "scale": 0.3746008097580976,
  "scale_layer": "/home/ubuntu/workspace/physvla_sim/datasets/data_normalized/Dishwasher_urdf/11760/configuration/fitr_info1_base.usd",
  "joints": [
    {
      "joint": "/partnet_6e85f6897e07e0b1df3a1b0d597ce76e/joints/joint_0",
      "drive": "angular",
      "damping": 625.0,
      "stiffness": 0.0,
      "max_force": 9.399999618530273
    }
  ],
  "dynamics_layer": "/home/ubuntu/workspace/physvla_sim/datasets/data_normalized/Dishwasher_urdf/11760/configuration/fitr_info1_physics.usd",
  "affordance_links": [
    "/partnet_6e85f6897e07e0b1df3a1b0d597ce76e/door_1"
  ]
}
Loading user config located at: '/home/ubuntu/isaacsim/kit/data/Kit/Isaac-Sim/5.1/user.config.json'
[Info] [carb] Logging to file: /home/ubuntu/isaacsim/kit/logs/Kit/Isaac-Sim/5.1/kit_20260714_215057.log
2026-07-14T13:50:57Z [181ms] [Warning] [omni.usd_config.extension] Enable omni.materialx.libs extension to use MaterialX
2026-07-14T13:50:57Z [185ms] [Warning] [omni.platforminfo.plugin] failed to open the default display.  Can't verify X Server version.
2026-07-14T13:50:57Z [455ms] [Warning] [carb] Acquiring non optional plugin interface which is not listed as dependency: [omni::physx::IPhysxBenchmarks v1.0] (plugin: <default plugin>), by client: omni.physics.physx.plugin. Add it to CARB_PLUGIN_IMPL_DEPS() macro of a client.
2026-07-14T13:50:57Z [587ms] [Warning] [omni.isaac.dynamic_control] omni.isaac.dynamic_control is deprecated as of Isaac Sim 4.5. No action is needed from end-users.

|---------------------------------------------------------------------------------------------|
| Driver Version: 580.142       | Graphics API: Vulkan
|=============================================================================================|
| GPU | Name                             | Active | LDA | GPU Memory | Vendor-ID | LUID       |
|     |                                  |        |     |            | Device-ID | UUID       |
|     |                                  |        |     |            | Bus-ID    |            |
|---------------------------------------------------------------------------------------------|
| 0   | NVIDIA GeForce RTX 5090 D v2     | Yes: 0 |     | 24701   MB | 10de      | 0          |
|     |                                  |        |     |            | 2b8c      | 5f3d0dc0.. |
|     |                                  |        |     |            | 1         |            |
|=============================================================================================|
| OS: 24.04.3 LTS (Noble Numbat) ubuntu, Version: 24.04.3, Kernel: 6.17.0-1017-oem
| Processor: Intel(R) Core(TM) i9-14900K
| Cores: 24 | Logical Cores: 32
|---------------------------------------------------------------------------------------------|
| Total Memory (MB): 64063 | Free Memory: 55197
| Total Page/Swap (MB): 8191 | Free Page/Swap: 8191
|---------------------------------------------------------------------------------------------|
2026-07-14T13:50:59Z [2,575ms] [Warning] [gpu.foundation.plugin] CPU performance profile is set to powersave. This profile sets the CPU to the lowest frequency reducing performance.
2026-07-14T13:50:59Z [2,583ms] [Warning] [gpu.foundation.plugin] IOMMU is enabled.
2026-07-14T13:50:59Z [2,713ms] [Warning] [carb.windowing-glfw.plugin] GLFW initialization failed.
2026-07-14T13:50:59Z [2,713ms] [Warning] [carb] Failed to startup plugin carb.windowing-glfw.plugin (interfaces: [carb::windowing::IGLContext v1.0],[carb::windowing::IWindowing v1.5]) (impl: carb.windowing-glfw.plugin)

|---------------------------------------------------------------------------------------------|
| Driver Version: 580.142       | Graphics API: Vulkan
|=============================================================================================|
| GPU | Name                             | Active | LDA | GPU Memory | Vendor-ID | LUID       |
|     |                                  |        |     |            | Device-ID | UUID       |
|     |                                  |        |     |            | Bus-ID    |            |
|---------------------------------------------------------------------------------------------|
| 0   | NVIDIA GeForce RTX 5090 D v2     | Yes: 0 |     | 24701   MB | 10de      | 0          |
|     |                                  |        |     |            | 2b8c      | 5f3d0dc0.. |
|     |                                  |        |     |            | 1         |            |
|=============================================================================================|
| OS: 24.04.3 LTS (Noble Numbat) ubuntu, Version: 24.04.3, Kernel: 6.17.0-1017-oem
| Processor: Intel(R) Core(TM) i9-14900K
| Cores: 24 | Logical Cores: 32
|---------------------------------------------------------------------------------------------|
| Total Memory (MB): 64063 | Free Memory: 55008
| Total Page/Swap (MB): 8191 | Free Page/Swap: 8191
|---------------------------------------------------------------------------------------------|
2026-07-14T13:51:00Z [2,941ms] [Warning] [gpu.foundation.plugin] CPU performance profile is set to powersave. This profile sets the CPU to the lowest frequency reducing performance.
2026-07-14T13:51:00Z [2,941ms] [Warning] [gpu.foundation.plugin] IOMMU is enabled.
2026-07-14T13:51:00Z [3,139ms] [Warning] [carb.windowing-glfw.plugin] GLFW initialization failed.
2026-07-14T13:51:00Z [3,139ms] [Warning] [carb] Failed to startup plugin carb.windowing-glfw.plugin (interfaces: [carb::windowing::IGLContext v1.0],[carb::windowing::IWindowing v1.5]) (impl: carb.windowing-glfw.plugin)
2026-07-14T13:51:00Z [3,151ms] [Warning] [carb.windowing-glfw.plugin] GLFW initialization failed.
2026-07-14T13:51:00Z [3,151ms] [Warning] [carb] Failed to startup plugin carb.windowing-glfw.plugin (interfaces: [carb::windowing::IGLContext v1.0],[carb::windowing::IWindowing v1.5]) (impl: carb.windowing-glfw.plugin)
2026-07-14T13:51:00Z [3,156ms] [Warning] [carb.windowing-glfw.plugin] GLFW initialization failed.
2026-07-14T13:51:00Z [3,156ms] [Warning] [carb] Failed to startup plugin carb.windowing-glfw.plugin (interfaces: [carb::windowing::IGLContext v1.0],[carb::windowing::IWindowing v1.5]) (impl: carb.windowing-glfw.plugin)
2026-07-14T13:51:00Z [3,161ms] [Warning] [carb.windowing-glfw.plugin] GLFW initialization failed.
2026-07-14T13:51:00Z [3,161ms] [Warning] [carb] Failed to startup plugin carb.windowing-glfw.plugin (interfaces: [carb::windowing::IGLContext v1.0],[carb::windowing::IWindowing v1.5]) (impl: carb.windowing-glfw.plugin)
2026-07-14T13:51:00Z [3,162ms] [Warning] [carb.windowing-glfw.plugin] GLFW initialization failed.
2026-07-14T13:51:00Z [3,162ms] [Warning] [carb] Failed to startup plugin carb.windowing-glfw.plugin (interfaces: [carb::windowing::IGLContext v1.0],[carb::windowing::IWindowing v1.5]) (impl: carb.windowing-glfw.plugin)
2026-07-14T13:51:00Z [3,163ms] [Warning] [carb.windowing-glfw.plugin] GLFW initialization failed.
2026-07-14T13:51:00Z [3,163ms] [Warning] [carb] Failed to startup plugin carb.windowing-glfw.plugin (interfaces: [carb::windowing::IGLContext v1.0],[carb::windowing::IWindowing v1.5]) (impl: carb.windowing-glfw.plugin)
2026-07-14T13:51:00Z [3,409ms] [Warning] [omni.graph.visualization.nodes._impl.extension] No Viewport Window to add omni.graph.visualization.nodes-2.1.3 scene to
2026-07-14T13:51:00Z [3,500ms] [Warning] [isaacsim.asset.importer.urdf] No mass specified for link base
2026-07-14T13:51:00Z [3,500ms] [Warning] [omni.usd] Warning: in _ReportErrors at line 3172 of /builds/omniverse/usd-ci/USD/pxr/usd/usd/stage.cpp -- In </partnet_6e85f6897e07e0b1df3a1b0d597ce76e/base/visuals>: Unresolved reference prim path @/home/ubuntu/workspace/physvla_sim/datasets/data_normalized/Dishwasher_urdf/11763/configuration/fitr_info1_physics.usd@</visuals/base> introduced by @/home/ubuntu/workspace/physvla_sim/datasets/data_normalized/Dishwasher_urdf/11763/configuration/fitr_info1_base.usd@</partnet_6e85f6897e07e0b1df3a1b0d597ce76e/base/visuals> (recomposing stage on stage @/home/ubuntu/workspace/physvla_sim/datasets/data_normalized/Dishwasher_urdf/11763/configuration/fitr_info1_physics.usd@ <0x705c75bcedc0>)

2026-07-14T13:51:00Z [3,500ms] [Warning] [omni.usd] Warning: in _ReportErrors at line 3172 of /builds/omniverse/usd-ci/USD/pxr/usd/usd/stage.cpp -- In </partnet_6e85f6897e07e0b1df3a1b0d597ce76e/base/visuals>: Unresolved reference prim path @/home/ubuntu/workspace/physvla_sim/datasets/data_normalized/Dishwasher_urdf/11763/fitr_info1.usd@</visuals/base> introduced by @/home/ubuntu/workspace/physvla_sim/datasets/data_normalized/Dishwasher_urdf/11763/configuration/fitr_info1_base.usd@</partnet_6e85f6897e07e0b1df3a1b0d597ce76e/base/visuals> (recomposing stage on stage @/home/ubuntu/workspace/physvla_sim/datasets/data_normalized/Dishwasher_urdf/11763/fitr_info1.usd@ <0x705c75bbb4f0>)

2026-07-14T13:51:00Z [3,500ms] [Warning] [omni.usd] Warning: in _ReportErrors at line 3172 of /builds/omniverse/usd-ci/USD/pxr/usd/usd/stage.cpp -- In </partnet_6e85f6897e07e0b1df3a1b0d597ce76e/base/visuals>: Unresolved reference prim path @/home/ubuntu/workspace/physvla_sim/datasets/data_normalized/Dishwasher_urdf/11763/fitr_info1.usd@</visuals/base> introduced by @/home/ubuntu/workspace/physvla_sim/datasets/data_normalized/Dishwasher_urdf/11763/configuration/fitr_info1_base.usd@</partnet_6e85f6897e07e0b1df3a1b0d597ce76e/base/visuals> (recomposing stage on stage @/home/ubuntu/workspace/physvla_sim/datasets/data_normalized/Dishwasher_urdf/11763/fitr_info1.usd@ <0x705c75bb6fe0>)

2026-07-14T13:51:00Z [3,500ms] [Warning] [omni.usd] Warning: in _ReportErrors at line 3172 of /builds/omniverse/usd-ci/USD/pxr/usd/usd/stage.cpp -- In </partnet_6e85f6897e07e0b1df3a1b0d597ce76e/base/visuals>: Unresolved reference prim path @/home/ubuntu/workspace/physvla_sim/datasets/data_normalized/Dishwasher_urdf/11763/configuration/fitr_info1_base.usd@</visuals/base> introduced by @/home/ubuntu/workspace/physvla_sim/datasets/data_normalized/Dishwasher_urdf/11763/configuration/fitr_info1_base.usd@</partnet_6e85f6897e07e0b1df3a1b0d597ce76e/base/visuals> (recomposing stage on stage @/home/ubuntu/workspace/physvla_sim/datasets/data_normalized/Dishwasher_urdf/11763/configuration/fitr_info1_base.usd@ <0x705c75bd7c50>)

2026-07-14T13:51:00Z [3,500ms] [Warning] [omni.usd] Warning: in _ReportErrors at line 3172 of /builds/omniverse/usd-ci/USD/pxr/usd/usd/stage.cpp -- In </partnet_6e85f6897e07e0b1df3a1b0d597ce76e/base/visuals>: Unresolved reference prim path @/home/ubuntu/workspace/physvla_sim/datasets/data_normalized/Dishwasher_urdf/11763/configuration/fitr_info1_physics.usd@</visuals/base> introduced by @/home/ubuntu/workspace/physvla_sim/datasets/data_normalized/Dishwasher_urdf/11763/configuration/fitr_info1_base.usd@</partnet_6e85f6897e07e0b1df3a1b0d597ce76e/base/visuals> (recomposing stage on stage @/home/ubuntu/workspace/physvla_sim/datasets/data_normalized/Dishwasher_urdf/11763/configuration/fitr_info1_physics.usd@ <0x705c75bcedc0>)

2026-07-14T13:51:00Z [3,500ms] [Warning] [omni.usd] Warning: in _ReportErrors at line 3172 of /builds/omniverse/usd-ci/USD/pxr/usd/usd/stage.cpp -- In </partnet_6e85f6897e07e0b1df3a1b0d597ce76e/base/visuals>: Unresolved reference prim path @/home/ubuntu/workspace/physvla_sim/datasets/data_normalized/Dishwasher_urdf/11763/fitr_info1.usd@</visuals/base> introduced by @/home/ubuntu/workspace/physvla_sim/datasets/data_normalized/Dishwasher_urdf/11763/configuration/fitr_info1_base.usd@</partnet_6e85f6897e07e0b1df3a1b0d597ce76e/base/visuals> (recomposing stage on stage @/home/ubuntu/workspace/physvla_sim/datasets/data_normalized/Dishwasher_urdf/11763/fitr_info1.usd@ <0x705c75bbb4f0>)

2026-07-14T13:51:00Z [3,500ms] [Warning] [omni.usd] Warning: in _ReportErrors at line 3172 of /builds/omniverse/usd-ci/USD/pxr/usd/usd/stage.cpp -- In </partnet_6e85f6897e07e0b1df3a1b0d597ce76e/base/visuals>: Unresolved reference prim path @/home/ubuntu/workspace/physvla_sim/datasets/data_normalized/Dishwasher_urdf/11763/fitr_info1.usd@</visuals/base> introduced by @/home/ubuntu/workspace/physvla_sim/datasets/data_normalized/Dishwasher_urdf/11763/configuration/fitr_info1_base.usd@</partnet_6e85f6897e07e0b1df3a1b0d597ce76e/base/visuals> (recomposing stage on stage @/home/ubuntu/workspace/physvla_sim/datasets/data_normalized/Dishwasher_urdf/11763/fitr_info1.usd@ <0x705c75bb6fe0>)

2026-07-14T13:51:00Z [3,500ms] [Warning] [omni.usd] Warning: in _ReportErrors at line 3172 of /builds/omniverse/usd-ci/USD/pxr/usd/usd/stage.cpp -- In </partnet_6e85f6897e07e0b1df3a1b0d597ce76e/base/visuals>: Unresolved reference prim path @/home/ubuntu/workspace/physvla_sim/datasets/data_normalized/Dishwasher_urdf/11763/configuration/fitr_info1_base.usd@</visuals/base> introduced by @/home/ubuntu/workspace/physvla_sim/datasets/data_normalized/Dishwasher_urdf/11763/configuration/fitr_info1_base.usd@</partnet_6e85f6897e07e0b1df3a1b0d597ce76e/base/visuals> (recomposing stage on stage @/home/ubuntu/workspace/physvla_sim/datasets/data_normalized/Dishwasher_urdf/11763/configuration/fitr_info1_base.usd@ <0x705c75bd7c50>)

2026-07-14T13:51:00Z [3,501ms] [Warning] [isaacsim.asset.importer.urdf] Link base has no colliders, and no inertia was imported; assigning a small isotropic inertia matrix
2026-07-14T13:51:00Z [3,501ms] [Warning] [isaacsim.asset.importer.urdf] No mass specified for link body
2026-07-14T13:51:00Z [3,599ms] [Warning] [isaacsim.asset.importer.urdf] No mass specified for link door_1
2026-07-14T13:51:00Z [3,624ms] [Warning] [omni.usd] Warning: in _ReportErrors at line 3172 of /builds/omniverse/usd-ci/USD/pxr/usd/usd/stage.cpp -- In </partnet_6e85f6897e07e0b1df3a1b0d597ce76e/base/visuals>: Unresolved reference prim path @/home/ubuntu/workspace/physvla_sim/datasets/data_normalized/Dishwasher_urdf/11763/configuration/fitr_info1_base.usd@</visuals/base> introduced by @/home/ubuntu/workspace/physvla_sim/datasets/data_normalized/Dishwasher_urdf/11763/configuration/fitr_info1_base.usd@</partnet_6e85f6897e07e0b1df3a1b0d597ce76e/base/visuals> (recomposing stage on stage @/home/ubuntu/workspace/physvla_sim/datasets/data_normalized/Dishwasher_urdf/11763/fitr_info1.usd@ <0x705c75bbb4f0>)

2026-07-14T13:51:00Z [3,624ms] [Warning] [omni.usd] Warning: in _ReportErrors at line 3172 of /builds/omniverse/usd-ci/USD/pxr/usd/usd/stage.cpp -- In </partnet_6e85f6897e07e0b1df3a1b0d597ce76e/base/visuals>: Unresolved reference prim path @/home/ubuntu/workspace/physvla_sim/datasets/data_normalized/Dishwasher_urdf/11763/configuration/fitr_info1_base.usd@</visuals/base> introduced by @/home/ubuntu/workspace/physvla_sim/datasets/data_normalized/Dishwasher_urdf/11763/configuration/fitr_info1_base.usd@</partnet_6e85f6897e07e0b1df3a1b0d597ce76e/base/visuals> (recomposing stage on stage @/home/ubuntu/workspace/physvla_sim/datasets/data_normalized/Dishwasher_urdf/11763/fitr_info1.usd@ <0x705c75bb6fe0>)

2026-07-14T13:51:00Z [3,625ms] [Warning] [omni.usd] Warning: in _ReportErrors at line 3172 of /builds/omniverse/usd-ci/USD/pxr/usd/usd/stage.cpp -- In </partnet_6e85f6897e07e0b1df3a1b0d597ce76e/base/visuals>: Unresolved reference prim path @/home/ubuntu/workspace/physvla_sim/datasets/data_normalized/Dishwasher_urdf/11763/configuration/fitr_info1_physics.usd@</visuals/base> introduced by @/home/ubuntu/workspace/physvla_sim/datasets/data_normalized/Dishwasher_urdf/11763/configuration/fitr_info1_base.usd@</partnet_6e85f6897e07e0b1df3a1b0d597ce76e/base/visuals> (recomposing stage on stage @/home/ubuntu/workspace/physvla_sim/datasets/data_normalized/Dishwasher_urdf/11763/fitr_info1.usd@ <0x705c75bbb4f0>)

2026-07-14T13:51:00Z [3,626ms] [Warning] [omni.usd] Warning: in _ReportErrors at line 3172 of /builds/omniverse/usd-ci/USD/pxr/usd/usd/stage.cpp -- In </partnet_6e85f6897e07e0b1df3a1b0d597ce76e/base/visuals>: Unresolved reference prim path @/home/ubuntu/workspace/physvla_sim/datasets/data_normalized/Dishwasher_urdf/11763/configuration/fitr_info1_physics.usd@</visuals/base> introduced by @/home/ubuntu/workspace/physvla_sim/datasets/data_normalized/Dishwasher_urdf/11763/configuration/fitr_info1_base.usd@</partnet_6e85f6897e07e0b1df3a1b0d597ce76e/base/visuals> (recomposing stage on stage @/home/ubuntu/workspace/physvla_sim/datasets/data_normalized/Dishwasher_urdf/11763/fitr_info1.usd@ <0x705c75bb6fe0>)

2026-07-14T13:51:00Z [3,626ms] [Warning] [omni.usd] Warning: in _ReportErrors at line 3172 of /builds/omniverse/usd-ci/USD/pxr/usd/usd/stage.cpp -- In </partnet_6e85f6897e07e0b1df3a1b0d597ce76e/base/visuals>: Unresolved reference prim path @/home/ubuntu/workspace/physvla_sim/datasets/data_normalized/Dishwasher_urdf/11763/configuration/fitr_info1_physics.usd@</visuals/base> introduced by @/home/ubuntu/workspace/physvla_sim/datasets/data_normalized/Dishwasher_urdf/11763/configuration/fitr_info1_base.usd@</partnet_6e85f6897e07e0b1df3a1b0d597ce76e/base/visuals> (recomposing stage on stage @/home/ubuntu/workspace/physvla_sim/datasets/data_normalized/Dishwasher_urdf/11763/fitr_info1.usd@ <0x705c75bbb4f0>)

2026-07-14T13:51:00Z [3,627ms] [Warning] [omni.usd] Warning: in _ReportErrors at line 3172 of /builds/omniverse/usd-ci/USD/pxr/usd/usd/stage.cpp -- In </partnet_6e85f6897e07e0b1df3a1b0d597ce76e/base/visuals>: Unresolved reference prim path @/home/ubuntu/workspace/physvla_sim/datasets/data_normalized/Dishwasher_urdf/11763/configuration/fitr_info1_physics.usd@</visuals/base> introduced by @/home/ubuntu/workspace/physvla_sim/datasets/data_normalized/Dishwasher_urdf/11763/configuration/fitr_info1_base.usd@</partnet_6e85f6897e07e0b1df3a1b0d597ce76e/base/visuals> (recomposing stage on stage @/home/ubuntu/workspace/physvla_sim/datasets/data_normalized/Dishwasher_urdf/11763/fitr_info1.usd@ <0x705c75bb6fe0>)

2026-07-14T13:51:00Z [3,627ms] [Warning] [omni.usd] Warning: in _ReportErrors at line 3172 of /builds/omniverse/usd-ci/USD/pxr/usd/usd/stage.cpp -- In </partnet_6e85f6897e07e0b1df3a1b0d597ce76e/base/visuals>: Unresolved reference prim path @/home/ubuntu/workspace/physvla_sim/datasets/data_normalized/Dishwasher_urdf/11763/configuration/fitr_info1_physics.usd@</visuals/base> introduced by @/home/ubuntu/workspace/physvla_sim/datasets/data_normalized/Dishwasher_urdf/11763/configuration/fitr_info1_base.usd@</partnet_6e85f6897e07e0b1df3a1b0d597ce76e/base/visuals> (recomposing stage on stage @/home/ubuntu/workspace/physvla_sim/datasets/data_normalized/Dishwasher_urdf/11763/fitr_info1.usd@ <0x705c75bbb4f0>)

2026-07-14T13:51:00Z [3,628ms] [Warning] [omni.usd] Warning: in _ReportErrors at line 3172 of /builds/omniverse/usd-ci/USD/pxr/usd/usd/stage.cpp -- In </partnet_6e85f6897e07e0b1df3a1b0d597ce76e/base/visuals>: Unresolved reference prim path @/home/ubuntu/workspace/physvla_sim/datasets/data_normalized/Dishwasher_urdf/11763/configuration/fitr_info1_physics.usd@</visuals/base> introduced by @/home/ubuntu/workspace/physvla_sim/datasets/data_normalized/Dishwasher_urdf/11763/configuration/fitr_info1_base.usd@</partnet_6e85f6897e07e0b1df3a1b0d597ce76e/base/visuals> (recomposing stage on stage @/home/ubuntu/workspace/physvla_sim/datasets/data_normalized/Dishwasher_urdf/11763/fitr_info1.usd@ <0x705c75bb6fe0>)

2026-07-14T13:51:00Z [3,629ms] [Warning] [omni.usd] Warning: in _ReportErrors at line 3172 of /builds/omniverse/usd-ci/USD/pxr/usd/usd/stage.cpp -- In </partnet_6e85f6897e07e0b1df3a1b0d597ce76e/base/visuals>: Unresolved reference prim path @/home/ubuntu/workspace/physvla_sim/datasets/data_normalized/Dishwasher_urdf/11763/configuration/fitr_info1_physics.usd@</visuals/base> introduced by @/home/ubuntu/workspace/physvla_sim/datasets/data_normalized/Dishwasher_urdf/11763/configuration/fitr_info1_base.usd@</partnet_6e85f6897e07e0b1df3a1b0d597ce76e/base/visuals> (recomposing stage on stage @/home/ubuntu/workspace/physvla_sim/datasets/data_normalized/Dishwasher_urdf/11763/fitr_info1.usd@ <0x705c75bbb4f0>)

2026-07-14T13:51:00Z [3,629ms] [Warning] [omni.usd] Warning: in _ReportErrors at line 3172 of /builds/omniverse/usd-ci/USD/pxr/usd/usd/stage.cpp -- In </partnet_6e85f6897e07e0b1df3a1b0d597ce76e/base/visuals>: Unresolved reference prim path @/home/ubuntu/workspace/physvla_sim/datasets/data_normalized/Dishwasher_urdf/11763/configuration/fitr_info1_physics.usd@</visuals/base> introduced by @/home/ubuntu/workspace/physvla_sim/datasets/data_normalized/Dishwasher_urdf/11763/configuration/fitr_info1_base.usd@</partnet_6e85f6897e07e0b1df3a1b0d597ce76e/base/visuals> (recomposing stage on stage @/home/ubuntu/workspace/physvla_sim/datasets/data_normalized/Dishwasher_urdf/11763/fitr_info1.usd@ <0x705c75bb6fe0>)

2026-07-14T13:51:00Z [3,630ms] [Warning] [omni.usd] Warning: in _ReportErrors at line 3172 of /builds/omniverse/usd-ci/USD/pxr/usd/usd/stage.cpp -- In </partnet_6e85f6897e07e0b1df3a1b0d597ce76e/base/visuals>: Unresolved reference prim path @/home/ubuntu/workspace/physvla_sim/datasets/data_normalized/Dishwasher_urdf/11763/configuration/fitr_info1_physics.usd@</visuals/base> introduced by @/home/ubuntu/workspace/physvla_sim/datasets/data_normalized/Dishwasher_urdf/11763/configuration/fitr_info1_base.usd@</partnet_6e85f6897e07e0b1df3a1b0d597ce76e/base/visuals> (recomposing stage on stage @/home/ubuntu/workspace/physvla_sim/datasets/data_normalized/Dishwasher_urdf/11763/fitr_info1.usd@ <0x705c75bbb4f0>)

2026-07-14T13:51:00Z [3,631ms] [Warning] [omni.usd] Warning: in _ReportErrors at line 3172 of /builds/omniverse/usd-ci/USD/pxr/usd/usd/stage.cpp -- In </partnet_6e85f6897e07e0b1df3a1b0d597ce76e/base/visuals>: Unresolved reference prim path @/home/ubuntu/workspace/physvla_sim/datasets/data_normalized/Dishwasher_urdf/11763/configuration/fitr_info1_physics.usd@</visuals/base> introduced by @/home/ubuntu/workspace/physvla_sim/datasets/data_normalized/Dishwasher_urdf/11763/configuration/fitr_info1_base.usd@</partnet_6e85f6897e07e0b1df3a1b0d597ce76e/base/visuals> (recomposing stage on stage @/home/ubuntu/workspace/physvla_sim/datasets/data_normalized/Dishwasher_urdf/11763/fitr_info1.usd@ <0x705c75bb6fe0>)

2026-07-14T13:51:00Z [3,632ms] [Warning] [omni.usd] Warning: in _ReportErrors at line 3172 of /builds/omniverse/usd-ci/USD/pxr/usd/usd/stage.cpp -- In </partnet_6e85f6897e07e0b1df3a1b0d597ce76e/base/visuals>: Unresolved reference prim path @/home/ubuntu/workspace/physvla_sim/datasets/data_normalized/Dishwasher_urdf/11763/configuration/fitr_info1_physics.usd@</visuals/base> introduced by @/home/ubuntu/workspace/physvla_sim/datasets/data_normalized/Dishwasher_urdf/11763/configuration/fitr_info1_base.usd@</partnet_6e85f6897e07e0b1df3a1b0d597ce76e/base/visuals> (recomposing stage on stage @/home/ubuntu/workspace/physvla_sim/datasets/data_normalized/Dishwasher_urdf/11763/fitr_info1.usd@ <0x705c75bbb4f0>)

2026-07-14T13:51:00Z [3,632ms] [Warning] [omni.usd] Warning: in _ReportErrors at line 3172 of /builds/omniverse/usd-ci/USD/pxr/usd/usd/stage.cpp -- In </partnet_6e85f6897e07e0b1df3a1b0d597ce76e/base/visuals>: Unresolved reference prim path @/home/ubuntu/workspace/physvla_sim/datasets/data_normalized/Dishwasher_urdf/11763/configuration/fitr_info1_physics.usd@</visuals/base> introduced by @/home/ubuntu/workspace/physvla_sim/datasets/data_normalized/Dishwasher_urdf/11763/configuration/fitr_info1_base.usd@</partnet_6e85f6897e07e0b1df3a1b0d597ce76e/base/visuals> (recomposing stage on stage @/home/ubuntu/workspace/physvla_sim/datasets/data_normalized/Dishwasher_urdf/11763/fitr_info1.usd@ <0x705c75bb6fe0>)

2026-07-14T13:51:00Z [3,633ms] [Warning] [omni.usd] Warning: in _ReportErrors at line 3172 of /builds/omniverse/usd-ci/USD/pxr/usd/usd/stage.cpp -- In </partnet_6e85f6897e07e0b1df3a1b0d597ce76e/base/visuals>: Unresolved reference prim path @/home/ubuntu/workspace/physvla_sim/datasets/data_normalized/Dishwasher_urdf/11763/configuration/fitr_info1_physics.usd@</visuals/base> introduced by @/home/ubuntu/workspace/physvla_sim/datasets/data_normalized/Dishwasher_urdf/11763/configuration/fitr_info1_base.usd@</partnet_6e85f6897e07e0b1df3a1b0d597ce76e/base/visuals> (recomposing stage on stage @/home/ubuntu/workspace/physvla_sim/datasets/data_normalized/Dishwasher_urdf/11763/fitr_info1.usd@ <0x705c75bbb4f0>)

2026-07-14T13:51:00Z [3,634ms] [Warning] [omni.usd] Warning: in _ReportErrors at line 3172 of /builds/omniverse/usd-ci/USD/pxr/usd/usd/stage.cpp -- In </partnet_6e85f6897e07e0b1df3a1b0d597ce76e/base/visuals>: Unresolved reference prim path @/home/ubuntu/workspace/physvla_sim/datasets/data_normalized/Dishwasher_urdf/11763/configuration/fitr_info1_physics.usd@</visuals/base> introduced by @/home/ubuntu/workspace/physvla_sim/datasets/data_normalized/Dishwasher_urdf/11763/configuration/fitr_info1_base.usd@</partnet_6e85f6897e07e0b1df3a1b0d597ce76e/base/visuals> (recomposing stage on stage @/home/ubuntu/workspace/physvla_sim/datasets/data_normalized/Dishwasher_urdf/11763/fitr_info1.usd@ <0x705c75bb6fe0>)

Loading user config located at: '/home/ubuntu/isaacsim/kit/data/Kit/Isaac-Sim/5.1/user.config.json'
[Info] [carb] Logging to file: /home/ubuntu/isaacsim/kit/logs/Kit/Isaac-Sim/5.1/kit_20260714_215101.log
2026-07-14T13:51:01Z [181ms] [Warning] [omni.usd_config.extension] Enable omni.materialx.libs extension to use MaterialX
2026-07-14T13:51:01Z [187ms] [Warning] [omni.platforminfo.plugin] failed to open the default display.  Can't verify X Server version.
2026-07-14T13:51:01Z [454ms] [Warning] [carb] Acquiring non optional plugin interface which is not listed as dependency: [omni::physx::IPhysxBenchmarks v1.0] (plugin: <default plugin>), by client: omni.physics.physx.plugin. Add it to CARB_PLUGIN_IMPL_DEPS() macro of a client.
2026-07-14T13:51:01Z [587ms] [Warning] [omni.isaac.dynamic_control] omni.isaac.dynamic_control is deprecated as of Isaac Sim 4.5. No action is needed from end-users.

|---------------------------------------------------------------------------------------------|
| Driver Version: 580.142       | Graphics API: Vulkan
|=============================================================================================|
| GPU | Name                             | Active | LDA | GPU Memory | Vendor-ID | LUID       |
|     |                                  |        |     |            | Device-ID | UUID       |
|     |                                  |        |     |            | Bus-ID    |            |
|---------------------------------------------------------------------------------------------|
| 0   | NVIDIA GeForce RTX 5090 D v2     | Yes: 0 |     | 24701   MB | 10de      | 0          |
|     |                                  |        |     |            | 2b8c      | 5f3d0dc0.. |
|     |                                  |        |     |            | 1         |            |
|=============================================================================================|
| OS: 24.04.3 LTS (Noble Numbat) ubuntu, Version: 24.04.3, Kernel: 6.17.0-1017-oem
| Processor: Intel(R) Core(TM) i9-14900K
| Cores: 24 | Logical Cores: 32
|---------------------------------------------------------------------------------------------|
| Total Memory (MB): 64063 | Free Memory: 55350
| Total Page/Swap (MB): 8191 | Free Page/Swap: 8191
|---------------------------------------------------------------------------------------------|
2026-07-14T13:51:03Z [2,565ms] [Warning] [gpu.foundation.plugin] CPU performance profile is set to powersave. This profile sets the CPU to the lowest frequency reducing performance.
2026-07-14T13:51:03Z [2,573ms] [Warning] [gpu.foundation.plugin] IOMMU is enabled.
2026-07-14T13:51:03Z [2,698ms] [Warning] [omni.usd] Warning: in _ReportErrors at line 3172 of /builds/omniverse/usd-ci/USD/pxr/usd/usd/stage.cpp -- In </partnet_6e85f6897e07e0b1df3a1b0d597ce76e/base/visuals>: Unresolved reference prim path @/home/ubuntu/workspace/physvla_sim/datasets/data_normalized/Dishwasher_urdf/11763/configuration/fitr_info1_base.usd@</visuals/base> introduced by @/home/ubuntu/workspace/physvla_sim/datasets/data_normalized/Dishwasher_urdf/11763/configuration/fitr_info1_base.usd@</partnet_6e85f6897e07e0b1df3a1b0d597ce76e/base/visuals> (instantiating stage on stage @/home/ubuntu/workspace/physvla_sim/datasets/data_normalized/Dishwasher_urdf/11763/configuration/fitr_info1_base.usd@ <0x5cc2ed0>)

2026-07-14T13:51:03Z [2,702ms] [Warning] [omni.usd] Warning: in _ReportErrors at line 3172 of /builds/omniverse/usd-ci/USD/pxr/usd/usd/stage.cpp -- In </partnet_6e85f6897e07e0b1df3a1b0d597ce76e/base/visuals>: Unresolved reference prim path @/home/ubuntu/workspace/physvla_sim/datasets/data_normalized/Dishwasher_urdf/11763/configuration/fitr_info1_physics.usd@</visuals/base> introduced by @/home/ubuntu/workspace/physvla_sim/datasets/data_normalized/Dishwasher_urdf/11763/configuration/fitr_info1_base.usd@</partnet_6e85f6897e07e0b1df3a1b0d597ce76e/base/visuals> (instantiating stage on stage @/home/ubuntu/workspace/physvla_sim/datasets/data_normalized/Dishwasher_urdf/11763/configuration/fitr_info1_physics.usd@ <0xe164350>)

2026-07-14T13:51:03Z [2,704ms] [Warning] [omni.usd] Warning: in _ReportErrors at line 3172 of /builds/omniverse/usd-ci/USD/pxr/usd/usd/stage.cpp -- In </partnet_6e85f6897e07e0b1df3a1b0d597ce76e/base/visuals>: Unresolved reference prim path @/home/ubuntu/workspace/physvla_sim/datasets/data_normalized/Dishwasher_urdf/11763/configuration/fitr_info1_physics.usd@</visuals/base> introduced by @/home/ubuntu/workspace/physvla_sim/datasets/data_normalized/Dishwasher_urdf/11763/configuration/fitr_info1_base.usd@</partnet_6e85f6897e07e0b1df3a1b0d597ce76e/base/visuals> (instantiating stage on stage @/home/ubuntu/workspace/physvla_sim/datasets/data_normalized/Dishwasher_urdf/11763/fitr_info1.usd@ <0x5c94510>)

[INFO][AppLauncher]: Using device: cuda:0
[INFO][AppLauncher]: Loading experience file: /home/ubuntu/workspace/IsaacLab/apps/isaaclab.python.headless.kit
{
  "output": "/home/ubuntu/workspace/physvla_sim/datasets/data_normalized/Dishwasher_urdf/11763/fitr_info1.usd",
  "scale": 0.41421654736330027,
  "scale_layer": "/home/ubuntu/workspace/physvla_sim/datasets/data_normalized/Dishwasher_urdf/11763/configuration/fitr_info1_base.usd",
  "joints": [
    {
      "joint": "/partnet_6e85f6897e07e0b1df3a1b0d597ce76e/joints/joint_0",
      "drive": "angular",
      "damping": 695.0,
      "stiffness": 0.0,
      "max_force": 10.4399995803833
    }
  ],
  "dynamics_layer": "/home/ubuntu/workspace/physvla_sim/datasets/data_normalized/Dishwasher_urdf/11763/configuration/fitr_info1_physics.usd",
  "affordance_links": [
    "/partnet_6e85f6897e07e0b1df3a1b0d597ce76e/door_1"
  ]
}
Loading user config located at: '/home/ubuntu/isaacsim/kit/data/Kit/Isaac-Sim/5.1/user.config.json'
[Info] [carb] Logging to file: /home/ubuntu/isaacsim/kit/logs/Kit/Isaac-Sim/5.1/kit_20260714_215104.log
2026-07-14T13:51:04Z [195ms] [Warning] [omni.usd_config.extension] Enable omni.materialx.libs extension to use MaterialX
2026-07-14T13:51:04Z [196ms] [Warning] [omni.platforminfo.plugin] failed to open the default display.  Can't verify X Server version.
2026-07-14T13:51:04Z [470ms] [Warning] [carb] Acquiring non optional plugin interface which is not listed as dependency: [omni::physx::IPhysxBenchmarks v1.0] (plugin: <default plugin>), by client: omni.physics.physx.plugin. Add it to CARB_PLUGIN_IMPL_DEPS() macro of a client.
2026-07-14T13:51:04Z [604ms] [Warning] [omni.isaac.dynamic_control] omni.isaac.dynamic_control is deprecated as of Isaac Sim 4.5. No action is needed from end-users.

|---------------------------------------------------------------------------------------------|
| Driver Version: 580.142       | Graphics API: Vulkan
|=============================================================================================|
| GPU | Name                             | Active | LDA | GPU Memory | Vendor-ID | LUID       |
|     |                                  |        |     |            | Device-ID | UUID       |
|     |                                  |        |     |            | Bus-ID    |            |
|---------------------------------------------------------------------------------------------|
| 0   | NVIDIA GeForce RTX 5090 D v2     | Yes: 0 |     | 24701   MB | 10de      | 0          |
|     |                                  |        |     |            | 2b8c      | 5f3d0dc0.. |
|     |                                  |        |     |            | 1         |            |
|=============================================================================================|
| OS: 24.04.3 LTS (Noble Numbat) ubuntu, Version: 24.04.3, Kernel: 6.17.0-1017-oem
| Processor: Intel(R) Core(TM) i9-14900K
| Cores: 24 | Logical Cores: 32
|---------------------------------------------------------------------------------------------|
| Total Memory (MB): 64063 | Free Memory: 55345
| Total Page/Swap (MB): 8191 | Free Page/Swap: 8191
|---------------------------------------------------------------------------------------------|
2026-07-14T13:51:06Z [2,326ms] [Warning] [gpu.foundation.plugin] CPU performance profile is set to powersave. This profile sets the CPU to the lowest frequency reducing performance.
2026-07-14T13:51:06Z [2,334ms] [Warning] [gpu.foundation.plugin] IOMMU is enabled.
2026-07-14T13:51:06Z [2,471ms] [Warning] [carb.windowing-glfw.plugin] GLFW initialization failed.
2026-07-14T13:51:06Z [2,471ms] [Warning] [carb] Failed to startup plugin carb.windowing-glfw.plugin (interfaces: [carb::windowing::IGLContext v1.0],[carb::windowing::IWindowing v1.5]) (impl: carb.windowing-glfw.plugin)

|---------------------------------------------------------------------------------------------|
| Driver Version: 580.142       | Graphics API: Vulkan
|=============================================================================================|
| GPU | Name                             | Active | LDA | GPU Memory | Vendor-ID | LUID       |
|     |                                  |        |     |            | Device-ID | UUID       |
|     |                                  |        |     |            | Bus-ID    |            |
|---------------------------------------------------------------------------------------------|
| 0   | NVIDIA GeForce RTX 5090 D v2     | Yes: 0 |     | 24701   MB | 10de      | 0          |
|     |                                  |        |     |            | 2b8c      | 5f3d0dc0.. |
|     |                                  |        |     |            | 1         |            |
|=============================================================================================|
| OS: 24.04.3 LTS (Noble Numbat) ubuntu, Version: 24.04.3, Kernel: 6.17.0-1017-oem
| Processor: Intel(R) Core(TM) i9-14900K
| Cores: 24 | Logical Cores: 32
|---------------------------------------------------------------------------------------------|
| Total Memory (MB): 64063 | Free Memory: 55131
| Total Page/Swap (MB): 8191 | Free Page/Swap: 8191
|---------------------------------------------------------------------------------------------|
2026-07-14T13:51:06Z [2,697ms] [Warning] [gpu.foundation.plugin] CPU performance profile is set to powersave. This profile sets the CPU to the lowest frequency reducing performance.
2026-07-14T13:51:06Z [2,697ms] [Warning] [gpu.foundation.plugin] IOMMU is enabled.
2026-07-14T13:51:07Z [2,906ms] [Warning] [carb.windowing-glfw.plugin] GLFW initialization failed.
2026-07-14T13:51:07Z [2,906ms] [Warning] [carb] Failed to startup plugin carb.windowing-glfw.plugin (interfaces: [carb::windowing::IGLContext v1.0],[carb::windowing::IWindowing v1.5]) (impl: carb.windowing-glfw.plugin)
2026-07-14T13:51:07Z [2,918ms] [Warning] [carb.windowing-glfw.plugin] GLFW initialization failed.
2026-07-14T13:51:07Z [2,918ms] [Warning] [carb] Failed to startup plugin carb.windowing-glfw.plugin (interfaces: [carb::windowing::IGLContext v1.0],[carb::windowing::IWindowing v1.5]) (impl: carb.windowing-glfw.plugin)
2026-07-14T13:51:07Z [2,923ms] [Warning] [carb.windowing-glfw.plugin] GLFW initialization failed.
2026-07-14T13:51:07Z [2,923ms] [Warning] [carb] Failed to startup plugin carb.windowing-glfw.plugin (interfaces: [carb::windowing::IGLContext v1.0],[carb::windowing::IWindowing v1.5]) (impl: carb.windowing-glfw.plugin)
2026-07-14T13:51:07Z [2,928ms] [Warning] [carb.windowing-glfw.plugin] GLFW initialization failed.
2026-07-14T13:51:07Z [2,928ms] [Warning] [carb] Failed to startup plugin carb.windowing-glfw.plugin (interfaces: [carb::windowing::IGLContext v1.0],[carb::windowing::IWindowing v1.5]) (impl: carb.windowing-glfw.plugin)
2026-07-14T13:51:07Z [2,929ms] [Warning] [carb.windowing-glfw.plugin] GLFW initialization failed.
2026-07-14T13:51:07Z [2,929ms] [Warning] [carb] Failed to startup plugin carb.windowing-glfw.plugin (interfaces: [carb::windowing::IGLContext v1.0],[carb::windowing::IWindowing v1.5]) (impl: carb.windowing-glfw.plugin)
2026-07-14T13:51:07Z [2,929ms] [Warning] [carb.windowing-glfw.plugin] GLFW initialization failed.
2026-07-14T13:51:07Z [2,929ms] [Warning] [carb] Failed to startup plugin carb.windowing-glfw.plugin (interfaces: [carb::windowing::IGLContext v1.0],[carb::windowing::IWindowing v1.5]) (impl: carb.windowing-glfw.plugin)
2026-07-14T13:51:07Z [3,175ms] [Warning] [omni.graph.visualization.nodes._impl.extension] No Viewport Window to add omni.graph.visualization.nodes-2.1.3 scene to
2026-07-14T13:51:07Z [3,266ms] [Warning] [isaacsim.asset.importer.urdf] No mass specified for link base
2026-07-14T13:51:07Z [3,266ms] [Warning] [omni.usd] Warning: in _ReportErrors at line 3172 of /builds/omniverse/usd-ci/USD/pxr/usd/usd/stage.cpp -- In </partnet_b5ca6cded4b23f2455b2aedb5bd199c6/base/visuals>: Unresolved reference prim path @/home/ubuntu/workspace/physvla_sim/datasets/data_normalized/Dishwasher_urdf/11826/configuration/fitr_info1_physics.usd@</visuals/base> introduced by @/home/ubuntu/workspace/physvla_sim/datasets/data_normalized/Dishwasher_urdf/11826/configuration/fitr_info1_base.usd@</partnet_b5ca6cded4b23f2455b2aedb5bd199c6/base/visuals> (recomposing stage on stage @/home/ubuntu/workspace/physvla_sim/datasets/data_normalized/Dishwasher_urdf/11826/configuration/fitr_info1_physics.usd@ <0x396bf310>)

2026-07-14T13:51:07Z [3,267ms] [Warning] [omni.usd] Warning: in _ReportErrors at line 3172 of /builds/omniverse/usd-ci/USD/pxr/usd/usd/stage.cpp -- In </partnet_b5ca6cded4b23f2455b2aedb5bd199c6/base/visuals>: Unresolved reference prim path @/home/ubuntu/workspace/physvla_sim/datasets/data_normalized/Dishwasher_urdf/11826/fitr_info1.usd@</visuals/base> introduced by @/home/ubuntu/workspace/physvla_sim/datasets/data_normalized/Dishwasher_urdf/11826/configuration/fitr_info1_base.usd@</partnet_b5ca6cded4b23f2455b2aedb5bd199c6/base/visuals> (recomposing stage on stage @/home/ubuntu/workspace/physvla_sim/datasets/data_normalized/Dishwasher_urdf/11826/fitr_info1.usd@ <0x396ab6e0>)

2026-07-14T13:51:07Z [3,267ms] [Warning] [omni.usd] Warning: in _ReportErrors at line 3172 of /builds/omniverse/usd-ci/USD/pxr/usd/usd/stage.cpp -- In </partnet_b5ca6cded4b23f2455b2aedb5bd199c6/base/visuals>: Unresolved reference prim path @/home/ubuntu/workspace/physvla_sim/datasets/data_normalized/Dishwasher_urdf/11826/fitr_info1.usd@</visuals/base> introduced by @/home/ubuntu/workspace/physvla_sim/datasets/data_normalized/Dishwasher_urdf/11826/configuration/fitr_info1_base.usd@</partnet_b5ca6cded4b23f2455b2aedb5bd199c6/base/visuals> (recomposing stage on stage @/home/ubuntu/workspace/physvla_sim/datasets/data_normalized/Dishwasher_urdf/11826/fitr_info1.usd@ <0x396a7110>)

2026-07-14T13:51:07Z [3,267ms] [Warning] [omni.usd] Warning: in _ReportErrors at line 3172 of /builds/omniverse/usd-ci/USD/pxr/usd/usd/stage.cpp -- In </partnet_b5ca6cded4b23f2455b2aedb5bd199c6/base/visuals>: Unresolved reference prim path @/home/ubuntu/workspace/physvla_sim/datasets/data_normalized/Dishwasher_urdf/11826/configuration/fitr_info1_base.usd@</visuals/base> introduced by @/home/ubuntu/workspace/physvla_sim/datasets/data_normalized/Dishwasher_urdf/11826/configuration/fitr_info1_base.usd@</partnet_b5ca6cded4b23f2455b2aedb5bd199c6/base/visuals> (recomposing stage on stage @/home/ubuntu/workspace/physvla_sim/datasets/data_normalized/Dishwasher_urdf/11826/configuration/fitr_info1_base.usd@ <0x396c83e0>)

2026-07-14T13:51:07Z [3,267ms] [Warning] [omni.usd] Warning: in _ReportErrors at line 3172 of /builds/omniverse/usd-ci/USD/pxr/usd/usd/stage.cpp -- In </partnet_b5ca6cded4b23f2455b2aedb5bd199c6/base/visuals>: Unresolved reference prim path @/home/ubuntu/workspace/physvla_sim/datasets/data_normalized/Dishwasher_urdf/11826/configuration/fitr_info1_physics.usd@</visuals/base> introduced by @/home/ubuntu/workspace/physvla_sim/datasets/data_normalized/Dishwasher_urdf/11826/configuration/fitr_info1_base.usd@</partnet_b5ca6cded4b23f2455b2aedb5bd199c6/base/visuals> (recomposing stage on stage @/home/ubuntu/workspace/physvla_sim/datasets/data_normalized/Dishwasher_urdf/11826/configuration/fitr_info1_physics.usd@ <0x396bf310>)

2026-07-14T13:51:07Z [3,267ms] [Warning] [omni.usd] Warning: in _ReportErrors at line 3172 of /builds/omniverse/usd-ci/USD/pxr/usd/usd/stage.cpp -- In </partnet_b5ca6cded4b23f2455b2aedb5bd199c6/base/visuals>: Unresolved reference prim path @/home/ubuntu/workspace/physvla_sim/datasets/data_normalized/Dishwasher_urdf/11826/fitr_info1.usd@</visuals/base> introduced by @/home/ubuntu/workspace/physvla_sim/datasets/data_normalized/Dishwasher_urdf/11826/configuration/fitr_info1_base.usd@</partnet_b5ca6cded4b23f2455b2aedb5bd199c6/base/visuals> (recomposing stage on stage @/home/ubuntu/workspace/physvla_sim/datasets/data_normalized/Dishwasher_urdf/11826/fitr_info1.usd@ <0x396ab6e0>)

2026-07-14T13:51:07Z [3,267ms] [Warning] [omni.usd] Warning: in _ReportErrors at line 3172 of /builds/omniverse/usd-ci/USD/pxr/usd/usd/stage.cpp -- In </partnet_b5ca6cded4b23f2455b2aedb5bd199c6/base/visuals>: Unresolved reference prim path @/home/ubuntu/workspace/physvla_sim/datasets/data_normalized/Dishwasher_urdf/11826/fitr_info1.usd@</visuals/base> introduced by @/home/ubuntu/workspace/physvla_sim/datasets/data_normalized/Dishwasher_urdf/11826/configuration/fitr_info1_base.usd@</partnet_b5ca6cded4b23f2455b2aedb5bd199c6/base/visuals> (recomposing stage on stage @/home/ubuntu/workspace/physvla_sim/datasets/data_normalized/Dishwasher_urdf/11826/fitr_info1.usd@ <0x396a7110>)

2026-07-14T13:51:07Z [3,267ms] [Warning] [omni.usd] Warning: in _ReportErrors at line 3172 of /builds/omniverse/usd-ci/USD/pxr/usd/usd/stage.cpp -- In </partnet_b5ca6cded4b23f2455b2aedb5bd199c6/base/visuals>: Unresolved reference prim path @/home/ubuntu/workspace/physvla_sim/datasets/data_normalized/Dishwasher_urdf/11826/configuration/fitr_info1_base.usd@</visuals/base> introduced by @/home/ubuntu/workspace/physvla_sim/datasets/data_normalized/Dishwasher_urdf/11826/configuration/fitr_info1_base.usd@</partnet_b5ca6cded4b23f2455b2aedb5bd199c6/base/visuals> (recomposing stage on stage @/home/ubuntu/workspace/physvla_sim/datasets/data_normalized/Dishwasher_urdf/11826/configuration/fitr_info1_base.usd@ <0x396c83e0>)

2026-07-14T13:51:07Z [3,267ms] [Warning] [isaacsim.asset.importer.urdf] Link base has no colliders, and no inertia was imported; assigning a small isotropic inertia matrix
2026-07-14T13:51:07Z [3,268ms] [Warning] [isaacsim.asset.importer.urdf] No mass specified for link body
2026-07-14T13:51:07Z [3,278ms] [Warning] [isaacsim.asset.importer.urdf] No mass specified for link door_1
2026-07-14T13:51:07Z [3,293ms] [Warning] [omni.usd] Warning: in _ReportErrors at line 3172 of /builds/omniverse/usd-ci/USD/pxr/usd/usd/stage.cpp -- In </partnet_b5ca6cded4b23f2455b2aedb5bd199c6/base/visuals>: Unresolved reference prim path @/home/ubuntu/workspace/physvla_sim/datasets/data_normalized/Dishwasher_urdf/11826/configuration/fitr_info1_base.usd@</visuals/base> introduced by @/home/ubuntu/workspace/physvla_sim/datasets/data_normalized/Dishwasher_urdf/11826/configuration/fitr_info1_base.usd@</partnet_b5ca6cded4b23f2455b2aedb5bd199c6/base/visuals> (recomposing stage on stage @/home/ubuntu/workspace/physvla_sim/datasets/data_normalized/Dishwasher_urdf/11826/fitr_info1.usd@ <0x396ab6e0>)

2026-07-14T13:51:07Z [3,293ms] [Warning] [omni.usd] Warning: in _ReportErrors at line 3172 of /builds/omniverse/usd-ci/USD/pxr/usd/usd/stage.cpp -- In </partnet_b5ca6cded4b23f2455b2aedb5bd199c6/base/visuals>: Unresolved reference prim path @/home/ubuntu/workspace/physvla_sim/datasets/data_normalized/Dishwasher_urdf/11826/configuration/fitr_info1_base.usd@</visuals/base> introduced by @/home/ubuntu/workspace/physvla_sim/datasets/data_normalized/Dishwasher_urdf/11826/configuration/fitr_info1_base.usd@</partnet_b5ca6cded4b23f2455b2aedb5bd199c6/base/visuals> (recomposing stage on stage @/home/ubuntu/workspace/physvla_sim/datasets/data_normalized/Dishwasher_urdf/11826/fitr_info1.usd@ <0x396a7110>)

2026-07-14T13:51:07Z [3,294ms] [Warning] [omni.usd] Warning: in _ReportErrors at line 3172 of /builds/omniverse/usd-ci/USD/pxr/usd/usd/stage.cpp -- In </partnet_b5ca6cded4b23f2455b2aedb5bd199c6/base/visuals>: Unresolved reference prim path @/home/ubuntu/workspace/physvla_sim/datasets/data_normalized/Dishwasher_urdf/11826/configuration/fitr_info1_physics.usd@</visuals/base> introduced by @/home/ubuntu/workspace/physvla_sim/datasets/data_normalized/Dishwasher_urdf/11826/configuration/fitr_info1_base.usd@</partnet_b5ca6cded4b23f2455b2aedb5bd199c6/base/visuals> (recomposing stage on stage @/home/ubuntu/workspace/physvla_sim/datasets/data_normalized/Dishwasher_urdf/11826/fitr_info1.usd@ <0x396ab6e0>)

2026-07-14T13:51:07Z [3,294ms] [Warning] [omni.usd] Warning: in _ReportErrors at line 3172 of /builds/omniverse/usd-ci/USD/pxr/usd/usd/stage.cpp -- In </partnet_b5ca6cded4b23f2455b2aedb5bd199c6/base/visuals>: Unresolved reference prim path @/home/ubuntu/workspace/physvla_sim/datasets/data_normalized/Dishwasher_urdf/11826/configuration/fitr_info1_physics.usd@</visuals/base> introduced by @/home/ubuntu/workspace/physvla_sim/datasets/data_normalized/Dishwasher_urdf/11826/configuration/fitr_info1_base.usd@</partnet_b5ca6cded4b23f2455b2aedb5bd199c6/base/visuals> (recomposing stage on stage @/home/ubuntu/workspace/physvla_sim/datasets/data_normalized/Dishwasher_urdf/11826/fitr_info1.usd@ <0x396a7110>)

2026-07-14T13:51:07Z [3,294ms] [Warning] [omni.usd] Warning: in _ReportErrors at line 3172 of /builds/omniverse/usd-ci/USD/pxr/usd/usd/stage.cpp -- In </partnet_b5ca6cded4b23f2455b2aedb5bd199c6/base/visuals>: Unresolved reference prim path @/home/ubuntu/workspace/physvla_sim/datasets/data_normalized/Dishwasher_urdf/11826/configuration/fitr_info1_physics.usd@</visuals/base> introduced by @/home/ubuntu/workspace/physvla_sim/datasets/data_normalized/Dishwasher_urdf/11826/configuration/fitr_info1_base.usd@</partnet_b5ca6cded4b23f2455b2aedb5bd199c6/base/visuals> (recomposing stage on stage @/home/ubuntu/workspace/physvla_sim/datasets/data_normalized/Dishwasher_urdf/11826/fitr_info1.usd@ <0x396ab6e0>)

2026-07-14T13:51:07Z [3,295ms] [Warning] [omni.usd] Warning: in _ReportErrors at line 3172 of /builds/omniverse/usd-ci/USD/pxr/usd/usd/stage.cpp -- In </partnet_b5ca6cded4b23f2455b2aedb5bd199c6/base/visuals>: Unresolved reference prim path @/home/ubuntu/workspace/physvla_sim/datasets/data_normalized/Dishwasher_urdf/11826/configuration/fitr_info1_physics.usd@</visuals/base> introduced by @/home/ubuntu/workspace/physvla_sim/datasets/data_normalized/Dishwasher_urdf/11826/configuration/fitr_info1_base.usd@</partnet_b5ca6cded4b23f2455b2aedb5bd199c6/base/visuals> (recomposing stage on stage @/home/ubuntu/workspace/physvla_sim/datasets/data_normalized/Dishwasher_urdf/11826/fitr_info1.usd@ <0x396a7110>)

2026-07-14T13:51:07Z [3,295ms] [Warning] [omni.usd] Warning: in _ReportErrors at line 3172 of /builds/omniverse/usd-ci/USD/pxr/usd/usd/stage.cpp -- In </partnet_b5ca6cded4b23f2455b2aedb5bd199c6/base/visuals>: Unresolved reference prim path @/home/ubuntu/workspace/physvla_sim/datasets/data_normalized/Dishwasher_urdf/11826/configuration/fitr_info1_physics.usd@</visuals/base> introduced by @/home/ubuntu/workspace/physvla_sim/datasets/data_normalized/Dishwasher_urdf/11826/configuration/fitr_info1_base.usd@</partnet_b5ca6cded4b23f2455b2aedb5bd199c6/base/visuals> (recomposing stage on stage @/home/ubuntu/workspace/physvla_sim/datasets/data_normalized/Dishwasher_urdf/11826/fitr_info1.usd@ <0x396ab6e0>)

2026-07-14T13:51:07Z [3,296ms] [Warning] [omni.usd] Warning: in _ReportErrors at line 3172 of /builds/omniverse/usd-ci/USD/pxr/usd/usd/stage.cpp -- In </partnet_b5ca6cded4b23f2455b2aedb5bd199c6/base/visuals>: Unresolved reference prim path @/home/ubuntu/workspace/physvla_sim/datasets/data_normalized/Dishwasher_urdf/11826/configuration/fitr_info1_physics.usd@</visuals/base> introduced by @/home/ubuntu/workspace/physvla_sim/datasets/data_normalized/Dishwasher_urdf/11826/configuration/fitr_info1_base.usd@</partnet_b5ca6cded4b23f2455b2aedb5bd199c6/base/visuals> (recomposing stage on stage @/home/ubuntu/workspace/physvla_sim/datasets/data_normalized/Dishwasher_urdf/11826/fitr_info1.usd@ <0x396a7110>)

2026-07-14T13:51:07Z [3,296ms] [Warning] [omni.usd] Warning: in _ReportErrors at line 3172 of /builds/omniverse/usd-ci/USD/pxr/usd/usd/stage.cpp -- In </partnet_b5ca6cded4b23f2455b2aedb5bd199c6/base/visuals>: Unresolved reference prim path @/home/ubuntu/workspace/physvla_sim/datasets/data_normalized/Dishwasher_urdf/11826/configuration/fitr_info1_physics.usd@</visuals/base> introduced by @/home/ubuntu/workspace/physvla_sim/datasets/data_normalized/Dishwasher_urdf/11826/configuration/fitr_info1_base.usd@</partnet_b5ca6cded4b23f2455b2aedb5bd199c6/base/visuals> (recomposing stage on stage @/home/ubuntu/workspace/physvla_sim/datasets/data_normalized/Dishwasher_urdf/11826/fitr_info1.usd@ <0x396ab6e0>)

2026-07-14T13:51:07Z [3,298ms] [Warning] [omni.usd] Warning: in _ReportErrors at line 3172 of /builds/omniverse/usd-ci/USD/pxr/usd/usd/stage.cpp -- In </partnet_b5ca6cded4b23f2455b2aedb5bd199c6/base/visuals>: Unresolved reference prim path @/home/ubuntu/workspace/physvla_sim/datasets/data_normalized/Dishwasher_urdf/11826/configuration/fitr_info1_physics.usd@</visuals/base> introduced by @/home/ubuntu/workspace/physvla_sim/datasets/data_normalized/Dishwasher_urdf/11826/configuration/fitr_info1_base.usd@</partnet_b5ca6cded4b23f2455b2aedb5bd199c6/base/visuals> (recomposing stage on stage @/home/ubuntu/workspace/physvla_sim/datasets/data_normalized/Dishwasher_urdf/11826/fitr_info1.usd@ <0x396a7110>)

2026-07-14T13:51:07Z [3,299ms] [Warning] [omni.usd] Warning: in _ReportErrors at line 3172 of /builds/omniverse/usd-ci/USD/pxr/usd/usd/stage.cpp -- In </partnet_b5ca6cded4b23f2455b2aedb5bd199c6/base/visuals>: Unresolved reference prim path @/home/ubuntu/workspace/physvla_sim/datasets/data_normalized/Dishwasher_urdf/11826/configuration/fitr_info1_physics.usd@</visuals/base> introduced by @/home/ubuntu/workspace/physvla_sim/datasets/data_normalized/Dishwasher_urdf/11826/configuration/fitr_info1_base.usd@</partnet_b5ca6cded4b23f2455b2aedb5bd199c6/base/visuals> (recomposing stage on stage @/home/ubuntu/workspace/physvla_sim/datasets/data_normalized/Dishwasher_urdf/11826/fitr_info1.usd@ <0x396ab6e0>)

2026-07-14T13:51:07Z [3,300ms] [Warning] [omni.usd] Warning: in _ReportErrors at line 3172 of /builds/omniverse/usd-ci/USD/pxr/usd/usd/stage.cpp -- In </partnet_b5ca6cded4b23f2455b2aedb5bd199c6/base/visuals>: Unresolved reference prim path @/home/ubuntu/workspace/physvla_sim/datasets/data_normalized/Dishwasher_urdf/11826/configuration/fitr_info1_physics.usd@</visuals/base> introduced by @/home/ubuntu/workspace/physvla_sim/datasets/data_normalized/Dishwasher_urdf/11826/configuration/fitr_info1_base.usd@</partnet_b5ca6cded4b23f2455b2aedb5bd199c6/base/visuals> (recomposing stage on stage @/home/ubuntu/workspace/physvla_sim/datasets/data_normalized/Dishwasher_urdf/11826/fitr_info1.usd@ <0x396a7110>)

2026-07-14T13:51:07Z [3,302ms] [Warning] [omni.usd] Warning: in _ReportErrors at line 3172 of /builds/omniverse/usd-ci/USD/pxr/usd/usd/stage.cpp -- In </partnet_b5ca6cded4b23f2455b2aedb5bd199c6/base/visuals>: Unresolved reference prim path @/home/ubuntu/workspace/physvla_sim/datasets/data_normalized/Dishwasher_urdf/11826/configuration/fitr_info1_physics.usd@</visuals/base> introduced by @/home/ubuntu/workspace/physvla_sim/datasets/data_normalized/Dishwasher_urdf/11826/configuration/fitr_info1_base.usd@</partnet_b5ca6cded4b23f2455b2aedb5bd199c6/base/visuals> (recomposing stage on stage @/home/ubuntu/workspace/physvla_sim/datasets/data_normalized/Dishwasher_urdf/11826/fitr_info1.usd@ <0x396ab6e0>)

2026-07-14T13:51:07Z [3,303ms] [Warning] [omni.usd] Warning: in _ReportErrors at line 3172 of /builds/omniverse/usd-ci/USD/pxr/usd/usd/stage.cpp -- In </partnet_b5ca6cded4b23f2455b2aedb5bd199c6/base/visuals>: Unresolved reference prim path @/home/ubuntu/workspace/physvla_sim/datasets/data_normalized/Dishwasher_urdf/11826/configuration/fitr_info1_physics.usd@</visuals/base> introduced by @/home/ubuntu/workspace/physvla_sim/datasets/data_normalized/Dishwasher_urdf/11826/configuration/fitr_info1_base.usd@</partnet_b5ca6cded4b23f2455b2aedb5bd199c6/base/visuals> (recomposing stage on stage @/home/ubuntu/workspace/physvla_sim/datasets/data_normalized/Dishwasher_urdf/11826/fitr_info1.usd@ <0x396a7110>)

2026-07-14T13:51:07Z [3,305ms] [Warning] [omni.usd] Warning: in _ReportErrors at line 3172 of /builds/omniverse/usd-ci/USD/pxr/usd/usd/stage.cpp -- In </partnet_b5ca6cded4b23f2455b2aedb5bd199c6/base/visuals>: Unresolved reference prim path @/home/ubuntu/workspace/physvla_sim/datasets/data_normalized/Dishwasher_urdf/11826/configuration/fitr_info1_physics.usd@</visuals/base> introduced by @/home/ubuntu/workspace/physvla_sim/datasets/data_normalized/Dishwasher_urdf/11826/configuration/fitr_info1_base.usd@</partnet_b5ca6cded4b23f2455b2aedb5bd199c6/base/visuals> (recomposing stage on stage @/home/ubuntu/workspace/physvla_sim/datasets/data_normalized/Dishwasher_urdf/11826/fitr_info1.usd@ <0x396ab6e0>)

2026-07-14T13:51:07Z [3,306ms] [Warning] [omni.usd] Warning: in _ReportErrors at line 3172 of /builds/omniverse/usd-ci/USD/pxr/usd/usd/stage.cpp -- In </partnet_b5ca6cded4b23f2455b2aedb5bd199c6/base/visuals>: Unresolved reference prim path @/home/ubuntu/workspace/physvla_sim/datasets/data_normalized/Dishwasher_urdf/11826/configuration/fitr_info1_physics.usd@</visuals/base> introduced by @/home/ubuntu/workspace/physvla_sim/datasets/data_normalized/Dishwasher_urdf/11826/configuration/fitr_info1_base.usd@</partnet_b5ca6cded4b23f2455b2aedb5bd199c6/base/visuals> (recomposing stage on stage @/home/ubuntu/workspace/physvla_sim/datasets/data_normalized/Dishwasher_urdf/11826/fitr_info1.usd@ <0x396a7110>)

[INFO][AppLauncher]: Using device: cuda:0
[INFO][AppLauncher]: Loading experience file: /home/ubuntu/workspace/IsaacLab/apps/isaaclab.python.headless.kit
Loading user config located at: '/home/ubuntu/isaacsim/kit/data/Kit/Isaac-Sim/5.1/user.config.json'
[Info] [carb] Logging to file: /home/ubuntu/isaacsim/kit/logs/Kit/Isaac-Sim/5.1/kit_20260714_215108.log
2026-07-14T13:51:08Z [181ms] [Warning] [omni.usd_config.extension] Enable omni.materialx.libs extension to use MaterialX
2026-07-14T13:51:08Z [184ms] [Warning] [omni.platforminfo.plugin] failed to open the default display.  Can't verify X Server version.
2026-07-14T13:51:08Z [456ms] [Warning] [carb] Acquiring non optional plugin interface which is not listed as dependency: [omni::physx::IPhysxBenchmarks v1.0] (plugin: <default plugin>), by client: omni.physics.physx.plugin. Add it to CARB_PLUGIN_IMPL_DEPS() macro of a client.
2026-07-14T13:51:08Z [588ms] [Warning] [omni.isaac.dynamic_control] omni.isaac.dynamic_control is deprecated as of Isaac Sim 4.5. No action is needed from end-users.

|---------------------------------------------------------------------------------------------|
| Driver Version: 580.142       | Graphics API: Vulkan
|=============================================================================================|
| GPU | Name                             | Active | LDA | GPU Memory | Vendor-ID | LUID       |
|     |                                  |        |     |            | Device-ID | UUID       |
|     |                                  |        |     |            | Bus-ID    |            |
|---------------------------------------------------------------------------------------------|
| 0   | NVIDIA GeForce RTX 5090 D v2     | Yes: 0 |     | 24701   MB | 10de      | 0          |
|     |                                  |        |     |            | 2b8c      | 5f3d0dc0.. |
|     |                                  |        |     |            | 1         |            |
|=============================================================================================|
| OS: 24.04.3 LTS (Noble Numbat) ubuntu, Version: 24.04.3, Kernel: 6.17.0-1017-oem
| Processor: Intel(R) Core(TM) i9-14900K
| Cores: 24 | Logical Cores: 32
|---------------------------------------------------------------------------------------------|
| Total Memory (MB): 64063 | Free Memory: 55335
| Total Page/Swap (MB): 8191 | Free Page/Swap: 8191
|---------------------------------------------------------------------------------------------|
2026-07-14T13:51:10Z [2,566ms] [Warning] [gpu.foundation.plugin] CPU performance profile is set to powersave. This profile sets the CPU to the lowest frequency reducing performance.
2026-07-14T13:51:10Z [2,574ms] [Warning] [gpu.foundation.plugin] IOMMU is enabled.
2026-07-14T13:51:10Z [2,697ms] [Warning] [omni.usd] Warning: in _ReportErrors at line 3172 of /builds/omniverse/usd-ci/USD/pxr/usd/usd/stage.cpp -- In </partnet_b5ca6cded4b23f2455b2aedb5bd199c6/base/visuals>: Unresolved reference prim path @/home/ubuntu/workspace/physvla_sim/datasets/data_normalized/Dishwasher_urdf/11826/configuration/fitr_info1_base.usd@</visuals/base> introduced by @/home/ubuntu/workspace/physvla_sim/datasets/data_normalized/Dishwasher_urdf/11826/configuration/fitr_info1_base.usd@</partnet_b5ca6cded4b23f2455b2aedb5bd199c6/base/visuals> (instantiating stage on stage @/home/ubuntu/workspace/physvla_sim/datasets/data_normalized/Dishwasher_urdf/11826/configuration/fitr_info1_base.usd@ <0x71787ff139a0>)

2026-07-14T13:51:10Z [2,700ms] [Warning] [omni.usd] Warning: in _ReportErrors at line 3172 of /builds/omniverse/usd-ci/USD/pxr/usd/usd/stage.cpp -- In </partnet_b5ca6cded4b23f2455b2aedb5bd199c6/base/visuals>: Unresolved reference prim path @/home/ubuntu/workspace/physvla_sim/datasets/data_normalized/Dishwasher_urdf/11826/configuration/fitr_info1_physics.usd@</visuals/base> introduced by @/home/ubuntu/workspace/physvla_sim/datasets/data_normalized/Dishwasher_urdf/11826/configuration/fitr_info1_base.usd@</partnet_b5ca6cded4b23f2455b2aedb5bd199c6/base/visuals> (instantiating stage on stage @/home/ubuntu/workspace/physvla_sim/datasets/data_normalized/Dishwasher_urdf/11826/configuration/fitr_info1_physics.usd@ <0x417aa120>)

Traceback (most recent call last):
  File "/home/ubuntu/workspace/physvla_sim/Augment_code/dyn/author_info1_usd.py", line 189, in <module>
    main()
  File "/home/ubuntu/workspace/physvla_sim/Augment_code/dyn/author_info1_usd.py", line 131, in main
    prim, drive_name = author_joint(physics_stage, data)
                       ^^^^^^^^^^^^^^^^^^^^^^^^^^^^^^^^^
  File "/home/ubuntu/workspace/physvla_sim/Augment_code/dyn/author_info1_usd.py", line 92, in author_joint
    prim = child_prim(stage, f"joints/{data['joint_name']}", "joint dynamics")
           ^^^^^^^^^^^^^^^^^^^^^^^^^^^^^^^^^^^^^^^^^^^^^^^^^^^^^^^^^^^^^^^^^^^
  File "/home/ubuntu/workspace/physvla_sim/Augment_code/dyn/author_info1_usd.py", line 37, in child_prim
    raise ValueError(f"Missing {purpose} prim at {root.GetPath()}/{relative_path}")
ValueError: Missing joint dynamics prim at /partnet_b5ca6cded4b23f2455b2aedb5bd199c6/joints/joint_0
2026-07-14T13:51:10Z [2,706ms] [Warning] [omni.physx.plugin] USD stage detach not called, holding a loose ptr to a stage!
2026-07-14T13:51:10Z [2,872ms] [Warning] [carb] Recursive unloadAllPlugins() detected!
Loading user config located at: '/home/ubuntu/isaacsim/kit/data/Kit/Isaac-Sim/5.1/user.config.json'
[Info] [carb] Logging to file: /home/ubuntu/isaacsim/kit/logs/Kit/Isaac-Sim/5.1/kit_20260714_215111.log
2026-07-14T13:51:11Z [183ms] [Warning] [omni.usd_config.extension] Enable omni.materialx.libs extension to use MaterialX
2026-07-14T13:51:11Z [187ms] [Warning] [omni.platforminfo.plugin] failed to open the default display.  Can't verify X Server version.
2026-07-14T13:51:11Z [458ms] [Warning] [carb] Acquiring non optional plugin interface which is not listed as dependency: [omni::physx::IPhysxBenchmarks v1.0] (plugin: <default plugin>), by client: omni.physics.physx.plugin. Add it to CARB_PLUGIN_IMPL_DEPS() macro of a client.
2026-07-14T13:51:11Z [593ms] [Warning] [omni.isaac.dynamic_control] omni.isaac.dynamic_control is deprecated as of Isaac Sim 4.5. No action is needed from end-users.

|---------------------------------------------------------------------------------------------|
| Driver Version: 580.142       | Graphics API: Vulkan
|=============================================================================================|
| GPU | Name                             | Active | LDA | GPU Memory | Vendor-ID | LUID       |
|     |                                  |        |     |            | Device-ID | UUID       |
|     |                                  |        |     |            | Bus-ID    |            |
|---------------------------------------------------------------------------------------------|
| 0   | NVIDIA GeForce RTX 5090 D v2     | Yes: 0 |     | 24701   MB | 10de      | 0          |
|     |                                  |        |     |            | 2b8c      | 5f3d0dc0.. |
|     |                                  |        |     |            | 1         |            |
|=============================================================================================|
| OS: 24.04.3 LTS (Noble Numbat) ubuntu, Version: 24.04.3, Kernel: 6.17.0-1017-oem
| Processor: Intel(R) Core(TM) i9-14900K
| Cores: 24 | Logical Cores: 32
|---------------------------------------------------------------------------------------------|
| Total Memory (MB): 64063 | Free Memory: 55316
| Total Page/Swap (MB): 8191 | Free Page/Swap: 8191
|---------------------------------------------------------------------------------------------|
2026-07-14T13:51:13Z [2,602ms] [Warning] [gpu.foundation.plugin] CPU performance profile is set to powersave. This profile sets the CPU to the lowest frequency reducing performance.
2026-07-14T13:51:13Z [2,610ms] [Warning] [gpu.foundation.plugin] IOMMU is enabled.
2026-07-14T13:51:13Z [2,765ms] [Warning] [carb.windowing-glfw.plugin] GLFW initialization failed.
2026-07-14T13:51:13Z [2,765ms] [Warning] [carb] Failed to startup plugin carb.windowing-glfw.plugin (interfaces: [carb::windowing::IGLContext v1.0],[carb::windowing::IWindowing v1.5]) (impl: carb.windowing-glfw.plugin)

|---------------------------------------------------------------------------------------------|
| Driver Version: 580.142       | Graphics API: Vulkan
|=============================================================================================|
| GPU | Name                             | Active | LDA | GPU Memory | Vendor-ID | LUID       |
|     |                                  |        |     |            | Device-ID | UUID       |
|     |                                  |        |     |            | Bus-ID    |            |
|---------------------------------------------------------------------------------------------|
| 0   | NVIDIA GeForce RTX 5090 D v2     | Yes: 0 |     | 24701   MB | 10de      | 0          |
|     |                                  |        |     |            | 2b8c      | 5f3d0dc0.. |
|     |                                  |        |     |            | 1         |            |
|=============================================================================================|
| OS: 24.04.3 LTS (Noble Numbat) ubuntu, Version: 24.04.3, Kernel: 6.17.0-1017-oem
| Processor: Intel(R) Core(TM) i9-14900K
| Cores: 24 | Logical Cores: 32
|---------------------------------------------------------------------------------------------|
| Total Memory (MB): 64063 | Free Memory: 55107
| Total Page/Swap (MB): 8191 | Free Page/Swap: 8191
|---------------------------------------------------------------------------------------------|
2026-07-14T13:51:14Z [2,997ms] [Warning] [gpu.foundation.plugin] CPU performance profile is set to powersave. This profile sets the CPU to the lowest frequency reducing performance.
2026-07-14T13:51:14Z [2,997ms] [Warning] [gpu.foundation.plugin] IOMMU is enabled.
2026-07-14T13:51:14Z [3,198ms] [Warning] [carb.windowing-glfw.plugin] GLFW initialization failed.
2026-07-14T13:51:14Z [3,198ms] [Warning] [carb] Failed to startup plugin carb.windowing-glfw.plugin (interfaces: [carb::windowing::IGLContext v1.0],[carb::windowing::IWindowing v1.5]) (impl: carb.windowing-glfw.plugin)
2026-07-14T13:51:14Z [3,210ms] [Warning] [carb.windowing-glfw.plugin] GLFW initialization failed.
2026-07-14T13:51:14Z [3,210ms] [Warning] [carb] Failed to startup plugin carb.windowing-glfw.plugin (interfaces: [carb::windowing::IGLContext v1.0],[carb::windowing::IWindowing v1.5]) (impl: carb.windowing-glfw.plugin)
2026-07-14T13:51:14Z [3,215ms] [Warning] [carb.windowing-glfw.plugin] GLFW initialization failed.
2026-07-14T13:51:14Z [3,215ms] [Warning] [carb] Failed to startup plugin carb.windowing-glfw.plugin (interfaces: [carb::windowing::IGLContext v1.0],[carb::windowing::IWindowing v1.5]) (impl: carb.windowing-glfw.plugin)
2026-07-14T13:51:14Z [3,220ms] [Warning] [carb.windowing-glfw.plugin] GLFW initialization failed.
2026-07-14T13:51:14Z [3,220ms] [Warning] [carb] Failed to startup plugin carb.windowing-glfw.plugin (interfaces: [carb::windowing::IGLContext v1.0],[carb::windowing::IWindowing v1.5]) (impl: carb.windowing-glfw.plugin)
2026-07-14T13:51:14Z [3,221ms] [Warning] [carb.windowing-glfw.plugin] GLFW initialization failed.
2026-07-14T13:51:14Z [3,221ms] [Warning] [carb] Failed to startup plugin carb.windowing-glfw.plugin (interfaces: [carb::windowing::IGLContext v1.0],[carb::windowing::IWindowing v1.5]) (impl: carb.windowing-glfw.plugin)
2026-07-14T13:51:14Z [3,221ms] [Warning] [carb.windowing-glfw.plugin] GLFW initialization failed.
2026-07-14T13:51:14Z [3,221ms] [Warning] [carb] Failed to startup plugin carb.windowing-glfw.plugin (interfaces: [carb::windowing::IGLContext v1.0],[carb::windowing::IWindowing v1.5]) (impl: carb.windowing-glfw.plugin)
2026-07-14T13:51:14Z [3,471ms] [Warning] [omni.graph.visualization.nodes._impl.extension] No Viewport Window to add omni.graph.visualization.nodes-2.1.3 scene to
2026-07-14T13:51:14Z [3,577ms] [Warning] [isaacsim.asset.importer.urdf] No mass specified for link base
2026-07-14T13:51:14Z [3,577ms] [Warning] [omni.usd] Warning: in _ReportErrors at line 3172 of /builds/omniverse/usd-ci/USD/pxr/usd/usd/stage.cpp -- In </partnet_6e85f6897e07e0b1df3a1b0d597ce76e/base/visuals>: Unresolved reference prim path @/home/ubuntu/workspace/physvla_sim/datasets/data_normalized/Dishwasher_urdf/11863/configuration/fitr_info1_physics.usd@</visuals/base> introduced by @/home/ubuntu/workspace/physvla_sim/datasets/data_normalized/Dishwasher_urdf/11863/configuration/fitr_info1_base.usd@</partnet_6e85f6897e07e0b1df3a1b0d597ce76e/base/visuals> (recomposing stage on stage @/home/ubuntu/workspace/physvla_sim/datasets/data_normalized/Dishwasher_urdf/11863/configuration/fitr_info1_physics.usd@ <0x25c0cae0>)

2026-07-14T13:51:14Z [3,577ms] [Warning] [omni.usd] Warning: in _ReportErrors at line 3172 of /builds/omniverse/usd-ci/USD/pxr/usd/usd/stage.cpp -- In </partnet_6e85f6897e07e0b1df3a1b0d597ce76e/base/visuals>: Unresolved reference prim path @/home/ubuntu/workspace/physvla_sim/datasets/data_normalized/Dishwasher_urdf/11863/fitr_info1.usd@</visuals/base> introduced by @/home/ubuntu/workspace/physvla_sim/datasets/data_normalized/Dishwasher_urdf/11863/configuration/fitr_info1_base.usd@</partnet_6e85f6897e07e0b1df3a1b0d597ce76e/base/visuals> (recomposing stage on stage @/home/ubuntu/workspace/physvla_sim/datasets/data_normalized/Dishwasher_urdf/11863/fitr_info1.usd@ <0x25bf9280>)

2026-07-14T13:51:14Z [3,577ms] [Warning] [omni.usd] Warning: in _ReportErrors at line 3172 of /builds/omniverse/usd-ci/USD/pxr/usd/usd/stage.cpp -- In </partnet_6e85f6897e07e0b1df3a1b0d597ce76e/base/visuals>: Unresolved reference prim path @/home/ubuntu/workspace/physvla_sim/datasets/data_normalized/Dishwasher_urdf/11863/fitr_info1.usd@</visuals/base> introduced by @/home/ubuntu/workspace/physvla_sim/datasets/data_normalized/Dishwasher_urdf/11863/configuration/fitr_info1_base.usd@</partnet_6e85f6897e07e0b1df3a1b0d597ce76e/base/visuals> (recomposing stage on stage @/home/ubuntu/workspace/physvla_sim/datasets/data_normalized/Dishwasher_urdf/11863/fitr_info1.usd@ <0x25bf4d10>)

2026-07-14T13:51:14Z [3,577ms] [Warning] [omni.usd] Warning: in _ReportErrors at line 3172 of /builds/omniverse/usd-ci/USD/pxr/usd/usd/stage.cpp -- In </partnet_6e85f6897e07e0b1df3a1b0d597ce76e/base/visuals>: Unresolved reference prim path @/home/ubuntu/workspace/physvla_sim/datasets/data_normalized/Dishwasher_urdf/11863/configuration/fitr_info1_base.usd@</visuals/base> introduced by @/home/ubuntu/workspace/physvla_sim/datasets/data_normalized/Dishwasher_urdf/11863/configuration/fitr_info1_base.usd@</partnet_6e85f6897e07e0b1df3a1b0d597ce76e/base/visuals> (recomposing stage on stage @/home/ubuntu/workspace/physvla_sim/datasets/data_normalized/Dishwasher_urdf/11863/configuration/fitr_info1_base.usd@ <0x25c16040>)

2026-07-14T13:51:14Z [3,577ms] [Warning] [omni.usd] Warning: in _ReportErrors at line 3172 of /builds/omniverse/usd-ci/USD/pxr/usd/usd/stage.cpp -- In </partnet_6e85f6897e07e0b1df3a1b0d597ce76e/base/visuals>: Unresolved reference prim path @/home/ubuntu/workspace/physvla_sim/datasets/data_normalized/Dishwasher_urdf/11863/configuration/fitr_info1_physics.usd@</visuals/base> introduced by @/home/ubuntu/workspace/physvla_sim/datasets/data_normalized/Dishwasher_urdf/11863/configuration/fitr_info1_base.usd@</partnet_6e85f6897e07e0b1df3a1b0d597ce76e/base/visuals> (recomposing stage on stage @/home/ubuntu/workspace/physvla_sim/datasets/data_normalized/Dishwasher_urdf/11863/configuration/fitr_info1_physics.usd@ <0x25c0cae0>)

2026-07-14T13:51:14Z [3,577ms] [Warning] [omni.usd] Warning: in _ReportErrors at line 3172 of /builds/omniverse/usd-ci/USD/pxr/usd/usd/stage.cpp -- In </partnet_6e85f6897e07e0b1df3a1b0d597ce76e/base/visuals>: Unresolved reference prim path @/home/ubuntu/workspace/physvla_sim/datasets/data_normalized/Dishwasher_urdf/11863/fitr_info1.usd@</visuals/base> introduced by @/home/ubuntu/workspace/physvla_sim/datasets/data_normalized/Dishwasher_urdf/11863/configuration/fitr_info1_base.usd@</partnet_6e85f6897e07e0b1df3a1b0d597ce76e/base/visuals> (recomposing stage on stage @/home/ubuntu/workspace/physvla_sim/datasets/data_normalized/Dishwasher_urdf/11863/fitr_info1.usd@ <0x25bf9280>)

2026-07-14T13:51:14Z [3,577ms] [Warning] [omni.usd] Warning: in _ReportErrors at line 3172 of /builds/omniverse/usd-ci/USD/pxr/usd/usd/stage.cpp -- In </partnet_6e85f6897e07e0b1df3a1b0d597ce76e/base/visuals>: Unresolved reference prim path @/home/ubuntu/workspace/physvla_sim/datasets/data_normalized/Dishwasher_urdf/11863/fitr_info1.usd@</visuals/base> introduced by @/home/ubuntu/workspace/physvla_sim/datasets/data_normalized/Dishwasher_urdf/11863/configuration/fitr_info1_base.usd@</partnet_6e85f6897e07e0b1df3a1b0d597ce76e/base/visuals> (recomposing stage on stage @/home/ubuntu/workspace/physvla_sim/datasets/data_normalized/Dishwasher_urdf/11863/fitr_info1.usd@ <0x25bf4d10>)

2026-07-14T13:51:14Z [3,577ms] [Warning] [omni.usd] Warning: in _ReportErrors at line 3172 of /builds/omniverse/usd-ci/USD/pxr/usd/usd/stage.cpp -- In </partnet_6e85f6897e07e0b1df3a1b0d597ce76e/base/visuals>: Unresolved reference prim path @/home/ubuntu/workspace/physvla_sim/datasets/data_normalized/Dishwasher_urdf/11863/configuration/fitr_info1_base.usd@</visuals/base> introduced by @/home/ubuntu/workspace/physvla_sim/datasets/data_normalized/Dishwasher_urdf/11863/configuration/fitr_info1_base.usd@</partnet_6e85f6897e07e0b1df3a1b0d597ce76e/base/visuals> (recomposing stage on stage @/home/ubuntu/workspace/physvla_sim/datasets/data_normalized/Dishwasher_urdf/11863/configuration/fitr_info1_base.usd@ <0x25c16040>)

2026-07-14T13:51:14Z [3,577ms] [Warning] [isaacsim.asset.importer.urdf] Link base has no colliders, and no inertia was imported; assigning a small isotropic inertia matrix
2026-07-14T13:51:14Z [3,578ms] [Warning] [isaacsim.asset.importer.urdf] No mass specified for link body
2026-07-14T13:51:14Z [3,604ms] [Warning] [isaacsim.asset.importer.urdf] No mass specified for link door_1
2026-07-14T13:51:14Z [3,623ms] [Warning] [omni.usd] Warning: in _ReportErrors at line 3172 of /builds/omniverse/usd-ci/USD/pxr/usd/usd/stage.cpp -- In </partnet_6e85f6897e07e0b1df3a1b0d597ce76e/base/visuals>: Unresolved reference prim path @/home/ubuntu/workspace/physvla_sim/datasets/data_normalized/Dishwasher_urdf/11863/configuration/fitr_info1_base.usd@</visuals/base> introduced by @/home/ubuntu/workspace/physvla_sim/datasets/data_normalized/Dishwasher_urdf/11863/configuration/fitr_info1_base.usd@</partnet_6e85f6897e07e0b1df3a1b0d597ce76e/base/visuals> (recomposing stage on stage @/home/ubuntu/workspace/physvla_sim/datasets/data_normalized/Dishwasher_urdf/11863/fitr_info1.usd@ <0x25bf9280>)

2026-07-14T13:51:14Z [3,623ms] [Warning] [omni.usd] Warning: in _ReportErrors at line 3172 of /builds/omniverse/usd-ci/USD/pxr/usd/usd/stage.cpp -- In </partnet_6e85f6897e07e0b1df3a1b0d597ce76e/base/visuals>: Unresolved reference prim path @/home/ubuntu/workspace/physvla_sim/datasets/data_normalized/Dishwasher_urdf/11863/configuration/fitr_info1_base.usd@</visuals/base> introduced by @/home/ubuntu/workspace/physvla_sim/datasets/data_normalized/Dishwasher_urdf/11863/configuration/fitr_info1_base.usd@</partnet_6e85f6897e07e0b1df3a1b0d597ce76e/base/visuals> (recomposing stage on stage @/home/ubuntu/workspace/physvla_sim/datasets/data_normalized/Dishwasher_urdf/11863/fitr_info1.usd@ <0x25bf4d10>)

2026-07-14T13:51:14Z [3,625ms] [Warning] [omni.usd] Warning: in _ReportErrors at line 3172 of /builds/omniverse/usd-ci/USD/pxr/usd/usd/stage.cpp -- In </partnet_6e85f6897e07e0b1df3a1b0d597ce76e/base/visuals>: Unresolved reference prim path @/home/ubuntu/workspace/physvla_sim/datasets/data_normalized/Dishwasher_urdf/11863/configuration/fitr_info1_physics.usd@</visuals/base> introduced by @/home/ubuntu/workspace/physvla_sim/datasets/data_normalized/Dishwasher_urdf/11863/configuration/fitr_info1_base.usd@</partnet_6e85f6897e07e0b1df3a1b0d597ce76e/base/visuals> (recomposing stage on stage @/home/ubuntu/workspace/physvla_sim/datasets/data_normalized/Dishwasher_urdf/11863/fitr_info1.usd@ <0x25bf9280>)

2026-07-14T13:51:14Z [3,626ms] [Warning] [omni.usd] Warning: in _ReportErrors at line 3172 of /builds/omniverse/usd-ci/USD/pxr/usd/usd/stage.cpp -- In </partnet_6e85f6897e07e0b1df3a1b0d597ce76e/base/visuals>: Unresolved reference prim path @/home/ubuntu/workspace/physvla_sim/datasets/data_normalized/Dishwasher_urdf/11863/configuration/fitr_info1_physics.usd@</visuals/base> introduced by @/home/ubuntu/workspace/physvla_sim/datasets/data_normalized/Dishwasher_urdf/11863/configuration/fitr_info1_base.usd@</partnet_6e85f6897e07e0b1df3a1b0d597ce76e/base/visuals> (recomposing stage on stage @/home/ubuntu/workspace/physvla_sim/datasets/data_normalized/Dishwasher_urdf/11863/fitr_info1.usd@ <0x25bf4d10>)

2026-07-14T13:51:14Z [3,627ms] [Warning] [omni.usd] Warning: in _ReportErrors at line 3172 of /builds/omniverse/usd-ci/USD/pxr/usd/usd/stage.cpp -- In </partnet_6e85f6897e07e0b1df3a1b0d597ce76e/base/visuals>: Unresolved reference prim path @/home/ubuntu/workspace/physvla_sim/datasets/data_normalized/Dishwasher_urdf/11863/configuration/fitr_info1_physics.usd@</visuals/base> introduced by @/home/ubuntu/workspace/physvla_sim/datasets/data_normalized/Dishwasher_urdf/11863/configuration/fitr_info1_base.usd@</partnet_6e85f6897e07e0b1df3a1b0d597ce76e/base/visuals> (recomposing stage on stage @/home/ubuntu/workspace/physvla_sim/datasets/data_normalized/Dishwasher_urdf/11863/fitr_info1.usd@ <0x25bf9280>)

2026-07-14T13:51:14Z [3,627ms] [Warning] [omni.usd] Warning: in _ReportErrors at line 3172 of /builds/omniverse/usd-ci/USD/pxr/usd/usd/stage.cpp -- In </partnet_6e85f6897e07e0b1df3a1b0d597ce76e/base/visuals>: Unresolved reference prim path @/home/ubuntu/workspace/physvla_sim/datasets/data_normalized/Dishwasher_urdf/11863/configuration/fitr_info1_physics.usd@</visuals/base> introduced by @/home/ubuntu/workspace/physvla_sim/datasets/data_normalized/Dishwasher_urdf/11863/configuration/fitr_info1_base.usd@</partnet_6e85f6897e07e0b1df3a1b0d597ce76e/base/visuals> (recomposing stage on stage @/home/ubuntu/workspace/physvla_sim/datasets/data_normalized/Dishwasher_urdf/11863/fitr_info1.usd@ <0x25bf4d10>)

2026-07-14T13:51:14Z [3,628ms] [Warning] [omni.usd] Warning: in _ReportErrors at line 3172 of /builds/omniverse/usd-ci/USD/pxr/usd/usd/stage.cpp -- In </partnet_6e85f6897e07e0b1df3a1b0d597ce76e/base/visuals>: Unresolved reference prim path @/home/ubuntu/workspace/physvla_sim/datasets/data_normalized/Dishwasher_urdf/11863/configuration/fitr_info1_physics.usd@</visuals/base> introduced by @/home/ubuntu/workspace/physvla_sim/datasets/data_normalized/Dishwasher_urdf/11863/configuration/fitr_info1_base.usd@</partnet_6e85f6897e07e0b1df3a1b0d597ce76e/base/visuals> (recomposing stage on stage @/home/ubuntu/workspace/physvla_sim/datasets/data_normalized/Dishwasher_urdf/11863/fitr_info1.usd@ <0x25bf9280>)

2026-07-14T13:51:14Z [3,629ms] [Warning] [omni.usd] Warning: in _ReportErrors at line 3172 of /builds/omniverse/usd-ci/USD/pxr/usd/usd/stage.cpp -- In </partnet_6e85f6897e07e0b1df3a1b0d597ce76e/base/visuals>: Unresolved reference prim path @/home/ubuntu/workspace/physvla_sim/datasets/data_normalized/Dishwasher_urdf/11863/configuration/fitr_info1_physics.usd@</visuals/base> introduced by @/home/ubuntu/workspace/physvla_sim/datasets/data_normalized/Dishwasher_urdf/11863/configuration/fitr_info1_base.usd@</partnet_6e85f6897e07e0b1df3a1b0d597ce76e/base/visuals> (recomposing stage on stage @/home/ubuntu/workspace/physvla_sim/datasets/data_normalized/Dishwasher_urdf/11863/fitr_info1.usd@ <0x25bf4d10>)

2026-07-14T13:51:14Z [3,630ms] [Warning] [omni.usd] Warning: in _ReportErrors at line 3172 of /builds/omniverse/usd-ci/USD/pxr/usd/usd/stage.cpp -- In </partnet_6e85f6897e07e0b1df3a1b0d597ce76e/base/visuals>: Unresolved reference prim path @/home/ubuntu/workspace/physvla_sim/datasets/data_normalized/Dishwasher_urdf/11863/configuration/fitr_info1_physics.usd@</visuals/base> introduced by @/home/ubuntu/workspace/physvla_sim/datasets/data_normalized/Dishwasher_urdf/11863/configuration/fitr_info1_base.usd@</partnet_6e85f6897e07e0b1df3a1b0d597ce76e/base/visuals> (recomposing stage on stage @/home/ubuntu/workspace/physvla_sim/datasets/data_normalized/Dishwasher_urdf/11863/fitr_info1.usd@ <0x25bf9280>)

2026-07-14T13:51:14Z [3,631ms] [Warning] [omni.usd] Warning: in _ReportErrors at line 3172 of /builds/omniverse/usd-ci/USD/pxr/usd/usd/stage.cpp -- In </partnet_6e85f6897e07e0b1df3a1b0d597ce76e/base/visuals>: Unresolved reference prim path @/home/ubuntu/workspace/physvla_sim/datasets/data_normalized/Dishwasher_urdf/11863/configuration/fitr_info1_physics.usd@</visuals/base> introduced by @/home/ubuntu/workspace/physvla_sim/datasets/data_normalized/Dishwasher_urdf/11863/configuration/fitr_info1_base.usd@</partnet_6e85f6897e07e0b1df3a1b0d597ce76e/base/visuals> (recomposing stage on stage @/home/ubuntu/workspace/physvla_sim/datasets/data_normalized/Dishwasher_urdf/11863/fitr_info1.usd@ <0x25bf4d10>)

2026-07-14T13:51:14Z [3,632ms] [Warning] [omni.usd] Warning: in _ReportErrors at line 3172 of /builds/omniverse/usd-ci/USD/pxr/usd/usd/stage.cpp -- In </partnet_6e85f6897e07e0b1df3a1b0d597ce76e/base/visuals>: Unresolved reference prim path @/home/ubuntu/workspace/physvla_sim/datasets/data_normalized/Dishwasher_urdf/11863/configuration/fitr_info1_physics.usd@</visuals/base> introduced by @/home/ubuntu/workspace/physvla_sim/datasets/data_normalized/Dishwasher_urdf/11863/configuration/fitr_info1_base.usd@</partnet_6e85f6897e07e0b1df3a1b0d597ce76e/base/visuals> (recomposing stage on stage @/home/ubuntu/workspace/physvla_sim/datasets/data_normalized/Dishwasher_urdf/11863/fitr_info1.usd@ <0x25bf9280>)

2026-07-14T13:51:14Z [3,633ms] [Warning] [omni.usd] Warning: in _ReportErrors at line 3172 of /builds/omniverse/usd-ci/USD/pxr/usd/usd/stage.cpp -- In </partnet_6e85f6897e07e0b1df3a1b0d597ce76e/base/visuals>: Unresolved reference prim path @/home/ubuntu/workspace/physvla_sim/datasets/data_normalized/Dishwasher_urdf/11863/configuration/fitr_info1_physics.usd@</visuals/base> introduced by @/home/ubuntu/workspace/physvla_sim/datasets/data_normalized/Dishwasher_urdf/11863/configuration/fitr_info1_base.usd@</partnet_6e85f6897e07e0b1df3a1b0d597ce76e/base/visuals> (recomposing stage on stage @/home/ubuntu/workspace/physvla_sim/datasets/data_normalized/Dishwasher_urdf/11863/fitr_info1.usd@ <0x25bf4d10>)

2026-07-14T13:51:14Z [3,634ms] [Warning] [omni.usd] Warning: in _ReportErrors at line 3172 of /builds/omniverse/usd-ci/USD/pxr/usd/usd/stage.cpp -- In </partnet_6e85f6897e07e0b1df3a1b0d597ce76e/base/visuals>: Unresolved reference prim path @/home/ubuntu/workspace/physvla_sim/datasets/data_normalized/Dishwasher_urdf/11863/configuration/fitr_info1_physics.usd@</visuals/base> introduced by @/home/ubuntu/workspace/physvla_sim/datasets/data_normalized/Dishwasher_urdf/11863/configuration/fitr_info1_base.usd@</partnet_6e85f6897e07e0b1df3a1b0d597ce76e/base/visuals> (recomposing stage on stage @/home/ubuntu/workspace/physvla_sim/datasets/data_normalized/Dishwasher_urdf/11863/fitr_info1.usd@ <0x25bf9280>)

2026-07-14T13:51:14Z [3,635ms] [Warning] [omni.usd] Warning: in _ReportErrors at line 3172 of /builds/omniverse/usd-ci/USD/pxr/usd/usd/stage.cpp -- In </partnet_6e85f6897e07e0b1df3a1b0d597ce76e/base/visuals>: Unresolved reference prim path @/home/ubuntu/workspace/physvla_sim/datasets/data_normalized/Dishwasher_urdf/11863/configuration/fitr_info1_physics.usd@</visuals/base> introduced by @/home/ubuntu/workspace/physvla_sim/datasets/data_normalized/Dishwasher_urdf/11863/configuration/fitr_info1_base.usd@</partnet_6e85f6897e07e0b1df3a1b0d597ce76e/base/visuals> (recomposing stage on stage @/home/ubuntu/workspace/physvla_sim/datasets/data_normalized/Dishwasher_urdf/11863/fitr_info1.usd@ <0x25bf4d10>)

2026-07-14T13:51:14Z [3,636ms] [Warning] [omni.usd] Warning: in _ReportErrors at line 3172 of /builds/omniverse/usd-ci/USD/pxr/usd/usd/stage.cpp -- In </partnet_6e85f6897e07e0b1df3a1b0d597ce76e/base/visuals>: Unresolved reference prim path @/home/ubuntu/workspace/physvla_sim/datasets/data_normalized/Dishwasher_urdf/11863/configuration/fitr_info1_physics.usd@</visuals/base> introduced by @/home/ubuntu/workspace/physvla_sim/datasets/data_normalized/Dishwasher_urdf/11863/configuration/fitr_info1_base.usd@</partnet_6e85f6897e07e0b1df3a1b0d597ce76e/base/visuals> (recomposing stage on stage @/home/ubuntu/workspace/physvla_sim/datasets/data_normalized/Dishwasher_urdf/11863/fitr_info1.usd@ <0x25bf9280>)

2026-07-14T13:51:14Z [3,637ms] [Warning] [omni.usd] Warning: in _ReportErrors at line 3172 of /builds/omniverse/usd-ci/USD/pxr/usd/usd/stage.cpp -- In </partnet_6e85f6897e07e0b1df3a1b0d597ce76e/base/visuals>: Unresolved reference prim path @/home/ubuntu/workspace/physvla_sim/datasets/data_normalized/Dishwasher_urdf/11863/configuration/fitr_info1_physics.usd@</visuals/base> introduced by @/home/ubuntu/workspace/physvla_sim/datasets/data_normalized/Dishwasher_urdf/11863/configuration/fitr_info1_base.usd@</partnet_6e85f6897e07e0b1df3a1b0d597ce76e/base/visuals> (recomposing stage on stage @/home/ubuntu/workspace/physvla_sim/datasets/data_normalized/Dishwasher_urdf/11863/fitr_info1.usd@ <0x25bf4d10>)

Loading user config located at: '/home/ubuntu/isaacsim/kit/data/Kit/Isaac-Sim/5.1/user.config.json'
[Info] [carb] Logging to file: /home/ubuntu/isaacsim/kit/logs/Kit/Isaac-Sim/5.1/kit_20260714_215115.log
2026-07-14T13:51:15Z [184ms] [Warning] [omni.usd_config.extension] Enable omni.materialx.libs extension to use MaterialX
2026-07-14T13:51:15Z [188ms] [Warning] [omni.platforminfo.plugin] failed to open the default display.  Can't verify X Server version.
2026-07-14T13:51:15Z [458ms] [Warning] [carb] Acquiring non optional plugin interface which is not listed as dependency: [omni::physx::IPhysxBenchmarks v1.0] (plugin: <default plugin>), by client: omni.physics.physx.plugin. Add it to CARB_PLUGIN_IMPL_DEPS() macro of a client.
2026-07-14T13:51:15Z [592ms] [Warning] [omni.isaac.dynamic_control] omni.isaac.dynamic_control is deprecated as of Isaac Sim 4.5. No action is needed from end-users.

|---------------------------------------------------------------------------------------------|
| Driver Version: 580.142       | Graphics API: Vulkan
|=============================================================================================|
| GPU | Name                             | Active | LDA | GPU Memory | Vendor-ID | LUID       |
|     |                                  |        |     |            | Device-ID | UUID       |
|     |                                  |        |     |            | Bus-ID    |            |
|---------------------------------------------------------------------------------------------|
| 0   | NVIDIA GeForce RTX 5090 D v2     | Yes: 0 |     | 24701   MB | 10de      | 0          |
|     |                                  |        |     |            | 2b8c      | 5f3d0dc0.. |
|     |                                  |        |     |            | 1         |            |
|=============================================================================================|
| OS: 24.04.3 LTS (Noble Numbat) ubuntu, Version: 24.04.3, Kernel: 6.17.0-1017-oem
| Processor: Intel(R) Core(TM) i9-14900K
| Cores: 24 | Logical Cores: 32
|---------------------------------------------------------------------------------------------|
| Total Memory (MB): 64063 | Free Memory: 55320
| Total Page/Swap (MB): 8191 | Free Page/Swap: 8191
|---------------------------------------------------------------------------------------------|
2026-07-14T13:51:17Z [2,562ms] [Warning] [gpu.foundation.plugin] CPU performance profile is set to powersave. This profile sets the CPU to the lowest frequency reducing performance.
2026-07-14T13:51:17Z [2,570ms] [Warning] [gpu.foundation.plugin] IOMMU is enabled.
2026-07-14T13:51:17Z [2,708ms] [Warning] [omni.usd] Warning: in _ReportErrors at line 3172 of /builds/omniverse/usd-ci/USD/pxr/usd/usd/stage.cpp -- In </partnet_6e85f6897e07e0b1df3a1b0d597ce76e/base/visuals>: Unresolved reference prim path @/home/ubuntu/workspace/physvla_sim/datasets/data_normalized/Dishwasher_urdf/11863/configuration/fitr_info1_base.usd@</visuals/base> introduced by @/home/ubuntu/workspace/physvla_sim/datasets/data_normalized/Dishwasher_urdf/11863/configuration/fitr_info1_base.usd@</partnet_6e85f6897e07e0b1df3a1b0d597ce76e/base/visuals> (instantiating stage on stage @/home/ubuntu/workspace/physvla_sim/datasets/data_normalized/Dishwasher_urdf/11863/configuration/fitr_info1_base.usd@ <0xa463af0>)

2026-07-14T13:51:17Z [2,711ms] [Warning] [omni.usd] Warning: in _ReportErrors at line 3172 of /builds/omniverse/usd-ci/USD/pxr/usd/usd/stage.cpp -- In </partnet_6e85f6897e07e0b1df3a1b0d597ce76e/base/visuals>: Unresolved reference prim path @/home/ubuntu/workspace/physvla_sim/datasets/data_normalized/Dishwasher_urdf/11863/configuration/fitr_info1_physics.usd@</visuals/base> introduced by @/home/ubuntu/workspace/physvla_sim/datasets/data_normalized/Dishwasher_urdf/11863/configuration/fitr_info1_base.usd@</partnet_6e85f6897e07e0b1df3a1b0d597ce76e/base/visuals> (instantiating stage on stage @/home/ubuntu/workspace/physvla_sim/datasets/data_normalized/Dishwasher_urdf/11863/configuration/fitr_info1_physics.usd@ <0x128d33f0>)

2026-07-14T13:51:17Z [2,713ms] [Warning] [omni.usd] Warning: in _ReportErrors at line 3172 of /builds/omniverse/usd-ci/USD/pxr/usd/usd/stage.cpp -- In </partnet_6e85f6897e07e0b1df3a1b0d597ce76e/base/visuals>: Unresolved reference prim path @/home/ubuntu/workspace/physvla_sim/datasets/data_normalized/Dishwasher_urdf/11863/configuration/fitr_info1_physics.usd@</visuals/base> introduced by @/home/ubuntu/workspace/physvla_sim/datasets/data_normalized/Dishwasher_urdf/11863/configuration/fitr_info1_base.usd@</partnet_6e85f6897e07e0b1df3a1b0d597ce76e/base/visuals> (instantiating stage on stage @/home/ubuntu/workspace/physvla_sim/datasets/data_normalized/Dishwasher_urdf/11863/fitr_info1.usd@ <0xa435130>)

[INFO][AppLauncher]: Using device: cuda:0
[INFO][AppLauncher]: Loading experience file: /home/ubuntu/workspace/IsaacLab/apps/isaaclab.python.headless.kit
{
  "output": "/home/ubuntu/workspace/physvla_sim/datasets/data_normalized/Dishwasher_urdf/11863/fitr_info1.usd",
  "scale": 0.3903752690651906,
  "scale_layer": "/home/ubuntu/workspace/physvla_sim/datasets/data_normalized/Dishwasher_urdf/11863/configuration/fitr_info1_base.usd",
  "joints": [
    {
      "joint": "/partnet_6e85f6897e07e0b1df3a1b0d597ce76e/joints/joint_0",
      "drive": "angular",
      "damping": 650.0,
      "stiffness": 0.0,
      "max_force": 11.25
    }
  ],
  "dynamics_layer": "/home/ubuntu/workspace/physvla_sim/datasets/data_normalized/Dishwasher_urdf/11863/configuration/fitr_info1_physics.usd",
  "affordance_links": [
    "/partnet_6e85f6897e07e0b1df3a1b0d597ce76e/door_1"
  ]
}
Loading user config located at: '/home/ubuntu/isaacsim/kit/data/Kit/Isaac-Sim/5.1/user.config.json'
[Info] [carb] Logging to file: /home/ubuntu/isaacsim/kit/logs/Kit/Isaac-Sim/5.1/kit_20260714_215118.log
2026-07-14T13:51:18Z [184ms] [Warning] [omni.platforminfo.plugin] failed to open the default display.  Can't verify X Server version.
2026-07-14T13:51:18Z [186ms] [Warning] [omni.usd_config.extension] Enable omni.materialx.libs extension to use MaterialX
2026-07-14T13:51:18Z [459ms] [Warning] [carb] Acquiring non optional plugin interface which is not listed as dependency: [omni::physx::IPhysxBenchmarks v1.0] (plugin: <default plugin>), by client: omni.physics.physx.plugin. Add it to CARB_PLUGIN_IMPL_DEPS() macro of a client.
2026-07-14T13:51:18Z [594ms] [Warning] [omni.isaac.dynamic_control] omni.isaac.dynamic_control is deprecated as of Isaac Sim 4.5. No action is needed from end-users.

|---------------------------------------------------------------------------------------------|
| Driver Version: 580.142       | Graphics API: Vulkan
|=============================================================================================|
| GPU | Name                             | Active | LDA | GPU Memory | Vendor-ID | LUID       |
|     |                                  |        |     |            | Device-ID | UUID       |
|     |                                  |        |     |            | Bus-ID    |            |
|---------------------------------------------------------------------------------------------|
| 0   | NVIDIA GeForce RTX 5090 D v2     | Yes: 0 |     | 24701   MB | 10de      | 0          |
|     |                                  |        |     |            | 2b8c      | 5f3d0dc0.. |
|     |                                  |        |     |            | 1         |            |
|=============================================================================================|
| OS: 24.04.3 LTS (Noble Numbat) ubuntu, Version: 24.04.3, Kernel: 6.17.0-1017-oem
| Processor: Intel(R) Core(TM) i9-14900K
| Cores: 24 | Logical Cores: 32
|---------------------------------------------------------------------------------------------|
| Total Memory (MB): 64063 | Free Memory: 55339
| Total Page/Swap (MB): 8191 | Free Page/Swap: 8191
|---------------------------------------------------------------------------------------------|
2026-07-14T13:51:20Z [2,554ms] [Warning] [gpu.foundation.plugin] CPU performance profile is set to powersave. This profile sets the CPU to the lowest frequency reducing performance.
2026-07-14T13:51:20Z [2,562ms] [Warning] [gpu.foundation.plugin] IOMMU is enabled.
2026-07-14T13:51:21Z [2,688ms] [Warning] [carb.windowing-glfw.plugin] GLFW initialization failed.
2026-07-14T13:51:21Z [2,688ms] [Warning] [carb] Failed to startup plugin carb.windowing-glfw.plugin (interfaces: [carb::windowing::IGLContext v1.0],[carb::windowing::IWindowing v1.5]) (impl: carb.windowing-glfw.plugin)

|---------------------------------------------------------------------------------------------|
| Driver Version: 580.142       | Graphics API: Vulkan
|=============================================================================================|
| GPU | Name                             | Active | LDA | GPU Memory | Vendor-ID | LUID       |
|     |                                  |        |     |            | Device-ID | UUID       |
|     |                                  |        |     |            | Bus-ID    |            |
|---------------------------------------------------------------------------------------------|
| 0   | NVIDIA GeForce RTX 5090 D v2     | Yes: 0 |     | 24701   MB | 10de      | 0          |
|     |                                  |        |     |            | 2b8c      | 5f3d0dc0.. |
|     |                                  |        |     |            | 1         |            |
|=============================================================================================|
| OS: 24.04.3 LTS (Noble Numbat) ubuntu, Version: 24.04.3, Kernel: 6.17.0-1017-oem
| Processor: Intel(R) Core(TM) i9-14900K
| Cores: 24 | Logical Cores: 32
|---------------------------------------------------------------------------------------------|
| Total Memory (MB): 64063 | Free Memory: 55139
| Total Page/Swap (MB): 8191 | Free Page/Swap: 8191
|---------------------------------------------------------------------------------------------|
2026-07-14T13:51:21Z [2,922ms] [Warning] [gpu.foundation.plugin] CPU performance profile is set to powersave. This profile sets the CPU to the lowest frequency reducing performance.
2026-07-14T13:51:21Z [2,923ms] [Warning] [gpu.foundation.plugin] IOMMU is enabled.
2026-07-14T13:51:21Z [3,143ms] [Warning] [carb.windowing-glfw.plugin] GLFW initialization failed.
2026-07-14T13:51:21Z [3,143ms] [Warning] [carb] Failed to startup plugin carb.windowing-glfw.plugin (interfaces: [carb::windowing::IGLContext v1.0],[carb::windowing::IWindowing v1.5]) (impl: carb.windowing-glfw.plugin)
2026-07-14T13:51:21Z [3,155ms] [Warning] [carb.windowing-glfw.plugin] GLFW initialization failed.
2026-07-14T13:51:21Z [3,155ms] [Warning] [carb] Failed to startup plugin carb.windowing-glfw.plugin (interfaces: [carb::windowing::IGLContext v1.0],[carb::windowing::IWindowing v1.5]) (impl: carb.windowing-glfw.plugin)
2026-07-14T13:51:21Z [3,160ms] [Warning] [carb.windowing-glfw.plugin] GLFW initialization failed.
2026-07-14T13:51:21Z [3,160ms] [Warning] [carb] Failed to startup plugin carb.windowing-glfw.plugin (interfaces: [carb::windowing::IGLContext v1.0],[carb::windowing::IWindowing v1.5]) (impl: carb.windowing-glfw.plugin)
2026-07-14T13:51:21Z [3,164ms] [Warning] [carb.windowing-glfw.plugin] GLFW initialization failed.
2026-07-14T13:51:21Z [3,164ms] [Warning] [carb] Failed to startup plugin carb.windowing-glfw.plugin (interfaces: [carb::windowing::IGLContext v1.0],[carb::windowing::IWindowing v1.5]) (impl: carb.windowing-glfw.plugin)
2026-07-14T13:51:21Z [3,165ms] [Warning] [carb.windowing-glfw.plugin] GLFW initialization failed.
2026-07-14T13:51:21Z [3,165ms] [Warning] [carb] Failed to startup plugin carb.windowing-glfw.plugin (interfaces: [carb::windowing::IGLContext v1.0],[carb::windowing::IWindowing v1.5]) (impl: carb.windowing-glfw.plugin)
2026-07-14T13:51:21Z [3,166ms] [Warning] [carb.windowing-glfw.plugin] GLFW initialization failed.
2026-07-14T13:51:21Z [3,166ms] [Warning] [carb] Failed to startup plugin carb.windowing-glfw.plugin (interfaces: [carb::windowing::IGLContext v1.0],[carb::windowing::IWindowing v1.5]) (impl: carb.windowing-glfw.plugin)
2026-07-14T13:51:21Z [3,412ms] [Warning] [omni.graph.visualization.nodes._impl.extension] No Viewport Window to add omni.graph.visualization.nodes-2.1.3 scene to
2026-07-14T13:51:21Z [3,569ms] [Warning] [isaacsim.asset.importer.urdf] No mass specified for link base
2026-07-14T13:51:21Z [3,570ms] [Warning] [omni.usd] Warning: in _ReportErrors at line 3172 of /builds/omniverse/usd-ci/USD/pxr/usd/usd/stage.cpp -- In </partnet_6e85f6897e07e0b1df3a1b0d597ce76e/base/visuals>: Unresolved reference prim path @/home/ubuntu/workspace/physvla_sim/datasets/data_normalized/Dishwasher_urdf/11881/configuration/fitr_info1_physics.usd@</visuals/base> introduced by @/home/ubuntu/workspace/physvla_sim/datasets/data_normalized/Dishwasher_urdf/11881/configuration/fitr_info1_base.usd@</partnet_6e85f6897e07e0b1df3a1b0d597ce76e/base/visuals> (recomposing stage on stage @/home/ubuntu/workspace/physvla_sim/datasets/data_normalized/Dishwasher_urdf/11881/configuration/fitr_info1_physics.usd@ <0x7a70bf08d080>)

2026-07-14T13:51:21Z [3,570ms] [Warning] [omni.usd] Warning: in _ReportErrors at line 3172 of /builds/omniverse/usd-ci/USD/pxr/usd/usd/stage.cpp -- In </partnet_6e85f6897e07e0b1df3a1b0d597ce76e/base/visuals>: Unresolved reference prim path @/home/ubuntu/workspace/physvla_sim/datasets/data_normalized/Dishwasher_urdf/11881/fitr_info1.usd@</visuals/base> introduced by @/home/ubuntu/workspace/physvla_sim/datasets/data_normalized/Dishwasher_urdf/11881/configuration/fitr_info1_base.usd@</partnet_6e85f6897e07e0b1df3a1b0d597ce76e/base/visuals> (recomposing stage on stage @/home/ubuntu/workspace/physvla_sim/datasets/data_normalized/Dishwasher_urdf/11881/fitr_info1.usd@ <0x7a70bf079e70>)

2026-07-14T13:51:21Z [3,570ms] [Warning] [omni.usd] Warning: in _ReportErrors at line 3172 of /builds/omniverse/usd-ci/USD/pxr/usd/usd/stage.cpp -- In </partnet_6e85f6897e07e0b1df3a1b0d597ce76e/base/visuals>: Unresolved reference prim path @/home/ubuntu/workspace/physvla_sim/datasets/data_normalized/Dishwasher_urdf/11881/fitr_info1.usd@</visuals/base> introduced by @/home/ubuntu/workspace/physvla_sim/datasets/data_normalized/Dishwasher_urdf/11881/configuration/fitr_info1_base.usd@</partnet_6e85f6897e07e0b1df3a1b0d597ce76e/base/visuals> (recomposing stage on stage @/home/ubuntu/workspace/physvla_sim/datasets/data_normalized/Dishwasher_urdf/11881/fitr_info1.usd@ <0x7a70bf075820>)

2026-07-14T13:51:21Z [3,570ms] [Warning] [omni.usd] Warning: in _ReportErrors at line 3172 of /builds/omniverse/usd-ci/USD/pxr/usd/usd/stage.cpp -- In </partnet_6e85f6897e07e0b1df3a1b0d597ce76e/base/visuals>: Unresolved reference prim path @/home/ubuntu/workspace/physvla_sim/datasets/data_normalized/Dishwasher_urdf/11881/configuration/fitr_info1_base.usd@</visuals/base> introduced by @/home/ubuntu/workspace/physvla_sim/datasets/data_normalized/Dishwasher_urdf/11881/configuration/fitr_info1_base.usd@</partnet_6e85f6897e07e0b1df3a1b0d597ce76e/base/visuals> (recomposing stage on stage @/home/ubuntu/workspace/physvla_sim/datasets/data_normalized/Dishwasher_urdf/11881/configuration/fitr_info1_base.usd@ <0x7a70bf096590>)

2026-07-14T13:51:21Z [3,570ms] [Warning] [omni.usd] Warning: in _ReportErrors at line 3172 of /builds/omniverse/usd-ci/USD/pxr/usd/usd/stage.cpp -- In </partnet_6e85f6897e07e0b1df3a1b0d597ce76e/base/visuals>: Unresolved reference prim path @/home/ubuntu/workspace/physvla_sim/datasets/data_normalized/Dishwasher_urdf/11881/configuration/fitr_info1_physics.usd@</visuals/base> introduced by @/home/ubuntu/workspace/physvla_sim/datasets/data_normalized/Dishwasher_urdf/11881/configuration/fitr_info1_base.usd@</partnet_6e85f6897e07e0b1df3a1b0d597ce76e/base/visuals> (recomposing stage on stage @/home/ubuntu/workspace/physvla_sim/datasets/data_normalized/Dishwasher_urdf/11881/configuration/fitr_info1_physics.usd@ <0x7a70bf08d080>)

2026-07-14T13:51:21Z [3,570ms] [Warning] [omni.usd] Warning: in _ReportErrors at line 3172 of /builds/omniverse/usd-ci/USD/pxr/usd/usd/stage.cpp -- In </partnet_6e85f6897e07e0b1df3a1b0d597ce76e/base/visuals>: Unresolved reference prim path @/home/ubuntu/workspace/physvla_sim/datasets/data_normalized/Dishwasher_urdf/11881/fitr_info1.usd@</visuals/base> introduced by @/home/ubuntu/workspace/physvla_sim/datasets/data_normalized/Dishwasher_urdf/11881/configuration/fitr_info1_base.usd@</partnet_6e85f6897e07e0b1df3a1b0d597ce76e/base/visuals> (recomposing stage on stage @/home/ubuntu/workspace/physvla_sim/datasets/data_normalized/Dishwasher_urdf/11881/fitr_info1.usd@ <0x7a70bf079e70>)

2026-07-14T13:51:21Z [3,570ms] [Warning] [omni.usd] Warning: in _ReportErrors at line 3172 of /builds/omniverse/usd-ci/USD/pxr/usd/usd/stage.cpp -- In </partnet_6e85f6897e07e0b1df3a1b0d597ce76e/base/visuals>: Unresolved reference prim path @/home/ubuntu/workspace/physvla_sim/datasets/data_normalized/Dishwasher_urdf/11881/fitr_info1.usd@</visuals/base> introduced by @/home/ubuntu/workspace/physvla_sim/datasets/data_normalized/Dishwasher_urdf/11881/configuration/fitr_info1_base.usd@</partnet_6e85f6897e07e0b1df3a1b0d597ce76e/base/visuals> (recomposing stage on stage @/home/ubuntu/workspace/physvla_sim/datasets/data_normalized/Dishwasher_urdf/11881/fitr_info1.usd@ <0x7a70bf075820>)

2026-07-14T13:51:21Z [3,570ms] [Warning] [omni.usd] Warning: in _ReportErrors at line 3172 of /builds/omniverse/usd-ci/USD/pxr/usd/usd/stage.cpp -- In </partnet_6e85f6897e07e0b1df3a1b0d597ce76e/base/visuals>: Unresolved reference prim path @/home/ubuntu/workspace/physvla_sim/datasets/data_normalized/Dishwasher_urdf/11881/configuration/fitr_info1_base.usd@</visuals/base> introduced by @/home/ubuntu/workspace/physvla_sim/datasets/data_normalized/Dishwasher_urdf/11881/configuration/fitr_info1_base.usd@</partnet_6e85f6897e07e0b1df3a1b0d597ce76e/base/visuals> (recomposing stage on stage @/home/ubuntu/workspace/physvla_sim/datasets/data_normalized/Dishwasher_urdf/11881/configuration/fitr_info1_base.usd@ <0x7a70bf096590>)

2026-07-14T13:51:21Z [3,571ms] [Warning] [isaacsim.asset.importer.urdf] Link base has no colliders, and no inertia was imported; assigning a small isotropic inertia matrix
2026-07-14T13:51:21Z [3,572ms] [Warning] [isaacsim.asset.importer.urdf] No mass specified for link body
2026-07-14T13:51:21Z [3,592ms] [Warning] [isaacsim.asset.importer.urdf] No mass specified for link door_1
2026-07-14T13:51:21Z [3,607ms] [Warning] [omni.usd] Warning: in _ReportErrors at line 3172 of /builds/omniverse/usd-ci/USD/pxr/usd/usd/stage.cpp -- In </partnet_6e85f6897e07e0b1df3a1b0d597ce76e/base/visuals>: Unresolved reference prim path @/home/ubuntu/workspace/physvla_sim/datasets/data_normalized/Dishwasher_urdf/11881/configuration/fitr_info1_base.usd@</visuals/base> introduced by @/home/ubuntu/workspace/physvla_sim/datasets/data_normalized/Dishwasher_urdf/11881/configuration/fitr_info1_base.usd@</partnet_6e85f6897e07e0b1df3a1b0d597ce76e/base/visuals> (recomposing stage on stage @/home/ubuntu/workspace/physvla_sim/datasets/data_normalized/Dishwasher_urdf/11881/fitr_info1.usd@ <0x7a70bf079e70>)

2026-07-14T13:51:21Z [3,607ms] [Warning] [omni.usd] Warning: in _ReportErrors at line 3172 of /builds/omniverse/usd-ci/USD/pxr/usd/usd/stage.cpp -- In </partnet_6e85f6897e07e0b1df3a1b0d597ce76e/base/visuals>: Unresolved reference prim path @/home/ubuntu/workspace/physvla_sim/datasets/data_normalized/Dishwasher_urdf/11881/configuration/fitr_info1_base.usd@</visuals/base> introduced by @/home/ubuntu/workspace/physvla_sim/datasets/data_normalized/Dishwasher_urdf/11881/configuration/fitr_info1_base.usd@</partnet_6e85f6897e07e0b1df3a1b0d597ce76e/base/visuals> (recomposing stage on stage @/home/ubuntu/workspace/physvla_sim/datasets/data_normalized/Dishwasher_urdf/11881/fitr_info1.usd@ <0x7a70bf075820>)

2026-07-14T13:51:21Z [3,608ms] [Warning] [omni.usd] Warning: in _ReportErrors at line 3172 of /builds/omniverse/usd-ci/USD/pxr/usd/usd/stage.cpp -- In </partnet_6e85f6897e07e0b1df3a1b0d597ce76e/base/visuals>: Unresolved reference prim path @/home/ubuntu/workspace/physvla_sim/datasets/data_normalized/Dishwasher_urdf/11881/configuration/fitr_info1_physics.usd@</visuals/base> introduced by @/home/ubuntu/workspace/physvla_sim/datasets/data_normalized/Dishwasher_urdf/11881/configuration/fitr_info1_base.usd@</partnet_6e85f6897e07e0b1df3a1b0d597ce76e/base/visuals> (recomposing stage on stage @/home/ubuntu/workspace/physvla_sim/datasets/data_normalized/Dishwasher_urdf/11881/fitr_info1.usd@ <0x7a70bf079e70>)

2026-07-14T13:51:21Z [3,608ms] [Warning] [omni.usd] Warning: in _ReportErrors at line 3172 of /builds/omniverse/usd-ci/USD/pxr/usd/usd/stage.cpp -- In </partnet_6e85f6897e07e0b1df3a1b0d597ce76e/base/visuals>: Unresolved reference prim path @/home/ubuntu/workspace/physvla_sim/datasets/data_normalized/Dishwasher_urdf/11881/configuration/fitr_info1_physics.usd@</visuals/base> introduced by @/home/ubuntu/workspace/physvla_sim/datasets/data_normalized/Dishwasher_urdf/11881/configuration/fitr_info1_base.usd@</partnet_6e85f6897e07e0b1df3a1b0d597ce76e/base/visuals> (recomposing stage on stage @/home/ubuntu/workspace/physvla_sim/datasets/data_normalized/Dishwasher_urdf/11881/fitr_info1.usd@ <0x7a70bf075820>)

2026-07-14T13:51:21Z [3,609ms] [Warning] [omni.usd] Warning: in _ReportErrors at line 3172 of /builds/omniverse/usd-ci/USD/pxr/usd/usd/stage.cpp -- In </partnet_6e85f6897e07e0b1df3a1b0d597ce76e/base/visuals>: Unresolved reference prim path @/home/ubuntu/workspace/physvla_sim/datasets/data_normalized/Dishwasher_urdf/11881/configuration/fitr_info1_physics.usd@</visuals/base> introduced by @/home/ubuntu/workspace/physvla_sim/datasets/data_normalized/Dishwasher_urdf/11881/configuration/fitr_info1_base.usd@</partnet_6e85f6897e07e0b1df3a1b0d597ce76e/base/visuals> (recomposing stage on stage @/home/ubuntu/workspace/physvla_sim/datasets/data_normalized/Dishwasher_urdf/11881/fitr_info1.usd@ <0x7a70bf079e70>)

2026-07-14T13:51:21Z [3,609ms] [Warning] [omni.usd] Warning: in _ReportErrors at line 3172 of /builds/omniverse/usd-ci/USD/pxr/usd/usd/stage.cpp -- In </partnet_6e85f6897e07e0b1df3a1b0d597ce76e/base/visuals>: Unresolved reference prim path @/home/ubuntu/workspace/physvla_sim/datasets/data_normalized/Dishwasher_urdf/11881/configuration/fitr_info1_physics.usd@</visuals/base> introduced by @/home/ubuntu/workspace/physvla_sim/datasets/data_normalized/Dishwasher_urdf/11881/configuration/fitr_info1_base.usd@</partnet_6e85f6897e07e0b1df3a1b0d597ce76e/base/visuals> (recomposing stage on stage @/home/ubuntu/workspace/physvla_sim/datasets/data_normalized/Dishwasher_urdf/11881/fitr_info1.usd@ <0x7a70bf075820>)

2026-07-14T13:51:21Z [3,610ms] [Warning] [omni.usd] Warning: in _ReportErrors at line 3172 of /builds/omniverse/usd-ci/USD/pxr/usd/usd/stage.cpp -- In </partnet_6e85f6897e07e0b1df3a1b0d597ce76e/base/visuals>: Unresolved reference prim path @/home/ubuntu/workspace/physvla_sim/datasets/data_normalized/Dishwasher_urdf/11881/configuration/fitr_info1_physics.usd@</visuals/base> introduced by @/home/ubuntu/workspace/physvla_sim/datasets/data_normalized/Dishwasher_urdf/11881/configuration/fitr_info1_base.usd@</partnet_6e85f6897e07e0b1df3a1b0d597ce76e/base/visuals> (recomposing stage on stage @/home/ubuntu/workspace/physvla_sim/datasets/data_normalized/Dishwasher_urdf/11881/fitr_info1.usd@ <0x7a70bf079e70>)

2026-07-14T13:51:21Z [3,610ms] [Warning] [omni.usd] Warning: in _ReportErrors at line 3172 of /builds/omniverse/usd-ci/USD/pxr/usd/usd/stage.cpp -- In </partnet_6e85f6897e07e0b1df3a1b0d597ce76e/base/visuals>: Unresolved reference prim path @/home/ubuntu/workspace/physvla_sim/datasets/data_normalized/Dishwasher_urdf/11881/configuration/fitr_info1_physics.usd@</visuals/base> introduced by @/home/ubuntu/workspace/physvla_sim/datasets/data_normalized/Dishwasher_urdf/11881/configuration/fitr_info1_base.usd@</partnet_6e85f6897e07e0b1df3a1b0d597ce76e/base/visuals> (recomposing stage on stage @/home/ubuntu/workspace/physvla_sim/datasets/data_normalized/Dishwasher_urdf/11881/fitr_info1.usd@ <0x7a70bf075820>)

2026-07-14T13:51:21Z [3,610ms] [Warning] [omni.usd] Warning: in _ReportErrors at line 3172 of /builds/omniverse/usd-ci/USD/pxr/usd/usd/stage.cpp -- In </partnet_6e85f6897e07e0b1df3a1b0d597ce76e/base/visuals>: Unresolved reference prim path @/home/ubuntu/workspace/physvla_sim/datasets/data_normalized/Dishwasher_urdf/11881/configuration/fitr_info1_physics.usd@</visuals/base> introduced by @/home/ubuntu/workspace/physvla_sim/datasets/data_normalized/Dishwasher_urdf/11881/configuration/fitr_info1_base.usd@</partnet_6e85f6897e07e0b1df3a1b0d597ce76e/base/visuals> (recomposing stage on stage @/home/ubuntu/workspace/physvla_sim/datasets/data_normalized/Dishwasher_urdf/11881/fitr_info1.usd@ <0x7a70bf079e70>)

2026-07-14T13:51:21Z [3,611ms] [Warning] [omni.usd] Warning: in _ReportErrors at line 3172 of /builds/omniverse/usd-ci/USD/pxr/usd/usd/stage.cpp -- In </partnet_6e85f6897e07e0b1df3a1b0d597ce76e/base/visuals>: Unresolved reference prim path @/home/ubuntu/workspace/physvla_sim/datasets/data_normalized/Dishwasher_urdf/11881/configuration/fitr_info1_physics.usd@</visuals/base> introduced by @/home/ubuntu/workspace/physvla_sim/datasets/data_normalized/Dishwasher_urdf/11881/configuration/fitr_info1_base.usd@</partnet_6e85f6897e07e0b1df3a1b0d597ce76e/base/visuals> (recomposing stage on stage @/home/ubuntu/workspace/physvla_sim/datasets/data_normalized/Dishwasher_urdf/11881/fitr_info1.usd@ <0x7a70bf075820>)

2026-07-14T13:51:21Z [3,611ms] [Warning] [omni.usd] Warning: in _ReportErrors at line 3172 of /builds/omniverse/usd-ci/USD/pxr/usd/usd/stage.cpp -- In </partnet_6e85f6897e07e0b1df3a1b0d597ce76e/base/visuals>: Unresolved reference prim path @/home/ubuntu/workspace/physvla_sim/datasets/data_normalized/Dishwasher_urdf/11881/configuration/fitr_info1_physics.usd@</visuals/base> introduced by @/home/ubuntu/workspace/physvla_sim/datasets/data_normalized/Dishwasher_urdf/11881/configuration/fitr_info1_base.usd@</partnet_6e85f6897e07e0b1df3a1b0d597ce76e/base/visuals> (recomposing stage on stage @/home/ubuntu/workspace/physvla_sim/datasets/data_normalized/Dishwasher_urdf/11881/fitr_info1.usd@ <0x7a70bf079e70>)

2026-07-14T13:51:21Z [3,611ms] [Warning] [omni.usd] Warning: in _ReportErrors at line 3172 of /builds/omniverse/usd-ci/USD/pxr/usd/usd/stage.cpp -- In </partnet_6e85f6897e07e0b1df3a1b0d597ce76e/base/visuals>: Unresolved reference prim path @/home/ubuntu/workspace/physvla_sim/datasets/data_normalized/Dishwasher_urdf/11881/configuration/fitr_info1_physics.usd@</visuals/base> introduced by @/home/ubuntu/workspace/physvla_sim/datasets/data_normalized/Dishwasher_urdf/11881/configuration/fitr_info1_base.usd@</partnet_6e85f6897e07e0b1df3a1b0d597ce76e/base/visuals> (recomposing stage on stage @/home/ubuntu/workspace/physvla_sim/datasets/data_normalized/Dishwasher_urdf/11881/fitr_info1.usd@ <0x7a70bf075820>)

2026-07-14T13:51:21Z [3,612ms] [Warning] [omni.usd] Warning: in _ReportErrors at line 3172 of /builds/omniverse/usd-ci/USD/pxr/usd/usd/stage.cpp -- In </partnet_6e85f6897e07e0b1df3a1b0d597ce76e/base/visuals>: Unresolved reference prim path @/home/ubuntu/workspace/physvla_sim/datasets/data_normalized/Dishwasher_urdf/11881/configuration/fitr_info1_physics.usd@</visuals/base> introduced by @/home/ubuntu/workspace/physvla_sim/datasets/data_normalized/Dishwasher_urdf/11881/configuration/fitr_info1_base.usd@</partnet_6e85f6897e07e0b1df3a1b0d597ce76e/base/visuals> (recomposing stage on stage @/home/ubuntu/workspace/physvla_sim/datasets/data_normalized/Dishwasher_urdf/11881/fitr_info1.usd@ <0x7a70bf079e70>)

2026-07-14T13:51:21Z [3,612ms] [Warning] [omni.usd] Warning: in _ReportErrors at line 3172 of /builds/omniverse/usd-ci/USD/pxr/usd/usd/stage.cpp -- In </partnet_6e85f6897e07e0b1df3a1b0d597ce76e/base/visuals>: Unresolved reference prim path @/home/ubuntu/workspace/physvla_sim/datasets/data_normalized/Dishwasher_urdf/11881/configuration/fitr_info1_physics.usd@</visuals/base> introduced by @/home/ubuntu/workspace/physvla_sim/datasets/data_normalized/Dishwasher_urdf/11881/configuration/fitr_info1_base.usd@</partnet_6e85f6897e07e0b1df3a1b0d597ce76e/base/visuals> (recomposing stage on stage @/home/ubuntu/workspace/physvla_sim/datasets/data_normalized/Dishwasher_urdf/11881/fitr_info1.usd@ <0x7a70bf075820>)

2026-07-14T13:51:21Z [3,612ms] [Warning] [omni.usd] Warning: in _ReportErrors at line 3172 of /builds/omniverse/usd-ci/USD/pxr/usd/usd/stage.cpp -- In </partnet_6e85f6897e07e0b1df3a1b0d597ce76e/base/visuals>: Unresolved reference prim path @/home/ubuntu/workspace/physvla_sim/datasets/data_normalized/Dishwasher_urdf/11881/configuration/fitr_info1_physics.usd@</visuals/base> introduced by @/home/ubuntu/workspace/physvla_sim/datasets/data_normalized/Dishwasher_urdf/11881/configuration/fitr_info1_base.usd@</partnet_6e85f6897e07e0b1df3a1b0d597ce76e/base/visuals> (recomposing stage on stage @/home/ubuntu/workspace/physvla_sim/datasets/data_normalized/Dishwasher_urdf/11881/fitr_info1.usd@ <0x7a70bf079e70>)

2026-07-14T13:51:21Z [3,613ms] [Warning] [omni.usd] Warning: in _ReportErrors at line 3172 of /builds/omniverse/usd-ci/USD/pxr/usd/usd/stage.cpp -- In </partnet_6e85f6897e07e0b1df3a1b0d597ce76e/base/visuals>: Unresolved reference prim path @/home/ubuntu/workspace/physvla_sim/datasets/data_normalized/Dishwasher_urdf/11881/configuration/fitr_info1_physics.usd@</visuals/base> introduced by @/home/ubuntu/workspace/physvla_sim/datasets/data_normalized/Dishwasher_urdf/11881/configuration/fitr_info1_base.usd@</partnet_6e85f6897e07e0b1df3a1b0d597ce76e/base/visuals> (recomposing stage on stage @/home/ubuntu/workspace/physvla_sim/datasets/data_normalized/Dishwasher_urdf/11881/fitr_info1.usd@ <0x7a70bf075820>)

Loading user config located at: '/home/ubuntu/isaacsim/kit/data/Kit/Isaac-Sim/5.1/user.config.json'
[Info] [carb] Logging to file: /home/ubuntu/isaacsim/kit/logs/Kit/Isaac-Sim/5.1/kit_20260714_215122.log
2026-07-14T13:51:22Z [183ms] [Warning] [omni.usd_config.extension] Enable omni.materialx.libs extension to use MaterialX
2026-07-14T13:51:22Z [189ms] [Warning] [omni.platforminfo.plugin] failed to open the default display.  Can't verify X Server version.
2026-07-14T13:51:22Z [460ms] [Warning] [carb] Acquiring non optional plugin interface which is not listed as dependency: [omni::physx::IPhysxBenchmarks v1.0] (plugin: <default plugin>), by client: omni.physics.physx.plugin. Add it to CARB_PLUGIN_IMPL_DEPS() macro of a client.
2026-07-14T13:51:22Z [595ms] [Warning] [omni.isaac.dynamic_control] omni.isaac.dynamic_control is deprecated as of Isaac Sim 4.5. No action is needed from end-users.

|---------------------------------------------------------------------------------------------|
| Driver Version: 580.142       | Graphics API: Vulkan
|=============================================================================================|
| GPU | Name                             | Active | LDA | GPU Memory | Vendor-ID | LUID       |
|     |                                  |        |     |            | Device-ID | UUID       |
|     |                                  |        |     |            | Bus-ID    |            |
|---------------------------------------------------------------------------------------------|
| 0   | NVIDIA GeForce RTX 5090 D v2     | Yes: 0 |     | 24701   MB | 10de      | 0          |
|     |                                  |        |     |            | 2b8c      | 5f3d0dc0.. |
|     |                                  |        |     |            | 1         |            |
|=============================================================================================|
| OS: 24.04.3 LTS (Noble Numbat) ubuntu, Version: 24.04.3, Kernel: 6.17.0-1017-oem
| Processor: Intel(R) Core(TM) i9-14900K
| Cores: 24 | Logical Cores: 32
|---------------------------------------------------------------------------------------------|
| Total Memory (MB): 64063 | Free Memory: 55337
| Total Page/Swap (MB): 8191 | Free Page/Swap: 8191
|---------------------------------------------------------------------------------------------|
2026-07-14T13:51:24Z [2,596ms] [Warning] [gpu.foundation.plugin] CPU performance profile is set to powersave. This profile sets the CPU to the lowest frequency reducing performance.
2026-07-14T13:51:24Z [2,604ms] [Warning] [gpu.foundation.plugin] IOMMU is enabled.
2026-07-14T13:51:25Z [2,745ms] [Warning] [omni.usd] Warning: in _ReportErrors at line 3172 of /builds/omniverse/usd-ci/USD/pxr/usd/usd/stage.cpp -- In </partnet_6e85f6897e07e0b1df3a1b0d597ce76e/base/visuals>: Unresolved reference prim path @/home/ubuntu/workspace/physvla_sim/datasets/data_normalized/Dishwasher_urdf/11881/configuration/fitr_info1_base.usd@</visuals/base> introduced by @/home/ubuntu/workspace/physvla_sim/datasets/data_normalized/Dishwasher_urdf/11881/configuration/fitr_info1_base.usd@</partnet_6e85f6897e07e0b1df3a1b0d597ce76e/base/visuals> (instantiating stage on stage @/home/ubuntu/workspace/physvla_sim/datasets/data_normalized/Dishwasher_urdf/11881/configuration/fitr_info1_base.usd@ <0xe91fdb0>)

2026-07-14T13:51:25Z [2,749ms] [Warning] [omni.usd] Warning: in _ReportErrors at line 3172 of /builds/omniverse/usd-ci/USD/pxr/usd/usd/stage.cpp -- In </partnet_6e85f6897e07e0b1df3a1b0d597ce76e/base/visuals>: Unresolved reference prim path @/home/ubuntu/workspace/physvla_sim/datasets/data_normalized/Dishwasher_urdf/11881/configuration/fitr_info1_physics.usd@</visuals/base> introduced by @/home/ubuntu/workspace/physvla_sim/datasets/data_normalized/Dishwasher_urdf/11881/configuration/fitr_info1_base.usd@</partnet_6e85f6897e07e0b1df3a1b0d597ce76e/base/visuals> (instantiating stage on stage @/home/ubuntu/workspace/physvla_sim/datasets/data_normalized/Dishwasher_urdf/11881/configuration/fitr_info1_physics.usd@ <0x16d919f0>)

2026-07-14T13:51:25Z [2,750ms] [Warning] [omni.usd] Warning: in _ReportErrors at line 3172 of /builds/omniverse/usd-ci/USD/pxr/usd/usd/stage.cpp -- In </partnet_6e85f6897e07e0b1df3a1b0d597ce76e/base/visuals>: Unresolved reference prim path @/home/ubuntu/workspace/physvla_sim/datasets/data_normalized/Dishwasher_urdf/11881/configuration/fitr_info1_physics.usd@</visuals/base> introduced by @/home/ubuntu/workspace/physvla_sim/datasets/data_normalized/Dishwasher_urdf/11881/configuration/fitr_info1_base.usd@</partnet_6e85f6897e07e0b1df3a1b0d597ce76e/base/visuals> (instantiating stage on stage @/home/ubuntu/workspace/physvla_sim/datasets/data_normalized/Dishwasher_urdf/11881/fitr_info1.usd@ <0xe8f13f0>)

[INFO][AppLauncher]: Using device: cuda:0
[INFO][AppLauncher]: Loading experience file: /home/ubuntu/workspace/IsaacLab/apps/isaaclab.python.headless.kit
{
  "output": "/home/ubuntu/workspace/physvla_sim/datasets/data_normalized/Dishwasher_urdf/11881/fitr_info1.usd",
  "scale": 0.427758930401804,
  "scale_layer": "/home/ubuntu/workspace/physvla_sim/datasets/data_normalized/Dishwasher_urdf/11881/configuration/fitr_info1_base.usd",
  "joints": [
    {
      "joint": "/partnet_6e85f6897e07e0b1df3a1b0d597ce76e/joints/joint_0",
      "drive": "angular",
      "damping": 650.0,
      "stiffness": 0.0,
      "max_force": 11.25
    }
  ],
  "dynamics_layer": "/home/ubuntu/workspace/physvla_sim/datasets/data_normalized/Dishwasher_urdf/11881/configuration/fitr_info1_physics.usd",
  "affordance_links": [
    "/partnet_6e85f6897e07e0b1df3a1b0d597ce76e/door_1"
  ]
}
Loading user config located at: '/home/ubuntu/isaacsim/kit/data/Kit/Isaac-Sim/5.1/user.config.json'
[Info] [carb] Logging to file: /home/ubuntu/isaacsim/kit/logs/Kit/Isaac-Sim/5.1/kit_20260714_215125.log
2026-07-14T13:51:25Z [181ms] [Warning] [omni.platforminfo.plugin] failed to open the default display.  Can't verify X Server version.
2026-07-14T13:51:25Z [182ms] [Warning] [omni.usd_config.extension] Enable omni.materialx.libs extension to use MaterialX
2026-07-14T13:51:25Z [456ms] [Warning] [carb] Acquiring non optional plugin interface which is not listed as dependency: [omni::physx::IPhysxBenchmarks v1.0] (plugin: <default plugin>), by client: omni.physics.physx.plugin. Add it to CARB_PLUGIN_IMPL_DEPS() macro of a client.
2026-07-14T13:51:26Z [590ms] [Warning] [omni.isaac.dynamic_control] omni.isaac.dynamic_control is deprecated as of Isaac Sim 4.5. No action is needed from end-users.

|---------------------------------------------------------------------------------------------|
| Driver Version: 580.142       | Graphics API: Vulkan
|=============================================================================================|
| GPU | Name                             | Active | LDA | GPU Memory | Vendor-ID | LUID       |
|     |                                  |        |     |            | Device-ID | UUID       |
|     |                                  |        |     |            | Bus-ID    |            |
|---------------------------------------------------------------------------------------------|
| 0   | NVIDIA GeForce RTX 5090 D v2     | Yes: 0 |     | 24701   MB | 10de      | 0          |
|     |                                  |        |     |            | 2b8c      | 5f3d0dc0.. |
|     |                                  |        |     |            | 1         |            |
|=============================================================================================|
| OS: 24.04.3 LTS (Noble Numbat) ubuntu, Version: 24.04.3, Kernel: 6.17.0-1017-oem
| Processor: Intel(R) Core(TM) i9-14900K
| Cores: 24 | Logical Cores: 32
|---------------------------------------------------------------------------------------------|
| Total Memory (MB): 64063 | Free Memory: 55376
| Total Page/Swap (MB): 8191 | Free Page/Swap: 8191
|---------------------------------------------------------------------------------------------|
2026-07-14T13:51:27Z [2,560ms] [Warning] [gpu.foundation.plugin] CPU performance profile is set to powersave. This profile sets the CPU to the lowest frequency reducing performance.
2026-07-14T13:51:27Z [2,568ms] [Warning] [gpu.foundation.plugin] IOMMU is enabled.
2026-07-14T13:51:28Z [2,712ms] [Warning] [carb.windowing-glfw.plugin] GLFW initialization failed.
2026-07-14T13:51:28Z [2,712ms] [Warning] [carb] Failed to startup plugin carb.windowing-glfw.plugin (interfaces: [carb::windowing::IGLContext v1.0],[carb::windowing::IWindowing v1.5]) (impl: carb.windowing-glfw.plugin)

|---------------------------------------------------------------------------------------------|
| Driver Version: 580.142       | Graphics API: Vulkan
|=============================================================================================|
| GPU | Name                             | Active | LDA | GPU Memory | Vendor-ID | LUID       |
|     |                                  |        |     |            | Device-ID | UUID       |
|     |                                  |        |     |            | Bus-ID    |            |
|---------------------------------------------------------------------------------------------|
| 0   | NVIDIA GeForce RTX 5090 D v2     | Yes: 0 |     | 24701   MB | 10de      | 0          |
|     |                                  |        |     |            | 2b8c      | 5f3d0dc0.. |
|     |                                  |        |     |            | 1         |            |
|=============================================================================================|
| OS: 24.04.3 LTS (Noble Numbat) ubuntu, Version: 24.04.3, Kernel: 6.17.0-1017-oem
| Processor: Intel(R) Core(TM) i9-14900K
| Cores: 24 | Logical Cores: 32
|---------------------------------------------------------------------------------------------|
| Total Memory (MB): 64063 | Free Memory: 55159
| Total Page/Swap (MB): 8191 | Free Page/Swap: 8191
|---------------------------------------------------------------------------------------------|
2026-07-14T13:51:28Z [2,944ms] [Warning] [gpu.foundation.plugin] CPU performance profile is set to powersave. This profile sets the CPU to the lowest frequency reducing performance.
2026-07-14T13:51:28Z [2,944ms] [Warning] [gpu.foundation.plugin] IOMMU is enabled.
2026-07-14T13:51:28Z [3,157ms] [Warning] [carb.windowing-glfw.plugin] GLFW initialization failed.
2026-07-14T13:51:28Z [3,157ms] [Warning] [carb] Failed to startup plugin carb.windowing-glfw.plugin (interfaces: [carb::windowing::IGLContext v1.0],[carb::windowing::IWindowing v1.5]) (impl: carb.windowing-glfw.plugin)
2026-07-14T13:51:28Z [3,169ms] [Warning] [carb.windowing-glfw.plugin] GLFW initialization failed.
2026-07-14T13:51:28Z [3,169ms] [Warning] [carb] Failed to startup plugin carb.windowing-glfw.plugin (interfaces: [carb::windowing::IGLContext v1.0],[carb::windowing::IWindowing v1.5]) (impl: carb.windowing-glfw.plugin)
2026-07-14T13:51:28Z [3,174ms] [Warning] [carb.windowing-glfw.plugin] GLFW initialization failed.
2026-07-14T13:51:28Z [3,174ms] [Warning] [carb] Failed to startup plugin carb.windowing-glfw.plugin (interfaces: [carb::windowing::IGLContext v1.0],[carb::windowing::IWindowing v1.5]) (impl: carb.windowing-glfw.plugin)
2026-07-14T13:51:28Z [3,179ms] [Warning] [carb.windowing-glfw.plugin] GLFW initialization failed.
2026-07-14T13:51:28Z [3,179ms] [Warning] [carb] Failed to startup plugin carb.windowing-glfw.plugin (interfaces: [carb::windowing::IGLContext v1.0],[carb::windowing::IWindowing v1.5]) (impl: carb.windowing-glfw.plugin)
2026-07-14T13:51:28Z [3,180ms] [Warning] [carb.windowing-glfw.plugin] GLFW initialization failed.
2026-07-14T13:51:28Z [3,180ms] [Warning] [carb] Failed to startup plugin carb.windowing-glfw.plugin (interfaces: [carb::windowing::IGLContext v1.0],[carb::windowing::IWindowing v1.5]) (impl: carb.windowing-glfw.plugin)
2026-07-14T13:51:28Z [3,180ms] [Warning] [carb.windowing-glfw.plugin] GLFW initialization failed.
2026-07-14T13:51:28Z [3,180ms] [Warning] [carb] Failed to startup plugin carb.windowing-glfw.plugin (interfaces: [carb::windowing::IGLContext v1.0],[carb::windowing::IWindowing v1.5]) (impl: carb.windowing-glfw.plugin)
2026-07-14T13:51:28Z [3,422ms] [Warning] [omni.graph.visualization.nodes._impl.extension] No Viewport Window to add omni.graph.visualization.nodes-2.1.3 scene to
2026-07-14T13:51:28Z [3,509ms] [Warning] [isaacsim.asset.importer.urdf] The path partnet_u089e0209-00c8-4a65-8cd1-1a0d441c7176 is not a valid usd path, modifying to partnet_u089e0209_00c8_4a65_8cd1_1a0d441c7176
2026-07-14T13:51:28Z [3,532ms] [Warning] [isaacsim.asset.importer.urdf] No mass specified for link base
2026-07-14T13:51:28Z [3,533ms] [Warning] [omni.usd] Warning: in _ReportErrors at line 3172 of /builds/omniverse/usd-ci/USD/pxr/usd/usd/stage.cpp -- In </partnet_u089e0209_00c8_4a65_8cd1_1a0d441c7176/base/visuals>: Unresolved reference prim path @/home/ubuntu/workspace/physvla_sim/datasets/data_normalized/Dishwasher_urdf/11887/configuration/fitr_info1_physics.usd@</visuals/base> introduced by @/home/ubuntu/workspace/physvla_sim/datasets/data_normalized/Dishwasher_urdf/11887/configuration/fitr_info1_base.usd@</partnet_u089e0209_00c8_4a65_8cd1_1a0d441c7176/base/visuals> (recomposing stage on stage @/home/ubuntu/workspace/physvla_sim/datasets/data_normalized/Dishwasher_urdf/11887/configuration/fitr_info1_physics.usd@ <0x748e168146c0>)

2026-07-14T13:51:28Z [3,533ms] [Warning] [omni.usd] Warning: in _ReportErrors at line 3172 of /builds/omniverse/usd-ci/USD/pxr/usd/usd/stage.cpp -- In </partnet_u089e0209_00c8_4a65_8cd1_1a0d441c7176/base/visuals>: Unresolved reference prim path @/home/ubuntu/workspace/physvla_sim/datasets/data_normalized/Dishwasher_urdf/11887/fitr_info1.usd@</visuals/base> introduced by @/home/ubuntu/workspace/physvla_sim/datasets/data_normalized/Dishwasher_urdf/11887/configuration/fitr_info1_base.usd@</partnet_u089e0209_00c8_4a65_8cd1_1a0d441c7176/base/visuals> (recomposing stage on stage @/home/ubuntu/workspace/physvla_sim/datasets/data_normalized/Dishwasher_urdf/11887/fitr_info1.usd@ <0x748e249aa4c0>)

2026-07-14T13:51:28Z [3,534ms] [Warning] [omni.usd] Warning: in _ReportErrors at line 3172 of /builds/omniverse/usd-ci/USD/pxr/usd/usd/stage.cpp -- In </partnet_u089e0209_00c8_4a65_8cd1_1a0d441c7176/base/visuals>: Unresolved reference prim path @/home/ubuntu/workspace/physvla_sim/datasets/data_normalized/Dishwasher_urdf/11887/fitr_info1.usd@</visuals/base> introduced by @/home/ubuntu/workspace/physvla_sim/datasets/data_normalized/Dishwasher_urdf/11887/configuration/fitr_info1_base.usd@</partnet_u089e0209_00c8_4a65_8cd1_1a0d441c7176/base/visuals> (recomposing stage on stage @/home/ubuntu/workspace/physvla_sim/datasets/data_normalized/Dishwasher_urdf/11887/fitr_info1.usd@ <0x748e249a5ff0>)

2026-07-14T13:51:28Z [3,534ms] [Warning] [omni.usd] Warning: in _ReportErrors at line 3172 of /builds/omniverse/usd-ci/USD/pxr/usd/usd/stage.cpp -- In </partnet_u089e0209_00c8_4a65_8cd1_1a0d441c7176/base/visuals>: Unresolved reference prim path @/home/ubuntu/workspace/physvla_sim/datasets/data_normalized/Dishwasher_urdf/11887/configuration/fitr_info1_base.usd@</visuals/base> introduced by @/home/ubuntu/workspace/physvla_sim/datasets/data_normalized/Dishwasher_urdf/11887/configuration/fitr_info1_base.usd@</partnet_u089e0209_00c8_4a65_8cd1_1a0d441c7176/base/visuals> (recomposing stage on stage @/home/ubuntu/workspace/physvla_sim/datasets/data_normalized/Dishwasher_urdf/11887/configuration/fitr_info1_base.usd@ <0x748e1681da70>)

2026-07-14T13:51:28Z [3,534ms] [Warning] [omni.usd] Warning: in _ReportErrors at line 3172 of /builds/omniverse/usd-ci/USD/pxr/usd/usd/stage.cpp -- In </partnet_u089e0209_00c8_4a65_8cd1_1a0d441c7176/base/visuals>: Unresolved reference prim path @/home/ubuntu/workspace/physvla_sim/datasets/data_normalized/Dishwasher_urdf/11887/configuration/fitr_info1_physics.usd@</visuals/base> introduced by @/home/ubuntu/workspace/physvla_sim/datasets/data_normalized/Dishwasher_urdf/11887/configuration/fitr_info1_base.usd@</partnet_u089e0209_00c8_4a65_8cd1_1a0d441c7176/base/visuals> (recomposing stage on stage @/home/ubuntu/workspace/physvla_sim/datasets/data_normalized/Dishwasher_urdf/11887/configuration/fitr_info1_physics.usd@ <0x748e168146c0>)

2026-07-14T13:51:28Z [3,534ms] [Warning] [omni.usd] Warning: in _ReportErrors at line 3172 of /builds/omniverse/usd-ci/USD/pxr/usd/usd/stage.cpp -- In </partnet_u089e0209_00c8_4a65_8cd1_1a0d441c7176/base/visuals>: Unresolved reference prim path @/home/ubuntu/workspace/physvla_sim/datasets/data_normalized/Dishwasher_urdf/11887/fitr_info1.usd@</visuals/base> introduced by @/home/ubuntu/workspace/physvla_sim/datasets/data_normalized/Dishwasher_urdf/11887/configuration/fitr_info1_base.usd@</partnet_u089e0209_00c8_4a65_8cd1_1a0d441c7176/base/visuals> (recomposing stage on stage @/home/ubuntu/workspace/physvla_sim/datasets/data_normalized/Dishwasher_urdf/11887/fitr_info1.usd@ <0x748e249aa4c0>)

2026-07-14T13:51:28Z [3,534ms] [Warning] [omni.usd] Warning: in _ReportErrors at line 3172 of /builds/omniverse/usd-ci/USD/pxr/usd/usd/stage.cpp -- In </partnet_u089e0209_00c8_4a65_8cd1_1a0d441c7176/base/visuals>: Unresolved reference prim path @/home/ubuntu/workspace/physvla_sim/datasets/data_normalized/Dishwasher_urdf/11887/fitr_info1.usd@</visuals/base> introduced by @/home/ubuntu/workspace/physvla_sim/datasets/data_normalized/Dishwasher_urdf/11887/configuration/fitr_info1_base.usd@</partnet_u089e0209_00c8_4a65_8cd1_1a0d441c7176/base/visuals> (recomposing stage on stage @/home/ubuntu/workspace/physvla_sim/datasets/data_normalized/Dishwasher_urdf/11887/fitr_info1.usd@ <0x748e249a5ff0>)

2026-07-14T13:51:28Z [3,534ms] [Warning] [omni.usd] Warning: in _ReportErrors at line 3172 of /builds/omniverse/usd-ci/USD/pxr/usd/usd/stage.cpp -- In </partnet_u089e0209_00c8_4a65_8cd1_1a0d441c7176/base/visuals>: Unresolved reference prim path @/home/ubuntu/workspace/physvla_sim/datasets/data_normalized/Dishwasher_urdf/11887/configuration/fitr_info1_base.usd@</visuals/base> introduced by @/home/ubuntu/workspace/physvla_sim/datasets/data_normalized/Dishwasher_urdf/11887/configuration/fitr_info1_base.usd@</partnet_u089e0209_00c8_4a65_8cd1_1a0d441c7176/base/visuals> (recomposing stage on stage @/home/ubuntu/workspace/physvla_sim/datasets/data_normalized/Dishwasher_urdf/11887/configuration/fitr_info1_base.usd@ <0x748e1681da70>)

2026-07-14T13:51:28Z [3,535ms] [Warning] [isaacsim.asset.importer.urdf] Link base has no colliders, and no inertia was imported; assigning a small isotropic inertia matrix
2026-07-14T13:51:28Z [3,537ms] [Warning] [isaacsim.asset.importer.urdf] No mass specified for link body
2026-07-14T13:51:29Z [3,581ms] [Warning] [isaacsim.asset.importer.urdf] No mass specified for link door_1
2026-07-14T13:51:29Z [3,606ms] [Warning] [omni.usd] Warning: in _ReportErrors at line 3172 of /builds/omniverse/usd-ci/USD/pxr/usd/usd/stage.cpp -- In </partnet_u089e0209_00c8_4a65_8cd1_1a0d441c7176/base/visuals>: Unresolved reference prim path @/home/ubuntu/workspace/physvla_sim/datasets/data_normalized/Dishwasher_urdf/11887/configuration/fitr_info1_base.usd@</visuals/base> introduced by @/home/ubuntu/workspace/physvla_sim/datasets/data_normalized/Dishwasher_urdf/11887/configuration/fitr_info1_base.usd@</partnet_u089e0209_00c8_4a65_8cd1_1a0d441c7176/base/visuals> (recomposing stage on stage @/home/ubuntu/workspace/physvla_sim/datasets/data_normalized/Dishwasher_urdf/11887/fitr_info1.usd@ <0x748e249aa4c0>)

2026-07-14T13:51:29Z [3,606ms] [Warning] [omni.usd] Warning: in _ReportErrors at line 3172 of /builds/omniverse/usd-ci/USD/pxr/usd/usd/stage.cpp -- In </partnet_u089e0209_00c8_4a65_8cd1_1a0d441c7176/base/visuals>: Unresolved reference prim path @/home/ubuntu/workspace/physvla_sim/datasets/data_normalized/Dishwasher_urdf/11887/configuration/fitr_info1_base.usd@</visuals/base> introduced by @/home/ubuntu/workspace/physvla_sim/datasets/data_normalized/Dishwasher_urdf/11887/configuration/fitr_info1_base.usd@</partnet_u089e0209_00c8_4a65_8cd1_1a0d441c7176/base/visuals> (recomposing stage on stage @/home/ubuntu/workspace/physvla_sim/datasets/data_normalized/Dishwasher_urdf/11887/fitr_info1.usd@ <0x748e249a5ff0>)

2026-07-14T13:51:29Z [3,607ms] [Warning] [omni.usd] Warning: in _ReportErrors at line 3172 of /builds/omniverse/usd-ci/USD/pxr/usd/usd/stage.cpp -- In </partnet_u089e0209_00c8_4a65_8cd1_1a0d441c7176/base/visuals>: Unresolved reference prim path @/home/ubuntu/workspace/physvla_sim/datasets/data_normalized/Dishwasher_urdf/11887/configuration/fitr_info1_physics.usd@</visuals/base> introduced by @/home/ubuntu/workspace/physvla_sim/datasets/data_normalized/Dishwasher_urdf/11887/configuration/fitr_info1_base.usd@</partnet_u089e0209_00c8_4a65_8cd1_1a0d441c7176/base/visuals> (recomposing stage on stage @/home/ubuntu/workspace/physvla_sim/datasets/data_normalized/Dishwasher_urdf/11887/fitr_info1.usd@ <0x748e249aa4c0>)

2026-07-14T13:51:29Z [3,607ms] [Warning] [omni.usd] Warning: in _ReportErrors at line 3172 of /builds/omniverse/usd-ci/USD/pxr/usd/usd/stage.cpp -- In </partnet_u089e0209_00c8_4a65_8cd1_1a0d441c7176/base/visuals>: Unresolved reference prim path @/home/ubuntu/workspace/physvla_sim/datasets/data_normalized/Dishwasher_urdf/11887/configuration/fitr_info1_physics.usd@</visuals/base> introduced by @/home/ubuntu/workspace/physvla_sim/datasets/data_normalized/Dishwasher_urdf/11887/configuration/fitr_info1_base.usd@</partnet_u089e0209_00c8_4a65_8cd1_1a0d441c7176/base/visuals> (recomposing stage on stage @/home/ubuntu/workspace/physvla_sim/datasets/data_normalized/Dishwasher_urdf/11887/fitr_info1.usd@ <0x748e249a5ff0>)

2026-07-14T13:51:29Z [3,607ms] [Warning] [omni.usd] Warning: in _ReportErrors at line 3172 of /builds/omniverse/usd-ci/USD/pxr/usd/usd/stage.cpp -- In </partnet_u089e0209_00c8_4a65_8cd1_1a0d441c7176/base/visuals>: Unresolved reference prim path @/home/ubuntu/workspace/physvla_sim/datasets/data_normalized/Dishwasher_urdf/11887/configuration/fitr_info1_physics.usd@</visuals/base> introduced by @/home/ubuntu/workspace/physvla_sim/datasets/data_normalized/Dishwasher_urdf/11887/configuration/fitr_info1_base.usd@</partnet_u089e0209_00c8_4a65_8cd1_1a0d441c7176/base/visuals> (recomposing stage on stage @/home/ubuntu/workspace/physvla_sim/datasets/data_normalized/Dishwasher_urdf/11887/fitr_info1.usd@ <0x748e249aa4c0>)

2026-07-14T13:51:29Z [3,608ms] [Warning] [omni.usd] Warning: in _ReportErrors at line 3172 of /builds/omniverse/usd-ci/USD/pxr/usd/usd/stage.cpp -- In </partnet_u089e0209_00c8_4a65_8cd1_1a0d441c7176/base/visuals>: Unresolved reference prim path @/home/ubuntu/workspace/physvla_sim/datasets/data_normalized/Dishwasher_urdf/11887/configuration/fitr_info1_physics.usd@</visuals/base> introduced by @/home/ubuntu/workspace/physvla_sim/datasets/data_normalized/Dishwasher_urdf/11887/configuration/fitr_info1_base.usd@</partnet_u089e0209_00c8_4a65_8cd1_1a0d441c7176/base/visuals> (recomposing stage on stage @/home/ubuntu/workspace/physvla_sim/datasets/data_normalized/Dishwasher_urdf/11887/fitr_info1.usd@ <0x748e249a5ff0>)

2026-07-14T13:51:29Z [3,608ms] [Warning] [omni.usd] Warning: in _ReportErrors at line 3172 of /builds/omniverse/usd-ci/USD/pxr/usd/usd/stage.cpp -- In </partnet_u089e0209_00c8_4a65_8cd1_1a0d441c7176/base/visuals>: Unresolved reference prim path @/home/ubuntu/workspace/physvla_sim/datasets/data_normalized/Dishwasher_urdf/11887/configuration/fitr_info1_physics.usd@</visuals/base> introduced by @/home/ubuntu/workspace/physvla_sim/datasets/data_normalized/Dishwasher_urdf/11887/configuration/fitr_info1_base.usd@</partnet_u089e0209_00c8_4a65_8cd1_1a0d441c7176/base/visuals> (recomposing stage on stage @/home/ubuntu/workspace/physvla_sim/datasets/data_normalized/Dishwasher_urdf/11887/fitr_info1.usd@ <0x748e249aa4c0>)

2026-07-14T13:51:29Z [3,608ms] [Warning] [omni.usd] Warning: in _ReportErrors at line 3172 of /builds/omniverse/usd-ci/USD/pxr/usd/usd/stage.cpp -- In </partnet_u089e0209_00c8_4a65_8cd1_1a0d441c7176/base/visuals>: Unresolved reference prim path @/home/ubuntu/workspace/physvla_sim/datasets/data_normalized/Dishwasher_urdf/11887/configuration/fitr_info1_physics.usd@</visuals/base> introduced by @/home/ubuntu/workspace/physvla_sim/datasets/data_normalized/Dishwasher_urdf/11887/configuration/fitr_info1_base.usd@</partnet_u089e0209_00c8_4a65_8cd1_1a0d441c7176/base/visuals> (recomposing stage on stage @/home/ubuntu/workspace/physvla_sim/datasets/data_normalized/Dishwasher_urdf/11887/fitr_info1.usd@ <0x748e249a5ff0>)

2026-07-14T13:51:29Z [3,609ms] [Warning] [omni.usd] Warning: in _ReportErrors at line 3172 of /builds/omniverse/usd-ci/USD/pxr/usd/usd/stage.cpp -- In </partnet_u089e0209_00c8_4a65_8cd1_1a0d441c7176/base/visuals>: Unresolved reference prim path @/home/ubuntu/workspace/physvla_sim/datasets/data_normalized/Dishwasher_urdf/11887/configuration/fitr_info1_physics.usd@</visuals/base> introduced by @/home/ubuntu/workspace/physvla_sim/datasets/data_normalized/Dishwasher_urdf/11887/configuration/fitr_info1_base.usd@</partnet_u089e0209_00c8_4a65_8cd1_1a0d441c7176/base/visuals> (recomposing stage on stage @/home/ubuntu/workspace/physvla_sim/datasets/data_normalized/Dishwasher_urdf/11887/fitr_info1.usd@ <0x748e249aa4c0>)

2026-07-14T13:51:29Z [3,609ms] [Warning] [omni.usd] Warning: in _ReportErrors at line 3172 of /builds/omniverse/usd-ci/USD/pxr/usd/usd/stage.cpp -- In </partnet_u089e0209_00c8_4a65_8cd1_1a0d441c7176/base/visuals>: Unresolved reference prim path @/home/ubuntu/workspace/physvla_sim/datasets/data_normalized/Dishwasher_urdf/11887/configuration/fitr_info1_physics.usd@</visuals/base> introduced by @/home/ubuntu/workspace/physvla_sim/datasets/data_normalized/Dishwasher_urdf/11887/configuration/fitr_info1_base.usd@</partnet_u089e0209_00c8_4a65_8cd1_1a0d441c7176/base/visuals> (recomposing stage on stage @/home/ubuntu/workspace/physvla_sim/datasets/data_normalized/Dishwasher_urdf/11887/fitr_info1.usd@ <0x748e249a5ff0>)

2026-07-14T13:51:29Z [3,609ms] [Warning] [omni.usd] Warning: in _ReportErrors at line 3172 of /builds/omniverse/usd-ci/USD/pxr/usd/usd/stage.cpp -- In </partnet_u089e0209_00c8_4a65_8cd1_1a0d441c7176/base/visuals>: Unresolved reference prim path @/home/ubuntu/workspace/physvla_sim/datasets/data_normalized/Dishwasher_urdf/11887/configuration/fitr_info1_physics.usd@</visuals/base> introduced by @/home/ubuntu/workspace/physvla_sim/datasets/data_normalized/Dishwasher_urdf/11887/configuration/fitr_info1_base.usd@</partnet_u089e0209_00c8_4a65_8cd1_1a0d441c7176/base/visuals> (recomposing stage on stage @/home/ubuntu/workspace/physvla_sim/datasets/data_normalized/Dishwasher_urdf/11887/fitr_info1.usd@ <0x748e249aa4c0>)

2026-07-14T13:51:29Z [3,610ms] [Warning] [omni.usd] Warning: in _ReportErrors at line 3172 of /builds/omniverse/usd-ci/USD/pxr/usd/usd/stage.cpp -- In </partnet_u089e0209_00c8_4a65_8cd1_1a0d441c7176/base/visuals>: Unresolved reference prim path @/home/ubuntu/workspace/physvla_sim/datasets/data_normalized/Dishwasher_urdf/11887/configuration/fitr_info1_physics.usd@</visuals/base> introduced by @/home/ubuntu/workspace/physvla_sim/datasets/data_normalized/Dishwasher_urdf/11887/configuration/fitr_info1_base.usd@</partnet_u089e0209_00c8_4a65_8cd1_1a0d441c7176/base/visuals> (recomposing stage on stage @/home/ubuntu/workspace/physvla_sim/datasets/data_normalized/Dishwasher_urdf/11887/fitr_info1.usd@ <0x748e249a5ff0>)

2026-07-14T13:51:29Z [3,610ms] [Warning] [omni.usd] Warning: in _ReportErrors at line 3172 of /builds/omniverse/usd-ci/USD/pxr/usd/usd/stage.cpp -- In </partnet_u089e0209_00c8_4a65_8cd1_1a0d441c7176/base/visuals>: Unresolved reference prim path @/home/ubuntu/workspace/physvla_sim/datasets/data_normalized/Dishwasher_urdf/11887/configuration/fitr_info1_physics.usd@</visuals/base> introduced by @/home/ubuntu/workspace/physvla_sim/datasets/data_normalized/Dishwasher_urdf/11887/configuration/fitr_info1_base.usd@</partnet_u089e0209_00c8_4a65_8cd1_1a0d441c7176/base/visuals> (recomposing stage on stage @/home/ubuntu/workspace/physvla_sim/datasets/data_normalized/Dishwasher_urdf/11887/fitr_info1.usd@ <0x748e249aa4c0>)

2026-07-14T13:51:29Z [3,610ms] [Warning] [omni.usd] Warning: in _ReportErrors at line 3172 of /builds/omniverse/usd-ci/USD/pxr/usd/usd/stage.cpp -- In </partnet_u089e0209_00c8_4a65_8cd1_1a0d441c7176/base/visuals>: Unresolved reference prim path @/home/ubuntu/workspace/physvla_sim/datasets/data_normalized/Dishwasher_urdf/11887/configuration/fitr_info1_physics.usd@</visuals/base> introduced by @/home/ubuntu/workspace/physvla_sim/datasets/data_normalized/Dishwasher_urdf/11887/configuration/fitr_info1_base.usd@</partnet_u089e0209_00c8_4a65_8cd1_1a0d441c7176/base/visuals> (recomposing stage on stage @/home/ubuntu/workspace/physvla_sim/datasets/data_normalized/Dishwasher_urdf/11887/fitr_info1.usd@ <0x748e249a5ff0>)

2026-07-14T13:51:29Z [3,611ms] [Warning] [omni.usd] Warning: in _ReportErrors at line 3172 of /builds/omniverse/usd-ci/USD/pxr/usd/usd/stage.cpp -- In </partnet_u089e0209_00c8_4a65_8cd1_1a0d441c7176/base/visuals>: Unresolved reference prim path @/home/ubuntu/workspace/physvla_sim/datasets/data_normalized/Dishwasher_urdf/11887/configuration/fitr_info1_physics.usd@</visuals/base> introduced by @/home/ubuntu/workspace/physvla_sim/datasets/data_normalized/Dishwasher_urdf/11887/configuration/fitr_info1_base.usd@</partnet_u089e0209_00c8_4a65_8cd1_1a0d441c7176/base/visuals> (recomposing stage on stage @/home/ubuntu/workspace/physvla_sim/datasets/data_normalized/Dishwasher_urdf/11887/fitr_info1.usd@ <0x748e249aa4c0>)

2026-07-14T13:51:29Z [3,611ms] [Warning] [omni.usd] Warning: in _ReportErrors at line 3172 of /builds/omniverse/usd-ci/USD/pxr/usd/usd/stage.cpp -- In </partnet_u089e0209_00c8_4a65_8cd1_1a0d441c7176/base/visuals>: Unresolved reference prim path @/home/ubuntu/workspace/physvla_sim/datasets/data_normalized/Dishwasher_urdf/11887/configuration/fitr_info1_physics.usd@</visuals/base> introduced by @/home/ubuntu/workspace/physvla_sim/datasets/data_normalized/Dishwasher_urdf/11887/configuration/fitr_info1_base.usd@</partnet_u089e0209_00c8_4a65_8cd1_1a0d441c7176/base/visuals> (recomposing stage on stage @/home/ubuntu/workspace/physvla_sim/datasets/data_normalized/Dishwasher_urdf/11887/fitr_info1.usd@ <0x748e249a5ff0>)

Loading user config located at: '/home/ubuntu/isaacsim/kit/data/Kit/Isaac-Sim/5.1/user.config.json'
[Info] [carb] Logging to file: /home/ubuntu/isaacsim/kit/logs/Kit/Isaac-Sim/5.1/kit_20260714_215129.log
2026-07-14T13:51:29Z [184ms] [Warning] [omni.usd_config.extension] Enable omni.materialx.libs extension to use MaterialX
2026-07-14T13:51:29Z [188ms] [Warning] [omni.platforminfo.plugin] failed to open the default display.  Can't verify X Server version.
2026-07-14T13:51:29Z [469ms] [Warning] [carb] Acquiring non optional plugin interface which is not listed as dependency: [omni::physx::IPhysxBenchmarks v1.0] (plugin: <default plugin>), by client: omni.physics.physx.plugin. Add it to CARB_PLUGIN_IMPL_DEPS() macro of a client.
2026-07-14T13:51:30Z [601ms] [Warning] [omni.isaac.dynamic_control] omni.isaac.dynamic_control is deprecated as of Isaac Sim 4.5. No action is needed from end-users.

|---------------------------------------------------------------------------------------------|
| Driver Version: 580.142       | Graphics API: Vulkan
|=============================================================================================|
| GPU | Name                             | Active | LDA | GPU Memory | Vendor-ID | LUID       |
|     |                                  |        |     |            | Device-ID | UUID       |
|     |                                  |        |     |            | Bus-ID    |            |
|---------------------------------------------------------------------------------------------|
| 0   | NVIDIA GeForce RTX 5090 D v2     | Yes: 0 |     | 24701   MB | 10de      | 0          |
|     |                                  |        |     |            | 2b8c      | 5f3d0dc0.. |
|     |                                  |        |     |            | 1         |            |
|=============================================================================================|
| OS: 24.04.3 LTS (Noble Numbat) ubuntu, Version: 24.04.3, Kernel: 6.17.0-1017-oem
| Processor: Intel(R) Core(TM) i9-14900K
| Cores: 24 | Logical Cores: 32
|---------------------------------------------------------------------------------------------|
| Total Memory (MB): 64063 | Free Memory: 55344
| Total Page/Swap (MB): 8191 | Free Page/Swap: 8191
|---------------------------------------------------------------------------------------------|
2026-07-14T13:51:32Z [2,566ms] [Warning] [gpu.foundation.plugin] CPU performance profile is set to powersave. This profile sets the CPU to the lowest frequency reducing performance.
2026-07-14T13:51:32Z [2,574ms] [Warning] [gpu.foundation.plugin] IOMMU is enabled.
2026-07-14T13:51:32Z [2,710ms] [Warning] [omni.usd] Warning: in _ReportErrors at line 3172 of /builds/omniverse/usd-ci/USD/pxr/usd/usd/stage.cpp -- In </partnet_u089e0209_00c8_4a65_8cd1_1a0d441c7176/base/visuals>: Unresolved reference prim path @/home/ubuntu/workspace/physvla_sim/datasets/data_normalized/Dishwasher_urdf/11887/configuration/fitr_info1_base.usd@</visuals/base> introduced by @/home/ubuntu/workspace/physvla_sim/datasets/data_normalized/Dishwasher_urdf/11887/configuration/fitr_info1_base.usd@</partnet_u089e0209_00c8_4a65_8cd1_1a0d441c7176/base/visuals> (instantiating stage on stage @/home/ubuntu/workspace/physvla_sim/datasets/data_normalized/Dishwasher_urdf/11887/configuration/fitr_info1_base.usd@ <0x1a463a20>)

2026-07-14T13:51:32Z [2,714ms] [Warning] [omni.usd] Warning: in _ReportErrors at line 3172 of /builds/omniverse/usd-ci/USD/pxr/usd/usd/stage.cpp -- In </partnet_u089e0209_00c8_4a65_8cd1_1a0d441c7176/base/visuals>: Unresolved reference prim path @/home/ubuntu/workspace/physvla_sim/datasets/data_normalized/Dishwasher_urdf/11887/configuration/fitr_info1_physics.usd@</visuals/base> introduced by @/home/ubuntu/workspace/physvla_sim/datasets/data_normalized/Dishwasher_urdf/11887/configuration/fitr_info1_base.usd@</partnet_u089e0209_00c8_4a65_8cd1_1a0d441c7176/base/visuals> (instantiating stage on stage @/home/ubuntu/workspace/physvla_sim/datasets/data_normalized/Dishwasher_urdf/11887/configuration/fitr_info1_physics.usd@ <0x192aa510>)

[INFO][AppLauncher]: Using device: cuda:0
[INFO][AppLauncher]: Loading experience file: /home/ubuntu/workspace/IsaacLab/apps/isaaclab.python.headless.kit
{
  "output": "/home/ubuntu/workspace/physvla_sim/datasets/data_normalized/Dishwasher_urdf/11887/fitr_info1.usd",
  "scale": 0.3991428736162361,
  "scale_layer": "/home/ubuntu/workspace/physvla_sim/datasets/data_normalized/Dishwasher_urdf/11887/configuration/fitr_info1_base.usd",
  "joints": [
    {
      "joint": "/partnet_u089e0209_00c8_4a65_8cd1_1a0d441c7176/joints/joint_0",
      "drive": "angular",
      "damping": 670.0,
      "stiffness": 0.0,
      "max_force": 12.5
    }
  ],
  "dynamics_layer": "/home/ubuntu/workspace/physvla_sim/datasets/data_normalized/Dishwasher_urdf/11887/configuration/fitr_info1_physics.usd",
  "affordance_links": [
    "/partnet_u089e0209_00c8_4a65_8cd1_1a0d441c7176/door_1"
  ]
}
2026-07-14T13:51:32Z [2,716ms] [Warning] [omni.usd] Warning: in _ReportErrors at line 3172 of /builds/omniverse/usd-ci/USD/pxr/usd/usd/stage.cpp -- In </partnet_u089e0209_00c8_4a65_8cd1_1a0d441c7176/base/visuals>: Unresolved reference prim path @/home/ubuntu/workspace/physvla_sim/datasets/data_normalized/Dishwasher_urdf/11887/configuration/fitr_info1_physics.usd@</visuals/base> introduced by @/home/ubuntu/workspace/physvla_sim/datasets/data_normalized/Dishwasher_urdf/11887/configuration/fitr_info1_base.usd@</partnet_u089e0209_00c8_4a65_8cd1_1a0d441c7176/base/visuals> (instantiating stage on stage @/home/ubuntu/workspace/physvla_sim/datasets/data_normalized/Dishwasher_urdf/11887/fitr_info1.usd@ <0x10dbc100>)

Loading user config located at: '/home/ubuntu/isaacsim/kit/data/Kit/Isaac-Sim/5.1/user.config.json'
[Info] [carb] Logging to file: /home/ubuntu/isaacsim/kit/logs/Kit/Isaac-Sim/5.1/kit_20260714_215132.log
2026-07-14T13:51:32Z [186ms] [Warning] [omni.usd_config.extension] Enable omni.materialx.libs extension to use MaterialX
2026-07-14T13:51:32Z [190ms] [Warning] [omni.platforminfo.plugin] failed to open the default display.  Can't verify X Server version.
2026-07-14T13:51:32Z [463ms] [Warning] [carb] Acquiring non optional plugin interface which is not listed as dependency: [omni::physx::IPhysxBenchmarks v1.0] (plugin: <default plugin>), by client: omni.physics.physx.plugin. Add it to CARB_PLUGIN_IMPL_DEPS() macro of a client.
2026-07-14T13:51:33Z [598ms] [Warning] [omni.isaac.dynamic_control] omni.isaac.dynamic_control is deprecated as of Isaac Sim 4.5. No action is needed from end-users.

|---------------------------------------------------------------------------------------------|
| Driver Version: 580.142       | Graphics API: Vulkan
|=============================================================================================|
| GPU | Name                             | Active | LDA | GPU Memory | Vendor-ID | LUID       |
|     |                                  |        |     |            | Device-ID | UUID       |
|     |                                  |        |     |            | Bus-ID    |            |
|---------------------------------------------------------------------------------------------|
| 0   | NVIDIA GeForce RTX 5090 D v2     | Yes: 0 |     | 24701   MB | 10de      | 0          |
|     |                                  |        |     |            | 2b8c      | 5f3d0dc0.. |
|     |                                  |        |     |            | 1         |            |
|=============================================================================================|
| OS: 24.04.3 LTS (Noble Numbat) ubuntu, Version: 24.04.3, Kernel: 6.17.0-1017-oem
| Processor: Intel(R) Core(TM) i9-14900K
| Cores: 24 | Logical Cores: 32
|---------------------------------------------------------------------------------------------|
| Total Memory (MB): 64063 | Free Memory: 55389
| Total Page/Swap (MB): 8191 | Free Page/Swap: 8191
|---------------------------------------------------------------------------------------------|
2026-07-14T13:51:35Z [2,577ms] [Warning] [gpu.foundation.plugin] CPU performance profile is set to powersave. This profile sets the CPU to the lowest frequency reducing performance.
2026-07-14T13:51:35Z [2,585ms] [Warning] [gpu.foundation.plugin] IOMMU is enabled.
2026-07-14T13:51:35Z [2,725ms] [Warning] [carb.windowing-glfw.plugin] GLFW initialization failed.
2026-07-14T13:51:35Z [2,725ms] [Warning] [carb] Failed to startup plugin carb.windowing-glfw.plugin (interfaces: [carb::windowing::IGLContext v1.0],[carb::windowing::IWindowing v1.5]) (impl: carb.windowing-glfw.plugin)

|---------------------------------------------------------------------------------------------|
| Driver Version: 580.142       | Graphics API: Vulkan
|=============================================================================================|
| GPU | Name                             | Active | LDA | GPU Memory | Vendor-ID | LUID       |
|     |                                  |        |     |            | Device-ID | UUID       |
|     |                                  |        |     |            | Bus-ID    |            |
|---------------------------------------------------------------------------------------------|
| 0   | NVIDIA GeForce RTX 5090 D v2     | Yes: 0 |     | 24701   MB | 10de      | 0          |
|     |                                  |        |     |            | 2b8c      | 5f3d0dc0.. |
|     |                                  |        |     |            | 1         |            |
|=============================================================================================|
| OS: 24.04.3 LTS (Noble Numbat) ubuntu, Version: 24.04.3, Kernel: 6.17.0-1017-oem
| Processor: Intel(R) Core(TM) i9-14900K
| Cores: 24 | Logical Cores: 32
|---------------------------------------------------------------------------------------------|
| Total Memory (MB): 64063 | Free Memory: 55170
| Total Page/Swap (MB): 8191 | Free Page/Swap: 8191
|---------------------------------------------------------------------------------------------|
2026-07-14T13:51:35Z [2,955ms] [Warning] [gpu.foundation.plugin] CPU performance profile is set to powersave. This profile sets the CPU to the lowest frequency reducing performance.
2026-07-14T13:51:35Z [2,955ms] [Warning] [gpu.foundation.plugin] IOMMU is enabled.
2026-07-14T13:51:35Z [3,157ms] [Warning] [carb.windowing-glfw.plugin] GLFW initialization failed.
2026-07-14T13:51:35Z [3,157ms] [Warning] [carb] Failed to startup plugin carb.windowing-glfw.plugin (interfaces: [carb::windowing::IGLContext v1.0],[carb::windowing::IWindowing v1.5]) (impl: carb.windowing-glfw.plugin)
2026-07-14T13:51:35Z [3,169ms] [Warning] [carb.windowing-glfw.plugin] GLFW initialization failed.
2026-07-14T13:51:35Z [3,169ms] [Warning] [carb] Failed to startup plugin carb.windowing-glfw.plugin (interfaces: [carb::windowing::IGLContext v1.0],[carb::windowing::IWindowing v1.5]) (impl: carb.windowing-glfw.plugin)
2026-07-14T13:51:35Z [3,174ms] [Warning] [carb.windowing-glfw.plugin] GLFW initialization failed.
2026-07-14T13:51:35Z [3,174ms] [Warning] [carb] Failed to startup plugin carb.windowing-glfw.plugin (interfaces: [carb::windowing::IGLContext v1.0],[carb::windowing::IWindowing v1.5]) (impl: carb.windowing-glfw.plugin)
2026-07-14T13:51:35Z [3,179ms] [Warning] [carb.windowing-glfw.plugin] GLFW initialization failed.
2026-07-14T13:51:35Z [3,179ms] [Warning] [carb] Failed to startup plugin carb.windowing-glfw.plugin (interfaces: [carb::windowing::IGLContext v1.0],[carb::windowing::IWindowing v1.5]) (impl: carb.windowing-glfw.plugin)
2026-07-14T13:51:35Z [3,180ms] [Warning] [carb.windowing-glfw.plugin] GLFW initialization failed.
2026-07-14T13:51:35Z [3,180ms] [Warning] [carb] Failed to startup plugin carb.windowing-glfw.plugin (interfaces: [carb::windowing::IGLContext v1.0],[carb::windowing::IWindowing v1.5]) (impl: carb.windowing-glfw.plugin)
2026-07-14T13:51:35Z [3,181ms] [Warning] [carb.windowing-glfw.plugin] GLFW initialization failed.
2026-07-14T13:51:35Z [3,181ms] [Warning] [carb] Failed to startup plugin carb.windowing-glfw.plugin (interfaces: [carb::windowing::IGLContext v1.0],[carb::windowing::IWindowing v1.5]) (impl: carb.windowing-glfw.plugin)
2026-07-14T13:51:35Z [3,437ms] [Warning] [omni.graph.visualization.nodes._impl.extension] No Viewport Window to add omni.graph.visualization.nodes-2.1.3 scene to
2026-07-14T13:51:36Z [3,535ms] [Warning] [isaacsim.asset.importer.urdf] No mass specified for link base
2026-07-14T13:51:36Z [3,535ms] [Warning] [omni.usd] Warning: in _ReportErrors at line 3172 of /builds/omniverse/usd-ci/USD/pxr/usd/usd/stage.cpp -- In </partnet_6e85f6897e07e0b1df3a1b0d597ce76e/base/visuals>: Unresolved reference prim path @/home/ubuntu/workspace/physvla_sim/datasets/data_normalized/Dishwasher_urdf/11898/configuration/fitr_info1_physics.usd@</visuals/base> introduced by @/home/ubuntu/workspace/physvla_sim/datasets/data_normalized/Dishwasher_urdf/11898/configuration/fitr_info1_base.usd@</partnet_6e85f6897e07e0b1df3a1b0d597ce76e/base/visuals> (recomposing stage on stage @/home/ubuntu/workspace/physvla_sim/datasets/data_normalized/Dishwasher_urdf/11898/configuration/fitr_info1_physics.usd@ <0x713ab720bfb0>)

2026-07-14T13:51:36Z [3,536ms] [Warning] [omni.usd] Warning: in _ReportErrors at line 3172 of /builds/omniverse/usd-ci/USD/pxr/usd/usd/stage.cpp -- In </partnet_6e85f6897e07e0b1df3a1b0d597ce76e/base/visuals>: Unresolved reference prim path @/home/ubuntu/workspace/physvla_sim/datasets/data_normalized/Dishwasher_urdf/11898/fitr_info1.usd@</visuals/base> introduced by @/home/ubuntu/workspace/physvla_sim/datasets/data_normalized/Dishwasher_urdf/11898/configuration/fitr_info1_base.usd@</partnet_6e85f6897e07e0b1df3a1b0d597ce76e/base/visuals> (recomposing stage on stage @/home/ubuntu/workspace/physvla_sim/datasets/data_normalized/Dishwasher_urdf/11898/fitr_info1.usd@ <0x713ac4da0560>)

2026-07-14T13:51:36Z [3,536ms] [Warning] [omni.usd] Warning: in _ReportErrors at line 3172 of /builds/omniverse/usd-ci/USD/pxr/usd/usd/stage.cpp -- In </partnet_6e85f6897e07e0b1df3a1b0d597ce76e/base/visuals>: Unresolved reference prim path @/home/ubuntu/workspace/physvla_sim/datasets/data_normalized/Dishwasher_urdf/11898/fitr_info1.usd@</visuals/base> introduced by @/home/ubuntu/workspace/physvla_sim/datasets/data_normalized/Dishwasher_urdf/11898/configuration/fitr_info1_base.usd@</partnet_6e85f6897e07e0b1df3a1b0d597ce76e/base/visuals> (recomposing stage on stage @/home/ubuntu/workspace/physvla_sim/datasets/data_normalized/Dishwasher_urdf/11898/fitr_info1.usd@ <0x713ac4d9bcb0>)

2026-07-14T13:51:36Z [3,536ms] [Warning] [omni.usd] Warning: in _ReportErrors at line 3172 of /builds/omniverse/usd-ci/USD/pxr/usd/usd/stage.cpp -- In </partnet_6e85f6897e07e0b1df3a1b0d597ce76e/base/visuals>: Unresolved reference prim path @/home/ubuntu/workspace/physvla_sim/datasets/data_normalized/Dishwasher_urdf/11898/configuration/fitr_info1_base.usd@</visuals/base> introduced by @/home/ubuntu/workspace/physvla_sim/datasets/data_normalized/Dishwasher_urdf/11898/configuration/fitr_info1_base.usd@</partnet_6e85f6897e07e0b1df3a1b0d597ce76e/base/visuals> (recomposing stage on stage @/home/ubuntu/workspace/physvla_sim/datasets/data_normalized/Dishwasher_urdf/11898/configuration/fitr_info1_base.usd@ <0x713ab7215590>)

2026-07-14T13:51:36Z [3,536ms] [Warning] [omni.usd] Warning: in _ReportErrors at line 3172 of /builds/omniverse/usd-ci/USD/pxr/usd/usd/stage.cpp -- In </partnet_6e85f6897e07e0b1df3a1b0d597ce76e/base/visuals>: Unresolved reference prim path @/home/ubuntu/workspace/physvla_sim/datasets/data_normalized/Dishwasher_urdf/11898/configuration/fitr_info1_physics.usd@</visuals/base> introduced by @/home/ubuntu/workspace/physvla_sim/datasets/data_normalized/Dishwasher_urdf/11898/configuration/fitr_info1_base.usd@</partnet_6e85f6897e07e0b1df3a1b0d597ce76e/base/visuals> (recomposing stage on stage @/home/ubuntu/workspace/physvla_sim/datasets/data_normalized/Dishwasher_urdf/11898/configuration/fitr_info1_physics.usd@ <0x713ab720bfb0>)

2026-07-14T13:51:36Z [3,536ms] [Warning] [omni.usd] Warning: in _ReportErrors at line 3172 of /builds/omniverse/usd-ci/USD/pxr/usd/usd/stage.cpp -- In </partnet_6e85f6897e07e0b1df3a1b0d597ce76e/base/visuals>: Unresolved reference prim path @/home/ubuntu/workspace/physvla_sim/datasets/data_normalized/Dishwasher_urdf/11898/fitr_info1.usd@</visuals/base> introduced by @/home/ubuntu/workspace/physvla_sim/datasets/data_normalized/Dishwasher_urdf/11898/configuration/fitr_info1_base.usd@</partnet_6e85f6897e07e0b1df3a1b0d597ce76e/base/visuals> (recomposing stage on stage @/home/ubuntu/workspace/physvla_sim/datasets/data_normalized/Dishwasher_urdf/11898/fitr_info1.usd@ <0x713ac4da0560>)

2026-07-14T13:51:36Z [3,536ms] [Warning] [omni.usd] Warning: in _ReportErrors at line 3172 of /builds/omniverse/usd-ci/USD/pxr/usd/usd/stage.cpp -- In </partnet_6e85f6897e07e0b1df3a1b0d597ce76e/base/visuals>: Unresolved reference prim path @/home/ubuntu/workspace/physvla_sim/datasets/data_normalized/Dishwasher_urdf/11898/fitr_info1.usd@</visuals/base> introduced by @/home/ubuntu/workspace/physvla_sim/datasets/data_normalized/Dishwasher_urdf/11898/configuration/fitr_info1_base.usd@</partnet_6e85f6897e07e0b1df3a1b0d597ce76e/base/visuals> (recomposing stage on stage @/home/ubuntu/workspace/physvla_sim/datasets/data_normalized/Dishwasher_urdf/11898/fitr_info1.usd@ <0x713ac4d9bcb0>)

2026-07-14T13:51:36Z [3,536ms] [Warning] [omni.usd] Warning: in _ReportErrors at line 3172 of /builds/omniverse/usd-ci/USD/pxr/usd/usd/stage.cpp -- In </partnet_6e85f6897e07e0b1df3a1b0d597ce76e/base/visuals>: Unresolved reference prim path @/home/ubuntu/workspace/physvla_sim/datasets/data_normalized/Dishwasher_urdf/11898/configuration/fitr_info1_base.usd@</visuals/base> introduced by @/home/ubuntu/workspace/physvla_sim/datasets/data_normalized/Dishwasher_urdf/11898/configuration/fitr_info1_base.usd@</partnet_6e85f6897e07e0b1df3a1b0d597ce76e/base/visuals> (recomposing stage on stage @/home/ubuntu/workspace/physvla_sim/datasets/data_normalized/Dishwasher_urdf/11898/configuration/fitr_info1_base.usd@ <0x713ab7215590>)

2026-07-14T13:51:36Z [3,537ms] [Warning] [isaacsim.asset.importer.urdf] Link base has no colliders, and no inertia was imported; assigning a small isotropic inertia matrix
2026-07-14T13:51:36Z [3,538ms] [Warning] [isaacsim.asset.importer.urdf] No mass specified for link body
2026-07-14T13:51:36Z [3,564ms] [Warning] [isaacsim.asset.importer.urdf] No mass specified for link door_1
2026-07-14T13:51:36Z [3,579ms] [Warning] [omni.usd] Warning: in _ReportErrors at line 3172 of /builds/omniverse/usd-ci/USD/pxr/usd/usd/stage.cpp -- In </partnet_6e85f6897e07e0b1df3a1b0d597ce76e/base/visuals>: Unresolved reference prim path @/home/ubuntu/workspace/physvla_sim/datasets/data_normalized/Dishwasher_urdf/11898/configuration/fitr_info1_base.usd@</visuals/base> introduced by @/home/ubuntu/workspace/physvla_sim/datasets/data_normalized/Dishwasher_urdf/11898/configuration/fitr_info1_base.usd@</partnet_6e85f6897e07e0b1df3a1b0d597ce76e/base/visuals> (recomposing stage on stage @/home/ubuntu/workspace/physvla_sim/datasets/data_normalized/Dishwasher_urdf/11898/fitr_info1.usd@ <0x713ac4da0560>)

2026-07-14T13:51:36Z [3,579ms] [Warning] [omni.usd] Warning: in _ReportErrors at line 3172 of /builds/omniverse/usd-ci/USD/pxr/usd/usd/stage.cpp -- In </partnet_6e85f6897e07e0b1df3a1b0d597ce76e/base/visuals>: Unresolved reference prim path @/home/ubuntu/workspace/physvla_sim/datasets/data_normalized/Dishwasher_urdf/11898/configuration/fitr_info1_base.usd@</visuals/base> introduced by @/home/ubuntu/workspace/physvla_sim/datasets/data_normalized/Dishwasher_urdf/11898/configuration/fitr_info1_base.usd@</partnet_6e85f6897e07e0b1df3a1b0d597ce76e/base/visuals> (recomposing stage on stage @/home/ubuntu/workspace/physvla_sim/datasets/data_normalized/Dishwasher_urdf/11898/fitr_info1.usd@ <0x713ac4d9bcb0>)

2026-07-14T13:51:36Z [3,580ms] [Warning] [omni.usd] Warning: in _ReportErrors at line 3172 of /builds/omniverse/usd-ci/USD/pxr/usd/usd/stage.cpp -- In </partnet_6e85f6897e07e0b1df3a1b0d597ce76e/base/visuals>: Unresolved reference prim path @/home/ubuntu/workspace/physvla_sim/datasets/data_normalized/Dishwasher_urdf/11898/configuration/fitr_info1_physics.usd@</visuals/base> introduced by @/home/ubuntu/workspace/physvla_sim/datasets/data_normalized/Dishwasher_urdf/11898/configuration/fitr_info1_base.usd@</partnet_6e85f6897e07e0b1df3a1b0d597ce76e/base/visuals> (recomposing stage on stage @/home/ubuntu/workspace/physvla_sim/datasets/data_normalized/Dishwasher_urdf/11898/fitr_info1.usd@ <0x713ac4da0560>)

2026-07-14T13:51:36Z [3,580ms] [Warning] [omni.usd] Warning: in _ReportErrors at line 3172 of /builds/omniverse/usd-ci/USD/pxr/usd/usd/stage.cpp -- In </partnet_6e85f6897e07e0b1df3a1b0d597ce76e/base/visuals>: Unresolved reference prim path @/home/ubuntu/workspace/physvla_sim/datasets/data_normalized/Dishwasher_urdf/11898/configuration/fitr_info1_physics.usd@</visuals/base> introduced by @/home/ubuntu/workspace/physvla_sim/datasets/data_normalized/Dishwasher_urdf/11898/configuration/fitr_info1_base.usd@</partnet_6e85f6897e07e0b1df3a1b0d597ce76e/base/visuals> (recomposing stage on stage @/home/ubuntu/workspace/physvla_sim/datasets/data_normalized/Dishwasher_urdf/11898/fitr_info1.usd@ <0x713ac4d9bcb0>)

2026-07-14T13:51:36Z [3,580ms] [Warning] [omni.usd] Warning: in _ReportErrors at line 3172 of /builds/omniverse/usd-ci/USD/pxr/usd/usd/stage.cpp -- In </partnet_6e85f6897e07e0b1df3a1b0d597ce76e/base/visuals>: Unresolved reference prim path @/home/ubuntu/workspace/physvla_sim/datasets/data_normalized/Dishwasher_urdf/11898/configuration/fitr_info1_physics.usd@</visuals/base> introduced by @/home/ubuntu/workspace/physvla_sim/datasets/data_normalized/Dishwasher_urdf/11898/configuration/fitr_info1_base.usd@</partnet_6e85f6897e07e0b1df3a1b0d597ce76e/base/visuals> (recomposing stage on stage @/home/ubuntu/workspace/physvla_sim/datasets/data_normalized/Dishwasher_urdf/11898/fitr_info1.usd@ <0x713ac4da0560>)

2026-07-14T13:51:36Z [3,581ms] [Warning] [omni.usd] Warning: in _ReportErrors at line 3172 of /builds/omniverse/usd-ci/USD/pxr/usd/usd/stage.cpp -- In </partnet_6e85f6897e07e0b1df3a1b0d597ce76e/base/visuals>: Unresolved reference prim path @/home/ubuntu/workspace/physvla_sim/datasets/data_normalized/Dishwasher_urdf/11898/configuration/fitr_info1_physics.usd@</visuals/base> introduced by @/home/ubuntu/workspace/physvla_sim/datasets/data_normalized/Dishwasher_urdf/11898/configuration/fitr_info1_base.usd@</partnet_6e85f6897e07e0b1df3a1b0d597ce76e/base/visuals> (recomposing stage on stage @/home/ubuntu/workspace/physvla_sim/datasets/data_normalized/Dishwasher_urdf/11898/fitr_info1.usd@ <0x713ac4d9bcb0>)

2026-07-14T13:51:36Z [3,581ms] [Warning] [omni.usd] Warning: in _ReportErrors at line 3172 of /builds/omniverse/usd-ci/USD/pxr/usd/usd/stage.cpp -- In </partnet_6e85f6897e07e0b1df3a1b0d597ce76e/base/visuals>: Unresolved reference prim path @/home/ubuntu/workspace/physvla_sim/datasets/data_normalized/Dishwasher_urdf/11898/configuration/fitr_info1_physics.usd@</visuals/base> introduced by @/home/ubuntu/workspace/physvla_sim/datasets/data_normalized/Dishwasher_urdf/11898/configuration/fitr_info1_base.usd@</partnet_6e85f6897e07e0b1df3a1b0d597ce76e/base/visuals> (recomposing stage on stage @/home/ubuntu/workspace/physvla_sim/datasets/data_normalized/Dishwasher_urdf/11898/fitr_info1.usd@ <0x713ac4da0560>)

2026-07-14T13:51:36Z [3,582ms] [Warning] [omni.usd] Warning: in _ReportErrors at line 3172 of /builds/omniverse/usd-ci/USD/pxr/usd/usd/stage.cpp -- In </partnet_6e85f6897e07e0b1df3a1b0d597ce76e/base/visuals>: Unresolved reference prim path @/home/ubuntu/workspace/physvla_sim/datasets/data_normalized/Dishwasher_urdf/11898/configuration/fitr_info1_physics.usd@</visuals/base> introduced by @/home/ubuntu/workspace/physvla_sim/datasets/data_normalized/Dishwasher_urdf/11898/configuration/fitr_info1_base.usd@</partnet_6e85f6897e07e0b1df3a1b0d597ce76e/base/visuals> (recomposing stage on stage @/home/ubuntu/workspace/physvla_sim/datasets/data_normalized/Dishwasher_urdf/11898/fitr_info1.usd@ <0x713ac4d9bcb0>)

2026-07-14T13:51:36Z [3,583ms] [Warning] [omni.usd] Warning: in _ReportErrors at line 3172 of /builds/omniverse/usd-ci/USD/pxr/usd/usd/stage.cpp -- In </partnet_6e85f6897e07e0b1df3a1b0d597ce76e/base/visuals>: Unresolved reference prim path @/home/ubuntu/workspace/physvla_sim/datasets/data_normalized/Dishwasher_urdf/11898/configuration/fitr_info1_physics.usd@</visuals/base> introduced by @/home/ubuntu/workspace/physvla_sim/datasets/data_normalized/Dishwasher_urdf/11898/configuration/fitr_info1_base.usd@</partnet_6e85f6897e07e0b1df3a1b0d597ce76e/base/visuals> (recomposing stage on stage @/home/ubuntu/workspace/physvla_sim/datasets/data_normalized/Dishwasher_urdf/11898/fitr_info1.usd@ <0x713ac4da0560>)

2026-07-14T13:51:36Z [3,584ms] [Warning] [omni.usd] Warning: in _ReportErrors at line 3172 of /builds/omniverse/usd-ci/USD/pxr/usd/usd/stage.cpp -- In </partnet_6e85f6897e07e0b1df3a1b0d597ce76e/base/visuals>: Unresolved reference prim path @/home/ubuntu/workspace/physvla_sim/datasets/data_normalized/Dishwasher_urdf/11898/configuration/fitr_info1_physics.usd@</visuals/base> introduced by @/home/ubuntu/workspace/physvla_sim/datasets/data_normalized/Dishwasher_urdf/11898/configuration/fitr_info1_base.usd@</partnet_6e85f6897e07e0b1df3a1b0d597ce76e/base/visuals> (recomposing stage on stage @/home/ubuntu/workspace/physvla_sim/datasets/data_normalized/Dishwasher_urdf/11898/fitr_info1.usd@ <0x713ac4d9bcb0>)

2026-07-14T13:51:36Z [3,585ms] [Warning] [omni.usd] Warning: in _ReportErrors at line 3172 of /builds/omniverse/usd-ci/USD/pxr/usd/usd/stage.cpp -- In </partnet_6e85f6897e07e0b1df3a1b0d597ce76e/base/visuals>: Unresolved reference prim path @/home/ubuntu/workspace/physvla_sim/datasets/data_normalized/Dishwasher_urdf/11898/configuration/fitr_info1_physics.usd@</visuals/base> introduced by @/home/ubuntu/workspace/physvla_sim/datasets/data_normalized/Dishwasher_urdf/11898/configuration/fitr_info1_base.usd@</partnet_6e85f6897e07e0b1df3a1b0d597ce76e/base/visuals> (recomposing stage on stage @/home/ubuntu/workspace/physvla_sim/datasets/data_normalized/Dishwasher_urdf/11898/fitr_info1.usd@ <0x713ac4da0560>)

2026-07-14T13:51:36Z [3,586ms] [Warning] [omni.usd] Warning: in _ReportErrors at line 3172 of /builds/omniverse/usd-ci/USD/pxr/usd/usd/stage.cpp -- In </partnet_6e85f6897e07e0b1df3a1b0d597ce76e/base/visuals>: Unresolved reference prim path @/home/ubuntu/workspace/physvla_sim/datasets/data_normalized/Dishwasher_urdf/11898/configuration/fitr_info1_physics.usd@</visuals/base> introduced by @/home/ubuntu/workspace/physvla_sim/datasets/data_normalized/Dishwasher_urdf/11898/configuration/fitr_info1_base.usd@</partnet_6e85f6897e07e0b1df3a1b0d597ce76e/base/visuals> (recomposing stage on stage @/home/ubuntu/workspace/physvla_sim/datasets/data_normalized/Dishwasher_urdf/11898/fitr_info1.usd@ <0x713ac4d9bcb0>)

2026-07-14T13:51:36Z [3,586ms] [Warning] [omni.usd] Warning: in _ReportErrors at line 3172 of /builds/omniverse/usd-ci/USD/pxr/usd/usd/stage.cpp -- In </partnet_6e85f6897e07e0b1df3a1b0d597ce76e/base/visuals>: Unresolved reference prim path @/home/ubuntu/workspace/physvla_sim/datasets/data_normalized/Dishwasher_urdf/11898/configuration/fitr_info1_physics.usd@</visuals/base> introduced by @/home/ubuntu/workspace/physvla_sim/datasets/data_normalized/Dishwasher_urdf/11898/configuration/fitr_info1_base.usd@</partnet_6e85f6897e07e0b1df3a1b0d597ce76e/base/visuals> (recomposing stage on stage @/home/ubuntu/workspace/physvla_sim/datasets/data_normalized/Dishwasher_urdf/11898/fitr_info1.usd@ <0x713ac4da0560>)

2026-07-14T13:51:36Z [3,587ms] [Warning] [omni.usd] Warning: in _ReportErrors at line 3172 of /builds/omniverse/usd-ci/USD/pxr/usd/usd/stage.cpp -- In </partnet_6e85f6897e07e0b1df3a1b0d597ce76e/base/visuals>: Unresolved reference prim path @/home/ubuntu/workspace/physvla_sim/datasets/data_normalized/Dishwasher_urdf/11898/configuration/fitr_info1_physics.usd@</visuals/base> introduced by @/home/ubuntu/workspace/physvla_sim/datasets/data_normalized/Dishwasher_urdf/11898/configuration/fitr_info1_base.usd@</partnet_6e85f6897e07e0b1df3a1b0d597ce76e/base/visuals> (recomposing stage on stage @/home/ubuntu/workspace/physvla_sim/datasets/data_normalized/Dishwasher_urdf/11898/fitr_info1.usd@ <0x713ac4d9bcb0>)

2026-07-14T13:51:36Z [3,588ms] [Warning] [omni.usd] Warning: in _ReportErrors at line 3172 of /builds/omniverse/usd-ci/USD/pxr/usd/usd/stage.cpp -- In </partnet_6e85f6897e07e0b1df3a1b0d597ce76e/base/visuals>: Unresolved reference prim path @/home/ubuntu/workspace/physvla_sim/datasets/data_normalized/Dishwasher_urdf/11898/configuration/fitr_info1_physics.usd@</visuals/base> introduced by @/home/ubuntu/workspace/physvla_sim/datasets/data_normalized/Dishwasher_urdf/11898/configuration/fitr_info1_base.usd@</partnet_6e85f6897e07e0b1df3a1b0d597ce76e/base/visuals> (recomposing stage on stage @/home/ubuntu/workspace/physvla_sim/datasets/data_normalized/Dishwasher_urdf/11898/fitr_info1.usd@ <0x713ac4da0560>)

2026-07-14T13:51:36Z [3,589ms] [Warning] [omni.usd] Warning: in _ReportErrors at line 3172 of /builds/omniverse/usd-ci/USD/pxr/usd/usd/stage.cpp -- In </partnet_6e85f6897e07e0b1df3a1b0d597ce76e/base/visuals>: Unresolved reference prim path @/home/ubuntu/workspace/physvla_sim/datasets/data_normalized/Dishwasher_urdf/11898/configuration/fitr_info1_physics.usd@</visuals/base> introduced by @/home/ubuntu/workspace/physvla_sim/datasets/data_normalized/Dishwasher_urdf/11898/configuration/fitr_info1_base.usd@</partnet_6e85f6897e07e0b1df3a1b0d597ce76e/base/visuals> (recomposing stage on stage @/home/ubuntu/workspace/physvla_sim/datasets/data_normalized/Dishwasher_urdf/11898/fitr_info1.usd@ <0x713ac4d9bcb0>)

Loading user config located at: '/home/ubuntu/isaacsim/kit/data/Kit/Isaac-Sim/5.1/user.config.json'
[Info] [carb] Logging to file: /home/ubuntu/isaacsim/kit/logs/Kit/Isaac-Sim/5.1/kit_20260714_215136.log
2026-07-14T13:51:36Z [186ms] [Warning] [omni.usd_config.extension] Enable omni.materialx.libs extension to use MaterialX
2026-07-14T13:51:36Z [188ms] [Warning] [omni.platforminfo.plugin] failed to open the default display.  Can't verify X Server version.
2026-07-14T13:51:37Z [463ms] [Warning] [carb] Acquiring non optional plugin interface which is not listed as dependency: [omni::physx::IPhysxBenchmarks v1.0] (plugin: <default plugin>), by client: omni.physics.physx.plugin. Add it to CARB_PLUGIN_IMPL_DEPS() macro of a client.
2026-07-14T13:51:37Z [598ms] [Warning] [omni.isaac.dynamic_control] omni.isaac.dynamic_control is deprecated as of Isaac Sim 4.5. No action is needed from end-users.

|---------------------------------------------------------------------------------------------|
| Driver Version: 580.142       | Graphics API: Vulkan
|=============================================================================================|
| GPU | Name                             | Active | LDA | GPU Memory | Vendor-ID | LUID       |
|     |                                  |        |     |            | Device-ID | UUID       |
|     |                                  |        |     |            | Bus-ID    |            |
|---------------------------------------------------------------------------------------------|
| 0   | NVIDIA GeForce RTX 5090 D v2     | Yes: 0 |     | 24701   MB | 10de      | 0          |
|     |                                  |        |     |            | 2b8c      | 5f3d0dc0.. |
|     |                                  |        |     |            | 1         |            |
|=============================================================================================|
| OS: 24.04.3 LTS (Noble Numbat) ubuntu, Version: 24.04.3, Kernel: 6.17.0-1017-oem
| Processor: Intel(R) Core(TM) i9-14900K
| Cores: 24 | Logical Cores: 32
|---------------------------------------------------------------------------------------------|
| Total Memory (MB): 64063 | Free Memory: 55352
| Total Page/Swap (MB): 8191 | Free Page/Swap: 8191
|---------------------------------------------------------------------------------------------|
2026-07-14T13:51:39Z [2,608ms] [Warning] [gpu.foundation.plugin] CPU performance profile is set to powersave. This profile sets the CPU to the lowest frequency reducing performance.
2026-07-14T13:51:39Z [2,616ms] [Warning] [gpu.foundation.plugin] IOMMU is enabled.
2026-07-14T13:51:39Z [2,775ms] [Warning] [omni.usd] Warning: in _ReportErrors at line 3172 of /builds/omniverse/usd-ci/USD/pxr/usd/usd/stage.cpp -- In </partnet_6e85f6897e07e0b1df3a1b0d597ce76e/base/visuals>: Unresolved reference prim path @/home/ubuntu/workspace/physvla_sim/datasets/data_normalized/Dishwasher_urdf/11898/configuration/fitr_info1_base.usd@</visuals/base> introduced by @/home/ubuntu/workspace/physvla_sim/datasets/data_normalized/Dishwasher_urdf/11898/configuration/fitr_info1_base.usd@</partnet_6e85f6897e07e0b1df3a1b0d597ce76e/base/visuals> (instantiating stage on stage @/home/ubuntu/workspace/physvla_sim/datasets/data_normalized/Dishwasher_urdf/11898/configuration/fitr_info1_base.usd@ <0x3dde5ca0>)

2026-07-14T13:51:39Z [2,779ms] [Warning] [omni.usd] Warning: in _ReportErrors at line 3172 of /builds/omniverse/usd-ci/USD/pxr/usd/usd/stage.cpp -- In </partnet_6e85f6897e07e0b1df3a1b0d597ce76e/base/visuals>: Unresolved reference prim path @/home/ubuntu/workspace/physvla_sim/datasets/data_normalized/Dishwasher_urdf/11898/configuration/fitr_info1_physics.usd@</visuals/base> introduced by @/home/ubuntu/workspace/physvla_sim/datasets/data_normalized/Dishwasher_urdf/11898/configuration/fitr_info1_base.usd@</partnet_6e85f6897e07e0b1df3a1b0d597ce76e/base/visuals> (instantiating stage on stage @/home/ubuntu/workspace/physvla_sim/datasets/data_normalized/Dishwasher_urdf/11898/configuration/fitr_info1_physics.usd@ <0x461a4f30>)

2026-07-14T13:51:39Z [2,780ms] [Warning] [omni.usd] Warning: in _ReportErrors at line 3172 of /builds/omniverse/usd-ci/USD/pxr/usd/usd/stage.cpp -- In </partnet_6e85f6897e07e0b1df3a1b0d597ce76e/base/visuals>: Unresolved reference prim path @/home/ubuntu/workspace/physvla_sim/datasets/data_normalized/Dishwasher_urdf/11898/configuration/fitr_info1_physics.usd@</visuals/base> introduced by @/home/ubuntu/workspace/physvla_sim/datasets/data_normalized/Dishwasher_urdf/11898/configuration/fitr_info1_base.usd@</partnet_6e85f6897e07e0b1df3a1b0d597ce76e/base/visuals> (instantiating stage on stage @/home/ubuntu/workspace/physvla_sim/datasets/data_normalized/Dishwasher_urdf/11898/fitr_info1.usd@ <0x3ddb72e0>)

[INFO][AppLauncher]: Using device: cuda:0
[INFO][AppLauncher]: Loading experience file: /home/ubuntu/workspace/IsaacLab/apps/isaaclab.python.headless.kit
{
  "output": "/home/ubuntu/workspace/physvla_sim/datasets/data_normalized/Dishwasher_urdf/11898/fitr_info1.usd",
  "scale": 0.41570734676096754,
  "scale_layer": "/home/ubuntu/workspace/physvla_sim/datasets/data_normalized/Dishwasher_urdf/11898/configuration/fitr_info1_base.usd",
  "joints": [
    {
      "joint": "/partnet_6e85f6897e07e0b1df3a1b0d597ce76e/joints/joint_0",
      "drive": "angular",
      "damping": 699.0,
      "stiffness": 0.0,
      "max_force": 12.75
    }
  ],
  "dynamics_layer": "/home/ubuntu/workspace/physvla_sim/datasets/data_normalized/Dishwasher_urdf/11898/configuration/fitr_info1_physics.usd",
  "affordance_links": [
    "/partnet_6e85f6897e07e0b1df3a1b0d597ce76e/door_1"
  ]
}
Loading user config located at: '/home/ubuntu/isaacsim/kit/data/Kit/Isaac-Sim/5.1/user.config.json'
[Info] [carb] Logging to file: /home/ubuntu/isaacsim/kit/logs/Kit/Isaac-Sim/5.1/kit_20260714_215139.log
2026-07-14T13:51:39Z [183ms] [Warning] [omni.usd_config.extension] Enable omni.materialx.libs extension to use MaterialX
2026-07-14T13:51:39Z [183ms] [Warning] [omni.platforminfo.plugin] failed to open the default display.  Can't verify X Server version.
2026-07-14T13:51:40Z [458ms] [Warning] [carb] Acquiring non optional plugin interface which is not listed as dependency: [omni::physx::IPhysxBenchmarks v1.0] (plugin: <default plugin>), by client: omni.physics.physx.plugin. Add it to CARB_PLUGIN_IMPL_DEPS() macro of a client.
2026-07-14T13:51:40Z [591ms] [Warning] [omni.isaac.dynamic_control] omni.isaac.dynamic_control is deprecated as of Isaac Sim 4.5. No action is needed from end-users.

|---------------------------------------------------------------------------------------------|
| Driver Version: 580.142       | Graphics API: Vulkan
|=============================================================================================|
| GPU | Name                             | Active | LDA | GPU Memory | Vendor-ID | LUID       |
|     |                                  |        |     |            | Device-ID | UUID       |
|     |                                  |        |     |            | Bus-ID    |            |
|---------------------------------------------------------------------------------------------|
| 0   | NVIDIA GeForce RTX 5090 D v2     | Yes: 0 |     | 24701   MB | 10de      | 0          |
|     |                                  |        |     |            | 2b8c      | 5f3d0dc0.. |
|     |                                  |        |     |            | 1         |            |
|=============================================================================================|
| OS: 24.04.3 LTS (Noble Numbat) ubuntu, Version: 24.04.3, Kernel: 6.17.0-1017-oem
| Processor: Intel(R) Core(TM) i9-14900K
| Cores: 24 | Logical Cores: 32
|---------------------------------------------------------------------------------------------|
| Total Memory (MB): 64063 | Free Memory: 55367
| Total Page/Swap (MB): 8191 | Free Page/Swap: 8191
|---------------------------------------------------------------------------------------------|
2026-07-14T13:51:42Z [2,601ms] [Warning] [gpu.foundation.plugin] CPU performance profile is set to powersave. This profile sets the CPU to the lowest frequency reducing performance.
2026-07-14T13:51:42Z [2,608ms] [Warning] [gpu.foundation.plugin] IOMMU is enabled.
2026-07-14T13:51:42Z [2,745ms] [Warning] [carb.windowing-glfw.plugin] GLFW initialization failed.
2026-07-14T13:51:42Z [2,745ms] [Warning] [carb] Failed to startup plugin carb.windowing-glfw.plugin (interfaces: [carb::windowing::IGLContext v1.0],[carb::windowing::IWindowing v1.5]) (impl: carb.windowing-glfw.plugin)

|---------------------------------------------------------------------------------------------|
| Driver Version: 580.142       | Graphics API: Vulkan
|=============================================================================================|
| GPU | Name                             | Active | LDA | GPU Memory | Vendor-ID | LUID       |
|     |                                  |        |     |            | Device-ID | UUID       |
|     |                                  |        |     |            | Bus-ID    |            |
|---------------------------------------------------------------------------------------------|
| 0   | NVIDIA GeForce RTX 5090 D v2     | Yes: 0 |     | 24701   MB | 10de      | 0          |
|     |                                  |        |     |            | 2b8c      | 5f3d0dc0.. |
|     |                                  |        |     |            | 1         |            |
|=============================================================================================|
| OS: 24.04.3 LTS (Noble Numbat) ubuntu, Version: 24.04.3, Kernel: 6.17.0-1017-oem
| Processor: Intel(R) Core(TM) i9-14900K
| Cores: 24 | Logical Cores: 32
|---------------------------------------------------------------------------------------------|
| Total Memory (MB): 64063 | Free Memory: 55171
| Total Page/Swap (MB): 8191 | Free Page/Swap: 8191
|---------------------------------------------------------------------------------------------|
2026-07-14T13:51:42Z [2,977ms] [Warning] [gpu.foundation.plugin] CPU performance profile is set to powersave. This profile sets the CPU to the lowest frequency reducing performance.
2026-07-14T13:51:42Z [2,977ms] [Warning] [gpu.foundation.plugin] IOMMU is enabled.
2026-07-14T13:51:42Z [3,189ms] [Warning] [carb.windowing-glfw.plugin] GLFW initialization failed.
2026-07-14T13:51:42Z [3,189ms] [Warning] [carb] Failed to startup plugin carb.windowing-glfw.plugin (interfaces: [carb::windowing::IGLContext v1.0],[carb::windowing::IWindowing v1.5]) (impl: carb.windowing-glfw.plugin)
2026-07-14T13:51:42Z [3,201ms] [Warning] [carb.windowing-glfw.plugin] GLFW initialization failed.
2026-07-14T13:51:42Z [3,201ms] [Warning] [carb] Failed to startup plugin carb.windowing-glfw.plugin (interfaces: [carb::windowing::IGLContext v1.0],[carb::windowing::IWindowing v1.5]) (impl: carb.windowing-glfw.plugin)
2026-07-14T13:51:42Z [3,206ms] [Warning] [carb.windowing-glfw.plugin] GLFW initialization failed.
2026-07-14T13:51:42Z [3,206ms] [Warning] [carb] Failed to startup plugin carb.windowing-glfw.plugin (interfaces: [carb::windowing::IGLContext v1.0],[carb::windowing::IWindowing v1.5]) (impl: carb.windowing-glfw.plugin)
2026-07-14T13:51:42Z [3,211ms] [Warning] [carb.windowing-glfw.plugin] GLFW initialization failed.
2026-07-14T13:51:42Z [3,211ms] [Warning] [carb] Failed to startup plugin carb.windowing-glfw.plugin (interfaces: [carb::windowing::IGLContext v1.0],[carb::windowing::IWindowing v1.5]) (impl: carb.windowing-glfw.plugin)
2026-07-14T13:51:42Z [3,212ms] [Warning] [carb.windowing-glfw.plugin] GLFW initialization failed.
2026-07-14T13:51:42Z [3,212ms] [Warning] [carb] Failed to startup plugin carb.windowing-glfw.plugin (interfaces: [carb::windowing::IGLContext v1.0],[carb::windowing::IWindowing v1.5]) (impl: carb.windowing-glfw.plugin)
2026-07-14T13:51:42Z [3,213ms] [Warning] [carb.windowing-glfw.plugin] GLFW initialization failed.
2026-07-14T13:51:42Z [3,213ms] [Warning] [carb] Failed to startup plugin carb.windowing-glfw.plugin (interfaces: [carb::windowing::IGLContext v1.0],[carb::windowing::IWindowing v1.5]) (impl: carb.windowing-glfw.plugin)
2026-07-14T13:51:43Z [3,510ms] [Warning] [omni.graph.visualization.nodes._impl.extension] No Viewport Window to add omni.graph.visualization.nodes-2.1.3 scene to
2026-07-14T13:51:43Z [3,588ms] [Warning] [isaacsim.asset.importer.urdf] No mass specified for link base
2026-07-14T13:51:43Z [3,588ms] [Warning] [omni.usd] Warning: in _ReportErrors at line 3172 of /builds/omniverse/usd-ci/USD/pxr/usd/usd/stage.cpp -- In </partnet_6e85f6897e07e0b1df3a1b0d597ce76e/base/visuals>: Unresolved reference prim path @/home/ubuntu/workspace/physvla_sim/datasets/data_normalized/Dishwasher_urdf/11905/configuration/fitr_info1_physics.usd@</visuals/base> introduced by @/home/ubuntu/workspace/physvla_sim/datasets/data_normalized/Dishwasher_urdf/11905/configuration/fitr_info1_base.usd@</partnet_6e85f6897e07e0b1df3a1b0d597ce76e/base/visuals> (recomposing stage on stage @/home/ubuntu/workspace/physvla_sim/datasets/data_normalized/Dishwasher_urdf/11905/configuration/fitr_info1_physics.usd@ <0x2b386960>)

2026-07-14T13:51:43Z [3,588ms] [Warning] [omni.usd] Warning: in _ReportErrors at line 3172 of /builds/omniverse/usd-ci/USD/pxr/usd/usd/stage.cpp -- In </partnet_6e85f6897e07e0b1df3a1b0d597ce76e/base/visuals>: Unresolved reference prim path @/home/ubuntu/workspace/physvla_sim/datasets/data_normalized/Dishwasher_urdf/11905/fitr_info1.usd@</visuals/base> introduced by @/home/ubuntu/workspace/physvla_sim/datasets/data_normalized/Dishwasher_urdf/11905/configuration/fitr_info1_base.usd@</partnet_6e85f6897e07e0b1df3a1b0d597ce76e/base/visuals> (recomposing stage on stage @/home/ubuntu/workspace/physvla_sim/datasets/data_normalized/Dishwasher_urdf/11905/fitr_info1.usd@ <0x2b372c00>)

2026-07-14T13:51:43Z [3,588ms] [Warning] [omni.usd] Warning: in _ReportErrors at line 3172 of /builds/omniverse/usd-ci/USD/pxr/usd/usd/stage.cpp -- In </partnet_6e85f6897e07e0b1df3a1b0d597ce76e/base/visuals>: Unresolved reference prim path @/home/ubuntu/workspace/physvla_sim/datasets/data_normalized/Dishwasher_urdf/11905/fitr_info1.usd@</visuals/base> introduced by @/home/ubuntu/workspace/physvla_sim/datasets/data_normalized/Dishwasher_urdf/11905/configuration/fitr_info1_base.usd@</partnet_6e85f6897e07e0b1df3a1b0d597ce76e/base/visuals> (recomposing stage on stage @/home/ubuntu/workspace/physvla_sim/datasets/data_normalized/Dishwasher_urdf/11905/fitr_info1.usd@ <0x2b36ec60>)

2026-07-14T13:51:43Z [3,588ms] [Warning] [omni.usd] Warning: in _ReportErrors at line 3172 of /builds/omniverse/usd-ci/USD/pxr/usd/usd/stage.cpp -- In </partnet_6e85f6897e07e0b1df3a1b0d597ce76e/base/visuals>: Unresolved reference prim path @/home/ubuntu/workspace/physvla_sim/datasets/data_normalized/Dishwasher_urdf/11905/configuration/fitr_info1_base.usd@</visuals/base> introduced by @/home/ubuntu/workspace/physvla_sim/datasets/data_normalized/Dishwasher_urdf/11905/configuration/fitr_info1_base.usd@</partnet_6e85f6897e07e0b1df3a1b0d597ce76e/base/visuals> (recomposing stage on stage @/home/ubuntu/workspace/physvla_sim/datasets/data_normalized/Dishwasher_urdf/11905/configuration/fitr_info1_base.usd@ <0x2b38fcd0>)

2026-07-14T13:51:43Z [3,589ms] [Warning] [omni.usd] Warning: in _ReportErrors at line 3172 of /builds/omniverse/usd-ci/USD/pxr/usd/usd/stage.cpp -- In </partnet_6e85f6897e07e0b1df3a1b0d597ce76e/base/visuals>: Unresolved reference prim path @/home/ubuntu/workspace/physvla_sim/datasets/data_normalized/Dishwasher_urdf/11905/configuration/fitr_info1_physics.usd@</visuals/base> introduced by @/home/ubuntu/workspace/physvla_sim/datasets/data_normalized/Dishwasher_urdf/11905/configuration/fitr_info1_base.usd@</partnet_6e85f6897e07e0b1df3a1b0d597ce76e/base/visuals> (recomposing stage on stage @/home/ubuntu/workspace/physvla_sim/datasets/data_normalized/Dishwasher_urdf/11905/configuration/fitr_info1_physics.usd@ <0x2b386960>)

2026-07-14T13:51:43Z [3,589ms] [Warning] [omni.usd] Warning: in _ReportErrors at line 3172 of /builds/omniverse/usd-ci/USD/pxr/usd/usd/stage.cpp -- In </partnet_6e85f6897e07e0b1df3a1b0d597ce76e/base/visuals>: Unresolved reference prim path @/home/ubuntu/workspace/physvla_sim/datasets/data_normalized/Dishwasher_urdf/11905/fitr_info1.usd@</visuals/base> introduced by @/home/ubuntu/workspace/physvla_sim/datasets/data_normalized/Dishwasher_urdf/11905/configuration/fitr_info1_base.usd@</partnet_6e85f6897e07e0b1df3a1b0d597ce76e/base/visuals> (recomposing stage on stage @/home/ubuntu/workspace/physvla_sim/datasets/data_normalized/Dishwasher_urdf/11905/fitr_info1.usd@ <0x2b372c00>)

2026-07-14T13:51:43Z [3,589ms] [Warning] [omni.usd] Warning: in _ReportErrors at line 3172 of /builds/omniverse/usd-ci/USD/pxr/usd/usd/stage.cpp -- In </partnet_6e85f6897e07e0b1df3a1b0d597ce76e/base/visuals>: Unresolved reference prim path @/home/ubuntu/workspace/physvla_sim/datasets/data_normalized/Dishwasher_urdf/11905/fitr_info1.usd@</visuals/base> introduced by @/home/ubuntu/workspace/physvla_sim/datasets/data_normalized/Dishwasher_urdf/11905/configuration/fitr_info1_base.usd@</partnet_6e85f6897e07e0b1df3a1b0d597ce76e/base/visuals> (recomposing stage on stage @/home/ubuntu/workspace/physvla_sim/datasets/data_normalized/Dishwasher_urdf/11905/fitr_info1.usd@ <0x2b36ec60>)

2026-07-14T13:51:43Z [3,589ms] [Warning] [omni.usd] Warning: in _ReportErrors at line 3172 of /builds/omniverse/usd-ci/USD/pxr/usd/usd/stage.cpp -- In </partnet_6e85f6897e07e0b1df3a1b0d597ce76e/base/visuals>: Unresolved reference prim path @/home/ubuntu/workspace/physvla_sim/datasets/data_normalized/Dishwasher_urdf/11905/configuration/fitr_info1_base.usd@</visuals/base> introduced by @/home/ubuntu/workspace/physvla_sim/datasets/data_normalized/Dishwasher_urdf/11905/configuration/fitr_info1_base.usd@</partnet_6e85f6897e07e0b1df3a1b0d597ce76e/base/visuals> (recomposing stage on stage @/home/ubuntu/workspace/physvla_sim/datasets/data_normalized/Dishwasher_urdf/11905/configuration/fitr_info1_base.usd@ <0x2b38fcd0>)

2026-07-14T13:51:43Z [3,589ms] [Warning] [isaacsim.asset.importer.urdf] Link base has no colliders, and no inertia was imported; assigning a small isotropic inertia matrix
2026-07-14T13:51:43Z [3,590ms] [Warning] [isaacsim.asset.importer.urdf] No mass specified for link body
2026-07-14T13:51:43Z [3,616ms] [Warning] [isaacsim.asset.importer.urdf] No mass specified for link door_1
2026-07-14T13:51:43Z [3,639ms] [Warning] [omni.usd] Warning: in _ReportErrors at line 3172 of /builds/omniverse/usd-ci/USD/pxr/usd/usd/stage.cpp -- In </partnet_6e85f6897e07e0b1df3a1b0d597ce76e/base/visuals>: Unresolved reference prim path @/home/ubuntu/workspace/physvla_sim/datasets/data_normalized/Dishwasher_urdf/11905/configuration/fitr_info1_base.usd@</visuals/base> introduced by @/home/ubuntu/workspace/physvla_sim/datasets/data_normalized/Dishwasher_urdf/11905/configuration/fitr_info1_base.usd@</partnet_6e85f6897e07e0b1df3a1b0d597ce76e/base/visuals> (recomposing stage on stage @/home/ubuntu/workspace/physvla_sim/datasets/data_normalized/Dishwasher_urdf/11905/fitr_info1.usd@ <0x2b372c00>)

2026-07-14T13:51:43Z [3,640ms] [Warning] [omni.usd] Warning: in _ReportErrors at line 3172 of /builds/omniverse/usd-ci/USD/pxr/usd/usd/stage.cpp -- In </partnet_6e85f6897e07e0b1df3a1b0d597ce76e/base/visuals>: Unresolved reference prim path @/home/ubuntu/workspace/physvla_sim/datasets/data_normalized/Dishwasher_urdf/11905/configuration/fitr_info1_base.usd@</visuals/base> introduced by @/home/ubuntu/workspace/physvla_sim/datasets/data_normalized/Dishwasher_urdf/11905/configuration/fitr_info1_base.usd@</partnet_6e85f6897e07e0b1df3a1b0d597ce76e/base/visuals> (recomposing stage on stage @/home/ubuntu/workspace/physvla_sim/datasets/data_normalized/Dishwasher_urdf/11905/fitr_info1.usd@ <0x2b36ec60>)

2026-07-14T13:51:43Z [3,642ms] [Warning] [omni.usd] Warning: in _ReportErrors at line 3172 of /builds/omniverse/usd-ci/USD/pxr/usd/usd/stage.cpp -- In </partnet_6e85f6897e07e0b1df3a1b0d597ce76e/base/visuals>: Unresolved reference prim path @/home/ubuntu/workspace/physvla_sim/datasets/data_normalized/Dishwasher_urdf/11905/configuration/fitr_info1_physics.usd@</visuals/base> introduced by @/home/ubuntu/workspace/physvla_sim/datasets/data_normalized/Dishwasher_urdf/11905/configuration/fitr_info1_base.usd@</partnet_6e85f6897e07e0b1df3a1b0d597ce76e/base/visuals> (recomposing stage on stage @/home/ubuntu/workspace/physvla_sim/datasets/data_normalized/Dishwasher_urdf/11905/fitr_info1.usd@ <0x2b372c00>)

2026-07-14T13:51:43Z [3,643ms] [Warning] [omni.usd] Warning: in _ReportErrors at line 3172 of /builds/omniverse/usd-ci/USD/pxr/usd/usd/stage.cpp -- In </partnet_6e85f6897e07e0b1df3a1b0d597ce76e/base/visuals>: Unresolved reference prim path @/home/ubuntu/workspace/physvla_sim/datasets/data_normalized/Dishwasher_urdf/11905/configuration/fitr_info1_physics.usd@</visuals/base> introduced by @/home/ubuntu/workspace/physvla_sim/datasets/data_normalized/Dishwasher_urdf/11905/configuration/fitr_info1_base.usd@</partnet_6e85f6897e07e0b1df3a1b0d597ce76e/base/visuals> (recomposing stage on stage @/home/ubuntu/workspace/physvla_sim/datasets/data_normalized/Dishwasher_urdf/11905/fitr_info1.usd@ <0x2b36ec60>)

2026-07-14T13:51:43Z [3,645ms] [Warning] [omni.usd] Warning: in _ReportErrors at line 3172 of /builds/omniverse/usd-ci/USD/pxr/usd/usd/stage.cpp -- In </partnet_6e85f6897e07e0b1df3a1b0d597ce76e/base/visuals>: Unresolved reference prim path @/home/ubuntu/workspace/physvla_sim/datasets/data_normalized/Dishwasher_urdf/11905/configuration/fitr_info1_physics.usd@</visuals/base> introduced by @/home/ubuntu/workspace/physvla_sim/datasets/data_normalized/Dishwasher_urdf/11905/configuration/fitr_info1_base.usd@</partnet_6e85f6897e07e0b1df3a1b0d597ce76e/base/visuals> (recomposing stage on stage @/home/ubuntu/workspace/physvla_sim/datasets/data_normalized/Dishwasher_urdf/11905/fitr_info1.usd@ <0x2b372c00>)

2026-07-14T13:51:43Z [3,646ms] [Warning] [omni.usd] Warning: in _ReportErrors at line 3172 of /builds/omniverse/usd-ci/USD/pxr/usd/usd/stage.cpp -- In </partnet_6e85f6897e07e0b1df3a1b0d597ce76e/base/visuals>: Unresolved reference prim path @/home/ubuntu/workspace/physvla_sim/datasets/data_normalized/Dishwasher_urdf/11905/configuration/fitr_info1_physics.usd@</visuals/base> introduced by @/home/ubuntu/workspace/physvla_sim/datasets/data_normalized/Dishwasher_urdf/11905/configuration/fitr_info1_base.usd@</partnet_6e85f6897e07e0b1df3a1b0d597ce76e/base/visuals> (recomposing stage on stage @/home/ubuntu/workspace/physvla_sim/datasets/data_normalized/Dishwasher_urdf/11905/fitr_info1.usd@ <0x2b36ec60>)

2026-07-14T13:51:43Z [3,647ms] [Warning] [omni.usd] Warning: in _ReportErrors at line 3172 of /builds/omniverse/usd-ci/USD/pxr/usd/usd/stage.cpp -- In </partnet_6e85f6897e07e0b1df3a1b0d597ce76e/base/visuals>: Unresolved reference prim path @/home/ubuntu/workspace/physvla_sim/datasets/data_normalized/Dishwasher_urdf/11905/configuration/fitr_info1_physics.usd@</visuals/base> introduced by @/home/ubuntu/workspace/physvla_sim/datasets/data_normalized/Dishwasher_urdf/11905/configuration/fitr_info1_base.usd@</partnet_6e85f6897e07e0b1df3a1b0d597ce76e/base/visuals> (recomposing stage on stage @/home/ubuntu/workspace/physvla_sim/datasets/data_normalized/Dishwasher_urdf/11905/fitr_info1.usd@ <0x2b372c00>)

2026-07-14T13:51:43Z [3,648ms] [Warning] [omni.usd] Warning: in _ReportErrors at line 3172 of /builds/omniverse/usd-ci/USD/pxr/usd/usd/stage.cpp -- In </partnet_6e85f6897e07e0b1df3a1b0d597ce76e/base/visuals>: Unresolved reference prim path @/home/ubuntu/workspace/physvla_sim/datasets/data_normalized/Dishwasher_urdf/11905/configuration/fitr_info1_physics.usd@</visuals/base> introduced by @/home/ubuntu/workspace/physvla_sim/datasets/data_normalized/Dishwasher_urdf/11905/configuration/fitr_info1_base.usd@</partnet_6e85f6897e07e0b1df3a1b0d597ce76e/base/visuals> (recomposing stage on stage @/home/ubuntu/workspace/physvla_sim/datasets/data_normalized/Dishwasher_urdf/11905/fitr_info1.usd@ <0x2b36ec60>)

2026-07-14T13:51:43Z [3,649ms] [Warning] [omni.usd] Warning: in _ReportErrors at line 3172 of /builds/omniverse/usd-ci/USD/pxr/usd/usd/stage.cpp -- In </partnet_6e85f6897e07e0b1df3a1b0d597ce76e/base/visuals>: Unresolved reference prim path @/home/ubuntu/workspace/physvla_sim/datasets/data_normalized/Dishwasher_urdf/11905/configuration/fitr_info1_physics.usd@</visuals/base> introduced by @/home/ubuntu/workspace/physvla_sim/datasets/data_normalized/Dishwasher_urdf/11905/configuration/fitr_info1_base.usd@</partnet_6e85f6897e07e0b1df3a1b0d597ce76e/base/visuals> (recomposing stage on stage @/home/ubuntu/workspace/physvla_sim/datasets/data_normalized/Dishwasher_urdf/11905/fitr_info1.usd@ <0x2b372c00>)

2026-07-14T13:51:43Z [3,651ms] [Warning] [omni.usd] Warning: in _ReportErrors at line 3172 of /builds/omniverse/usd-ci/USD/pxr/usd/usd/stage.cpp -- In </partnet_6e85f6897e07e0b1df3a1b0d597ce76e/base/visuals>: Unresolved reference prim path @/home/ubuntu/workspace/physvla_sim/datasets/data_normalized/Dishwasher_urdf/11905/configuration/fitr_info1_physics.usd@</visuals/base> introduced by @/home/ubuntu/workspace/physvla_sim/datasets/data_normalized/Dishwasher_urdf/11905/configuration/fitr_info1_base.usd@</partnet_6e85f6897e07e0b1df3a1b0d597ce76e/base/visuals> (recomposing stage on stage @/home/ubuntu/workspace/physvla_sim/datasets/data_normalized/Dishwasher_urdf/11905/fitr_info1.usd@ <0x2b36ec60>)

2026-07-14T13:51:43Z [3,652ms] [Warning] [omni.usd] Warning: in _ReportErrors at line 3172 of /builds/omniverse/usd-ci/USD/pxr/usd/usd/stage.cpp -- In </partnet_6e85f6897e07e0b1df3a1b0d597ce76e/base/visuals>: Unresolved reference prim path @/home/ubuntu/workspace/physvla_sim/datasets/data_normalized/Dishwasher_urdf/11905/configuration/fitr_info1_physics.usd@</visuals/base> introduced by @/home/ubuntu/workspace/physvla_sim/datasets/data_normalized/Dishwasher_urdf/11905/configuration/fitr_info1_base.usd@</partnet_6e85f6897e07e0b1df3a1b0d597ce76e/base/visuals> (recomposing stage on stage @/home/ubuntu/workspace/physvla_sim/datasets/data_normalized/Dishwasher_urdf/11905/fitr_info1.usd@ <0x2b372c00>)

2026-07-14T13:51:43Z [3,654ms] [Warning] [omni.usd] Warning: in _ReportErrors at line 3172 of /builds/omniverse/usd-ci/USD/pxr/usd/usd/stage.cpp -- In </partnet_6e85f6897e07e0b1df3a1b0d597ce76e/base/visuals>: Unresolved reference prim path @/home/ubuntu/workspace/physvla_sim/datasets/data_normalized/Dishwasher_urdf/11905/configuration/fitr_info1_physics.usd@</visuals/base> introduced by @/home/ubuntu/workspace/physvla_sim/datasets/data_normalized/Dishwasher_urdf/11905/configuration/fitr_info1_base.usd@</partnet_6e85f6897e07e0b1df3a1b0d597ce76e/base/visuals> (recomposing stage on stage @/home/ubuntu/workspace/physvla_sim/datasets/data_normalized/Dishwasher_urdf/11905/fitr_info1.usd@ <0x2b36ec60>)

2026-07-14T13:51:43Z [3,656ms] [Warning] [omni.usd] Warning: in _ReportErrors at line 3172 of /builds/omniverse/usd-ci/USD/pxr/usd/usd/stage.cpp -- In </partnet_6e85f6897e07e0b1df3a1b0d597ce76e/base/visuals>: Unresolved reference prim path @/home/ubuntu/workspace/physvla_sim/datasets/data_normalized/Dishwasher_urdf/11905/configuration/fitr_info1_physics.usd@</visuals/base> introduced by @/home/ubuntu/workspace/physvla_sim/datasets/data_normalized/Dishwasher_urdf/11905/configuration/fitr_info1_base.usd@</partnet_6e85f6897e07e0b1df3a1b0d597ce76e/base/visuals> (recomposing stage on stage @/home/ubuntu/workspace/physvla_sim/datasets/data_normalized/Dishwasher_urdf/11905/fitr_info1.usd@ <0x2b372c00>)

2026-07-14T13:51:43Z [3,658ms] [Warning] [omni.usd] Warning: in _ReportErrors at line 3172 of /builds/omniverse/usd-ci/USD/pxr/usd/usd/stage.cpp -- In </partnet_6e85f6897e07e0b1df3a1b0d597ce76e/base/visuals>: Unresolved reference prim path @/home/ubuntu/workspace/physvla_sim/datasets/data_normalized/Dishwasher_urdf/11905/configuration/fitr_info1_physics.usd@</visuals/base> introduced by @/home/ubuntu/workspace/physvla_sim/datasets/data_normalized/Dishwasher_urdf/11905/configuration/fitr_info1_base.usd@</partnet_6e85f6897e07e0b1df3a1b0d597ce76e/base/visuals> (recomposing stage on stage @/home/ubuntu/workspace/physvla_sim/datasets/data_normalized/Dishwasher_urdf/11905/fitr_info1.usd@ <0x2b36ec60>)

2026-07-14T13:51:43Z [3,658ms] [Warning] [omni.usd] Warning: in _ReportErrors at line 3172 of /builds/omniverse/usd-ci/USD/pxr/usd/usd/stage.cpp -- In </partnet_6e85f6897e07e0b1df3a1b0d597ce76e/base/visuals>: Unresolved reference prim path @/home/ubuntu/workspace/physvla_sim/datasets/data_normalized/Dishwasher_urdf/11905/configuration/fitr_info1_physics.usd@</visuals/base> introduced by @/home/ubuntu/workspace/physvla_sim/datasets/data_normalized/Dishwasher_urdf/11905/configuration/fitr_info1_base.usd@</partnet_6e85f6897e07e0b1df3a1b0d597ce76e/base/visuals> (recomposing stage on stage @/home/ubuntu/workspace/physvla_sim/datasets/data_normalized/Dishwasher_urdf/11905/fitr_info1.usd@ <0x2b372c00>)

2026-07-14T13:51:43Z [3,659ms] [Warning] [omni.usd] Warning: in _ReportErrors at line 3172 of /builds/omniverse/usd-ci/USD/pxr/usd/usd/stage.cpp -- In </partnet_6e85f6897e07e0b1df3a1b0d597ce76e/base/visuals>: Unresolved reference prim path @/home/ubuntu/workspace/physvla_sim/datasets/data_normalized/Dishwasher_urdf/11905/configuration/fitr_info1_physics.usd@</visuals/base> introduced by @/home/ubuntu/workspace/physvla_sim/datasets/data_normalized/Dishwasher_urdf/11905/configuration/fitr_info1_base.usd@</partnet_6e85f6897e07e0b1df3a1b0d597ce76e/base/visuals> (recomposing stage on stage @/home/ubuntu/workspace/physvla_sim/datasets/data_normalized/Dishwasher_urdf/11905/fitr_info1.usd@ <0x2b36ec60>)

Loading user config located at: '/home/ubuntu/isaacsim/kit/data/Kit/Isaac-Sim/5.1/user.config.json'
[Info] [carb] Logging to file: /home/ubuntu/isaacsim/kit/logs/Kit/Isaac-Sim/5.1/kit_20260714_215143.log
2026-07-14T13:51:44Z [183ms] [Warning] [omni.usd_config.extension] Enable omni.materialx.libs extension to use MaterialX
2026-07-14T13:51:44Z [186ms] [Warning] [omni.platforminfo.plugin] failed to open the default display.  Can't verify X Server version.
2026-07-14T13:51:44Z [457ms] [Warning] [carb] Acquiring non optional plugin interface which is not listed as dependency: [omni::physx::IPhysxBenchmarks v1.0] (plugin: <default plugin>), by client: omni.physics.physx.plugin. Add it to CARB_PLUGIN_IMPL_DEPS() macro of a client.
2026-07-14T13:51:44Z [591ms] [Warning] [omni.isaac.dynamic_control] omni.isaac.dynamic_control is deprecated as of Isaac Sim 4.5. No action is needed from end-users.

|---------------------------------------------------------------------------------------------|
| Driver Version: 580.142       | Graphics API: Vulkan
|=============================================================================================|
| GPU | Name                             | Active | LDA | GPU Memory | Vendor-ID | LUID       |
|     |                                  |        |     |            | Device-ID | UUID       |
|     |                                  |        |     |            | Bus-ID    |            |
|---------------------------------------------------------------------------------------------|
| 0   | NVIDIA GeForce RTX 5090 D v2     | Yes: 0 |     | 24701   MB | 10de      | 0          |
|     |                                  |        |     |            | 2b8c      | 5f3d0dc0.. |
|     |                                  |        |     |            | 1         |            |
|=============================================================================================|
| OS: 24.04.3 LTS (Noble Numbat) ubuntu, Version: 24.04.3, Kernel: 6.17.0-1017-oem
| Processor: Intel(R) Core(TM) i9-14900K
| Cores: 24 | Logical Cores: 32
|---------------------------------------------------------------------------------------------|
| Total Memory (MB): 64063 | Free Memory: 55366
| Total Page/Swap (MB): 8191 | Free Page/Swap: 8191
|---------------------------------------------------------------------------------------------|
2026-07-14T13:51:46Z [2,563ms] [Warning] [gpu.foundation.plugin] CPU performance profile is set to powersave. This profile sets the CPU to the lowest frequency reducing performance.
2026-07-14T13:51:46Z [2,571ms] [Warning] [gpu.foundation.plugin] IOMMU is enabled.
2026-07-14T13:51:46Z [2,704ms] [Warning] [omni.usd] Warning: in _ReportErrors at line 3172 of /builds/omniverse/usd-ci/USD/pxr/usd/usd/stage.cpp -- In </partnet_6e85f6897e07e0b1df3a1b0d597ce76e/base/visuals>: Unresolved reference prim path @/home/ubuntu/workspace/physvla_sim/datasets/data_normalized/Dishwasher_urdf/11905/configuration/fitr_info1_base.usd@</visuals/base> introduced by @/home/ubuntu/workspace/physvla_sim/datasets/data_normalized/Dishwasher_urdf/11905/configuration/fitr_info1_base.usd@</partnet_6e85f6897e07e0b1df3a1b0d597ce76e/base/visuals> (instantiating stage on stage @/home/ubuntu/workspace/physvla_sim/datasets/data_normalized/Dishwasher_urdf/11905/configuration/fitr_info1_base.usd@ <0x41c33b70>)

2026-07-14T13:51:46Z [2,708ms] [Warning] [omni.usd] Warning: in _ReportErrors at line 3172 of /builds/omniverse/usd-ci/USD/pxr/usd/usd/stage.cpp -- In </partnet_6e85f6897e07e0b1df3a1b0d597ce76e/base/visuals>: Unresolved reference prim path @/home/ubuntu/workspace/physvla_sim/datasets/data_normalized/Dishwasher_urdf/11905/configuration/fitr_info1_physics.usd@</visuals/base> introduced by @/home/ubuntu/workspace/physvla_sim/datasets/data_normalized/Dishwasher_urdf/11905/configuration/fitr_info1_base.usd@</partnet_6e85f6897e07e0b1df3a1b0d597ce76e/base/visuals> (instantiating stage on stage @/home/ubuntu/workspace/physvla_sim/datasets/data_normalized/Dishwasher_urdf/11905/configuration/fitr_info1_physics.usd@ <0x4a0aa9d0>)

2026-07-14T13:51:46Z [2,710ms] [Warning] [omni.usd] Warning: in _ReportErrors at line 3172 of /builds/omniverse/usd-ci/USD/pxr/usd/usd/stage.cpp -- In </partnet_6e85f6897e07e0b1df3a1b0d597ce76e/base/visuals>: Unresolved reference prim path @/home/ubuntu/workspace/physvla_sim/datasets/data_normalized/Dishwasher_urdf/11905/configuration/fitr_info1_physics.usd@</visuals/base> introduced by @/home/ubuntu/workspace/physvla_sim/datasets/data_normalized/Dishwasher_urdf/11905/configuration/fitr_info1_base.usd@</partnet_6e85f6897e07e0b1df3a1b0d597ce76e/base/visuals> (instantiating stage on stage @/home/ubuntu/workspace/physvla_sim/datasets/data_normalized/Dishwasher_urdf/11905/fitr_info1.usd@ <0x41c051b0>)

[INFO][AppLauncher]: Using device: cuda:0
[INFO][AppLauncher]: Loading experience file: /home/ubuntu/workspace/IsaacLab/apps/isaaclab.python.headless.kit
{
  "output": "/home/ubuntu/workspace/physvla_sim/datasets/data_normalized/Dishwasher_urdf/11905/fitr_info1.usd",
  "scale": 0.41145263171381713,
  "scale_layer": "/home/ubuntu/workspace/physvla_sim/datasets/data_normalized/Dishwasher_urdf/11905/configuration/fitr_info1_base.usd",
  "joints": [
    {
      "joint": "/partnet_6e85f6897e07e0b1df3a1b0d597ce76e/joints/joint_0",
      "drive": "angular",
      "damping": 690.0,
      "stiffness": 0.0,
      "max_force": 12.0
    }
  ],
  "dynamics_layer": "/home/ubuntu/workspace/physvla_sim/datasets/data_normalized/Dishwasher_urdf/11905/configuration/fitr_info1_physics.usd",
  "affordance_links": [
    "/partnet_6e85f6897e07e0b1df3a1b0d597ce76e/door_1"
  ]
}
Loading user config located at: '/home/ubuntu/isaacsim/kit/data/Kit/Isaac-Sim/5.1/user.config.json'
[Info] [carb] Logging to file: /home/ubuntu/isaacsim/kit/logs/Kit/Isaac-Sim/5.1/kit_20260714_215146.log
2026-07-14T13:51:47Z [187ms] [Warning] [omni.usd_config.extension] Enable omni.materialx.libs extension to use MaterialX
2026-07-14T13:51:47Z [191ms] [Warning] [omni.platforminfo.plugin] failed to open the default display.  Can't verify X Server version.
2026-07-14T13:51:47Z [461ms] [Warning] [carb] Acquiring non optional plugin interface which is not listed as dependency: [omni::physx::IPhysxBenchmarks v1.0] (plugin: <default plugin>), by client: omni.physics.physx.plugin. Add it to CARB_PLUGIN_IMPL_DEPS() macro of a client.
2026-07-14T13:51:47Z [596ms] [Warning] [omni.isaac.dynamic_control] omni.isaac.dynamic_control is deprecated as of Isaac Sim 4.5. No action is needed from end-users.

|---------------------------------------------------------------------------------------------|
| Driver Version: 580.142       | Graphics API: Vulkan
|=============================================================================================|
| GPU | Name                             | Active | LDA | GPU Memory | Vendor-ID | LUID       |
|     |                                  |        |     |            | Device-ID | UUID       |
|     |                                  |        |     |            | Bus-ID    |            |
|---------------------------------------------------------------------------------------------|
| 0   | NVIDIA GeForce RTX 5090 D v2     | Yes: 0 |     | 24701   MB | 10de      | 0          |
|     |                                  |        |     |            | 2b8c      | 5f3d0dc0.. |
|     |                                  |        |     |            | 1         |            |
|=============================================================================================|
| OS: 24.04.3 LTS (Noble Numbat) ubuntu, Version: 24.04.3, Kernel: 6.17.0-1017-oem
| Processor: Intel(R) Core(TM) i9-14900K
| Cores: 24 | Logical Cores: 32
|---------------------------------------------------------------------------------------------|
| Total Memory (MB): 64063 | Free Memory: 55393
| Total Page/Swap (MB): 8191 | Free Page/Swap: 8191
|---------------------------------------------------------------------------------------------|
2026-07-14T13:51:49Z [2,591ms] [Warning] [gpu.foundation.plugin] CPU performance profile is set to powersave. This profile sets the CPU to the lowest frequency reducing performance.
2026-07-14T13:51:49Z [2,599ms] [Warning] [gpu.foundation.plugin] IOMMU is enabled.
2026-07-14T13:51:49Z [2,729ms] [Warning] [carb.windowing-glfw.plugin] GLFW initialization failed.
2026-07-14T13:51:49Z [2,729ms] [Warning] [carb] Failed to startup plugin carb.windowing-glfw.plugin (interfaces: [carb::windowing::IGLContext v1.0],[carb::windowing::IWindowing v1.5]) (impl: carb.windowing-glfw.plugin)

|---------------------------------------------------------------------------------------------|
| Driver Version: 580.142       | Graphics API: Vulkan
|=============================================================================================|
| GPU | Name                             | Active | LDA | GPU Memory | Vendor-ID | LUID       |
|     |                                  |        |     |            | Device-ID | UUID       |
|     |                                  |        |     |            | Bus-ID    |            |
|---------------------------------------------------------------------------------------------|
| 0   | NVIDIA GeForce RTX 5090 D v2     | Yes: 0 |     | 24701   MB | 10de      | 0          |
|     |                                  |        |     |            | 2b8c      | 5f3d0dc0.. |
|     |                                  |        |     |            | 1         |            |
|=============================================================================================|
| OS: 24.04.3 LTS (Noble Numbat) ubuntu, Version: 24.04.3, Kernel: 6.17.0-1017-oem
| Processor: Intel(R) Core(TM) i9-14900K
| Cores: 24 | Logical Cores: 32
|---------------------------------------------------------------------------------------------|
| Total Memory (MB): 64063 | Free Memory: 55188
| Total Page/Swap (MB): 8191 | Free Page/Swap: 8191
|---------------------------------------------------------------------------------------------|
2026-07-14T13:51:49Z [2,958ms] [Warning] [gpu.foundation.plugin] CPU performance profile is set to powersave. This profile sets the CPU to the lowest frequency reducing performance.
2026-07-14T13:51:49Z [2,958ms] [Warning] [gpu.foundation.plugin] IOMMU is enabled.
2026-07-14T13:51:50Z [3,176ms] [Warning] [carb.windowing-glfw.plugin] GLFW initialization failed.
2026-07-14T13:51:50Z [3,176ms] [Warning] [carb] Failed to startup plugin carb.windowing-glfw.plugin (interfaces: [carb::windowing::IGLContext v1.0],[carb::windowing::IWindowing v1.5]) (impl: carb.windowing-glfw.plugin)
2026-07-14T13:51:50Z [3,188ms] [Warning] [carb.windowing-glfw.plugin] GLFW initialization failed.
2026-07-14T13:51:50Z [3,188ms] [Warning] [carb] Failed to startup plugin carb.windowing-glfw.plugin (interfaces: [carb::windowing::IGLContext v1.0],[carb::windowing::IWindowing v1.5]) (impl: carb.windowing-glfw.plugin)
2026-07-14T13:51:50Z [3,192ms] [Warning] [carb.windowing-glfw.plugin] GLFW initialization failed.
2026-07-14T13:51:50Z [3,192ms] [Warning] [carb] Failed to startup plugin carb.windowing-glfw.plugin (interfaces: [carb::windowing::IGLContext v1.0],[carb::windowing::IWindowing v1.5]) (impl: carb.windowing-glfw.plugin)
2026-07-14T13:51:50Z [3,197ms] [Warning] [carb.windowing-glfw.plugin] GLFW initialization failed.
2026-07-14T13:51:50Z [3,197ms] [Warning] [carb] Failed to startup plugin carb.windowing-glfw.plugin (interfaces: [carb::windowing::IGLContext v1.0],[carb::windowing::IWindowing v1.5]) (impl: carb.windowing-glfw.plugin)
2026-07-14T13:51:50Z [3,198ms] [Warning] [carb.windowing-glfw.plugin] GLFW initialization failed.
2026-07-14T13:51:50Z [3,198ms] [Warning] [carb] Failed to startup plugin carb.windowing-glfw.plugin (interfaces: [carb::windowing::IGLContext v1.0],[carb::windowing::IWindowing v1.5]) (impl: carb.windowing-glfw.plugin)
2026-07-14T13:51:50Z [3,199ms] [Warning] [carb.windowing-glfw.plugin] GLFW initialization failed.
2026-07-14T13:51:50Z [3,199ms] [Warning] [carb] Failed to startup plugin carb.windowing-glfw.plugin (interfaces: [carb::windowing::IGLContext v1.0],[carb::windowing::IWindowing v1.5]) (impl: carb.windowing-glfw.plugin)
2026-07-14T13:51:50Z [3,482ms] [Warning] [omni.graph.visualization.nodes._impl.extension] No Viewport Window to add omni.graph.visualization.nodes-2.1.3 scene to
2026-07-14T13:51:50Z [3,599ms] [Warning] [isaacsim.asset.importer.urdf] No mass specified for link base
2026-07-14T13:51:50Z [3,600ms] [Warning] [omni.usd] Warning: in _ReportErrors at line 3172 of /builds/omniverse/usd-ci/USD/pxr/usd/usd/stage.cpp -- In </partnet_6e85f6897e07e0b1df3a1b0d597ce76e/base/visuals>: Unresolved reference prim path @/home/ubuntu/workspace/physvla_sim/datasets/data_normalized/Dishwasher_urdf/11932/configuration/fitr_info1_physics.usd@</visuals/base> introduced by @/home/ubuntu/workspace/physvla_sim/datasets/data_normalized/Dishwasher_urdf/11932/configuration/fitr_info1_base.usd@</partnet_6e85f6897e07e0b1df3a1b0d597ce76e/base/visuals> (recomposing stage on stage @/home/ubuntu/workspace/physvla_sim/datasets/data_normalized/Dishwasher_urdf/11932/configuration/fitr_info1_physics.usd@ <0x7225ba768640>)

2026-07-14T13:51:50Z [3,600ms] [Warning] [omni.usd] Warning: in _ReportErrors at line 3172 of /builds/omniverse/usd-ci/USD/pxr/usd/usd/stage.cpp -- In </partnet_6e85f6897e07e0b1df3a1b0d597ce76e/base/visuals>: Unresolved reference prim path @/home/ubuntu/workspace/physvla_sim/datasets/data_normalized/Dishwasher_urdf/11932/fitr_info1.usd@</visuals/base> introduced by @/home/ubuntu/workspace/physvla_sim/datasets/data_normalized/Dishwasher_urdf/11932/configuration/fitr_info1_base.usd@</partnet_6e85f6897e07e0b1df3a1b0d597ce76e/base/visuals> (recomposing stage on stage @/home/ubuntu/workspace/physvla_sim/datasets/data_normalized/Dishwasher_urdf/11932/fitr_info1.usd@ <0x7225ba7550a0>)

2026-07-14T13:51:50Z [3,600ms] [Warning] [omni.usd] Warning: in _ReportErrors at line 3172 of /builds/omniverse/usd-ci/USD/pxr/usd/usd/stage.cpp -- In </partnet_6e85f6897e07e0b1df3a1b0d597ce76e/base/visuals>: Unresolved reference prim path @/home/ubuntu/workspace/physvla_sim/datasets/data_normalized/Dishwasher_urdf/11932/fitr_info1.usd@</visuals/base> introduced by @/home/ubuntu/workspace/physvla_sim/datasets/data_normalized/Dishwasher_urdf/11932/configuration/fitr_info1_base.usd@</partnet_6e85f6897e07e0b1df3a1b0d597ce76e/base/visuals> (recomposing stage on stage @/home/ubuntu/workspace/physvla_sim/datasets/data_normalized/Dishwasher_urdf/11932/fitr_info1.usd@ <0x7225ba7506a0>)

2026-07-14T13:51:50Z [3,600ms] [Warning] [omni.usd] Warning: in _ReportErrors at line 3172 of /builds/omniverse/usd-ci/USD/pxr/usd/usd/stage.cpp -- In </partnet_6e85f6897e07e0b1df3a1b0d597ce76e/base/visuals>: Unresolved reference prim path @/home/ubuntu/workspace/physvla_sim/datasets/data_normalized/Dishwasher_urdf/11932/configuration/fitr_info1_base.usd@</visuals/base> introduced by @/home/ubuntu/workspace/physvla_sim/datasets/data_normalized/Dishwasher_urdf/11932/configuration/fitr_info1_base.usd@</partnet_6e85f6897e07e0b1df3a1b0d597ce76e/base/visuals> (recomposing stage on stage @/home/ubuntu/workspace/physvla_sim/datasets/data_normalized/Dishwasher_urdf/11932/configuration/fitr_info1_base.usd@ <0x7225ba771910>)

2026-07-14T13:51:50Z [3,600ms] [Warning] [omni.usd] Warning: in _ReportErrors at line 3172 of /builds/omniverse/usd-ci/USD/pxr/usd/usd/stage.cpp -- In </partnet_6e85f6897e07e0b1df3a1b0d597ce76e/base/visuals>: Unresolved reference prim path @/home/ubuntu/workspace/physvla_sim/datasets/data_normalized/Dishwasher_urdf/11932/configuration/fitr_info1_physics.usd@</visuals/base> introduced by @/home/ubuntu/workspace/physvla_sim/datasets/data_normalized/Dishwasher_urdf/11932/configuration/fitr_info1_base.usd@</partnet_6e85f6897e07e0b1df3a1b0d597ce76e/base/visuals> (recomposing stage on stage @/home/ubuntu/workspace/physvla_sim/datasets/data_normalized/Dishwasher_urdf/11932/configuration/fitr_info1_physics.usd@ <0x7225ba768640>)

2026-07-14T13:51:50Z [3,600ms] [Warning] [omni.usd] Warning: in _ReportErrors at line 3172 of /builds/omniverse/usd-ci/USD/pxr/usd/usd/stage.cpp -- In </partnet_6e85f6897e07e0b1df3a1b0d597ce76e/base/visuals>: Unresolved reference prim path @/home/ubuntu/workspace/physvla_sim/datasets/data_normalized/Dishwasher_urdf/11932/fitr_info1.usd@</visuals/base> introduced by @/home/ubuntu/workspace/physvla_sim/datasets/data_normalized/Dishwasher_urdf/11932/configuration/fitr_info1_base.usd@</partnet_6e85f6897e07e0b1df3a1b0d597ce76e/base/visuals> (recomposing stage on stage @/home/ubuntu/workspace/physvla_sim/datasets/data_normalized/Dishwasher_urdf/11932/fitr_info1.usd@ <0x7225ba7550a0>)

2026-07-14T13:51:50Z [3,601ms] [Warning] [omni.usd] Warning: in _ReportErrors at line 3172 of /builds/omniverse/usd-ci/USD/pxr/usd/usd/stage.cpp -- In </partnet_6e85f6897e07e0b1df3a1b0d597ce76e/base/visuals>: Unresolved reference prim path @/home/ubuntu/workspace/physvla_sim/datasets/data_normalized/Dishwasher_urdf/11932/fitr_info1.usd@</visuals/base> introduced by @/home/ubuntu/workspace/physvla_sim/datasets/data_normalized/Dishwasher_urdf/11932/configuration/fitr_info1_base.usd@</partnet_6e85f6897e07e0b1df3a1b0d597ce76e/base/visuals> (recomposing stage on stage @/home/ubuntu/workspace/physvla_sim/datasets/data_normalized/Dishwasher_urdf/11932/fitr_info1.usd@ <0x7225ba7506a0>)

2026-07-14T13:51:50Z [3,601ms] [Warning] [omni.usd] Warning: in _ReportErrors at line 3172 of /builds/omniverse/usd-ci/USD/pxr/usd/usd/stage.cpp -- In </partnet_6e85f6897e07e0b1df3a1b0d597ce76e/base/visuals>: Unresolved reference prim path @/home/ubuntu/workspace/physvla_sim/datasets/data_normalized/Dishwasher_urdf/11932/configuration/fitr_info1_base.usd@</visuals/base> introduced by @/home/ubuntu/workspace/physvla_sim/datasets/data_normalized/Dishwasher_urdf/11932/configuration/fitr_info1_base.usd@</partnet_6e85f6897e07e0b1df3a1b0d597ce76e/base/visuals> (recomposing stage on stage @/home/ubuntu/workspace/physvla_sim/datasets/data_normalized/Dishwasher_urdf/11932/configuration/fitr_info1_base.usd@ <0x7225ba771910>)

2026-07-14T13:51:50Z [3,601ms] [Warning] [isaacsim.asset.importer.urdf] Link base has no colliders, and no inertia was imported; assigning a small isotropic inertia matrix
2026-07-14T13:51:50Z [3,602ms] [Warning] [isaacsim.asset.importer.urdf] No mass specified for link body
2026-07-14T13:51:50Z [3,621ms] [Warning] [isaacsim.asset.importer.urdf] No mass specified for link door_1
2026-07-14T13:51:50Z [3,658ms] [Warning] [omni.usd] Warning: in _ReportErrors at line 3172 of /builds/omniverse/usd-ci/USD/pxr/usd/usd/stage.cpp -- In </partnet_6e85f6897e07e0b1df3a1b0d597ce76e/base/visuals>: Unresolved reference prim path @/home/ubuntu/workspace/physvla_sim/datasets/data_normalized/Dishwasher_urdf/11932/configuration/fitr_info1_base.usd@</visuals/base> introduced by @/home/ubuntu/workspace/physvla_sim/datasets/data_normalized/Dishwasher_urdf/11932/configuration/fitr_info1_base.usd@</partnet_6e85f6897e07e0b1df3a1b0d597ce76e/base/visuals> (recomposing stage on stage @/home/ubuntu/workspace/physvla_sim/datasets/data_normalized/Dishwasher_urdf/11932/fitr_info1.usd@ <0x7225ba7550a0>)

2026-07-14T13:51:50Z [3,659ms] [Warning] [omni.usd] Warning: in _ReportErrors at line 3172 of /builds/omniverse/usd-ci/USD/pxr/usd/usd/stage.cpp -- In </partnet_6e85f6897e07e0b1df3a1b0d597ce76e/base/visuals>: Unresolved reference prim path @/home/ubuntu/workspace/physvla_sim/datasets/data_normalized/Dishwasher_urdf/11932/configuration/fitr_info1_base.usd@</visuals/base> introduced by @/home/ubuntu/workspace/physvla_sim/datasets/data_normalized/Dishwasher_urdf/11932/configuration/fitr_info1_base.usd@</partnet_6e85f6897e07e0b1df3a1b0d597ce76e/base/visuals> (recomposing stage on stage @/home/ubuntu/workspace/physvla_sim/datasets/data_normalized/Dishwasher_urdf/11932/fitr_info1.usd@ <0x7225ba7506a0>)

2026-07-14T13:51:50Z [3,659ms] [Warning] [omni.usd] Warning: in _ReportErrors at line 3172 of /builds/omniverse/usd-ci/USD/pxr/usd/usd/stage.cpp -- In </partnet_6e85f6897e07e0b1df3a1b0d597ce76e/base/visuals>: Unresolved reference prim path @/home/ubuntu/workspace/physvla_sim/datasets/data_normalized/Dishwasher_urdf/11932/configuration/fitr_info1_physics.usd@</visuals/base> introduced by @/home/ubuntu/workspace/physvla_sim/datasets/data_normalized/Dishwasher_urdf/11932/configuration/fitr_info1_base.usd@</partnet_6e85f6897e07e0b1df3a1b0d597ce76e/base/visuals> (recomposing stage on stage @/home/ubuntu/workspace/physvla_sim/datasets/data_normalized/Dishwasher_urdf/11932/fitr_info1.usd@ <0x7225ba7550a0>)

2026-07-14T13:51:50Z [3,660ms] [Warning] [omni.usd] Warning: in _ReportErrors at line 3172 of /builds/omniverse/usd-ci/USD/pxr/usd/usd/stage.cpp -- In </partnet_6e85f6897e07e0b1df3a1b0d597ce76e/base/visuals>: Unresolved reference prim path @/home/ubuntu/workspace/physvla_sim/datasets/data_normalized/Dishwasher_urdf/11932/configuration/fitr_info1_physics.usd@</visuals/base> introduced by @/home/ubuntu/workspace/physvla_sim/datasets/data_normalized/Dishwasher_urdf/11932/configuration/fitr_info1_base.usd@</partnet_6e85f6897e07e0b1df3a1b0d597ce76e/base/visuals> (recomposing stage on stage @/home/ubuntu/workspace/physvla_sim/datasets/data_normalized/Dishwasher_urdf/11932/fitr_info1.usd@ <0x7225ba7506a0>)

2026-07-14T13:51:50Z [3,660ms] [Warning] [omni.usd] Warning: in _ReportErrors at line 3172 of /builds/omniverse/usd-ci/USD/pxr/usd/usd/stage.cpp -- In </partnet_6e85f6897e07e0b1df3a1b0d597ce76e/base/visuals>: Unresolved reference prim path @/home/ubuntu/workspace/physvla_sim/datasets/data_normalized/Dishwasher_urdf/11932/configuration/fitr_info1_physics.usd@</visuals/base> introduced by @/home/ubuntu/workspace/physvla_sim/datasets/data_normalized/Dishwasher_urdf/11932/configuration/fitr_info1_base.usd@</partnet_6e85f6897e07e0b1df3a1b0d597ce76e/base/visuals> (recomposing stage on stage @/home/ubuntu/workspace/physvla_sim/datasets/data_normalized/Dishwasher_urdf/11932/fitr_info1.usd@ <0x7225ba7550a0>)

2026-07-14T13:51:50Z [3,661ms] [Warning] [omni.usd] Warning: in _ReportErrors at line 3172 of /builds/omniverse/usd-ci/USD/pxr/usd/usd/stage.cpp -- In </partnet_6e85f6897e07e0b1df3a1b0d597ce76e/base/visuals>: Unresolved reference prim path @/home/ubuntu/workspace/physvla_sim/datasets/data_normalized/Dishwasher_urdf/11932/configuration/fitr_info1_physics.usd@</visuals/base> introduced by @/home/ubuntu/workspace/physvla_sim/datasets/data_normalized/Dishwasher_urdf/11932/configuration/fitr_info1_base.usd@</partnet_6e85f6897e07e0b1df3a1b0d597ce76e/base/visuals> (recomposing stage on stage @/home/ubuntu/workspace/physvla_sim/datasets/data_normalized/Dishwasher_urdf/11932/fitr_info1.usd@ <0x7225ba7506a0>)

2026-07-14T13:51:50Z [3,661ms] [Warning] [omni.usd] Warning: in _ReportErrors at line 3172 of /builds/omniverse/usd-ci/USD/pxr/usd/usd/stage.cpp -- In </partnet_6e85f6897e07e0b1df3a1b0d597ce76e/base/visuals>: Unresolved reference prim path @/home/ubuntu/workspace/physvla_sim/datasets/data_normalized/Dishwasher_urdf/11932/configuration/fitr_info1_physics.usd@</visuals/base> introduced by @/home/ubuntu/workspace/physvla_sim/datasets/data_normalized/Dishwasher_urdf/11932/configuration/fitr_info1_base.usd@</partnet_6e85f6897e07e0b1df3a1b0d597ce76e/base/visuals> (recomposing stage on stage @/home/ubuntu/workspace/physvla_sim/datasets/data_normalized/Dishwasher_urdf/11932/fitr_info1.usd@ <0x7225ba7550a0>)

2026-07-14T13:51:50Z [3,662ms] [Warning] [omni.usd] Warning: in _ReportErrors at line 3172 of /builds/omniverse/usd-ci/USD/pxr/usd/usd/stage.cpp -- In </partnet_6e85f6897e07e0b1df3a1b0d597ce76e/base/visuals>: Unresolved reference prim path @/home/ubuntu/workspace/physvla_sim/datasets/data_normalized/Dishwasher_urdf/11932/configuration/fitr_info1_physics.usd@</visuals/base> introduced by @/home/ubuntu/workspace/physvla_sim/datasets/data_normalized/Dishwasher_urdf/11932/configuration/fitr_info1_base.usd@</partnet_6e85f6897e07e0b1df3a1b0d597ce76e/base/visuals> (recomposing stage on stage @/home/ubuntu/workspace/physvla_sim/datasets/data_normalized/Dishwasher_urdf/11932/fitr_info1.usd@ <0x7225ba7506a0>)

2026-07-14T13:51:50Z [3,662ms] [Warning] [omni.usd] Warning: in _ReportErrors at line 3172 of /builds/omniverse/usd-ci/USD/pxr/usd/usd/stage.cpp -- In </partnet_6e85f6897e07e0b1df3a1b0d597ce76e/base/visuals>: Unresolved reference prim path @/home/ubuntu/workspace/physvla_sim/datasets/data_normalized/Dishwasher_urdf/11932/configuration/fitr_info1_physics.usd@</visuals/base> introduced by @/home/ubuntu/workspace/physvla_sim/datasets/data_normalized/Dishwasher_urdf/11932/configuration/fitr_info1_base.usd@</partnet_6e85f6897e07e0b1df3a1b0d597ce76e/base/visuals> (recomposing stage on stage @/home/ubuntu/workspace/physvla_sim/datasets/data_normalized/Dishwasher_urdf/11932/fitr_info1.usd@ <0x7225ba7550a0>)

2026-07-14T13:51:50Z [3,663ms] [Warning] [omni.usd] Warning: in _ReportErrors at line 3172 of /builds/omniverse/usd-ci/USD/pxr/usd/usd/stage.cpp -- In </partnet_6e85f6897e07e0b1df3a1b0d597ce76e/base/visuals>: Unresolved reference prim path @/home/ubuntu/workspace/physvla_sim/datasets/data_normalized/Dishwasher_urdf/11932/configuration/fitr_info1_physics.usd@</visuals/base> introduced by @/home/ubuntu/workspace/physvla_sim/datasets/data_normalized/Dishwasher_urdf/11932/configuration/fitr_info1_base.usd@</partnet_6e85f6897e07e0b1df3a1b0d597ce76e/base/visuals> (recomposing stage on stage @/home/ubuntu/workspace/physvla_sim/datasets/data_normalized/Dishwasher_urdf/11932/fitr_info1.usd@ <0x7225ba7506a0>)

2026-07-14T13:51:50Z [3,663ms] [Warning] [omni.usd] Warning: in _ReportErrors at line 3172 of /builds/omniverse/usd-ci/USD/pxr/usd/usd/stage.cpp -- In </partnet_6e85f6897e07e0b1df3a1b0d597ce76e/base/visuals>: Unresolved reference prim path @/home/ubuntu/workspace/physvla_sim/datasets/data_normalized/Dishwasher_urdf/11932/configuration/fitr_info1_physics.usd@</visuals/base> introduced by @/home/ubuntu/workspace/physvla_sim/datasets/data_normalized/Dishwasher_urdf/11932/configuration/fitr_info1_base.usd@</partnet_6e85f6897e07e0b1df3a1b0d597ce76e/base/visuals> (recomposing stage on stage @/home/ubuntu/workspace/physvla_sim/datasets/data_normalized/Dishwasher_urdf/11932/fitr_info1.usd@ <0x7225ba7550a0>)

2026-07-14T13:51:50Z [3,664ms] [Warning] [omni.usd] Warning: in _ReportErrors at line 3172 of /builds/omniverse/usd-ci/USD/pxr/usd/usd/stage.cpp -- In </partnet_6e85f6897e07e0b1df3a1b0d597ce76e/base/visuals>: Unresolved reference prim path @/home/ubuntu/workspace/physvla_sim/datasets/data_normalized/Dishwasher_urdf/11932/configuration/fitr_info1_physics.usd@</visuals/base> introduced by @/home/ubuntu/workspace/physvla_sim/datasets/data_normalized/Dishwasher_urdf/11932/configuration/fitr_info1_base.usd@</partnet_6e85f6897e07e0b1df3a1b0d597ce76e/base/visuals> (recomposing stage on stage @/home/ubuntu/workspace/physvla_sim/datasets/data_normalized/Dishwasher_urdf/11932/fitr_info1.usd@ <0x7225ba7506a0>)

2026-07-14T13:51:50Z [3,664ms] [Warning] [omni.usd] Warning: in _ReportErrors at line 3172 of /builds/omniverse/usd-ci/USD/pxr/usd/usd/stage.cpp -- In </partnet_6e85f6897e07e0b1df3a1b0d597ce76e/base/visuals>: Unresolved reference prim path @/home/ubuntu/workspace/physvla_sim/datasets/data_normalized/Dishwasher_urdf/11932/configuration/fitr_info1_physics.usd@</visuals/base> introduced by @/home/ubuntu/workspace/physvla_sim/datasets/data_normalized/Dishwasher_urdf/11932/configuration/fitr_info1_base.usd@</partnet_6e85f6897e07e0b1df3a1b0d597ce76e/base/visuals> (recomposing stage on stage @/home/ubuntu/workspace/physvla_sim/datasets/data_normalized/Dishwasher_urdf/11932/fitr_info1.usd@ <0x7225ba7550a0>)

2026-07-14T13:51:50Z [3,665ms] [Warning] [omni.usd] Warning: in _ReportErrors at line 3172 of /builds/omniverse/usd-ci/USD/pxr/usd/usd/stage.cpp -- In </partnet_6e85f6897e07e0b1df3a1b0d597ce76e/base/visuals>: Unresolved reference prim path @/home/ubuntu/workspace/physvla_sim/datasets/data_normalized/Dishwasher_urdf/11932/configuration/fitr_info1_physics.usd@</visuals/base> introduced by @/home/ubuntu/workspace/physvla_sim/datasets/data_normalized/Dishwasher_urdf/11932/configuration/fitr_info1_base.usd@</partnet_6e85f6897e07e0b1df3a1b0d597ce76e/base/visuals> (recomposing stage on stage @/home/ubuntu/workspace/physvla_sim/datasets/data_normalized/Dishwasher_urdf/11932/fitr_info1.usd@ <0x7225ba7506a0>)

2026-07-14T13:51:50Z [3,666ms] [Warning] [omni.usd] Warning: in _ReportErrors at line 3172 of /builds/omniverse/usd-ci/USD/pxr/usd/usd/stage.cpp -- In </partnet_6e85f6897e07e0b1df3a1b0d597ce76e/base/visuals>: Unresolved reference prim path @/home/ubuntu/workspace/physvla_sim/datasets/data_normalized/Dishwasher_urdf/11932/configuration/fitr_info1_physics.usd@</visuals/base> introduced by @/home/ubuntu/workspace/physvla_sim/datasets/data_normalized/Dishwasher_urdf/11932/configuration/fitr_info1_base.usd@</partnet_6e85f6897e07e0b1df3a1b0d597ce76e/base/visuals> (recomposing stage on stage @/home/ubuntu/workspace/physvla_sim/datasets/data_normalized/Dishwasher_urdf/11932/fitr_info1.usd@ <0x7225ba7550a0>)

2026-07-14T13:51:50Z [3,666ms] [Warning] [omni.usd] Warning: in _ReportErrors at line 3172 of /builds/omniverse/usd-ci/USD/pxr/usd/usd/stage.cpp -- In </partnet_6e85f6897e07e0b1df3a1b0d597ce76e/base/visuals>: Unresolved reference prim path @/home/ubuntu/workspace/physvla_sim/datasets/data_normalized/Dishwasher_urdf/11932/configuration/fitr_info1_physics.usd@</visuals/base> introduced by @/home/ubuntu/workspace/physvla_sim/datasets/data_normalized/Dishwasher_urdf/11932/configuration/fitr_info1_base.usd@</partnet_6e85f6897e07e0b1df3a1b0d597ce76e/base/visuals> (recomposing stage on stage @/home/ubuntu/workspace/physvla_sim/datasets/data_normalized/Dishwasher_urdf/11932/fitr_info1.usd@ <0x7225ba7506a0>)

Loading user config located at: '/home/ubuntu/isaacsim/kit/data/Kit/Isaac-Sim/5.1/user.config.json'
[Info] [carb] Logging to file: /home/ubuntu/isaacsim/kit/logs/Kit/Isaac-Sim/5.1/kit_20260714_215151.log
2026-07-14T13:51:51Z [181ms] [Warning] [omni.usd_config.extension] Enable omni.materialx.libs extension to use MaterialX
2026-07-14T13:51:51Z [185ms] [Warning] [omni.platforminfo.plugin] failed to open the default display.  Can't verify X Server version.
2026-07-14T13:51:51Z [455ms] [Warning] [carb] Acquiring non optional plugin interface which is not listed as dependency: [omni::physx::IPhysxBenchmarks v1.0] (plugin: <default plugin>), by client: omni.physics.physx.plugin. Add it to CARB_PLUGIN_IMPL_DEPS() macro of a client.
2026-07-14T13:51:51Z [592ms] [Warning] [omni.isaac.dynamic_control] omni.isaac.dynamic_control is deprecated as of Isaac Sim 4.5. No action is needed from end-users.

|---------------------------------------------------------------------------------------------|
| Driver Version: 580.142       | Graphics API: Vulkan
|=============================================================================================|
| GPU | Name                             | Active | LDA | GPU Memory | Vendor-ID | LUID       |
|     |                                  |        |     |            | Device-ID | UUID       |
|     |                                  |        |     |            | Bus-ID    |            |
|---------------------------------------------------------------------------------------------|
| 0   | NVIDIA GeForce RTX 5090 D v2     | Yes: 0 |     | 24701   MB | 10de      | 0          |
|     |                                  |        |     |            | 2b8c      | 5f3d0dc0.. |
|     |                                  |        |     |            | 1         |            |
|=============================================================================================|
| OS: 24.04.3 LTS (Noble Numbat) ubuntu, Version: 24.04.3, Kernel: 6.17.0-1017-oem
| Processor: Intel(R) Core(TM) i9-14900K
| Cores: 24 | Logical Cores: 32
|---------------------------------------------------------------------------------------------|
| Total Memory (MB): 64063 | Free Memory: 55324
| Total Page/Swap (MB): 8191 | Free Page/Swap: 8191
|---------------------------------------------------------------------------------------------|
2026-07-14T13:51:53Z [2,598ms] [Warning] [gpu.foundation.plugin] CPU performance profile is set to powersave. This profile sets the CPU to the lowest frequency reducing performance.
2026-07-14T13:51:53Z [2,606ms] [Warning] [gpu.foundation.plugin] IOMMU is enabled.
2026-07-14T13:51:53Z [2,740ms] [Warning] [omni.usd] Warning: in _ReportErrors at line 3172 of /builds/omniverse/usd-ci/USD/pxr/usd/usd/stage.cpp -- In </partnet_6e85f6897e07e0b1df3a1b0d597ce76e/base/visuals>: Unresolved reference prim path @/home/ubuntu/workspace/physvla_sim/datasets/data_normalized/Dishwasher_urdf/11932/configuration/fitr_info1_base.usd@</visuals/base> introduced by @/home/ubuntu/workspace/physvla_sim/datasets/data_normalized/Dishwasher_urdf/11932/configuration/fitr_info1_base.usd@</partnet_6e85f6897e07e0b1df3a1b0d597ce76e/base/visuals> (instantiating stage on stage @/home/ubuntu/workspace/physvla_sim/datasets/data_normalized/Dishwasher_urdf/11932/configuration/fitr_info1_base.usd@ <0x2cab8ec0>)

2026-07-14T13:51:53Z [2,744ms] [Warning] [omni.usd] Warning: in _ReportErrors at line 3172 of /builds/omniverse/usd-ci/USD/pxr/usd/usd/stage.cpp -- In </partnet_6e85f6897e07e0b1df3a1b0d597ce76e/base/visuals>: Unresolved reference prim path @/home/ubuntu/workspace/physvla_sim/datasets/data_normalized/Dishwasher_urdf/11932/configuration/fitr_info1_physics.usd@</visuals/base> introduced by @/home/ubuntu/workspace/physvla_sim/datasets/data_normalized/Dishwasher_urdf/11932/configuration/fitr_info1_base.usd@</partnet_6e85f6897e07e0b1df3a1b0d597ce76e/base/visuals> (instantiating stage on stage @/home/ubuntu/workspace/physvla_sim/datasets/data_normalized/Dishwasher_urdf/11932/configuration/fitr_info1_physics.usd@ <0x360b70a0>)

2026-07-14T13:51:53Z [2,746ms] [Warning] [omni.usd] Warning: in _ReportErrors at line 3172 of /builds/omniverse/usd-ci/USD/pxr/usd/usd/stage.cpp -- In </partnet_6e85f6897e07e0b1df3a1b0d597ce76e/base/visuals>: Unresolved reference prim path @/home/ubuntu/workspace/physvla_sim/datasets/data_normalized/Dishwasher_urdf/11932/configuration/fitr_info1_physics.usd@</visuals/base> introduced by @/home/ubuntu/workspace/physvla_sim/datasets/data_normalized/Dishwasher_urdf/11932/configuration/fitr_info1_base.usd@</partnet_6e85f6897e07e0b1df3a1b0d597ce76e/base/visuals> (instantiating stage on stage @/home/ubuntu/workspace/physvla_sim/datasets/data_normalized/Dishwasher_urdf/11932/fitr_info1.usd@ <0x2ca8a500>)

[INFO][AppLauncher]: Using device: cuda:0
[INFO][AppLauncher]: Loading experience file: /home/ubuntu/workspace/IsaacLab/apps/isaaclab.python.headless.kit
{
  "output": "/home/ubuntu/workspace/physvla_sim/datasets/data_normalized/Dishwasher_urdf/11932/fitr_info1.usd",
  "scale": 0.4401254868798688,
  "scale_layer": "/home/ubuntu/workspace/physvla_sim/datasets/data_normalized/Dishwasher_urdf/11932/configuration/fitr_info1_base.usd",
  "joints": [
    {
      "joint": "/partnet_6e85f6897e07e0b1df3a1b0d597ce76e/joints/joint_0",
      "drive": "angular",
      "damping": 735.0,
      "stiffness": 0.0,
      "max_force": 11.25
    }
  ],
  "dynamics_layer": "/home/ubuntu/workspace/physvla_sim/datasets/data_normalized/Dishwasher_urdf/11932/configuration/fitr_info1_physics.usd",
  "affordance_links": [
    "/partnet_6e85f6897e07e0b1df3a1b0d597ce76e/door_1"
  ]
}
Loading user config located at: '/home/ubuntu/isaacsim/kit/data/Kit/Isaac-Sim/5.1/user.config.json'
[Info] [carb] Logging to file: /home/ubuntu/isaacsim/kit/logs/Kit/Isaac-Sim/5.1/kit_20260714_215154.log
2026-07-14T13:51:54Z [184ms] [Warning] [omni.usd_config.extension] Enable omni.materialx.libs extension to use MaterialX
2026-07-14T13:51:54Z [191ms] [Warning] [omni.platforminfo.plugin] failed to open the default display.  Can't verify X Server version.
2026-07-14T13:51:54Z [455ms] [Warning] [carb] Acquiring non optional plugin interface which is not listed as dependency: [omni::physx::IPhysxBenchmarks v1.0] (plugin: <default plugin>), by client: omni.physics.physx.plugin. Add it to CARB_PLUGIN_IMPL_DEPS() macro of a client.
2026-07-14T13:51:54Z [588ms] [Warning] [omni.isaac.dynamic_control] omni.isaac.dynamic_control is deprecated as of Isaac Sim 4.5. No action is needed from end-users.

|---------------------------------------------------------------------------------------------|
| Driver Version: 580.142       | Graphics API: Vulkan
|=============================================================================================|
| GPU | Name                             | Active | LDA | GPU Memory | Vendor-ID | LUID       |
|     |                                  |        |     |            | Device-ID | UUID       |
|     |                                  |        |     |            | Bus-ID    |            |
|---------------------------------------------------------------------------------------------|
| 0   | NVIDIA GeForce RTX 5090 D v2     | Yes: 0 |     | 24701   MB | 10de      | 0          |
|     |                                  |        |     |            | 2b8c      | 5f3d0dc0.. |
|     |                                  |        |     |            | 1         |            |
|=============================================================================================|
| OS: 24.04.3 LTS (Noble Numbat) ubuntu, Version: 24.04.3, Kernel: 6.17.0-1017-oem
| Processor: Intel(R) Core(TM) i9-14900K
| Cores: 24 | Logical Cores: 32
|---------------------------------------------------------------------------------------------|
| Total Memory (MB): 64063 | Free Memory: 55301
| Total Page/Swap (MB): 8191 | Free Page/Swap: 8191
|---------------------------------------------------------------------------------------------|
2026-07-14T13:51:56Z [2,602ms] [Warning] [gpu.foundation.plugin] CPU performance profile is set to powersave. This profile sets the CPU to the lowest frequency reducing performance.
2026-07-14T13:51:56Z [2,609ms] [Warning] [gpu.foundation.plugin] IOMMU is enabled.
2026-07-14T13:51:56Z [2,749ms] [Warning] [carb.windowing-glfw.plugin] GLFW initialization failed.
2026-07-14T13:51:56Z [2,749ms] [Warning] [carb] Failed to startup plugin carb.windowing-glfw.plugin (interfaces: [carb::windowing::IGLContext v1.0],[carb::windowing::IWindowing v1.5]) (impl: carb.windowing-glfw.plugin)

|---------------------------------------------------------------------------------------------|
| Driver Version: 580.142       | Graphics API: Vulkan
|=============================================================================================|
| GPU | Name                             | Active | LDA | GPU Memory | Vendor-ID | LUID       |
|     |                                  |        |     |            | Device-ID | UUID       |
|     |                                  |        |     |            | Bus-ID    |            |
|---------------------------------------------------------------------------------------------|
| 0   | NVIDIA GeForce RTX 5090 D v2     | Yes: 0 |     | 24701   MB | 10de      | 0          |
|     |                                  |        |     |            | 2b8c      | 5f3d0dc0.. |
|     |                                  |        |     |            | 1         |            |
|=============================================================================================|
| OS: 24.04.3 LTS (Noble Numbat) ubuntu, Version: 24.04.3, Kernel: 6.17.0-1017-oem
| Processor: Intel(R) Core(TM) i9-14900K
| Cores: 24 | Logical Cores: 32
|---------------------------------------------------------------------------------------------|
| Total Memory (MB): 64063 | Free Memory: 55116
| Total Page/Swap (MB): 8191 | Free Page/Swap: 8191
|---------------------------------------------------------------------------------------------|
2026-07-14T13:51:57Z [2,978ms] [Warning] [gpu.foundation.plugin] CPU performance profile is set to powersave. This profile sets the CPU to the lowest frequency reducing performance.
2026-07-14T13:51:57Z [2,978ms] [Warning] [gpu.foundation.plugin] IOMMU is enabled.
2026-07-14T13:51:57Z [3,178ms] [Warning] [carb.windowing-glfw.plugin] GLFW initialization failed.
2026-07-14T13:51:57Z [3,178ms] [Warning] [carb] Failed to startup plugin carb.windowing-glfw.plugin (interfaces: [carb::windowing::IGLContext v1.0],[carb::windowing::IWindowing v1.5]) (impl: carb.windowing-glfw.plugin)
2026-07-14T13:51:57Z [3,190ms] [Warning] [carb.windowing-glfw.plugin] GLFW initialization failed.
2026-07-14T13:51:57Z [3,190ms] [Warning] [carb] Failed to startup plugin carb.windowing-glfw.plugin (interfaces: [carb::windowing::IGLContext v1.0],[carb::windowing::IWindowing v1.5]) (impl: carb.windowing-glfw.plugin)
2026-07-14T13:51:57Z [3,195ms] [Warning] [carb.windowing-glfw.plugin] GLFW initialization failed.
2026-07-14T13:51:57Z [3,195ms] [Warning] [carb] Failed to startup plugin carb.windowing-glfw.plugin (interfaces: [carb::windowing::IGLContext v1.0],[carb::windowing::IWindowing v1.5]) (impl: carb.windowing-glfw.plugin)
2026-07-14T13:51:57Z [3,199ms] [Warning] [carb.windowing-glfw.plugin] GLFW initialization failed.
2026-07-14T13:51:57Z [3,199ms] [Warning] [carb] Failed to startup plugin carb.windowing-glfw.plugin (interfaces: [carb::windowing::IGLContext v1.0],[carb::windowing::IWindowing v1.5]) (impl: carb.windowing-glfw.plugin)
2026-07-14T13:51:57Z [3,200ms] [Warning] [carb.windowing-glfw.plugin] GLFW initialization failed.
2026-07-14T13:51:57Z [3,200ms] [Warning] [carb] Failed to startup plugin carb.windowing-glfw.plugin (interfaces: [carb::windowing::IGLContext v1.0],[carb::windowing::IWindowing v1.5]) (impl: carb.windowing-glfw.plugin)
2026-07-14T13:51:57Z [3,201ms] [Warning] [carb.windowing-glfw.plugin] GLFW initialization failed.
2026-07-14T13:51:57Z [3,201ms] [Warning] [carb] Failed to startup plugin carb.windowing-glfw.plugin (interfaces: [carb::windowing::IGLContext v1.0],[carb::windowing::IWindowing v1.5]) (impl: carb.windowing-glfw.plugin)
2026-07-14T13:51:57Z [3,447ms] [Warning] [omni.graph.visualization.nodes._impl.extension] No Viewport Window to add omni.graph.visualization.nodes-2.1.3 scene to
2026-07-14T13:51:57Z [3,540ms] [Warning] [isaacsim.asset.importer.urdf] No mass specified for link base
2026-07-14T13:51:57Z [3,540ms] [Warning] [omni.usd] Warning: in _ReportErrors at line 3172 of /builds/omniverse/usd-ci/USD/pxr/usd/usd/stage.cpp -- In </partnet_6e85f6897e07e0b1df3a1b0d597ce76e/base/visuals>: Unresolved reference prim path @/home/ubuntu/workspace/physvla_sim/datasets/data_normalized/Dishwasher_urdf/11942/configuration/fitr_info1_physics.usd@</visuals/base> introduced by @/home/ubuntu/workspace/physvla_sim/datasets/data_normalized/Dishwasher_urdf/11942/configuration/fitr_info1_base.usd@</partnet_6e85f6897e07e0b1df3a1b0d597ce76e/base/visuals> (recomposing stage on stage @/home/ubuntu/workspace/physvla_sim/datasets/data_normalized/Dishwasher_urdf/11942/configuration/fitr_info1_physics.usd@ <0x74f40b2c8d20>)

2026-07-14T13:51:57Z [3,541ms] [Warning] [omni.usd] Warning: in _ReportErrors at line 3172 of /builds/omniverse/usd-ci/USD/pxr/usd/usd/stage.cpp -- In </partnet_6e85f6897e07e0b1df3a1b0d597ce76e/base/visuals>: Unresolved reference prim path @/home/ubuntu/workspace/physvla_sim/datasets/data_normalized/Dishwasher_urdf/11942/fitr_info1.usd@</visuals/base> introduced by @/home/ubuntu/workspace/physvla_sim/datasets/data_normalized/Dishwasher_urdf/11942/configuration/fitr_info1_base.usd@</partnet_6e85f6897e07e0b1df3a1b0d597ce76e/base/visuals> (recomposing stage on stage @/home/ubuntu/workspace/physvla_sim/datasets/data_normalized/Dishwasher_urdf/11942/fitr_info1.usd@ <0x74f40b2b5180>)

2026-07-14T13:51:57Z [3,541ms] [Warning] [omni.usd] Warning: in _ReportErrors at line 3172 of /builds/omniverse/usd-ci/USD/pxr/usd/usd/stage.cpp -- In </partnet_6e85f6897e07e0b1df3a1b0d597ce76e/base/visuals>: Unresolved reference prim path @/home/ubuntu/workspace/physvla_sim/datasets/data_normalized/Dishwasher_urdf/11942/fitr_info1.usd@</visuals/base> introduced by @/home/ubuntu/workspace/physvla_sim/datasets/data_normalized/Dishwasher_urdf/11942/configuration/fitr_info1_base.usd@</partnet_6e85f6897e07e0b1df3a1b0d597ce76e/base/visuals> (recomposing stage on stage @/home/ubuntu/workspace/physvla_sim/datasets/data_normalized/Dishwasher_urdf/11942/fitr_info1.usd@ <0x74f40b2b0b30>)

2026-07-14T13:51:57Z [3,541ms] [Warning] [omni.usd] Warning: in _ReportErrors at line 3172 of /builds/omniverse/usd-ci/USD/pxr/usd/usd/stage.cpp -- In </partnet_6e85f6897e07e0b1df3a1b0d597ce76e/base/visuals>: Unresolved reference prim path @/home/ubuntu/workspace/physvla_sim/datasets/data_normalized/Dishwasher_urdf/11942/configuration/fitr_info1_base.usd@</visuals/base> introduced by @/home/ubuntu/workspace/physvla_sim/datasets/data_normalized/Dishwasher_urdf/11942/configuration/fitr_info1_base.usd@</partnet_6e85f6897e07e0b1df3a1b0d597ce76e/base/visuals> (recomposing stage on stage @/home/ubuntu/workspace/physvla_sim/datasets/data_normalized/Dishwasher_urdf/11942/configuration/fitr_info1_base.usd@ <0x74f40b2d27a0>)

2026-07-14T13:51:57Z [3,541ms] [Warning] [omni.usd] Warning: in _ReportErrors at line 3172 of /builds/omniverse/usd-ci/USD/pxr/usd/usd/stage.cpp -- In </partnet_6e85f6897e07e0b1df3a1b0d597ce76e/base/visuals>: Unresolved reference prim path @/home/ubuntu/workspace/physvla_sim/datasets/data_normalized/Dishwasher_urdf/11942/configuration/fitr_info1_physics.usd@</visuals/base> introduced by @/home/ubuntu/workspace/physvla_sim/datasets/data_normalized/Dishwasher_urdf/11942/configuration/fitr_info1_base.usd@</partnet_6e85f6897e07e0b1df3a1b0d597ce76e/base/visuals> (recomposing stage on stage @/home/ubuntu/workspace/physvla_sim/datasets/data_normalized/Dishwasher_urdf/11942/configuration/fitr_info1_physics.usd@ <0x74f40b2c8d20>)

2026-07-14T13:51:57Z [3,541ms] [Warning] [omni.usd] Warning: in _ReportErrors at line 3172 of /builds/omniverse/usd-ci/USD/pxr/usd/usd/stage.cpp -- In </partnet_6e85f6897e07e0b1df3a1b0d597ce76e/base/visuals>: Unresolved reference prim path @/home/ubuntu/workspace/physvla_sim/datasets/data_normalized/Dishwasher_urdf/11942/fitr_info1.usd@</visuals/base> introduced by @/home/ubuntu/workspace/physvla_sim/datasets/data_normalized/Dishwasher_urdf/11942/configuration/fitr_info1_base.usd@</partnet_6e85f6897e07e0b1df3a1b0d597ce76e/base/visuals> (recomposing stage on stage @/home/ubuntu/workspace/physvla_sim/datasets/data_normalized/Dishwasher_urdf/11942/fitr_info1.usd@ <0x74f40b2b5180>)

2026-07-14T13:51:57Z [3,541ms] [Warning] [omni.usd] Warning: in _ReportErrors at line 3172 of /builds/omniverse/usd-ci/USD/pxr/usd/usd/stage.cpp -- In </partnet_6e85f6897e07e0b1df3a1b0d597ce76e/base/visuals>: Unresolved reference prim path @/home/ubuntu/workspace/physvla_sim/datasets/data_normalized/Dishwasher_urdf/11942/fitr_info1.usd@</visuals/base> introduced by @/home/ubuntu/workspace/physvla_sim/datasets/data_normalized/Dishwasher_urdf/11942/configuration/fitr_info1_base.usd@</partnet_6e85f6897e07e0b1df3a1b0d597ce76e/base/visuals> (recomposing stage on stage @/home/ubuntu/workspace/physvla_sim/datasets/data_normalized/Dishwasher_urdf/11942/fitr_info1.usd@ <0x74f40b2b0b30>)

2026-07-14T13:51:57Z [3,541ms] [Warning] [omni.usd] Warning: in _ReportErrors at line 3172 of /builds/omniverse/usd-ci/USD/pxr/usd/usd/stage.cpp -- In </partnet_6e85f6897e07e0b1df3a1b0d597ce76e/base/visuals>: Unresolved reference prim path @/home/ubuntu/workspace/physvla_sim/datasets/data_normalized/Dishwasher_urdf/11942/configuration/fitr_info1_base.usd@</visuals/base> introduced by @/home/ubuntu/workspace/physvla_sim/datasets/data_normalized/Dishwasher_urdf/11942/configuration/fitr_info1_base.usd@</partnet_6e85f6897e07e0b1df3a1b0d597ce76e/base/visuals> (recomposing stage on stage @/home/ubuntu/workspace/physvla_sim/datasets/data_normalized/Dishwasher_urdf/11942/configuration/fitr_info1_base.usd@ <0x74f40b2d27a0>)

2026-07-14T13:51:57Z [3,542ms] [Warning] [isaacsim.asset.importer.urdf] Link base has no colliders, and no inertia was imported; assigning a small isotropic inertia matrix
2026-07-14T13:51:57Z [3,543ms] [Warning] [isaacsim.asset.importer.urdf] No mass specified for link body
2026-07-14T13:51:57Z [3,575ms] [Warning] [isaacsim.asset.importer.urdf] No mass specified for link door_1
2026-07-14T13:51:57Z [3,587ms] [Warning] [omni.usd] Warning: in _ReportErrors at line 3172 of /builds/omniverse/usd-ci/USD/pxr/usd/usd/stage.cpp -- In </partnet_6e85f6897e07e0b1df3a1b0d597ce76e/base/visuals>: Unresolved reference prim path @/home/ubuntu/workspace/physvla_sim/datasets/data_normalized/Dishwasher_urdf/11942/configuration/fitr_info1_base.usd@</visuals/base> introduced by @/home/ubuntu/workspace/physvla_sim/datasets/data_normalized/Dishwasher_urdf/11942/configuration/fitr_info1_base.usd@</partnet_6e85f6897e07e0b1df3a1b0d597ce76e/base/visuals> (recomposing stage on stage @/home/ubuntu/workspace/physvla_sim/datasets/data_normalized/Dishwasher_urdf/11942/fitr_info1.usd@ <0x74f40b2b5180>)

2026-07-14T13:51:57Z [3,587ms] [Warning] [omni.usd] Warning: in _ReportErrors at line 3172 of /builds/omniverse/usd-ci/USD/pxr/usd/usd/stage.cpp -- In </partnet_6e85f6897e07e0b1df3a1b0d597ce76e/base/visuals>: Unresolved reference prim path @/home/ubuntu/workspace/physvla_sim/datasets/data_normalized/Dishwasher_urdf/11942/configuration/fitr_info1_base.usd@</visuals/base> introduced by @/home/ubuntu/workspace/physvla_sim/datasets/data_normalized/Dishwasher_urdf/11942/configuration/fitr_info1_base.usd@</partnet_6e85f6897e07e0b1df3a1b0d597ce76e/base/visuals> (recomposing stage on stage @/home/ubuntu/workspace/physvla_sim/datasets/data_normalized/Dishwasher_urdf/11942/fitr_info1.usd@ <0x74f40b2b0b30>)

2026-07-14T13:51:57Z [3,588ms] [Warning] [omni.usd] Warning: in _ReportErrors at line 3172 of /builds/omniverse/usd-ci/USD/pxr/usd/usd/stage.cpp -- In </partnet_6e85f6897e07e0b1df3a1b0d597ce76e/base/visuals>: Unresolved reference prim path @/home/ubuntu/workspace/physvla_sim/datasets/data_normalized/Dishwasher_urdf/11942/configuration/fitr_info1_physics.usd@</visuals/base> introduced by @/home/ubuntu/workspace/physvla_sim/datasets/data_normalized/Dishwasher_urdf/11942/configuration/fitr_info1_base.usd@</partnet_6e85f6897e07e0b1df3a1b0d597ce76e/base/visuals> (recomposing stage on stage @/home/ubuntu/workspace/physvla_sim/datasets/data_normalized/Dishwasher_urdf/11942/fitr_info1.usd@ <0x74f40b2b5180>)

2026-07-14T13:51:57Z [3,589ms] [Warning] [omni.usd] Warning: in _ReportErrors at line 3172 of /builds/omniverse/usd-ci/USD/pxr/usd/usd/stage.cpp -- In </partnet_6e85f6897e07e0b1df3a1b0d597ce76e/base/visuals>: Unresolved reference prim path @/home/ubuntu/workspace/physvla_sim/datasets/data_normalized/Dishwasher_urdf/11942/configuration/fitr_info1_physics.usd@</visuals/base> introduced by @/home/ubuntu/workspace/physvla_sim/datasets/data_normalized/Dishwasher_urdf/11942/configuration/fitr_info1_base.usd@</partnet_6e85f6897e07e0b1df3a1b0d597ce76e/base/visuals> (recomposing stage on stage @/home/ubuntu/workspace/physvla_sim/datasets/data_normalized/Dishwasher_urdf/11942/fitr_info1.usd@ <0x74f40b2b0b30>)

2026-07-14T13:51:57Z [3,589ms] [Warning] [omni.usd] Warning: in _ReportErrors at line 3172 of /builds/omniverse/usd-ci/USD/pxr/usd/usd/stage.cpp -- In </partnet_6e85f6897e07e0b1df3a1b0d597ce76e/base/visuals>: Unresolved reference prim path @/home/ubuntu/workspace/physvla_sim/datasets/data_normalized/Dishwasher_urdf/11942/configuration/fitr_info1_physics.usd@</visuals/base> introduced by @/home/ubuntu/workspace/physvla_sim/datasets/data_normalized/Dishwasher_urdf/11942/configuration/fitr_info1_base.usd@</partnet_6e85f6897e07e0b1df3a1b0d597ce76e/base/visuals> (recomposing stage on stage @/home/ubuntu/workspace/physvla_sim/datasets/data_normalized/Dishwasher_urdf/11942/fitr_info1.usd@ <0x74f40b2b5180>)

2026-07-14T13:51:57Z [3,589ms] [Warning] [omni.usd] Warning: in _ReportErrors at line 3172 of /builds/omniverse/usd-ci/USD/pxr/usd/usd/stage.cpp -- In </partnet_6e85f6897e07e0b1df3a1b0d597ce76e/base/visuals>: Unresolved reference prim path @/home/ubuntu/workspace/physvla_sim/datasets/data_normalized/Dishwasher_urdf/11942/configuration/fitr_info1_physics.usd@</visuals/base> introduced by @/home/ubuntu/workspace/physvla_sim/datasets/data_normalized/Dishwasher_urdf/11942/configuration/fitr_info1_base.usd@</partnet_6e85f6897e07e0b1df3a1b0d597ce76e/base/visuals> (recomposing stage on stage @/home/ubuntu/workspace/physvla_sim/datasets/data_normalized/Dishwasher_urdf/11942/fitr_info1.usd@ <0x74f40b2b0b30>)

2026-07-14T13:51:57Z [3,590ms] [Warning] [omni.usd] Warning: in _ReportErrors at line 3172 of /builds/omniverse/usd-ci/USD/pxr/usd/usd/stage.cpp -- In </partnet_6e85f6897e07e0b1df3a1b0d597ce76e/base/visuals>: Unresolved reference prim path @/home/ubuntu/workspace/physvla_sim/datasets/data_normalized/Dishwasher_urdf/11942/configuration/fitr_info1_physics.usd@</visuals/base> introduced by @/home/ubuntu/workspace/physvla_sim/datasets/data_normalized/Dishwasher_urdf/11942/configuration/fitr_info1_base.usd@</partnet_6e85f6897e07e0b1df3a1b0d597ce76e/base/visuals> (recomposing stage on stage @/home/ubuntu/workspace/physvla_sim/datasets/data_normalized/Dishwasher_urdf/11942/fitr_info1.usd@ <0x74f40b2b5180>)

2026-07-14T13:51:57Z [3,590ms] [Warning] [omni.usd] Warning: in _ReportErrors at line 3172 of /builds/omniverse/usd-ci/USD/pxr/usd/usd/stage.cpp -- In </partnet_6e85f6897e07e0b1df3a1b0d597ce76e/base/visuals>: Unresolved reference prim path @/home/ubuntu/workspace/physvla_sim/datasets/data_normalized/Dishwasher_urdf/11942/configuration/fitr_info1_physics.usd@</visuals/base> introduced by @/home/ubuntu/workspace/physvla_sim/datasets/data_normalized/Dishwasher_urdf/11942/configuration/fitr_info1_base.usd@</partnet_6e85f6897e07e0b1df3a1b0d597ce76e/base/visuals> (recomposing stage on stage @/home/ubuntu/workspace/physvla_sim/datasets/data_normalized/Dishwasher_urdf/11942/fitr_info1.usd@ <0x74f40b2b0b30>)

2026-07-14T13:51:57Z [3,591ms] [Warning] [omni.usd] Warning: in _ReportErrors at line 3172 of /builds/omniverse/usd-ci/USD/pxr/usd/usd/stage.cpp -- In </partnet_6e85f6897e07e0b1df3a1b0d597ce76e/base/visuals>: Unresolved reference prim path @/home/ubuntu/workspace/physvla_sim/datasets/data_normalized/Dishwasher_urdf/11942/configuration/fitr_info1_physics.usd@</visuals/base> introduced by @/home/ubuntu/workspace/physvla_sim/datasets/data_normalized/Dishwasher_urdf/11942/configuration/fitr_info1_base.usd@</partnet_6e85f6897e07e0b1df3a1b0d597ce76e/base/visuals> (recomposing stage on stage @/home/ubuntu/workspace/physvla_sim/datasets/data_normalized/Dishwasher_urdf/11942/fitr_info1.usd@ <0x74f40b2b5180>)

2026-07-14T13:51:57Z [3,591ms] [Warning] [omni.usd] Warning: in _ReportErrors at line 3172 of /builds/omniverse/usd-ci/USD/pxr/usd/usd/stage.cpp -- In </partnet_6e85f6897e07e0b1df3a1b0d597ce76e/base/visuals>: Unresolved reference prim path @/home/ubuntu/workspace/physvla_sim/datasets/data_normalized/Dishwasher_urdf/11942/configuration/fitr_info1_physics.usd@</visuals/base> introduced by @/home/ubuntu/workspace/physvla_sim/datasets/data_normalized/Dishwasher_urdf/11942/configuration/fitr_info1_base.usd@</partnet_6e85f6897e07e0b1df3a1b0d597ce76e/base/visuals> (recomposing stage on stage @/home/ubuntu/workspace/physvla_sim/datasets/data_normalized/Dishwasher_urdf/11942/fitr_info1.usd@ <0x74f40b2b0b30>)

2026-07-14T13:51:57Z [3,592ms] [Warning] [omni.usd] Warning: in _ReportErrors at line 3172 of /builds/omniverse/usd-ci/USD/pxr/usd/usd/stage.cpp -- In </partnet_6e85f6897e07e0b1df3a1b0d597ce76e/base/visuals>: Unresolved reference prim path @/home/ubuntu/workspace/physvla_sim/datasets/data_normalized/Dishwasher_urdf/11942/configuration/fitr_info1_physics.usd@</visuals/base> introduced by @/home/ubuntu/workspace/physvla_sim/datasets/data_normalized/Dishwasher_urdf/11942/configuration/fitr_info1_base.usd@</partnet_6e85f6897e07e0b1df3a1b0d597ce76e/base/visuals> (recomposing stage on stage @/home/ubuntu/workspace/physvla_sim/datasets/data_normalized/Dishwasher_urdf/11942/fitr_info1.usd@ <0x74f40b2b5180>)

2026-07-14T13:51:57Z [3,592ms] [Warning] [omni.usd] Warning: in _ReportErrors at line 3172 of /builds/omniverse/usd-ci/USD/pxr/usd/usd/stage.cpp -- In </partnet_6e85f6897e07e0b1df3a1b0d597ce76e/base/visuals>: Unresolved reference prim path @/home/ubuntu/workspace/physvla_sim/datasets/data_normalized/Dishwasher_urdf/11942/configuration/fitr_info1_physics.usd@</visuals/base> introduced by @/home/ubuntu/workspace/physvla_sim/datasets/data_normalized/Dishwasher_urdf/11942/configuration/fitr_info1_base.usd@</partnet_6e85f6897e07e0b1df3a1b0d597ce76e/base/visuals> (recomposing stage on stage @/home/ubuntu/workspace/physvla_sim/datasets/data_normalized/Dishwasher_urdf/11942/fitr_info1.usd@ <0x74f40b2b0b30>)

2026-07-14T13:51:57Z [3,593ms] [Warning] [omni.usd] Warning: in _ReportErrors at line 3172 of /builds/omniverse/usd-ci/USD/pxr/usd/usd/stage.cpp -- In </partnet_6e85f6897e07e0b1df3a1b0d597ce76e/base/visuals>: Unresolved reference prim path @/home/ubuntu/workspace/physvla_sim/datasets/data_normalized/Dishwasher_urdf/11942/configuration/fitr_info1_physics.usd@</visuals/base> introduced by @/home/ubuntu/workspace/physvla_sim/datasets/data_normalized/Dishwasher_urdf/11942/configuration/fitr_info1_base.usd@</partnet_6e85f6897e07e0b1df3a1b0d597ce76e/base/visuals> (recomposing stage on stage @/home/ubuntu/workspace/physvla_sim/datasets/data_normalized/Dishwasher_urdf/11942/fitr_info1.usd@ <0x74f40b2b5180>)

2026-07-14T13:51:57Z [3,594ms] [Warning] [omni.usd] Warning: in _ReportErrors at line 3172 of /builds/omniverse/usd-ci/USD/pxr/usd/usd/stage.cpp -- In </partnet_6e85f6897e07e0b1df3a1b0d597ce76e/base/visuals>: Unresolved reference prim path @/home/ubuntu/workspace/physvla_sim/datasets/data_normalized/Dishwasher_urdf/11942/configuration/fitr_info1_physics.usd@</visuals/base> introduced by @/home/ubuntu/workspace/physvla_sim/datasets/data_normalized/Dishwasher_urdf/11942/configuration/fitr_info1_base.usd@</partnet_6e85f6897e07e0b1df3a1b0d597ce76e/base/visuals> (recomposing stage on stage @/home/ubuntu/workspace/physvla_sim/datasets/data_normalized/Dishwasher_urdf/11942/fitr_info1.usd@ <0x74f40b2b0b30>)

2026-07-14T13:51:57Z [3,594ms] [Warning] [omni.usd] Warning: in _ReportErrors at line 3172 of /builds/omniverse/usd-ci/USD/pxr/usd/usd/stage.cpp -- In </partnet_6e85f6897e07e0b1df3a1b0d597ce76e/base/visuals>: Unresolved reference prim path @/home/ubuntu/workspace/physvla_sim/datasets/data_normalized/Dishwasher_urdf/11942/configuration/fitr_info1_physics.usd@</visuals/base> introduced by @/home/ubuntu/workspace/physvla_sim/datasets/data_normalized/Dishwasher_urdf/11942/configuration/fitr_info1_base.usd@</partnet_6e85f6897e07e0b1df3a1b0d597ce76e/base/visuals> (recomposing stage on stage @/home/ubuntu/workspace/physvla_sim/datasets/data_normalized/Dishwasher_urdf/11942/fitr_info1.usd@ <0x74f40b2b5180>)

2026-07-14T13:51:57Z [3,595ms] [Warning] [omni.usd] Warning: in _ReportErrors at line 3172 of /builds/omniverse/usd-ci/USD/pxr/usd/usd/stage.cpp -- In </partnet_6e85f6897e07e0b1df3a1b0d597ce76e/base/visuals>: Unresolved reference prim path @/home/ubuntu/workspace/physvla_sim/datasets/data_normalized/Dishwasher_urdf/11942/configuration/fitr_info1_physics.usd@</visuals/base> introduced by @/home/ubuntu/workspace/physvla_sim/datasets/data_normalized/Dishwasher_urdf/11942/configuration/fitr_info1_base.usd@</partnet_6e85f6897e07e0b1df3a1b0d597ce76e/base/visuals> (recomposing stage on stage @/home/ubuntu/workspace/physvla_sim/datasets/data_normalized/Dishwasher_urdf/11942/fitr_info1.usd@ <0x74f40b2b0b30>)

Loading user config located at: '/home/ubuntu/isaacsim/kit/data/Kit/Isaac-Sim/5.1/user.config.json'
[Info] [carb] Logging to file: /home/ubuntu/isaacsim/kit/logs/Kit/Isaac-Sim/5.1/kit_20260714_215158.log
2026-07-14T13:51:58Z [181ms] [Warning] [omni.usd_config.extension] Enable omni.materialx.libs extension to use MaterialX
2026-07-14T13:51:58Z [184ms] [Warning] [omni.platforminfo.plugin] failed to open the default display.  Can't verify X Server version.
2026-07-14T13:51:58Z [456ms] [Warning] [carb] Acquiring non optional plugin interface which is not listed as dependency: [omni::physx::IPhysxBenchmarks v1.0] (plugin: <default plugin>), by client: omni.physics.physx.plugin. Add it to CARB_PLUGIN_IMPL_DEPS() macro of a client.
2026-07-14T13:51:58Z [589ms] [Warning] [omni.isaac.dynamic_control] omni.isaac.dynamic_control is deprecated as of Isaac Sim 4.5. No action is needed from end-users.

|---------------------------------------------------------------------------------------------|
| Driver Version: 580.142       | Graphics API: Vulkan
|=============================================================================================|
| GPU | Name                             | Active | LDA | GPU Memory | Vendor-ID | LUID       |
|     |                                  |        |     |            | Device-ID | UUID       |
|     |                                  |        |     |            | Bus-ID    |            |
|---------------------------------------------------------------------------------------------|
| 0   | NVIDIA GeForce RTX 5090 D v2     | Yes: 0 |     | 24701   MB | 10de      | 0          |
|     |                                  |        |     |            | 2b8c      | 5f3d0dc0.. |
|     |                                  |        |     |            | 1         |            |
|=============================================================================================|
| OS: 24.04.3 LTS (Noble Numbat) ubuntu, Version: 24.04.3, Kernel: 6.17.0-1017-oem
| Processor: Intel(R) Core(TM) i9-14900K
| Cores: 24 | Logical Cores: 32
|---------------------------------------------------------------------------------------------|
| Total Memory (MB): 64063 | Free Memory: 55356
| Total Page/Swap (MB): 8191 | Free Page/Swap: 8191
|---------------------------------------------------------------------------------------------|
2026-07-14T13:52:00Z [2,564ms] [Warning] [gpu.foundation.plugin] CPU performance profile is set to powersave. This profile sets the CPU to the lowest frequency reducing performance.
2026-07-14T13:52:00Z [2,572ms] [Warning] [gpu.foundation.plugin] IOMMU is enabled.
2026-07-14T13:52:00Z [2,705ms] [Warning] [omni.usd] Warning: in _ReportErrors at line 3172 of /builds/omniverse/usd-ci/USD/pxr/usd/usd/stage.cpp -- In </partnet_6e85f6897e07e0b1df3a1b0d597ce76e/base/visuals>: Unresolved reference prim path @/home/ubuntu/workspace/physvla_sim/datasets/data_normalized/Dishwasher_urdf/11942/configuration/fitr_info1_base.usd@</visuals/base> introduced by @/home/ubuntu/workspace/physvla_sim/datasets/data_normalized/Dishwasher_urdf/11942/configuration/fitr_info1_base.usd@</partnet_6e85f6897e07e0b1df3a1b0d597ce76e/base/visuals> (instantiating stage on stage @/home/ubuntu/workspace/physvla_sim/datasets/data_normalized/Dishwasher_urdf/11942/configuration/fitr_info1_base.usd@ <0x2ccd7840>)

2026-07-14T13:52:00Z [2,709ms] [Warning] [omni.usd] Warning: in _ReportErrors at line 3172 of /builds/omniverse/usd-ci/USD/pxr/usd/usd/stage.cpp -- In </partnet_6e85f6897e07e0b1df3a1b0d597ce76e/base/visuals>: Unresolved reference prim path @/home/ubuntu/workspace/physvla_sim/datasets/data_normalized/Dishwasher_urdf/11942/configuration/fitr_info1_physics.usd@</visuals/base> introduced by @/home/ubuntu/workspace/physvla_sim/datasets/data_normalized/Dishwasher_urdf/11942/configuration/fitr_info1_base.usd@</partnet_6e85f6897e07e0b1df3a1b0d597ce76e/base/visuals> (instantiating stage on stage @/home/ubuntu/workspace/physvla_sim/datasets/data_normalized/Dishwasher_urdf/11942/configuration/fitr_info1_physics.usd@ <0x3516e310>)

2026-07-14T13:52:00Z [2,711ms] [Warning] [omni.usd] Warning: in _ReportErrors at line 3172 of /builds/omniverse/usd-ci/USD/pxr/usd/usd/stage.cpp -- In </partnet_6e85f6897e07e0b1df3a1b0d597ce76e/base/visuals>: Unresolved reference prim path @/home/ubuntu/workspace/physvla_sim/datasets/data_normalized/Dishwasher_urdf/11942/configuration/fitr_info1_physics.usd@</visuals/base> introduced by @/home/ubuntu/workspace/physvla_sim/datasets/data_normalized/Dishwasher_urdf/11942/configuration/fitr_info1_base.usd@</partnet_6e85f6897e07e0b1df3a1b0d597ce76e/base/visuals> (instantiating stage on stage @/home/ubuntu/workspace/physvla_sim/datasets/data_normalized/Dishwasher_urdf/11942/fitr_info1.usd@ <0x2cca8e80>)

[INFO][AppLauncher]: Using device: cuda:0
[INFO][AppLauncher]: Loading experience file: /home/ubuntu/workspace/IsaacLab/apps/isaaclab.python.headless.kit
{
  "output": "/home/ubuntu/workspace/physvla_sim/datasets/data_normalized/Dishwasher_urdf/11942/fitr_info1.usd",
  "scale": 0.4081996335588356,
  "scale_layer": "/home/ubuntu/workspace/physvla_sim/datasets/data_normalized/Dishwasher_urdf/11942/configuration/fitr_info1_base.usd",
  "joints": [
    {
      "joint": "/partnet_6e85f6897e07e0b1df3a1b0d597ce76e/joints/joint_0",
      "drive": "angular",
      "damping": 650.0,
      "stiffness": 0.0,
      "max_force": 11.25
    }
  ],
  "dynamics_layer": "/home/ubuntu/workspace/physvla_sim/datasets/data_normalized/Dishwasher_urdf/11942/configuration/fitr_info1_physics.usd",
  "affordance_links": [
    "/partnet_6e85f6897e07e0b1df3a1b0d597ce76e/door_1"
  ]
}
Loading user config located at: '/home/ubuntu/isaacsim/kit/data/Kit/Isaac-Sim/5.1/user.config.json'
[Info] [carb] Logging to file: /home/ubuntu/isaacsim/kit/logs/Kit/Isaac-Sim/5.1/kit_20260714_215201.log
2026-07-14T13:52:01Z [181ms] [Warning] [omni.platforminfo.plugin] failed to open the default display.  Can't verify X Server version.
2026-07-14T13:52:01Z [183ms] [Warning] [omni.usd_config.extension] Enable omni.materialx.libs extension to use MaterialX
2026-07-14T13:52:01Z [471ms] [Warning] [carb] Acquiring non optional plugin interface which is not listed as dependency: [omni::physx::IPhysxBenchmarks v1.0] (plugin: <default plugin>), by client: omni.physics.physx.plugin. Add it to CARB_PLUGIN_IMPL_DEPS() macro of a client.
2026-07-14T13:52:01Z [604ms] [Warning] [omni.isaac.dynamic_control] omni.isaac.dynamic_control is deprecated as of Isaac Sim 4.5. No action is needed from end-users.

|---------------------------------------------------------------------------------------------|
| Driver Version: 580.142       | Graphics API: Vulkan
|=============================================================================================|
| GPU | Name                             | Active | LDA | GPU Memory | Vendor-ID | LUID       |
|     |                                  |        |     |            | Device-ID | UUID       |
|     |                                  |        |     |            | Bus-ID    |            |
|---------------------------------------------------------------------------------------------|
| 0   | NVIDIA GeForce RTX 5090 D v2     | Yes: 0 |     | 24701   MB | 10de      | 0          |
|     |                                  |        |     |            | 2b8c      | 5f3d0dc0.. |
|     |                                  |        |     |            | 1         |            |
|=============================================================================================|
| OS: 24.04.3 LTS (Noble Numbat) ubuntu, Version: 24.04.3, Kernel: 6.17.0-1017-oem
| Processor: Intel(R) Core(TM) i9-14900K
| Cores: 24 | Logical Cores: 32
|---------------------------------------------------------------------------------------------|
| Total Memory (MB): 64063 | Free Memory: 55331
| Total Page/Swap (MB): 8191 | Free Page/Swap: 8191
|---------------------------------------------------------------------------------------------|
2026-07-14T13:52:03Z [2,608ms] [Warning] [gpu.foundation.plugin] CPU performance profile is set to powersave. This profile sets the CPU to the lowest frequency reducing performance.
2026-07-14T13:52:03Z [2,616ms] [Warning] [gpu.foundation.plugin] IOMMU is enabled.
2026-07-14T13:52:03Z [2,757ms] [Warning] [carb.windowing-glfw.plugin] GLFW initialization failed.
2026-07-14T13:52:03Z [2,757ms] [Warning] [carb] Failed to startup plugin carb.windowing-glfw.plugin (interfaces: [carb::windowing::IGLContext v1.0],[carb::windowing::IWindowing v1.5]) (impl: carb.windowing-glfw.plugin)

|---------------------------------------------------------------------------------------------|
| Driver Version: 580.142       | Graphics API: Vulkan
|=============================================================================================|
| GPU | Name                             | Active | LDA | GPU Memory | Vendor-ID | LUID       |
|     |                                  |        |     |            | Device-ID | UUID       |
|     |                                  |        |     |            | Bus-ID    |            |
|---------------------------------------------------------------------------------------------|
| 0   | NVIDIA GeForce RTX 5090 D v2     | Yes: 0 |     | 24701   MB | 10de      | 0          |
|     |                                  |        |     |            | 2b8c      | 5f3d0dc0.. |
|     |                                  |        |     |            | 1         |            |
|=============================================================================================|
| OS: 24.04.3 LTS (Noble Numbat) ubuntu, Version: 24.04.3, Kernel: 6.17.0-1017-oem
| Processor: Intel(R) Core(TM) i9-14900K
| Cores: 24 | Logical Cores: 32
|---------------------------------------------------------------------------------------------|
| Total Memory (MB): 64063 | Free Memory: 55133
| Total Page/Swap (MB): 8191 | Free Page/Swap: 8191
|---------------------------------------------------------------------------------------------|
2026-07-14T13:52:04Z [2,986ms] [Warning] [gpu.foundation.plugin] CPU performance profile is set to powersave. This profile sets the CPU to the lowest frequency reducing performance.
2026-07-14T13:52:04Z [2,986ms] [Warning] [gpu.foundation.plugin] IOMMU is enabled.
2026-07-14T13:52:04Z [3,187ms] [Warning] [carb.windowing-glfw.plugin] GLFW initialization failed.
2026-07-14T13:52:04Z [3,187ms] [Warning] [carb] Failed to startup plugin carb.windowing-glfw.plugin (interfaces: [carb::windowing::IGLContext v1.0],[carb::windowing::IWindowing v1.5]) (impl: carb.windowing-glfw.plugin)
2026-07-14T13:52:04Z [3,199ms] [Warning] [carb.windowing-glfw.plugin] GLFW initialization failed.
2026-07-14T13:52:04Z [3,199ms] [Warning] [carb] Failed to startup plugin carb.windowing-glfw.plugin (interfaces: [carb::windowing::IGLContext v1.0],[carb::windowing::IWindowing v1.5]) (impl: carb.windowing-glfw.plugin)
2026-07-14T13:52:04Z [3,204ms] [Warning] [carb.windowing-glfw.plugin] GLFW initialization failed.
2026-07-14T13:52:04Z [3,204ms] [Warning] [carb] Failed to startup plugin carb.windowing-glfw.plugin (interfaces: [carb::windowing::IGLContext v1.0],[carb::windowing::IWindowing v1.5]) (impl: carb.windowing-glfw.plugin)
2026-07-14T13:52:04Z [3,208ms] [Warning] [carb.windowing-glfw.plugin] GLFW initialization failed.
2026-07-14T13:52:04Z [3,208ms] [Warning] [carb] Failed to startup plugin carb.windowing-glfw.plugin (interfaces: [carb::windowing::IGLContext v1.0],[carb::windowing::IWindowing v1.5]) (impl: carb.windowing-glfw.plugin)
2026-07-14T13:52:04Z [3,209ms] [Warning] [carb.windowing-glfw.plugin] GLFW initialization failed.
2026-07-14T13:52:04Z [3,209ms] [Warning] [carb] Failed to startup plugin carb.windowing-glfw.plugin (interfaces: [carb::windowing::IGLContext v1.0],[carb::windowing::IWindowing v1.5]) (impl: carb.windowing-glfw.plugin)
2026-07-14T13:52:04Z [3,210ms] [Warning] [carb.windowing-glfw.plugin] GLFW initialization failed.
2026-07-14T13:52:04Z [3,210ms] [Warning] [carb] Failed to startup plugin carb.windowing-glfw.plugin (interfaces: [carb::windowing::IGLContext v1.0],[carb::windowing::IWindowing v1.5]) (impl: carb.windowing-glfw.plugin)
2026-07-14T13:52:04Z [3,471ms] [Warning] [omni.graph.visualization.nodes._impl.extension] No Viewport Window to add omni.graph.visualization.nodes-2.1.3 scene to
2026-07-14T13:52:04Z [3,565ms] [Warning] [isaacsim.asset.importer.urdf] No mass specified for link base
2026-07-14T13:52:04Z [3,565ms] [Warning] [omni.usd] Warning: in _ReportErrors at line 3172 of /builds/omniverse/usd-ci/USD/pxr/usd/usd/stage.cpp -- In </partnet_6e85f6897e07e0b1df3a1b0d597ce76e/base/visuals>: Unresolved reference prim path @/home/ubuntu/workspace/physvla_sim/datasets/data_normalized/Dishwasher_urdf/11983/configuration/fitr_info1_physics.usd@</visuals/base> introduced by @/home/ubuntu/workspace/physvla_sim/datasets/data_normalized/Dishwasher_urdf/11983/configuration/fitr_info1_base.usd@</partnet_6e85f6897e07e0b1df3a1b0d597ce76e/base/visuals> (recomposing stage on stage @/home/ubuntu/workspace/physvla_sim/datasets/data_normalized/Dishwasher_urdf/11983/configuration/fitr_info1_physics.usd@ <0x25942b80>)

2026-07-14T13:52:04Z [3,565ms] [Warning] [omni.usd] Warning: in _ReportErrors at line 3172 of /builds/omniverse/usd-ci/USD/pxr/usd/usd/stage.cpp -- In </partnet_6e85f6897e07e0b1df3a1b0d597ce76e/base/visuals>: Unresolved reference prim path @/home/ubuntu/workspace/physvla_sim/datasets/data_normalized/Dishwasher_urdf/11983/fitr_info1.usd@</visuals/base> introduced by @/home/ubuntu/workspace/physvla_sim/datasets/data_normalized/Dishwasher_urdf/11983/configuration/fitr_info1_base.usd@</partnet_6e85f6897e07e0b1df3a1b0d597ce76e/base/visuals> (recomposing stage on stage @/home/ubuntu/workspace/physvla_sim/datasets/data_normalized/Dishwasher_urdf/11983/fitr_info1.usd@ <0x2592f130>)

2026-07-14T13:52:04Z [3,565ms] [Warning] [omni.usd] Warning: in _ReportErrors at line 3172 of /builds/omniverse/usd-ci/USD/pxr/usd/usd/stage.cpp -- In </partnet_6e85f6897e07e0b1df3a1b0d597ce76e/base/visuals>: Unresolved reference prim path @/home/ubuntu/workspace/physvla_sim/datasets/data_normalized/Dishwasher_urdf/11983/fitr_info1.usd@</visuals/base> introduced by @/home/ubuntu/workspace/physvla_sim/datasets/data_normalized/Dishwasher_urdf/11983/configuration/fitr_info1_base.usd@</partnet_6e85f6897e07e0b1df3a1b0d597ce76e/base/visuals> (recomposing stage on stage @/home/ubuntu/workspace/physvla_sim/datasets/data_normalized/Dishwasher_urdf/11983/fitr_info1.usd@ <0x2592aca0>)

2026-07-14T13:52:04Z [3,565ms] [Warning] [omni.usd] Warning: in _ReportErrors at line 3172 of /builds/omniverse/usd-ci/USD/pxr/usd/usd/stage.cpp -- In </partnet_6e85f6897e07e0b1df3a1b0d597ce76e/base/visuals>: Unresolved reference prim path @/home/ubuntu/workspace/physvla_sim/datasets/data_normalized/Dishwasher_urdf/11983/configuration/fitr_info1_base.usd@</visuals/base> introduced by @/home/ubuntu/workspace/physvla_sim/datasets/data_normalized/Dishwasher_urdf/11983/configuration/fitr_info1_base.usd@</partnet_6e85f6897e07e0b1df3a1b0d597ce76e/base/visuals> (recomposing stage on stage @/home/ubuntu/workspace/physvla_sim/datasets/data_normalized/Dishwasher_urdf/11983/configuration/fitr_info1_base.usd@ <0x2594c520>)

2026-07-14T13:52:04Z [3,565ms] [Warning] [omni.usd] Warning: in _ReportErrors at line 3172 of /builds/omniverse/usd-ci/USD/pxr/usd/usd/stage.cpp -- In </partnet_6e85f6897e07e0b1df3a1b0d597ce76e/base/visuals>: Unresolved reference prim path @/home/ubuntu/workspace/physvla_sim/datasets/data_normalized/Dishwasher_urdf/11983/configuration/fitr_info1_physics.usd@</visuals/base> introduced by @/home/ubuntu/workspace/physvla_sim/datasets/data_normalized/Dishwasher_urdf/11983/configuration/fitr_info1_base.usd@</partnet_6e85f6897e07e0b1df3a1b0d597ce76e/base/visuals> (recomposing stage on stage @/home/ubuntu/workspace/physvla_sim/datasets/data_normalized/Dishwasher_urdf/11983/configuration/fitr_info1_physics.usd@ <0x25942b80>)

2026-07-14T13:52:04Z [3,565ms] [Warning] [omni.usd] Warning: in _ReportErrors at line 3172 of /builds/omniverse/usd-ci/USD/pxr/usd/usd/stage.cpp -- In </partnet_6e85f6897e07e0b1df3a1b0d597ce76e/base/visuals>: Unresolved reference prim path @/home/ubuntu/workspace/physvla_sim/datasets/data_normalized/Dishwasher_urdf/11983/fitr_info1.usd@</visuals/base> introduced by @/home/ubuntu/workspace/physvla_sim/datasets/data_normalized/Dishwasher_urdf/11983/configuration/fitr_info1_base.usd@</partnet_6e85f6897e07e0b1df3a1b0d597ce76e/base/visuals> (recomposing stage on stage @/home/ubuntu/workspace/physvla_sim/datasets/data_normalized/Dishwasher_urdf/11983/fitr_info1.usd@ <0x2592f130>)

2026-07-14T13:52:04Z [3,565ms] [Warning] [omni.usd] Warning: in _ReportErrors at line 3172 of /builds/omniverse/usd-ci/USD/pxr/usd/usd/stage.cpp -- In </partnet_6e85f6897e07e0b1df3a1b0d597ce76e/base/visuals>: Unresolved reference prim path @/home/ubuntu/workspace/physvla_sim/datasets/data_normalized/Dishwasher_urdf/11983/fitr_info1.usd@</visuals/base> introduced by @/home/ubuntu/workspace/physvla_sim/datasets/data_normalized/Dishwasher_urdf/11983/configuration/fitr_info1_base.usd@</partnet_6e85f6897e07e0b1df3a1b0d597ce76e/base/visuals> (recomposing stage on stage @/home/ubuntu/workspace/physvla_sim/datasets/data_normalized/Dishwasher_urdf/11983/fitr_info1.usd@ <0x2592aca0>)

2026-07-14T13:52:04Z [3,565ms] [Warning] [omni.usd] Warning: in _ReportErrors at line 3172 of /builds/omniverse/usd-ci/USD/pxr/usd/usd/stage.cpp -- In </partnet_6e85f6897e07e0b1df3a1b0d597ce76e/base/visuals>: Unresolved reference prim path @/home/ubuntu/workspace/physvla_sim/datasets/data_normalized/Dishwasher_urdf/11983/configuration/fitr_info1_base.usd@</visuals/base> introduced by @/home/ubuntu/workspace/physvla_sim/datasets/data_normalized/Dishwasher_urdf/11983/configuration/fitr_info1_base.usd@</partnet_6e85f6897e07e0b1df3a1b0d597ce76e/base/visuals> (recomposing stage on stage @/home/ubuntu/workspace/physvla_sim/datasets/data_normalized/Dishwasher_urdf/11983/configuration/fitr_info1_base.usd@ <0x2594c520>)

2026-07-14T13:52:04Z [3,565ms] [Warning] [isaacsim.asset.importer.urdf] Link base has no colliders, and no inertia was imported; assigning a small isotropic inertia matrix
2026-07-14T13:52:04Z [3,567ms] [Warning] [isaacsim.asset.importer.urdf] No mass specified for link body
2026-07-14T13:52:04Z [3,600ms] [Warning] [isaacsim.asset.importer.urdf] No mass specified for link door_1
2026-07-14T13:52:04Z [3,613ms] [Warning] [omni.usd] Warning: in _ReportErrors at line 3172 of /builds/omniverse/usd-ci/USD/pxr/usd/usd/stage.cpp -- In </partnet_6e85f6897e07e0b1df3a1b0d597ce76e/base/visuals>: Unresolved reference prim path @/home/ubuntu/workspace/physvla_sim/datasets/data_normalized/Dishwasher_urdf/11983/configuration/fitr_info1_base.usd@</visuals/base> introduced by @/home/ubuntu/workspace/physvla_sim/datasets/data_normalized/Dishwasher_urdf/11983/configuration/fitr_info1_base.usd@</partnet_6e85f6897e07e0b1df3a1b0d597ce76e/base/visuals> (recomposing stage on stage @/home/ubuntu/workspace/physvla_sim/datasets/data_normalized/Dishwasher_urdf/11983/fitr_info1.usd@ <0x2592f130>)

2026-07-14T13:52:04Z [3,613ms] [Warning] [omni.usd] Warning: in _ReportErrors at line 3172 of /builds/omniverse/usd-ci/USD/pxr/usd/usd/stage.cpp -- In </partnet_6e85f6897e07e0b1df3a1b0d597ce76e/base/visuals>: Unresolved reference prim path @/home/ubuntu/workspace/physvla_sim/datasets/data_normalized/Dishwasher_urdf/11983/configuration/fitr_info1_base.usd@</visuals/base> introduced by @/home/ubuntu/workspace/physvla_sim/datasets/data_normalized/Dishwasher_urdf/11983/configuration/fitr_info1_base.usd@</partnet_6e85f6897e07e0b1df3a1b0d597ce76e/base/visuals> (recomposing stage on stage @/home/ubuntu/workspace/physvla_sim/datasets/data_normalized/Dishwasher_urdf/11983/fitr_info1.usd@ <0x2592aca0>)

2026-07-14T13:52:04Z [3,614ms] [Warning] [omni.usd] Warning: in _ReportErrors at line 3172 of /builds/omniverse/usd-ci/USD/pxr/usd/usd/stage.cpp -- In </partnet_6e85f6897e07e0b1df3a1b0d597ce76e/base/visuals>: Unresolved reference prim path @/home/ubuntu/workspace/physvla_sim/datasets/data_normalized/Dishwasher_urdf/11983/configuration/fitr_info1_physics.usd@</visuals/base> introduced by @/home/ubuntu/workspace/physvla_sim/datasets/data_normalized/Dishwasher_urdf/11983/configuration/fitr_info1_base.usd@</partnet_6e85f6897e07e0b1df3a1b0d597ce76e/base/visuals> (recomposing stage on stage @/home/ubuntu/workspace/physvla_sim/datasets/data_normalized/Dishwasher_urdf/11983/fitr_info1.usd@ <0x2592f130>)

2026-07-14T13:52:04Z [3,614ms] [Warning] [omni.usd] Warning: in _ReportErrors at line 3172 of /builds/omniverse/usd-ci/USD/pxr/usd/usd/stage.cpp -- In </partnet_6e85f6897e07e0b1df3a1b0d597ce76e/base/visuals>: Unresolved reference prim path @/home/ubuntu/workspace/physvla_sim/datasets/data_normalized/Dishwasher_urdf/11983/configuration/fitr_info1_physics.usd@</visuals/base> introduced by @/home/ubuntu/workspace/physvla_sim/datasets/data_normalized/Dishwasher_urdf/11983/configuration/fitr_info1_base.usd@</partnet_6e85f6897e07e0b1df3a1b0d597ce76e/base/visuals> (recomposing stage on stage @/home/ubuntu/workspace/physvla_sim/datasets/data_normalized/Dishwasher_urdf/11983/fitr_info1.usd@ <0x2592aca0>)

2026-07-14T13:52:04Z [3,615ms] [Warning] [omni.usd] Warning: in _ReportErrors at line 3172 of /builds/omniverse/usd-ci/USD/pxr/usd/usd/stage.cpp -- In </partnet_6e85f6897e07e0b1df3a1b0d597ce76e/base/visuals>: Unresolved reference prim path @/home/ubuntu/workspace/physvla_sim/datasets/data_normalized/Dishwasher_urdf/11983/configuration/fitr_info1_physics.usd@</visuals/base> introduced by @/home/ubuntu/workspace/physvla_sim/datasets/data_normalized/Dishwasher_urdf/11983/configuration/fitr_info1_base.usd@</partnet_6e85f6897e07e0b1df3a1b0d597ce76e/base/visuals> (recomposing stage on stage @/home/ubuntu/workspace/physvla_sim/datasets/data_normalized/Dishwasher_urdf/11983/fitr_info1.usd@ <0x2592f130>)

2026-07-14T13:52:04Z [3,615ms] [Warning] [omni.usd] Warning: in _ReportErrors at line 3172 of /builds/omniverse/usd-ci/USD/pxr/usd/usd/stage.cpp -- In </partnet_6e85f6897e07e0b1df3a1b0d597ce76e/base/visuals>: Unresolved reference prim path @/home/ubuntu/workspace/physvla_sim/datasets/data_normalized/Dishwasher_urdf/11983/configuration/fitr_info1_physics.usd@</visuals/base> introduced by @/home/ubuntu/workspace/physvla_sim/datasets/data_normalized/Dishwasher_urdf/11983/configuration/fitr_info1_base.usd@</partnet_6e85f6897e07e0b1df3a1b0d597ce76e/base/visuals> (recomposing stage on stage @/home/ubuntu/workspace/physvla_sim/datasets/data_normalized/Dishwasher_urdf/11983/fitr_info1.usd@ <0x2592aca0>)

2026-07-14T13:52:04Z [3,616ms] [Warning] [omni.usd] Warning: in _ReportErrors at line 3172 of /builds/omniverse/usd-ci/USD/pxr/usd/usd/stage.cpp -- In </partnet_6e85f6897e07e0b1df3a1b0d597ce76e/base/visuals>: Unresolved reference prim path @/home/ubuntu/workspace/physvla_sim/datasets/data_normalized/Dishwasher_urdf/11983/configuration/fitr_info1_physics.usd@</visuals/base> introduced by @/home/ubuntu/workspace/physvla_sim/datasets/data_normalized/Dishwasher_urdf/11983/configuration/fitr_info1_base.usd@</partnet_6e85f6897e07e0b1df3a1b0d597ce76e/base/visuals> (recomposing stage on stage @/home/ubuntu/workspace/physvla_sim/datasets/data_normalized/Dishwasher_urdf/11983/fitr_info1.usd@ <0x2592f130>)

2026-07-14T13:52:04Z [3,616ms] [Warning] [omni.usd] Warning: in _ReportErrors at line 3172 of /builds/omniverse/usd-ci/USD/pxr/usd/usd/stage.cpp -- In </partnet_6e85f6897e07e0b1df3a1b0d597ce76e/base/visuals>: Unresolved reference prim path @/home/ubuntu/workspace/physvla_sim/datasets/data_normalized/Dishwasher_urdf/11983/configuration/fitr_info1_physics.usd@</visuals/base> introduced by @/home/ubuntu/workspace/physvla_sim/datasets/data_normalized/Dishwasher_urdf/11983/configuration/fitr_info1_base.usd@</partnet_6e85f6897e07e0b1df3a1b0d597ce76e/base/visuals> (recomposing stage on stage @/home/ubuntu/workspace/physvla_sim/datasets/data_normalized/Dishwasher_urdf/11983/fitr_info1.usd@ <0x2592aca0>)

2026-07-14T13:52:04Z [3,616ms] [Warning] [omni.usd] Warning: in _ReportErrors at line 3172 of /builds/omniverse/usd-ci/USD/pxr/usd/usd/stage.cpp -- In </partnet_6e85f6897e07e0b1df3a1b0d597ce76e/base/visuals>: Unresolved reference prim path @/home/ubuntu/workspace/physvla_sim/datasets/data_normalized/Dishwasher_urdf/11983/configuration/fitr_info1_physics.usd@</visuals/base> introduced by @/home/ubuntu/workspace/physvla_sim/datasets/data_normalized/Dishwasher_urdf/11983/configuration/fitr_info1_base.usd@</partnet_6e85f6897e07e0b1df3a1b0d597ce76e/base/visuals> (recomposing stage on stage @/home/ubuntu/workspace/physvla_sim/datasets/data_normalized/Dishwasher_urdf/11983/fitr_info1.usd@ <0x2592f130>)

2026-07-14T13:52:04Z [3,617ms] [Warning] [omni.usd] Warning: in _ReportErrors at line 3172 of /builds/omniverse/usd-ci/USD/pxr/usd/usd/stage.cpp -- In </partnet_6e85f6897e07e0b1df3a1b0d597ce76e/base/visuals>: Unresolved reference prim path @/home/ubuntu/workspace/physvla_sim/datasets/data_normalized/Dishwasher_urdf/11983/configuration/fitr_info1_physics.usd@</visuals/base> introduced by @/home/ubuntu/workspace/physvla_sim/datasets/data_normalized/Dishwasher_urdf/11983/configuration/fitr_info1_base.usd@</partnet_6e85f6897e07e0b1df3a1b0d597ce76e/base/visuals> (recomposing stage on stage @/home/ubuntu/workspace/physvla_sim/datasets/data_normalized/Dishwasher_urdf/11983/fitr_info1.usd@ <0x2592aca0>)

2026-07-14T13:52:04Z [3,618ms] [Warning] [omni.usd] Warning: in _ReportErrors at line 3172 of /builds/omniverse/usd-ci/USD/pxr/usd/usd/stage.cpp -- In </partnet_6e85f6897e07e0b1df3a1b0d597ce76e/base/visuals>: Unresolved reference prim path @/home/ubuntu/workspace/physvla_sim/datasets/data_normalized/Dishwasher_urdf/11983/configuration/fitr_info1_physics.usd@</visuals/base> introduced by @/home/ubuntu/workspace/physvla_sim/datasets/data_normalized/Dishwasher_urdf/11983/configuration/fitr_info1_base.usd@</partnet_6e85f6897e07e0b1df3a1b0d597ce76e/base/visuals> (recomposing stage on stage @/home/ubuntu/workspace/physvla_sim/datasets/data_normalized/Dishwasher_urdf/11983/fitr_info1.usd@ <0x2592f130>)

2026-07-14T13:52:04Z [3,618ms] [Warning] [omni.usd] Warning: in _ReportErrors at line 3172 of /builds/omniverse/usd-ci/USD/pxr/usd/usd/stage.cpp -- In </partnet_6e85f6897e07e0b1df3a1b0d597ce76e/base/visuals>: Unresolved reference prim path @/home/ubuntu/workspace/physvla_sim/datasets/data_normalized/Dishwasher_urdf/11983/configuration/fitr_info1_physics.usd@</visuals/base> introduced by @/home/ubuntu/workspace/physvla_sim/datasets/data_normalized/Dishwasher_urdf/11983/configuration/fitr_info1_base.usd@</partnet_6e85f6897e07e0b1df3a1b0d597ce76e/base/visuals> (recomposing stage on stage @/home/ubuntu/workspace/physvla_sim/datasets/data_normalized/Dishwasher_urdf/11983/fitr_info1.usd@ <0x2592aca0>)

2026-07-14T13:52:04Z [3,619ms] [Warning] [omni.usd] Warning: in _ReportErrors at line 3172 of /builds/omniverse/usd-ci/USD/pxr/usd/usd/stage.cpp -- In </partnet_6e85f6897e07e0b1df3a1b0d597ce76e/base/visuals>: Unresolved reference prim path @/home/ubuntu/workspace/physvla_sim/datasets/data_normalized/Dishwasher_urdf/11983/configuration/fitr_info1_physics.usd@</visuals/base> introduced by @/home/ubuntu/workspace/physvla_sim/datasets/data_normalized/Dishwasher_urdf/11983/configuration/fitr_info1_base.usd@</partnet_6e85f6897e07e0b1df3a1b0d597ce76e/base/visuals> (recomposing stage on stage @/home/ubuntu/workspace/physvla_sim/datasets/data_normalized/Dishwasher_urdf/11983/fitr_info1.usd@ <0x2592f130>)

2026-07-14T13:52:04Z [3,619ms] [Warning] [omni.usd] Warning: in _ReportErrors at line 3172 of /builds/omniverse/usd-ci/USD/pxr/usd/usd/stage.cpp -- In </partnet_6e85f6897e07e0b1df3a1b0d597ce76e/base/visuals>: Unresolved reference prim path @/home/ubuntu/workspace/physvla_sim/datasets/data_normalized/Dishwasher_urdf/11983/configuration/fitr_info1_physics.usd@</visuals/base> introduced by @/home/ubuntu/workspace/physvla_sim/datasets/data_normalized/Dishwasher_urdf/11983/configuration/fitr_info1_base.usd@</partnet_6e85f6897e07e0b1df3a1b0d597ce76e/base/visuals> (recomposing stage on stage @/home/ubuntu/workspace/physvla_sim/datasets/data_normalized/Dishwasher_urdf/11983/fitr_info1.usd@ <0x2592aca0>)

2026-07-14T13:52:04Z [3,620ms] [Warning] [omni.usd] Warning: in _ReportErrors at line 3172 of /builds/omniverse/usd-ci/USD/pxr/usd/usd/stage.cpp -- In </partnet_6e85f6897e07e0b1df3a1b0d597ce76e/base/visuals>: Unresolved reference prim path @/home/ubuntu/workspace/physvla_sim/datasets/data_normalized/Dishwasher_urdf/11983/configuration/fitr_info1_physics.usd@</visuals/base> introduced by @/home/ubuntu/workspace/physvla_sim/datasets/data_normalized/Dishwasher_urdf/11983/configuration/fitr_info1_base.usd@</partnet_6e85f6897e07e0b1df3a1b0d597ce76e/base/visuals> (recomposing stage on stage @/home/ubuntu/workspace/physvla_sim/datasets/data_normalized/Dishwasher_urdf/11983/fitr_info1.usd@ <0x2592f130>)

2026-07-14T13:52:04Z [3,620ms] [Warning] [omni.usd] Warning: in _ReportErrors at line 3172 of /builds/omniverse/usd-ci/USD/pxr/usd/usd/stage.cpp -- In </partnet_6e85f6897e07e0b1df3a1b0d597ce76e/base/visuals>: Unresolved reference prim path @/home/ubuntu/workspace/physvla_sim/datasets/data_normalized/Dishwasher_urdf/11983/configuration/fitr_info1_physics.usd@</visuals/base> introduced by @/home/ubuntu/workspace/physvla_sim/datasets/data_normalized/Dishwasher_urdf/11983/configuration/fitr_info1_base.usd@</partnet_6e85f6897e07e0b1df3a1b0d597ce76e/base/visuals> (recomposing stage on stage @/home/ubuntu/workspace/physvla_sim/datasets/data_normalized/Dishwasher_urdf/11983/fitr_info1.usd@ <0x2592aca0>)

Loading user config located at: '/home/ubuntu/isaacsim/kit/data/Kit/Isaac-Sim/5.1/user.config.json'
[Info] [carb] Logging to file: /home/ubuntu/isaacsim/kit/logs/Kit/Isaac-Sim/5.1/kit_20260714_215205.log
2026-07-14T13:52:05Z [180ms] [Warning] [omni.usd_config.extension] Enable omni.materialx.libs extension to use MaterialX
2026-07-14T13:52:05Z [183ms] [Warning] [omni.platforminfo.plugin] failed to open the default display.  Can't verify X Server version.
2026-07-14T13:52:05Z [455ms] [Warning] [carb] Acquiring non optional plugin interface which is not listed as dependency: [omni::physx::IPhysxBenchmarks v1.0] (plugin: <default plugin>), by client: omni.physics.physx.plugin. Add it to CARB_PLUGIN_IMPL_DEPS() macro of a client.
2026-07-14T13:52:05Z [589ms] [Warning] [omni.isaac.dynamic_control] omni.isaac.dynamic_control is deprecated as of Isaac Sim 4.5. No action is needed from end-users.

|---------------------------------------------------------------------------------------------|
| Driver Version: 580.142       | Graphics API: Vulkan
|=============================================================================================|
| GPU | Name                             | Active | LDA | GPU Memory | Vendor-ID | LUID       |
|     |                                  |        |     |            | Device-ID | UUID       |
|     |                                  |        |     |            | Bus-ID    |            |
|---------------------------------------------------------------------------------------------|
| 0   | NVIDIA GeForce RTX 5090 D v2     | Yes: 0 |     | 24701   MB | 10de      | 0          |
|     |                                  |        |     |            | 2b8c      | 5f3d0dc0.. |
|     |                                  |        |     |            | 1         |            |
|=============================================================================================|
| OS: 24.04.3 LTS (Noble Numbat) ubuntu, Version: 24.04.3, Kernel: 6.17.0-1017-oem
| Processor: Intel(R) Core(TM) i9-14900K
| Cores: 24 | Logical Cores: 32
|---------------------------------------------------------------------------------------------|
| Total Memory (MB): 64063 | Free Memory: 55209
| Total Page/Swap (MB): 8191 | Free Page/Swap: 8191
|---------------------------------------------------------------------------------------------|
2026-07-14T13:52:07Z [2,541ms] [Warning] [gpu.foundation.plugin] CPU performance profile is set to powersave. This profile sets the CPU to the lowest frequency reducing performance.
2026-07-14T13:52:07Z [2,549ms] [Warning] [gpu.foundation.plugin] IOMMU is enabled.
2026-07-14T13:52:07Z [2,685ms] [Warning] [omni.usd] Warning: in _ReportErrors at line 3172 of /builds/omniverse/usd-ci/USD/pxr/usd/usd/stage.cpp -- In </partnet_6e85f6897e07e0b1df3a1b0d597ce76e/base/visuals>: Unresolved reference prim path @/home/ubuntu/workspace/physvla_sim/datasets/data_normalized/Dishwasher_urdf/11983/configuration/fitr_info1_base.usd@</visuals/base> introduced by @/home/ubuntu/workspace/physvla_sim/datasets/data_normalized/Dishwasher_urdf/11983/configuration/fitr_info1_base.usd@</partnet_6e85f6897e07e0b1df3a1b0d597ce76e/base/visuals> (instantiating stage on stage @/home/ubuntu/workspace/physvla_sim/datasets/data_normalized/Dishwasher_urdf/11983/configuration/fitr_info1_base.usd@ <0x3c41d1f0>)

2026-07-14T13:52:07Z [2,688ms] [Warning] [omni.usd] Warning: in _ReportErrors at line 3172 of /builds/omniverse/usd-ci/USD/pxr/usd/usd/stage.cpp -- In </partnet_6e85f6897e07e0b1df3a1b0d597ce76e/base/visuals>: Unresolved reference prim path @/home/ubuntu/workspace/physvla_sim/datasets/data_normalized/Dishwasher_urdf/11983/configuration/fitr_info1_physics.usd@</visuals/base> introduced by @/home/ubuntu/workspace/physvla_sim/datasets/data_normalized/Dishwasher_urdf/11983/configuration/fitr_info1_base.usd@</partnet_6e85f6897e07e0b1df3a1b0d597ce76e/base/visuals> (instantiating stage on stage @/home/ubuntu/workspace/physvla_sim/datasets/data_normalized/Dishwasher_urdf/11983/configuration/fitr_info1_physics.usd@ <0x44863060>)

2026-07-14T13:52:07Z [2,690ms] [Warning] [omni.usd] Warning: in _ReportErrors at line 3172 of /builds/omniverse/usd-ci/USD/pxr/usd/usd/stage.cpp -- In </partnet_6e85f6897e07e0b1df3a1b0d597ce76e/base/visuals>: Unresolved reference prim path @/home/ubuntu/workspace/physvla_sim/datasets/data_normalized/Dishwasher_urdf/11983/configuration/fitr_info1_physics.usd@</visuals/base> introduced by @/home/ubuntu/workspace/physvla_sim/datasets/data_normalized/Dishwasher_urdf/11983/configuration/fitr_info1_base.usd@</partnet_6e85f6897e07e0b1df3a1b0d597ce76e/base/visuals> (instantiating stage on stage @/home/ubuntu/workspace/physvla_sim/datasets/data_normalized/Dishwasher_urdf/11983/fitr_info1.usd@ <0x3c3ee830>)

[INFO][AppLauncher]: Using device: cuda:0
[INFO][AppLauncher]: Loading experience file: /home/ubuntu/workspace/IsaacLab/apps/isaaclab.python.headless.kit
{
  "output": "/home/ubuntu/workspace/physvla_sim/datasets/data_normalized/Dishwasher_urdf/11983/fitr_info1.usd",
  "scale": 0.43363498103731035,
  "scale_layer": "/home/ubuntu/workspace/physvla_sim/datasets/data_normalized/Dishwasher_urdf/11983/configuration/fitr_info1_base.usd",
  "joints": [
    {
      "joint": "/partnet_6e85f6897e07e0b1df3a1b0d597ce76e/joints/joint_0",
      "drive": "angular",
      "damping": 725.0,
      "stiffness": 0.0,
      "max_force": 11.25
    }
  ],
  "dynamics_layer": "/home/ubuntu/workspace/physvla_sim/datasets/data_normalized/Dishwasher_urdf/11983/configuration/fitr_info1_physics.usd",
  "affordance_links": [
    "/partnet_6e85f6897e07e0b1df3a1b0d597ce76e/door_1"
  ]
}
Loading user config located at: '/home/ubuntu/isaacsim/kit/data/Kit/Isaac-Sim/5.1/user.config.json'
[Info] [carb] Logging to file: /home/ubuntu/isaacsim/kit/logs/Kit/Isaac-Sim/5.1/kit_20260714_215208.log
2026-07-14T13:52:08Z [184ms] [Warning] [omni.usd_config.extension] Enable omni.materialx.libs extension to use MaterialX
2026-07-14T13:52:08Z [186ms] [Warning] [omni.platforminfo.plugin] failed to open the default display.  Can't verify X Server version.
2026-07-14T13:52:08Z [459ms] [Warning] [carb] Acquiring non optional plugin interface which is not listed as dependency: [omni::physx::IPhysxBenchmarks v1.0] (plugin: <default plugin>), by client: omni.physics.physx.plugin. Add it to CARB_PLUGIN_IMPL_DEPS() macro of a client.
2026-07-14T13:52:08Z [593ms] [Warning] [omni.isaac.dynamic_control] omni.isaac.dynamic_control is deprecated as of Isaac Sim 4.5. No action is needed from end-users.

|---------------------------------------------------------------------------------------------|
| Driver Version: 580.142       | Graphics API: Vulkan
|=============================================================================================|
| GPU | Name                             | Active | LDA | GPU Memory | Vendor-ID | LUID       |
|     |                                  |        |     |            | Device-ID | UUID       |
|     |                                  |        |     |            | Bus-ID    |            |
|---------------------------------------------------------------------------------------------|
| 0   | NVIDIA GeForce RTX 5090 D v2     | Yes: 0 |     | 24701   MB | 10de      | 0          |
|     |                                  |        |     |            | 2b8c      | 5f3d0dc0.. |
|     |                                  |        |     |            | 1         |            |
|=============================================================================================|
| OS: 24.04.3 LTS (Noble Numbat) ubuntu, Version: 24.04.3, Kernel: 6.17.0-1017-oem
| Processor: Intel(R) Core(TM) i9-14900K
| Cores: 24 | Logical Cores: 32
|---------------------------------------------------------------------------------------------|
| Total Memory (MB): 64063 | Free Memory: 55316
| Total Page/Swap (MB): 8191 | Free Page/Swap: 8191
|---------------------------------------------------------------------------------------------|
2026-07-14T13:52:10Z [2,577ms] [Warning] [gpu.foundation.plugin] CPU performance profile is set to powersave. This profile sets the CPU to the lowest frequency reducing performance.
2026-07-14T13:52:10Z [2,585ms] [Warning] [gpu.foundation.plugin] IOMMU is enabled.
2026-07-14T13:52:11Z [2,726ms] [Warning] [carb.windowing-glfw.plugin] GLFW initialization failed.
2026-07-14T13:52:11Z [2,726ms] [Warning] [carb] Failed to startup plugin carb.windowing-glfw.plugin (interfaces: [carb::windowing::IGLContext v1.0],[carb::windowing::IWindowing v1.5]) (impl: carb.windowing-glfw.plugin)

|---------------------------------------------------------------------------------------------|
| Driver Version: 580.142       | Graphics API: Vulkan
|=============================================================================================|
| GPU | Name                             | Active | LDA | GPU Memory | Vendor-ID | LUID       |
|     |                                  |        |     |            | Device-ID | UUID       |
|     |                                  |        |     |            | Bus-ID    |            |
|---------------------------------------------------------------------------------------------|
| 0   | NVIDIA GeForce RTX 5090 D v2     | Yes: 0 |     | 24701   MB | 10de      | 0          |
|     |                                  |        |     |            | 2b8c      | 5f3d0dc0.. |
|     |                                  |        |     |            | 1         |            |
|=============================================================================================|
| OS: 24.04.3 LTS (Noble Numbat) ubuntu, Version: 24.04.3, Kernel: 6.17.0-1017-oem
| Processor: Intel(R) Core(TM) i9-14900K
| Cores: 24 | Logical Cores: 32
|---------------------------------------------------------------------------------------------|
| Total Memory (MB): 64063 | Free Memory: 55101
| Total Page/Swap (MB): 8191 | Free Page/Swap: 8191
|---------------------------------------------------------------------------------------------|
2026-07-14T13:52:11Z [2,957ms] [Warning] [gpu.foundation.plugin] CPU performance profile is set to powersave. This profile sets the CPU to the lowest frequency reducing performance.
2026-07-14T13:52:11Z [2,957ms] [Warning] [gpu.foundation.plugin] IOMMU is enabled.
2026-07-14T13:52:11Z [3,160ms] [Warning] [carb.windowing-glfw.plugin] GLFW initialization failed.
2026-07-14T13:52:11Z [3,160ms] [Warning] [carb] Failed to startup plugin carb.windowing-glfw.plugin (interfaces: [carb::windowing::IGLContext v1.0],[carb::windowing::IWindowing v1.5]) (impl: carb.windowing-glfw.plugin)
2026-07-14T13:52:11Z [3,172ms] [Warning] [carb.windowing-glfw.plugin] GLFW initialization failed.
2026-07-14T13:52:11Z [3,172ms] [Warning] [carb] Failed to startup plugin carb.windowing-glfw.plugin (interfaces: [carb::windowing::IGLContext v1.0],[carb::windowing::IWindowing v1.5]) (impl: carb.windowing-glfw.plugin)
2026-07-14T13:52:11Z [3,176ms] [Warning] [carb.windowing-glfw.plugin] GLFW initialization failed.
2026-07-14T13:52:11Z [3,176ms] [Warning] [carb] Failed to startup plugin carb.windowing-glfw.plugin (interfaces: [carb::windowing::IGLContext v1.0],[carb::windowing::IWindowing v1.5]) (impl: carb.windowing-glfw.plugin)
2026-07-14T13:52:11Z [3,181ms] [Warning] [carb.windowing-glfw.plugin] GLFW initialization failed.
2026-07-14T13:52:11Z [3,181ms] [Warning] [carb] Failed to startup plugin carb.windowing-glfw.plugin (interfaces: [carb::windowing::IGLContext v1.0],[carb::windowing::IWindowing v1.5]) (impl: carb.windowing-glfw.plugin)
2026-07-14T13:52:11Z [3,182ms] [Warning] [carb.windowing-glfw.plugin] GLFW initialization failed.
2026-07-14T13:52:11Z [3,182ms] [Warning] [carb] Failed to startup plugin carb.windowing-glfw.plugin (interfaces: [carb::windowing::IGLContext v1.0],[carb::windowing::IWindowing v1.5]) (impl: carb.windowing-glfw.plugin)
2026-07-14T13:52:11Z [3,183ms] [Warning] [carb.windowing-glfw.plugin] GLFW initialization failed.
2026-07-14T13:52:11Z [3,183ms] [Warning] [carb] Failed to startup plugin carb.windowing-glfw.plugin (interfaces: [carb::windowing::IGLContext v1.0],[carb::windowing::IWindowing v1.5]) (impl: carb.windowing-glfw.plugin)
2026-07-14T13:52:11Z [3,441ms] [Warning] [omni.graph.visualization.nodes._impl.extension] No Viewport Window to add omni.graph.visualization.nodes-2.1.3 scene to
2026-07-14T13:52:11Z [3,575ms] [Warning] [isaacsim.asset.importer.urdf] No mass specified for link base
2026-07-14T13:52:11Z [3,575ms] [Warning] [omni.usd] Warning: in _ReportErrors at line 3172 of /builds/omniverse/usd-ci/USD/pxr/usd/usd/stage.cpp -- In </partnet_6e85f6897e07e0b1df3a1b0d597ce76e/base/visuals>: Unresolved reference prim path @/home/ubuntu/workspace/physvla_sim/datasets/data_normalized/Dishwasher_urdf/11994/configuration/fitr_info1_physics.usd@</visuals/base> introduced by @/home/ubuntu/workspace/physvla_sim/datasets/data_normalized/Dishwasher_urdf/11994/configuration/fitr_info1_base.usd@</partnet_6e85f6897e07e0b1df3a1b0d597ce76e/base/visuals> (recomposing stage on stage @/home/ubuntu/workspace/physvla_sim/datasets/data_normalized/Dishwasher_urdf/11994/configuration/fitr_info1_physics.usd@ <0x79cf7935df90>)

2026-07-14T13:52:11Z [3,575ms] [Warning] [omni.usd] Warning: in _ReportErrors at line 3172 of /builds/omniverse/usd-ci/USD/pxr/usd/usd/stage.cpp -- In </partnet_6e85f6897e07e0b1df3a1b0d597ce76e/base/visuals>: Unresolved reference prim path @/home/ubuntu/workspace/physvla_sim/datasets/data_normalized/Dishwasher_urdf/11994/fitr_info1.usd@</visuals/base> introduced by @/home/ubuntu/workspace/physvla_sim/datasets/data_normalized/Dishwasher_urdf/11994/configuration/fitr_info1_base.usd@</partnet_6e85f6897e07e0b1df3a1b0d597ce76e/base/visuals> (recomposing stage on stage @/home/ubuntu/workspace/physvla_sim/datasets/data_normalized/Dishwasher_urdf/11994/fitr_info1.usd@ <0x79cf7934ad70>)

2026-07-14T13:52:11Z [3,576ms] [Warning] [omni.usd] Warning: in _ReportErrors at line 3172 of /builds/omniverse/usd-ci/USD/pxr/usd/usd/stage.cpp -- In </partnet_6e85f6897e07e0b1df3a1b0d597ce76e/base/visuals>: Unresolved reference prim path @/home/ubuntu/workspace/physvla_sim/datasets/data_normalized/Dishwasher_urdf/11994/fitr_info1.usd@</visuals/base> introduced by @/home/ubuntu/workspace/physvla_sim/datasets/data_normalized/Dishwasher_urdf/11994/configuration/fitr_info1_base.usd@</partnet_6e85f6897e07e0b1df3a1b0d597ce76e/base/visuals> (recomposing stage on stage @/home/ubuntu/workspace/physvla_sim/datasets/data_normalized/Dishwasher_urdf/11994/fitr_info1.usd@ <0x79cf79346310>)

2026-07-14T13:52:11Z [3,576ms] [Warning] [omni.usd] Warning: in _ReportErrors at line 3172 of /builds/omniverse/usd-ci/USD/pxr/usd/usd/stage.cpp -- In </partnet_6e85f6897e07e0b1df3a1b0d597ce76e/base/visuals>: Unresolved reference prim path @/home/ubuntu/workspace/physvla_sim/datasets/data_normalized/Dishwasher_urdf/11994/configuration/fitr_info1_base.usd@</visuals/base> introduced by @/home/ubuntu/workspace/physvla_sim/datasets/data_normalized/Dishwasher_urdf/11994/configuration/fitr_info1_base.usd@</partnet_6e85f6897e07e0b1df3a1b0d597ce76e/base/visuals> (recomposing stage on stage @/home/ubuntu/workspace/physvla_sim/datasets/data_normalized/Dishwasher_urdf/11994/configuration/fitr_info1_base.usd@ <0x79cf79367180>)

2026-07-14T13:52:11Z [3,576ms] [Warning] [omni.usd] Warning: in _ReportErrors at line 3172 of /builds/omniverse/usd-ci/USD/pxr/usd/usd/stage.cpp -- In </partnet_6e85f6897e07e0b1df3a1b0d597ce76e/base/visuals>: Unresolved reference prim path @/home/ubuntu/workspace/physvla_sim/datasets/data_normalized/Dishwasher_urdf/11994/configuration/fitr_info1_physics.usd@</visuals/base> introduced by @/home/ubuntu/workspace/physvla_sim/datasets/data_normalized/Dishwasher_urdf/11994/configuration/fitr_info1_base.usd@</partnet_6e85f6897e07e0b1df3a1b0d597ce76e/base/visuals> (recomposing stage on stage @/home/ubuntu/workspace/physvla_sim/datasets/data_normalized/Dishwasher_urdf/11994/configuration/fitr_info1_physics.usd@ <0x79cf7935df90>)

2026-07-14T13:52:11Z [3,576ms] [Warning] [omni.usd] Warning: in _ReportErrors at line 3172 of /builds/omniverse/usd-ci/USD/pxr/usd/usd/stage.cpp -- In </partnet_6e85f6897e07e0b1df3a1b0d597ce76e/base/visuals>: Unresolved reference prim path @/home/ubuntu/workspace/physvla_sim/datasets/data_normalized/Dishwasher_urdf/11994/fitr_info1.usd@</visuals/base> introduced by @/home/ubuntu/workspace/physvla_sim/datasets/data_normalized/Dishwasher_urdf/11994/configuration/fitr_info1_base.usd@</partnet_6e85f6897e07e0b1df3a1b0d597ce76e/base/visuals> (recomposing stage on stage @/home/ubuntu/workspace/physvla_sim/datasets/data_normalized/Dishwasher_urdf/11994/fitr_info1.usd@ <0x79cf7934ad70>)

2026-07-14T13:52:11Z [3,576ms] [Warning] [omni.usd] Warning: in _ReportErrors at line 3172 of /builds/omniverse/usd-ci/USD/pxr/usd/usd/stage.cpp -- In </partnet_6e85f6897e07e0b1df3a1b0d597ce76e/base/visuals>: Unresolved reference prim path @/home/ubuntu/workspace/physvla_sim/datasets/data_normalized/Dishwasher_urdf/11994/fitr_info1.usd@</visuals/base> introduced by @/home/ubuntu/workspace/physvla_sim/datasets/data_normalized/Dishwasher_urdf/11994/configuration/fitr_info1_base.usd@</partnet_6e85f6897e07e0b1df3a1b0d597ce76e/base/visuals> (recomposing stage on stage @/home/ubuntu/workspace/physvla_sim/datasets/data_normalized/Dishwasher_urdf/11994/fitr_info1.usd@ <0x79cf79346310>)

2026-07-14T13:52:11Z [3,576ms] [Warning] [omni.usd] Warning: in _ReportErrors at line 3172 of /builds/omniverse/usd-ci/USD/pxr/usd/usd/stage.cpp -- In </partnet_6e85f6897e07e0b1df3a1b0d597ce76e/base/visuals>: Unresolved reference prim path @/home/ubuntu/workspace/physvla_sim/datasets/data_normalized/Dishwasher_urdf/11994/configuration/fitr_info1_base.usd@</visuals/base> introduced by @/home/ubuntu/workspace/physvla_sim/datasets/data_normalized/Dishwasher_urdf/11994/configuration/fitr_info1_base.usd@</partnet_6e85f6897e07e0b1df3a1b0d597ce76e/base/visuals> (recomposing stage on stage @/home/ubuntu/workspace/physvla_sim/datasets/data_normalized/Dishwasher_urdf/11994/configuration/fitr_info1_base.usd@ <0x79cf79367180>)

2026-07-14T13:52:11Z [3,577ms] [Warning] [isaacsim.asset.importer.urdf] Link base has no colliders, and no inertia was imported; assigning a small isotropic inertia matrix
2026-07-14T13:52:11Z [3,578ms] [Warning] [isaacsim.asset.importer.urdf] No mass specified for link body
2026-07-14T13:52:11Z [3,605ms] [Warning] [isaacsim.asset.importer.urdf] No mass specified for link door_1
2026-07-14T13:52:11Z [3,627ms] [Warning] [omni.usd] Warning: in _ReportErrors at line 3172 of /builds/omniverse/usd-ci/USD/pxr/usd/usd/stage.cpp -- In </partnet_6e85f6897e07e0b1df3a1b0d597ce76e/base/visuals>: Unresolved reference prim path @/home/ubuntu/workspace/physvla_sim/datasets/data_normalized/Dishwasher_urdf/11994/configuration/fitr_info1_base.usd@</visuals/base> introduced by @/home/ubuntu/workspace/physvla_sim/datasets/data_normalized/Dishwasher_urdf/11994/configuration/fitr_info1_base.usd@</partnet_6e85f6897e07e0b1df3a1b0d597ce76e/base/visuals> (recomposing stage on stage @/home/ubuntu/workspace/physvla_sim/datasets/data_normalized/Dishwasher_urdf/11994/fitr_info1.usd@ <0x79cf7934ad70>)

2026-07-14T13:52:11Z [3,628ms] [Warning] [omni.usd] Warning: in _ReportErrors at line 3172 of /builds/omniverse/usd-ci/USD/pxr/usd/usd/stage.cpp -- In </partnet_6e85f6897e07e0b1df3a1b0d597ce76e/base/visuals>: Unresolved reference prim path @/home/ubuntu/workspace/physvla_sim/datasets/data_normalized/Dishwasher_urdf/11994/configuration/fitr_info1_base.usd@</visuals/base> introduced by @/home/ubuntu/workspace/physvla_sim/datasets/data_normalized/Dishwasher_urdf/11994/configuration/fitr_info1_base.usd@</partnet_6e85f6897e07e0b1df3a1b0d597ce76e/base/visuals> (recomposing stage on stage @/home/ubuntu/workspace/physvla_sim/datasets/data_normalized/Dishwasher_urdf/11994/fitr_info1.usd@ <0x79cf79346310>)

2026-07-14T13:52:11Z [3,631ms] [Warning] [omni.usd] Warning: in _ReportErrors at line 3172 of /builds/omniverse/usd-ci/USD/pxr/usd/usd/stage.cpp -- In </partnet_6e85f6897e07e0b1df3a1b0d597ce76e/base/visuals>: Unresolved reference prim path @/home/ubuntu/workspace/physvla_sim/datasets/data_normalized/Dishwasher_urdf/11994/configuration/fitr_info1_physics.usd@</visuals/base> introduced by @/home/ubuntu/workspace/physvla_sim/datasets/data_normalized/Dishwasher_urdf/11994/configuration/fitr_info1_base.usd@</partnet_6e85f6897e07e0b1df3a1b0d597ce76e/base/visuals> (recomposing stage on stage @/home/ubuntu/workspace/physvla_sim/datasets/data_normalized/Dishwasher_urdf/11994/fitr_info1.usd@ <0x79cf7934ad70>)

2026-07-14T13:52:11Z [3,632ms] [Warning] [omni.usd] Warning: in _ReportErrors at line 3172 of /builds/omniverse/usd-ci/USD/pxr/usd/usd/stage.cpp -- In </partnet_6e85f6897e07e0b1df3a1b0d597ce76e/base/visuals>: Unresolved reference prim path @/home/ubuntu/workspace/physvla_sim/datasets/data_normalized/Dishwasher_urdf/11994/configuration/fitr_info1_physics.usd@</visuals/base> introduced by @/home/ubuntu/workspace/physvla_sim/datasets/data_normalized/Dishwasher_urdf/11994/configuration/fitr_info1_base.usd@</partnet_6e85f6897e07e0b1df3a1b0d597ce76e/base/visuals> (recomposing stage on stage @/home/ubuntu/workspace/physvla_sim/datasets/data_normalized/Dishwasher_urdf/11994/fitr_info1.usd@ <0x79cf79346310>)

2026-07-14T13:52:11Z [3,634ms] [Warning] [omni.usd] Warning: in _ReportErrors at line 3172 of /builds/omniverse/usd-ci/USD/pxr/usd/usd/stage.cpp -- In </partnet_6e85f6897e07e0b1df3a1b0d597ce76e/base/visuals>: Unresolved reference prim path @/home/ubuntu/workspace/physvla_sim/datasets/data_normalized/Dishwasher_urdf/11994/configuration/fitr_info1_physics.usd@</visuals/base> introduced by @/home/ubuntu/workspace/physvla_sim/datasets/data_normalized/Dishwasher_urdf/11994/configuration/fitr_info1_base.usd@</partnet_6e85f6897e07e0b1df3a1b0d597ce76e/base/visuals> (recomposing stage on stage @/home/ubuntu/workspace/physvla_sim/datasets/data_normalized/Dishwasher_urdf/11994/fitr_info1.usd@ <0x79cf7934ad70>)

2026-07-14T13:52:11Z [3,635ms] [Warning] [omni.usd] Warning: in _ReportErrors at line 3172 of /builds/omniverse/usd-ci/USD/pxr/usd/usd/stage.cpp -- In </partnet_6e85f6897e07e0b1df3a1b0d597ce76e/base/visuals>: Unresolved reference prim path @/home/ubuntu/workspace/physvla_sim/datasets/data_normalized/Dishwasher_urdf/11994/configuration/fitr_info1_physics.usd@</visuals/base> introduced by @/home/ubuntu/workspace/physvla_sim/datasets/data_normalized/Dishwasher_urdf/11994/configuration/fitr_info1_base.usd@</partnet_6e85f6897e07e0b1df3a1b0d597ce76e/base/visuals> (recomposing stage on stage @/home/ubuntu/workspace/physvla_sim/datasets/data_normalized/Dishwasher_urdf/11994/fitr_info1.usd@ <0x79cf79346310>)

2026-07-14T13:52:11Z [3,636ms] [Warning] [omni.usd] Warning: in _ReportErrors at line 3172 of /builds/omniverse/usd-ci/USD/pxr/usd/usd/stage.cpp -- In </partnet_6e85f6897e07e0b1df3a1b0d597ce76e/base/visuals>: Unresolved reference prim path @/home/ubuntu/workspace/physvla_sim/datasets/data_normalized/Dishwasher_urdf/11994/configuration/fitr_info1_physics.usd@</visuals/base> introduced by @/home/ubuntu/workspace/physvla_sim/datasets/data_normalized/Dishwasher_urdf/11994/configuration/fitr_info1_base.usd@</partnet_6e85f6897e07e0b1df3a1b0d597ce76e/base/visuals> (recomposing stage on stage @/home/ubuntu/workspace/physvla_sim/datasets/data_normalized/Dishwasher_urdf/11994/fitr_info1.usd@ <0x79cf7934ad70>)

2026-07-14T13:52:11Z [3,637ms] [Warning] [omni.usd] Warning: in _ReportErrors at line 3172 of /builds/omniverse/usd-ci/USD/pxr/usd/usd/stage.cpp -- In </partnet_6e85f6897e07e0b1df3a1b0d597ce76e/base/visuals>: Unresolved reference prim path @/home/ubuntu/workspace/physvla_sim/datasets/data_normalized/Dishwasher_urdf/11994/configuration/fitr_info1_physics.usd@</visuals/base> introduced by @/home/ubuntu/workspace/physvla_sim/datasets/data_normalized/Dishwasher_urdf/11994/configuration/fitr_info1_base.usd@</partnet_6e85f6897e07e0b1df3a1b0d597ce76e/base/visuals> (recomposing stage on stage @/home/ubuntu/workspace/physvla_sim/datasets/data_normalized/Dishwasher_urdf/11994/fitr_info1.usd@ <0x79cf79346310>)

2026-07-14T13:52:11Z [3,639ms] [Warning] [omni.usd] Warning: in _ReportErrors at line 3172 of /builds/omniverse/usd-ci/USD/pxr/usd/usd/stage.cpp -- In </partnet_6e85f6897e07e0b1df3a1b0d597ce76e/base/visuals>: Unresolved reference prim path @/home/ubuntu/workspace/physvla_sim/datasets/data_normalized/Dishwasher_urdf/11994/configuration/fitr_info1_physics.usd@</visuals/base> introduced by @/home/ubuntu/workspace/physvla_sim/datasets/data_normalized/Dishwasher_urdf/11994/configuration/fitr_info1_base.usd@</partnet_6e85f6897e07e0b1df3a1b0d597ce76e/base/visuals> (recomposing stage on stage @/home/ubuntu/workspace/physvla_sim/datasets/data_normalized/Dishwasher_urdf/11994/fitr_info1.usd@ <0x79cf7934ad70>)

2026-07-14T13:52:11Z [3,641ms] [Warning] [omni.usd] Warning: in _ReportErrors at line 3172 of /builds/omniverse/usd-ci/USD/pxr/usd/usd/stage.cpp -- In </partnet_6e85f6897e07e0b1df3a1b0d597ce76e/base/visuals>: Unresolved reference prim path @/home/ubuntu/workspace/physvla_sim/datasets/data_normalized/Dishwasher_urdf/11994/configuration/fitr_info1_physics.usd@</visuals/base> introduced by @/home/ubuntu/workspace/physvla_sim/datasets/data_normalized/Dishwasher_urdf/11994/configuration/fitr_info1_base.usd@</partnet_6e85f6897e07e0b1df3a1b0d597ce76e/base/visuals> (recomposing stage on stage @/home/ubuntu/workspace/physvla_sim/datasets/data_normalized/Dishwasher_urdf/11994/fitr_info1.usd@ <0x79cf79346310>)

2026-07-14T13:52:11Z [3,642ms] [Warning] [omni.usd] Warning: in _ReportErrors at line 3172 of /builds/omniverse/usd-ci/USD/pxr/usd/usd/stage.cpp -- In </partnet_6e85f6897e07e0b1df3a1b0d597ce76e/base/visuals>: Unresolved reference prim path @/home/ubuntu/workspace/physvla_sim/datasets/data_normalized/Dishwasher_urdf/11994/configuration/fitr_info1_physics.usd@</visuals/base> introduced by @/home/ubuntu/workspace/physvla_sim/datasets/data_normalized/Dishwasher_urdf/11994/configuration/fitr_info1_base.usd@</partnet_6e85f6897e07e0b1df3a1b0d597ce76e/base/visuals> (recomposing stage on stage @/home/ubuntu/workspace/physvla_sim/datasets/data_normalized/Dishwasher_urdf/11994/fitr_info1.usd@ <0x79cf7934ad70>)

2026-07-14T13:52:11Z [3,643ms] [Warning] [omni.usd] Warning: in _ReportErrors at line 3172 of /builds/omniverse/usd-ci/USD/pxr/usd/usd/stage.cpp -- In </partnet_6e85f6897e07e0b1df3a1b0d597ce76e/base/visuals>: Unresolved reference prim path @/home/ubuntu/workspace/physvla_sim/datasets/data_normalized/Dishwasher_urdf/11994/configuration/fitr_info1_physics.usd@</visuals/base> introduced by @/home/ubuntu/workspace/physvla_sim/datasets/data_normalized/Dishwasher_urdf/11994/configuration/fitr_info1_base.usd@</partnet_6e85f6897e07e0b1df3a1b0d597ce76e/base/visuals> (recomposing stage on stage @/home/ubuntu/workspace/physvla_sim/datasets/data_normalized/Dishwasher_urdf/11994/fitr_info1.usd@ <0x79cf79346310>)

2026-07-14T13:52:11Z [3,645ms] [Warning] [omni.usd] Warning: in _ReportErrors at line 3172 of /builds/omniverse/usd-ci/USD/pxr/usd/usd/stage.cpp -- In </partnet_6e85f6897e07e0b1df3a1b0d597ce76e/base/visuals>: Unresolved reference prim path @/home/ubuntu/workspace/physvla_sim/datasets/data_normalized/Dishwasher_urdf/11994/configuration/fitr_info1_physics.usd@</visuals/base> introduced by @/home/ubuntu/workspace/physvla_sim/datasets/data_normalized/Dishwasher_urdf/11994/configuration/fitr_info1_base.usd@</partnet_6e85f6897e07e0b1df3a1b0d597ce76e/base/visuals> (recomposing stage on stage @/home/ubuntu/workspace/physvla_sim/datasets/data_normalized/Dishwasher_urdf/11994/fitr_info1.usd@ <0x79cf7934ad70>)

2026-07-14T13:52:11Z [3,647ms] [Warning] [omni.usd] Warning: in _ReportErrors at line 3172 of /builds/omniverse/usd-ci/USD/pxr/usd/usd/stage.cpp -- In </partnet_6e85f6897e07e0b1df3a1b0d597ce76e/base/visuals>: Unresolved reference prim path @/home/ubuntu/workspace/physvla_sim/datasets/data_normalized/Dishwasher_urdf/11994/configuration/fitr_info1_physics.usd@</visuals/base> introduced by @/home/ubuntu/workspace/physvla_sim/datasets/data_normalized/Dishwasher_urdf/11994/configuration/fitr_info1_base.usd@</partnet_6e85f6897e07e0b1df3a1b0d597ce76e/base/visuals> (recomposing stage on stage @/home/ubuntu/workspace/physvla_sim/datasets/data_normalized/Dishwasher_urdf/11994/fitr_info1.usd@ <0x79cf79346310>)

2026-07-14T13:52:11Z [3,648ms] [Warning] [omni.usd] Warning: in _ReportErrors at line 3172 of /builds/omniverse/usd-ci/USD/pxr/usd/usd/stage.cpp -- In </partnet_6e85f6897e07e0b1df3a1b0d597ce76e/base/visuals>: Unresolved reference prim path @/home/ubuntu/workspace/physvla_sim/datasets/data_normalized/Dishwasher_urdf/11994/configuration/fitr_info1_physics.usd@</visuals/base> introduced by @/home/ubuntu/workspace/physvla_sim/datasets/data_normalized/Dishwasher_urdf/11994/configuration/fitr_info1_base.usd@</partnet_6e85f6897e07e0b1df3a1b0d597ce76e/base/visuals> (recomposing stage on stage @/home/ubuntu/workspace/physvla_sim/datasets/data_normalized/Dishwasher_urdf/11994/fitr_info1.usd@ <0x79cf7934ad70>)

2026-07-14T13:52:11Z [3,649ms] [Warning] [omni.usd] Warning: in _ReportErrors at line 3172 of /builds/omniverse/usd-ci/USD/pxr/usd/usd/stage.cpp -- In </partnet_6e85f6897e07e0b1df3a1b0d597ce76e/base/visuals>: Unresolved reference prim path @/home/ubuntu/workspace/physvla_sim/datasets/data_normalized/Dishwasher_urdf/11994/configuration/fitr_info1_physics.usd@</visuals/base> introduced by @/home/ubuntu/workspace/physvla_sim/datasets/data_normalized/Dishwasher_urdf/11994/configuration/fitr_info1_base.usd@</partnet_6e85f6897e07e0b1df3a1b0d597ce76e/base/visuals> (recomposing stage on stage @/home/ubuntu/workspace/physvla_sim/datasets/data_normalized/Dishwasher_urdf/11994/fitr_info1.usd@ <0x79cf79346310>)

Loading user config located at: '/home/ubuntu/isaacsim/kit/data/Kit/Isaac-Sim/5.1/user.config.json'
[Info] [carb] Logging to file: /home/ubuntu/isaacsim/kit/logs/Kit/Isaac-Sim/5.1/kit_20260714_215212.log
2026-07-14T13:52:12Z [184ms] [Warning] [omni.platforminfo.plugin] failed to open the default display.  Can't verify X Server version.
2026-07-14T13:52:12Z [184ms] [Warning] [omni.usd_config.extension] Enable omni.materialx.libs extension to use MaterialX
2026-07-14T13:52:12Z [457ms] [Warning] [carb] Acquiring non optional plugin interface which is not listed as dependency: [omni::physx::IPhysxBenchmarks v1.0] (plugin: <default plugin>), by client: omni.physics.physx.plugin. Add it to CARB_PLUGIN_IMPL_DEPS() macro of a client.
2026-07-14T13:52:12Z [590ms] [Warning] [omni.isaac.dynamic_control] omni.isaac.dynamic_control is deprecated as of Isaac Sim 4.5. No action is needed from end-users.

|---------------------------------------------------------------------------------------------|
| Driver Version: 580.142       | Graphics API: Vulkan
|=============================================================================================|
| GPU | Name                             | Active | LDA | GPU Memory | Vendor-ID | LUID       |
|     |                                  |        |     |            | Device-ID | UUID       |
|     |                                  |        |     |            | Bus-ID    |            |
|---------------------------------------------------------------------------------------------|
| 0   | NVIDIA GeForce RTX 5090 D v2     | Yes: 0 |     | 24701   MB | 10de      | 0          |
|     |                                  |        |     |            | 2b8c      | 5f3d0dc0.. |
|     |                                  |        |     |            | 1         |            |
|=============================================================================================|
| OS: 24.04.3 LTS (Noble Numbat) ubuntu, Version: 24.04.3, Kernel: 6.17.0-1017-oem
| Processor: Intel(R) Core(TM) i9-14900K
| Cores: 24 | Logical Cores: 32
|---------------------------------------------------------------------------------------------|
| Total Memory (MB): 64063 | Free Memory: 55298
| Total Page/Swap (MB): 8191 | Free Page/Swap: 8191
|---------------------------------------------------------------------------------------------|
2026-07-14T13:52:14Z [2,595ms] [Warning] [gpu.foundation.plugin] CPU performance profile is set to powersave. This profile sets the CPU to the lowest frequency reducing performance.
2026-07-14T13:52:14Z [2,603ms] [Warning] [gpu.foundation.plugin] IOMMU is enabled.
2026-07-14T13:52:15Z [2,733ms] [Warning] [omni.usd] Warning: in _ReportErrors at line 3172 of /builds/omniverse/usd-ci/USD/pxr/usd/usd/stage.cpp -- In </partnet_6e85f6897e07e0b1df3a1b0d597ce76e/base/visuals>: Unresolved reference prim path @/home/ubuntu/workspace/physvla_sim/datasets/data_normalized/Dishwasher_urdf/11994/configuration/fitr_info1_base.usd@</visuals/base> introduced by @/home/ubuntu/workspace/physvla_sim/datasets/data_normalized/Dishwasher_urdf/11994/configuration/fitr_info1_base.usd@</partnet_6e85f6897e07e0b1df3a1b0d597ce76e/base/visuals> (instantiating stage on stage @/home/ubuntu/workspace/physvla_sim/datasets/data_normalized/Dishwasher_urdf/11994/configuration/fitr_info1_base.usd@ <0x473a6a0>)

2026-07-14T13:52:15Z [2,737ms] [Warning] [omni.usd] Warning: in _ReportErrors at line 3172 of /builds/omniverse/usd-ci/USD/pxr/usd/usd/stage.cpp -- In </partnet_6e85f6897e07e0b1df3a1b0d597ce76e/base/visuals>: Unresolved reference prim path @/home/ubuntu/workspace/physvla_sim/datasets/data_normalized/Dishwasher_urdf/11994/configuration/fitr_info1_physics.usd@</visuals/base> introduced by @/home/ubuntu/workspace/physvla_sim/datasets/data_normalized/Dishwasher_urdf/11994/configuration/fitr_info1_base.usd@</partnet_6e85f6897e07e0b1df3a1b0d597ce76e/base/visuals> (instantiating stage on stage @/home/ubuntu/workspace/physvla_sim/datasets/data_normalized/Dishwasher_urdf/11994/configuration/fitr_info1_physics.usd@ <0x28981e0>)

2026-07-14T13:52:15Z [2,738ms] [Warning] [omni.usd] Warning: in _ReportErrors at line 3172 of /builds/omniverse/usd-ci/USD/pxr/usd/usd/stage.cpp -- In </partnet_6e85f6897e07e0b1df3a1b0d597ce76e/base/visuals>: Unresolved reference prim path @/home/ubuntu/workspace/physvla_sim/datasets/data_normalized/Dishwasher_urdf/11994/configuration/fitr_info1_physics.usd@</visuals/base> introduced by @/home/ubuntu/workspace/physvla_sim/datasets/data_normalized/Dishwasher_urdf/11994/configuration/fitr_info1_base.usd@</partnet_6e85f6897e07e0b1df3a1b0d597ce76e/base/visuals> (instantiating stage on stage @/home/ubuntu/workspace/physvla_sim/datasets/data_normalized/Dishwasher_urdf/11994/fitr_info1.usd@ <0x470bce0>)

[INFO][AppLauncher]: Using device: cuda:0
[INFO][AppLauncher]: Loading experience file: /home/ubuntu/workspace/IsaacLab/apps/isaaclab.python.headless.kit
{
  "output": "/home/ubuntu/workspace/physvla_sim/datasets/data_normalized/Dishwasher_urdf/11994/fitr_info1.usd",
  "scale": 0.42235275727757277,
  "scale_layer": "/home/ubuntu/workspace/physvla_sim/datasets/data_normalized/Dishwasher_urdf/11994/configuration/fitr_info1_base.usd",
  "joints": [
    {
      "joint": "/partnet_6e85f6897e07e0b1df3a1b0d597ce76e/joints/joint_0",
      "drive": "angular",
      "damping": 710.0,
      "stiffness": 0.0,
      "max_force": 10.649999618530273
    }
  ],
  "dynamics_layer": "/home/ubuntu/workspace/physvla_sim/datasets/data_normalized/Dishwasher_urdf/11994/configuration/fitr_info1_physics.usd",
  "affordance_links": [
    "/partnet_6e85f6897e07e0b1df3a1b0d597ce76e/door_1"
  ]
}
Loading user config located at: '/home/ubuntu/isaacsim/kit/data/Kit/Isaac-Sim/5.1/user.config.json'
[Info] [carb] Logging to file: /home/ubuntu/isaacsim/kit/logs/Kit/Isaac-Sim/5.1/kit_20260714_215215.log
2026-07-14T13:52:15Z [185ms] [Warning] [omni.platforminfo.plugin] failed to open the default display.  Can't verify X Server version.
2026-07-14T13:52:15Z [187ms] [Warning] [omni.usd_config.extension] Enable omni.materialx.libs extension to use MaterialX
2026-07-14T13:52:15Z [460ms] [Warning] [carb] Acquiring non optional plugin interface which is not listed as dependency: [omni::physx::IPhysxBenchmarks v1.0] (plugin: <default plugin>), by client: omni.physics.physx.plugin. Add it to CARB_PLUGIN_IMPL_DEPS() macro of a client.
2026-07-14T13:52:16Z [597ms] [Warning] [omni.isaac.dynamic_control] omni.isaac.dynamic_control is deprecated as of Isaac Sim 4.5. No action is needed from end-users.

|---------------------------------------------------------------------------------------------|
| Driver Version: 580.142       | Graphics API: Vulkan
|=============================================================================================|
| GPU | Name                             | Active | LDA | GPU Memory | Vendor-ID | LUID       |
|     |                                  |        |     |            | Device-ID | UUID       |
|     |                                  |        |     |            | Bus-ID    |            |
|---------------------------------------------------------------------------------------------|
| 0   | NVIDIA GeForce RTX 5090 D v2     | Yes: 0 |     | 24701   MB | 10de      | 0          |
|     |                                  |        |     |            | 2b8c      | 5f3d0dc0.. |
|     |                                  |        |     |            | 1         |            |
|=============================================================================================|
| OS: 24.04.3 LTS (Noble Numbat) ubuntu, Version: 24.04.3, Kernel: 6.17.0-1017-oem
| Processor: Intel(R) Core(TM) i9-14900K
| Cores: 24 | Logical Cores: 32
|---------------------------------------------------------------------------------------------|
| Total Memory (MB): 64063 | Free Memory: 55300
| Total Page/Swap (MB): 8191 | Free Page/Swap: 8191
|---------------------------------------------------------------------------------------------|
2026-07-14T13:52:18Z [2,567ms] [Warning] [gpu.foundation.plugin] CPU performance profile is set to powersave. This profile sets the CPU to the lowest frequency reducing performance.
2026-07-14T13:52:18Z [2,575ms] [Warning] [gpu.foundation.plugin] IOMMU is enabled.
2026-07-14T13:52:18Z [2,726ms] [Warning] [carb.windowing-glfw.plugin] GLFW initialization failed.
2026-07-14T13:52:18Z [2,726ms] [Warning] [carb] Failed to startup plugin carb.windowing-glfw.plugin (interfaces: [carb::windowing::IGLContext v1.0],[carb::windowing::IWindowing v1.5]) (impl: carb.windowing-glfw.plugin)

|---------------------------------------------------------------------------------------------|
| Driver Version: 580.142       | Graphics API: Vulkan
|=============================================================================================|
| GPU | Name                             | Active | LDA | GPU Memory | Vendor-ID | LUID       |
|     |                                  |        |     |            | Device-ID | UUID       |
|     |                                  |        |     |            | Bus-ID    |            |
|---------------------------------------------------------------------------------------------|
| 0   | NVIDIA GeForce RTX 5090 D v2     | Yes: 0 |     | 24701   MB | 10de      | 0          |
|     |                                  |        |     |            | 2b8c      | 5f3d0dc0.. |
|     |                                  |        |     |            | 1         |            |
|=============================================================================================|
| OS: 24.04.3 LTS (Noble Numbat) ubuntu, Version: 24.04.3, Kernel: 6.17.0-1017-oem
| Processor: Intel(R) Core(TM) i9-14900K
| Cores: 24 | Logical Cores: 32
|---------------------------------------------------------------------------------------------|
| Total Memory (MB): 64063 | Free Memory: 55111
| Total Page/Swap (MB): 8191 | Free Page/Swap: 8191
|---------------------------------------------------------------------------------------------|
2026-07-14T13:52:18Z [2,960ms] [Warning] [gpu.foundation.plugin] CPU performance profile is set to powersave. This profile sets the CPU to the lowest frequency reducing performance.
2026-07-14T13:52:18Z [2,960ms] [Warning] [gpu.foundation.plugin] IOMMU is enabled.
2026-07-14T13:52:18Z [3,174ms] [Warning] [carb.windowing-glfw.plugin] GLFW initialization failed.
2026-07-14T13:52:18Z [3,174ms] [Warning] [carb] Failed to startup plugin carb.windowing-glfw.plugin (interfaces: [carb::windowing::IGLContext v1.0],[carb::windowing::IWindowing v1.5]) (impl: carb.windowing-glfw.plugin)
2026-07-14T13:52:18Z [3,186ms] [Warning] [carb.windowing-glfw.plugin] GLFW initialization failed.
2026-07-14T13:52:18Z [3,186ms] [Warning] [carb] Failed to startup plugin carb.windowing-glfw.plugin (interfaces: [carb::windowing::IGLContext v1.0],[carb::windowing::IWindowing v1.5]) (impl: carb.windowing-glfw.plugin)
2026-07-14T13:52:18Z [3,191ms] [Warning] [carb.windowing-glfw.plugin] GLFW initialization failed.
2026-07-14T13:52:18Z [3,191ms] [Warning] [carb] Failed to startup plugin carb.windowing-glfw.plugin (interfaces: [carb::windowing::IGLContext v1.0],[carb::windowing::IWindowing v1.5]) (impl: carb.windowing-glfw.plugin)
2026-07-14T13:52:18Z [3,196ms] [Warning] [carb.windowing-glfw.plugin] GLFW initialization failed.
2026-07-14T13:52:18Z [3,196ms] [Warning] [carb] Failed to startup plugin carb.windowing-glfw.plugin (interfaces: [carb::windowing::IGLContext v1.0],[carb::windowing::IWindowing v1.5]) (impl: carb.windowing-glfw.plugin)
2026-07-14T13:52:18Z [3,197ms] [Warning] [carb.windowing-glfw.plugin] GLFW initialization failed.
2026-07-14T13:52:18Z [3,197ms] [Warning] [carb] Failed to startup plugin carb.windowing-glfw.plugin (interfaces: [carb::windowing::IGLContext v1.0],[carb::windowing::IWindowing v1.5]) (impl: carb.windowing-glfw.plugin)
2026-07-14T13:52:18Z [3,198ms] [Warning] [carb.windowing-glfw.plugin] GLFW initialization failed.
2026-07-14T13:52:18Z [3,198ms] [Warning] [carb] Failed to startup plugin carb.windowing-glfw.plugin (interfaces: [carb::windowing::IGLContext v1.0],[carb::windowing::IWindowing v1.5]) (impl: carb.windowing-glfw.plugin)
2026-07-14T13:52:18Z [3,444ms] [Warning] [omni.graph.visualization.nodes._impl.extension] No Viewport Window to add omni.graph.visualization.nodes-2.1.3 scene to
2026-07-14T13:52:18Z [3,543ms] [Warning] [isaacsim.asset.importer.urdf] No mass specified for link base
2026-07-14T13:52:18Z [3,543ms] [Warning] [omni.usd] Warning: in _ReportErrors at line 3172 of /builds/omniverse/usd-ci/USD/pxr/usd/usd/stage.cpp -- In </partnet_6e85f6897e07e0b1df3a1b0d597ce76e/base/visuals>: Unresolved reference prim path @/home/ubuntu/workspace/physvla_sim/datasets/data_normalized/Dishwasher_urdf/12011/configuration/fitr_info1_physics.usd@</visuals/base> introduced by @/home/ubuntu/workspace/physvla_sim/datasets/data_normalized/Dishwasher_urdf/12011/configuration/fitr_info1_base.usd@</partnet_6e85f6897e07e0b1df3a1b0d597ce76e/base/visuals> (recomposing stage on stage @/home/ubuntu/workspace/physvla_sim/datasets/data_normalized/Dishwasher_urdf/12011/configuration/fitr_info1_physics.usd@ <0x1d025ac0>)

2026-07-14T13:52:18Z [3,543ms] [Warning] [omni.usd] Warning: in _ReportErrors at line 3172 of /builds/omniverse/usd-ci/USD/pxr/usd/usd/stage.cpp -- In </partnet_6e85f6897e07e0b1df3a1b0d597ce76e/base/visuals>: Unresolved reference prim path @/home/ubuntu/workspace/physvla_sim/datasets/data_normalized/Dishwasher_urdf/12011/fitr_info1.usd@</visuals/base> introduced by @/home/ubuntu/workspace/physvla_sim/datasets/data_normalized/Dishwasher_urdf/12011/configuration/fitr_info1_base.usd@</partnet_6e85f6897e07e0b1df3a1b0d597ce76e/base/visuals> (recomposing stage on stage @/home/ubuntu/workspace/physvla_sim/datasets/data_normalized/Dishwasher_urdf/12011/fitr_info1.usd@ <0x1d012680>)

2026-07-14T13:52:18Z [3,543ms] [Warning] [omni.usd] Warning: in _ReportErrors at line 3172 of /builds/omniverse/usd-ci/USD/pxr/usd/usd/stage.cpp -- In </partnet_6e85f6897e07e0b1df3a1b0d597ce76e/base/visuals>: Unresolved reference prim path @/home/ubuntu/workspace/physvla_sim/datasets/data_normalized/Dishwasher_urdf/12011/fitr_info1.usd@</visuals/base> introduced by @/home/ubuntu/workspace/physvla_sim/datasets/data_normalized/Dishwasher_urdf/12011/configuration/fitr_info1_base.usd@</partnet_6e85f6897e07e0b1df3a1b0d597ce76e/base/visuals> (recomposing stage on stage @/home/ubuntu/workspace/physvla_sim/datasets/data_normalized/Dishwasher_urdf/12011/fitr_info1.usd@ <0x1d00dbd0>)

2026-07-14T13:52:18Z [3,543ms] [Warning] [omni.usd] Warning: in _ReportErrors at line 3172 of /builds/omniverse/usd-ci/USD/pxr/usd/usd/stage.cpp -- In </partnet_6e85f6897e07e0b1df3a1b0d597ce76e/base/visuals>: Unresolved reference prim path @/home/ubuntu/workspace/physvla_sim/datasets/data_normalized/Dishwasher_urdf/12011/configuration/fitr_info1_base.usd@</visuals/base> introduced by @/home/ubuntu/workspace/physvla_sim/datasets/data_normalized/Dishwasher_urdf/12011/configuration/fitr_info1_base.usd@</partnet_6e85f6897e07e0b1df3a1b0d597ce76e/base/visuals> (recomposing stage on stage @/home/ubuntu/workspace/physvla_sim/datasets/data_normalized/Dishwasher_urdf/12011/configuration/fitr_info1_base.usd@ <0x1d02fde0>)

2026-07-14T13:52:18Z [3,543ms] [Warning] [omni.usd] Warning: in _ReportErrors at line 3172 of /builds/omniverse/usd-ci/USD/pxr/usd/usd/stage.cpp -- In </partnet_6e85f6897e07e0b1df3a1b0d597ce76e/base/visuals>: Unresolved reference prim path @/home/ubuntu/workspace/physvla_sim/datasets/data_normalized/Dishwasher_urdf/12011/configuration/fitr_info1_physics.usd@</visuals/base> introduced by @/home/ubuntu/workspace/physvla_sim/datasets/data_normalized/Dishwasher_urdf/12011/configuration/fitr_info1_base.usd@</partnet_6e85f6897e07e0b1df3a1b0d597ce76e/base/visuals> (recomposing stage on stage @/home/ubuntu/workspace/physvla_sim/datasets/data_normalized/Dishwasher_urdf/12011/configuration/fitr_info1_physics.usd@ <0x1d025ac0>)

2026-07-14T13:52:18Z [3,543ms] [Warning] [omni.usd] Warning: in _ReportErrors at line 3172 of /builds/omniverse/usd-ci/USD/pxr/usd/usd/stage.cpp -- In </partnet_6e85f6897e07e0b1df3a1b0d597ce76e/base/visuals>: Unresolved reference prim path @/home/ubuntu/workspace/physvla_sim/datasets/data_normalized/Dishwasher_urdf/12011/fitr_info1.usd@</visuals/base> introduced by @/home/ubuntu/workspace/physvla_sim/datasets/data_normalized/Dishwasher_urdf/12011/configuration/fitr_info1_base.usd@</partnet_6e85f6897e07e0b1df3a1b0d597ce76e/base/visuals> (recomposing stage on stage @/home/ubuntu/workspace/physvla_sim/datasets/data_normalized/Dishwasher_urdf/12011/fitr_info1.usd@ <0x1d012680>)

2026-07-14T13:52:18Z [3,543ms] [Warning] [omni.usd] Warning: in _ReportErrors at line 3172 of /builds/omniverse/usd-ci/USD/pxr/usd/usd/stage.cpp -- In </partnet_6e85f6897e07e0b1df3a1b0d597ce76e/base/visuals>: Unresolved reference prim path @/home/ubuntu/workspace/physvla_sim/datasets/data_normalized/Dishwasher_urdf/12011/fitr_info1.usd@</visuals/base> introduced by @/home/ubuntu/workspace/physvla_sim/datasets/data_normalized/Dishwasher_urdf/12011/configuration/fitr_info1_base.usd@</partnet_6e85f6897e07e0b1df3a1b0d597ce76e/base/visuals> (recomposing stage on stage @/home/ubuntu/workspace/physvla_sim/datasets/data_normalized/Dishwasher_urdf/12011/fitr_info1.usd@ <0x1d00dbd0>)

2026-07-14T13:52:18Z [3,544ms] [Warning] [omni.usd] Warning: in _ReportErrors at line 3172 of /builds/omniverse/usd-ci/USD/pxr/usd/usd/stage.cpp -- In </partnet_6e85f6897e07e0b1df3a1b0d597ce76e/base/visuals>: Unresolved reference prim path @/home/ubuntu/workspace/physvla_sim/datasets/data_normalized/Dishwasher_urdf/12011/configuration/fitr_info1_base.usd@</visuals/base> introduced by @/home/ubuntu/workspace/physvla_sim/datasets/data_normalized/Dishwasher_urdf/12011/configuration/fitr_info1_base.usd@</partnet_6e85f6897e07e0b1df3a1b0d597ce76e/base/visuals> (recomposing stage on stage @/home/ubuntu/workspace/physvla_sim/datasets/data_normalized/Dishwasher_urdf/12011/configuration/fitr_info1_base.usd@ <0x1d02fde0>)

2026-07-14T13:52:18Z [3,544ms] [Warning] [isaacsim.asset.importer.urdf] Link base has no colliders, and no inertia was imported; assigning a small isotropic inertia matrix
2026-07-14T13:52:18Z [3,545ms] [Warning] [isaacsim.asset.importer.urdf] No mass specified for link body
2026-07-14T13:52:19Z [3,628ms] [Warning] [isaacsim.asset.importer.urdf] No mass specified for link door_1
2026-07-14T13:52:19Z [3,641ms] [Warning] [omni.usd] Warning: in _ReportErrors at line 3172 of /builds/omniverse/usd-ci/USD/pxr/usd/usd/stage.cpp -- In </partnet_6e85f6897e07e0b1df3a1b0d597ce76e/base/visuals>: Unresolved reference prim path @/home/ubuntu/workspace/physvla_sim/datasets/data_normalized/Dishwasher_urdf/12011/configuration/fitr_info1_base.usd@</visuals/base> introduced by @/home/ubuntu/workspace/physvla_sim/datasets/data_normalized/Dishwasher_urdf/12011/configuration/fitr_info1_base.usd@</partnet_6e85f6897e07e0b1df3a1b0d597ce76e/base/visuals> (recomposing stage on stage @/home/ubuntu/workspace/physvla_sim/datasets/data_normalized/Dishwasher_urdf/12011/fitr_info1.usd@ <0x1d012680>)

2026-07-14T13:52:19Z [3,642ms] [Warning] [omni.usd] Warning: in _ReportErrors at line 3172 of /builds/omniverse/usd-ci/USD/pxr/usd/usd/stage.cpp -- In </partnet_6e85f6897e07e0b1df3a1b0d597ce76e/base/visuals>: Unresolved reference prim path @/home/ubuntu/workspace/physvla_sim/datasets/data_normalized/Dishwasher_urdf/12011/configuration/fitr_info1_base.usd@</visuals/base> introduced by @/home/ubuntu/workspace/physvla_sim/datasets/data_normalized/Dishwasher_urdf/12011/configuration/fitr_info1_base.usd@</partnet_6e85f6897e07e0b1df3a1b0d597ce76e/base/visuals> (recomposing stage on stage @/home/ubuntu/workspace/physvla_sim/datasets/data_normalized/Dishwasher_urdf/12011/fitr_info1.usd@ <0x1d00dbd0>)

2026-07-14T13:52:19Z [3,643ms] [Warning] [omni.usd] Warning: in _ReportErrors at line 3172 of /builds/omniverse/usd-ci/USD/pxr/usd/usd/stage.cpp -- In </partnet_6e85f6897e07e0b1df3a1b0d597ce76e/base/visuals>: Unresolved reference prim path @/home/ubuntu/workspace/physvla_sim/datasets/data_normalized/Dishwasher_urdf/12011/configuration/fitr_info1_physics.usd@</visuals/base> introduced by @/home/ubuntu/workspace/physvla_sim/datasets/data_normalized/Dishwasher_urdf/12011/configuration/fitr_info1_base.usd@</partnet_6e85f6897e07e0b1df3a1b0d597ce76e/base/visuals> (recomposing stage on stage @/home/ubuntu/workspace/physvla_sim/datasets/data_normalized/Dishwasher_urdf/12011/fitr_info1.usd@ <0x1d012680>)

2026-07-14T13:52:19Z [3,643ms] [Warning] [omni.usd] Warning: in _ReportErrors at line 3172 of /builds/omniverse/usd-ci/USD/pxr/usd/usd/stage.cpp -- In </partnet_6e85f6897e07e0b1df3a1b0d597ce76e/base/visuals>: Unresolved reference prim path @/home/ubuntu/workspace/physvla_sim/datasets/data_normalized/Dishwasher_urdf/12011/configuration/fitr_info1_physics.usd@</visuals/base> introduced by @/home/ubuntu/workspace/physvla_sim/datasets/data_normalized/Dishwasher_urdf/12011/configuration/fitr_info1_base.usd@</partnet_6e85f6897e07e0b1df3a1b0d597ce76e/base/visuals> (recomposing stage on stage @/home/ubuntu/workspace/physvla_sim/datasets/data_normalized/Dishwasher_urdf/12011/fitr_info1.usd@ <0x1d00dbd0>)

2026-07-14T13:52:19Z [3,643ms] [Warning] [omni.usd] Warning: in _ReportErrors at line 3172 of /builds/omniverse/usd-ci/USD/pxr/usd/usd/stage.cpp -- In </partnet_6e85f6897e07e0b1df3a1b0d597ce76e/base/visuals>: Unresolved reference prim path @/home/ubuntu/workspace/physvla_sim/datasets/data_normalized/Dishwasher_urdf/12011/configuration/fitr_info1_physics.usd@</visuals/base> introduced by @/home/ubuntu/workspace/physvla_sim/datasets/data_normalized/Dishwasher_urdf/12011/configuration/fitr_info1_base.usd@</partnet_6e85f6897e07e0b1df3a1b0d597ce76e/base/visuals> (recomposing stage on stage @/home/ubuntu/workspace/physvla_sim/datasets/data_normalized/Dishwasher_urdf/12011/fitr_info1.usd@ <0x1d012680>)

2026-07-14T13:52:19Z [3,644ms] [Warning] [omni.usd] Warning: in _ReportErrors at line 3172 of /builds/omniverse/usd-ci/USD/pxr/usd/usd/stage.cpp -- In </partnet_6e85f6897e07e0b1df3a1b0d597ce76e/base/visuals>: Unresolved reference prim path @/home/ubuntu/workspace/physvla_sim/datasets/data_normalized/Dishwasher_urdf/12011/configuration/fitr_info1_physics.usd@</visuals/base> introduced by @/home/ubuntu/workspace/physvla_sim/datasets/data_normalized/Dishwasher_urdf/12011/configuration/fitr_info1_base.usd@</partnet_6e85f6897e07e0b1df3a1b0d597ce76e/base/visuals> (recomposing stage on stage @/home/ubuntu/workspace/physvla_sim/datasets/data_normalized/Dishwasher_urdf/12011/fitr_info1.usd@ <0x1d00dbd0>)

2026-07-14T13:52:19Z [3,644ms] [Warning] [omni.usd] Warning: in _ReportErrors at line 3172 of /builds/omniverse/usd-ci/USD/pxr/usd/usd/stage.cpp -- In </partnet_6e85f6897e07e0b1df3a1b0d597ce76e/base/visuals>: Unresolved reference prim path @/home/ubuntu/workspace/physvla_sim/datasets/data_normalized/Dishwasher_urdf/12011/configuration/fitr_info1_physics.usd@</visuals/base> introduced by @/home/ubuntu/workspace/physvla_sim/datasets/data_normalized/Dishwasher_urdf/12011/configuration/fitr_info1_base.usd@</partnet_6e85f6897e07e0b1df3a1b0d597ce76e/base/visuals> (recomposing stage on stage @/home/ubuntu/workspace/physvla_sim/datasets/data_normalized/Dishwasher_urdf/12011/fitr_info1.usd@ <0x1d012680>)

2026-07-14T13:52:19Z [3,644ms] [Warning] [omni.usd] Warning: in _ReportErrors at line 3172 of /builds/omniverse/usd-ci/USD/pxr/usd/usd/stage.cpp -- In </partnet_6e85f6897e07e0b1df3a1b0d597ce76e/base/visuals>: Unresolved reference prim path @/home/ubuntu/workspace/physvla_sim/datasets/data_normalized/Dishwasher_urdf/12011/configuration/fitr_info1_physics.usd@</visuals/base> introduced by @/home/ubuntu/workspace/physvla_sim/datasets/data_normalized/Dishwasher_urdf/12011/configuration/fitr_info1_base.usd@</partnet_6e85f6897e07e0b1df3a1b0d597ce76e/base/visuals> (recomposing stage on stage @/home/ubuntu/workspace/physvla_sim/datasets/data_normalized/Dishwasher_urdf/12011/fitr_info1.usd@ <0x1d00dbd0>)

2026-07-14T13:52:19Z [3,645ms] [Warning] [omni.usd] Warning: in _ReportErrors at line 3172 of /builds/omniverse/usd-ci/USD/pxr/usd/usd/stage.cpp -- In </partnet_6e85f6897e07e0b1df3a1b0d597ce76e/base/visuals>: Unresolved reference prim path @/home/ubuntu/workspace/physvla_sim/datasets/data_normalized/Dishwasher_urdf/12011/configuration/fitr_info1_physics.usd@</visuals/base> introduced by @/home/ubuntu/workspace/physvla_sim/datasets/data_normalized/Dishwasher_urdf/12011/configuration/fitr_info1_base.usd@</partnet_6e85f6897e07e0b1df3a1b0d597ce76e/base/visuals> (recomposing stage on stage @/home/ubuntu/workspace/physvla_sim/datasets/data_normalized/Dishwasher_urdf/12011/fitr_info1.usd@ <0x1d012680>)

2026-07-14T13:52:19Z [3,645ms] [Warning] [omni.usd] Warning: in _ReportErrors at line 3172 of /builds/omniverse/usd-ci/USD/pxr/usd/usd/stage.cpp -- In </partnet_6e85f6897e07e0b1df3a1b0d597ce76e/base/visuals>: Unresolved reference prim path @/home/ubuntu/workspace/physvla_sim/datasets/data_normalized/Dishwasher_urdf/12011/configuration/fitr_info1_physics.usd@</visuals/base> introduced by @/home/ubuntu/workspace/physvla_sim/datasets/data_normalized/Dishwasher_urdf/12011/configuration/fitr_info1_base.usd@</partnet_6e85f6897e07e0b1df3a1b0d597ce76e/base/visuals> (recomposing stage on stage @/home/ubuntu/workspace/physvla_sim/datasets/data_normalized/Dishwasher_urdf/12011/fitr_info1.usd@ <0x1d00dbd0>)

2026-07-14T13:52:19Z [3,646ms] [Warning] [omni.usd] Warning: in _ReportErrors at line 3172 of /builds/omniverse/usd-ci/USD/pxr/usd/usd/stage.cpp -- In </partnet_6e85f6897e07e0b1df3a1b0d597ce76e/base/visuals>: Unresolved reference prim path @/home/ubuntu/workspace/physvla_sim/datasets/data_normalized/Dishwasher_urdf/12011/configuration/fitr_info1_physics.usd@</visuals/base> introduced by @/home/ubuntu/workspace/physvla_sim/datasets/data_normalized/Dishwasher_urdf/12011/configuration/fitr_info1_base.usd@</partnet_6e85f6897e07e0b1df3a1b0d597ce76e/base/visuals> (recomposing stage on stage @/home/ubuntu/workspace/physvla_sim/datasets/data_normalized/Dishwasher_urdf/12011/fitr_info1.usd@ <0x1d012680>)

2026-07-14T13:52:19Z [3,646ms] [Warning] [omni.usd] Warning: in _ReportErrors at line 3172 of /builds/omniverse/usd-ci/USD/pxr/usd/usd/stage.cpp -- In </partnet_6e85f6897e07e0b1df3a1b0d597ce76e/base/visuals>: Unresolved reference prim path @/home/ubuntu/workspace/physvla_sim/datasets/data_normalized/Dishwasher_urdf/12011/configuration/fitr_info1_physics.usd@</visuals/base> introduced by @/home/ubuntu/workspace/physvla_sim/datasets/data_normalized/Dishwasher_urdf/12011/configuration/fitr_info1_base.usd@</partnet_6e85f6897e07e0b1df3a1b0d597ce76e/base/visuals> (recomposing stage on stage @/home/ubuntu/workspace/physvla_sim/datasets/data_normalized/Dishwasher_urdf/12011/fitr_info1.usd@ <0x1d00dbd0>)

2026-07-14T13:52:19Z [3,647ms] [Warning] [omni.usd] Warning: in _ReportErrors at line 3172 of /builds/omniverse/usd-ci/USD/pxr/usd/usd/stage.cpp -- In </partnet_6e85f6897e07e0b1df3a1b0d597ce76e/base/visuals>: Unresolved reference prim path @/home/ubuntu/workspace/physvla_sim/datasets/data_normalized/Dishwasher_urdf/12011/configuration/fitr_info1_physics.usd@</visuals/base> introduced by @/home/ubuntu/workspace/physvla_sim/datasets/data_normalized/Dishwasher_urdf/12011/configuration/fitr_info1_base.usd@</partnet_6e85f6897e07e0b1df3a1b0d597ce76e/base/visuals> (recomposing stage on stage @/home/ubuntu/workspace/physvla_sim/datasets/data_normalized/Dishwasher_urdf/12011/fitr_info1.usd@ <0x1d012680>)

2026-07-14T13:52:19Z [3,647ms] [Warning] [omni.usd] Warning: in _ReportErrors at line 3172 of /builds/omniverse/usd-ci/USD/pxr/usd/usd/stage.cpp -- In </partnet_6e85f6897e07e0b1df3a1b0d597ce76e/base/visuals>: Unresolved reference prim path @/home/ubuntu/workspace/physvla_sim/datasets/data_normalized/Dishwasher_urdf/12011/configuration/fitr_info1_physics.usd@</visuals/base> introduced by @/home/ubuntu/workspace/physvla_sim/datasets/data_normalized/Dishwasher_urdf/12011/configuration/fitr_info1_base.usd@</partnet_6e85f6897e07e0b1df3a1b0d597ce76e/base/visuals> (recomposing stage on stage @/home/ubuntu/workspace/physvla_sim/datasets/data_normalized/Dishwasher_urdf/12011/fitr_info1.usd@ <0x1d00dbd0>)

2026-07-14T13:52:19Z [3,647ms] [Warning] [omni.usd] Warning: in _ReportErrors at line 3172 of /builds/omniverse/usd-ci/USD/pxr/usd/usd/stage.cpp -- In </partnet_6e85f6897e07e0b1df3a1b0d597ce76e/base/visuals>: Unresolved reference prim path @/home/ubuntu/workspace/physvla_sim/datasets/data_normalized/Dishwasher_urdf/12011/configuration/fitr_info1_physics.usd@</visuals/base> introduced by @/home/ubuntu/workspace/physvla_sim/datasets/data_normalized/Dishwasher_urdf/12011/configuration/fitr_info1_base.usd@</partnet_6e85f6897e07e0b1df3a1b0d597ce76e/base/visuals> (recomposing stage on stage @/home/ubuntu/workspace/physvla_sim/datasets/data_normalized/Dishwasher_urdf/12011/fitr_info1.usd@ <0x1d012680>)

2026-07-14T13:52:19Z [3,648ms] [Warning] [omni.usd] Warning: in _ReportErrors at line 3172 of /builds/omniverse/usd-ci/USD/pxr/usd/usd/stage.cpp -- In </partnet_6e85f6897e07e0b1df3a1b0d597ce76e/base/visuals>: Unresolved reference prim path @/home/ubuntu/workspace/physvla_sim/datasets/data_normalized/Dishwasher_urdf/12011/configuration/fitr_info1_physics.usd@</visuals/base> introduced by @/home/ubuntu/workspace/physvla_sim/datasets/data_normalized/Dishwasher_urdf/12011/configuration/fitr_info1_base.usd@</partnet_6e85f6897e07e0b1df3a1b0d597ce76e/base/visuals> (recomposing stage on stage @/home/ubuntu/workspace/physvla_sim/datasets/data_normalized/Dishwasher_urdf/12011/fitr_info1.usd@ <0x1d00dbd0>)

Loading user config located at: '/home/ubuntu/isaacsim/kit/data/Kit/Isaac-Sim/5.1/user.config.json'
[Info] [carb] Logging to file: /home/ubuntu/isaacsim/kit/logs/Kit/Isaac-Sim/5.1/kit_20260714_215219.log
2026-07-14T13:52:19Z [183ms] [Warning] [omni.usd_config.extension] Enable omni.materialx.libs extension to use MaterialX
2026-07-14T13:52:19Z [188ms] [Warning] [omni.platforminfo.plugin] failed to open the default display.  Can't verify X Server version.
2026-07-14T13:52:19Z [457ms] [Warning] [carb] Acquiring non optional plugin interface which is not listed as dependency: [omni::physx::IPhysxBenchmarks v1.0] (plugin: <default plugin>), by client: omni.physics.physx.plugin. Add it to CARB_PLUGIN_IMPL_DEPS() macro of a client.
2026-07-14T13:52:20Z [592ms] [Warning] [omni.isaac.dynamic_control] omni.isaac.dynamic_control is deprecated as of Isaac Sim 4.5. No action is needed from end-users.

|---------------------------------------------------------------------------------------------|
| Driver Version: 580.142       | Graphics API: Vulkan
|=============================================================================================|
| GPU | Name                             | Active | LDA | GPU Memory | Vendor-ID | LUID       |
|     |                                  |        |     |            | Device-ID | UUID       |
|     |                                  |        |     |            | Bus-ID    |            |
|---------------------------------------------------------------------------------------------|
| 0   | NVIDIA GeForce RTX 5090 D v2     | Yes: 0 |     | 24701   MB | 10de      | 0          |
|     |                                  |        |     |            | 2b8c      | 5f3d0dc0.. |
|     |                                  |        |     |            | 1         |            |
|=============================================================================================|
| OS: 24.04.3 LTS (Noble Numbat) ubuntu, Version: 24.04.3, Kernel: 6.17.0-1017-oem
| Processor: Intel(R) Core(TM) i9-14900K
| Cores: 24 | Logical Cores: 32
|---------------------------------------------------------------------------------------------|
| Total Memory (MB): 64063 | Free Memory: 55208
| Total Page/Swap (MB): 8191 | Free Page/Swap: 8191
|---------------------------------------------------------------------------------------------|
2026-07-14T13:52:22Z [2,569ms] [Warning] [gpu.foundation.plugin] CPU performance profile is set to powersave. This profile sets the CPU to the lowest frequency reducing performance.
2026-07-14T13:52:22Z [2,577ms] [Warning] [gpu.foundation.plugin] IOMMU is enabled.
2026-07-14T13:52:22Z [2,710ms] [Warning] [omni.usd] Warning: in _ReportErrors at line 3172 of /builds/omniverse/usd-ci/USD/pxr/usd/usd/stage.cpp -- In </partnet_6e85f6897e07e0b1df3a1b0d597ce76e/base/visuals>: Unresolved reference prim path @/home/ubuntu/workspace/physvla_sim/datasets/data_normalized/Dishwasher_urdf/12011/configuration/fitr_info1_base.usd@</visuals/base> introduced by @/home/ubuntu/workspace/physvla_sim/datasets/data_normalized/Dishwasher_urdf/12011/configuration/fitr_info1_base.usd@</partnet_6e85f6897e07e0b1df3a1b0d597ce76e/base/visuals> (instantiating stage on stage @/home/ubuntu/workspace/physvla_sim/datasets/data_normalized/Dishwasher_urdf/12011/configuration/fitr_info1_base.usd@ <0x391b2140>)

2026-07-14T13:52:22Z [2,714ms] [Warning] [omni.usd] Warning: in _ReportErrors at line 3172 of /builds/omniverse/usd-ci/USD/pxr/usd/usd/stage.cpp -- In </partnet_6e85f6897e07e0b1df3a1b0d597ce76e/base/visuals>: Unresolved reference prim path @/home/ubuntu/workspace/physvla_sim/datasets/data_normalized/Dishwasher_urdf/12011/configuration/fitr_info1_physics.usd@</visuals/base> introduced by @/home/ubuntu/workspace/physvla_sim/datasets/data_normalized/Dishwasher_urdf/12011/configuration/fitr_info1_base.usd@</partnet_6e85f6897e07e0b1df3a1b0d597ce76e/base/visuals> (instantiating stage on stage @/home/ubuntu/workspace/physvla_sim/datasets/data_normalized/Dishwasher_urdf/12011/configuration/fitr_info1_physics.usd@ <0x41663330>)

2026-07-14T13:52:22Z [2,716ms] [Warning] [omni.usd] Warning: in _ReportErrors at line 3172 of /builds/omniverse/usd-ci/USD/pxr/usd/usd/stage.cpp -- In </partnet_6e85f6897e07e0b1df3a1b0d597ce76e/base/visuals>: Unresolved reference prim path @/home/ubuntu/workspace/physvla_sim/datasets/data_normalized/Dishwasher_urdf/12011/configuration/fitr_info1_physics.usd@</visuals/base> introduced by @/home/ubuntu/workspace/physvla_sim/datasets/data_normalized/Dishwasher_urdf/12011/configuration/fitr_info1_base.usd@</partnet_6e85f6897e07e0b1df3a1b0d597ce76e/base/visuals> (instantiating stage on stage @/home/ubuntu/workspace/physvla_sim/datasets/data_normalized/Dishwasher_urdf/12011/fitr_info1.usd@ <0x39183780>)

[INFO][AppLauncher]: Using device: cuda:0
[INFO][AppLauncher]: Loading experience file: /home/ubuntu/workspace/IsaacLab/apps/isaaclab.python.headless.kit
{
  "output": "/home/ubuntu/workspace/physvla_sim/datasets/data_normalized/Dishwasher_urdf/12011/fitr_info1.usd",
  "scale": 0.35007939985649855,
  "scale_layer": "/home/ubuntu/workspace/physvla_sim/datasets/data_normalized/Dishwasher_urdf/12011/configuration/fitr_info1_base.usd",
  "joints": [
    {
      "joint": "/partnet_6e85f6897e07e0b1df3a1b0d597ce76e/joints/joint_0",
      "drive": "angular",
      "damping": 580.0,
      "stiffness": 0.0,
      "max_force": 8.75
    }
  ],
  "dynamics_layer": "/home/ubuntu/workspace/physvla_sim/datasets/data_normalized/Dishwasher_urdf/12011/configuration/fitr_info1_physics.usd",
  "affordance_links": [
    "/partnet_6e85f6897e07e0b1df3a1b0d597ce76e/door_1"
  ]
}
Loading user config located at: '/home/ubuntu/isaacsim/kit/data/Kit/Isaac-Sim/5.1/user.config.json'
[Info] [carb] Logging to file: /home/ubuntu/isaacsim/kit/logs/Kit/Isaac-Sim/5.1/kit_20260714_215222.log
2026-07-14T13:52:22Z [184ms] [Warning] [omni.usd_config.extension] Enable omni.materialx.libs extension to use MaterialX
2026-07-14T13:52:22Z [191ms] [Warning] [omni.platforminfo.plugin] failed to open the default display.  Can't verify X Server version.
2026-07-14T13:52:22Z [462ms] [Warning] [carb] Acquiring non optional plugin interface which is not listed as dependency: [omni::physx::IPhysxBenchmarks v1.0] (plugin: <default plugin>), by client: omni.physics.physx.plugin. Add it to CARB_PLUGIN_IMPL_DEPS() macro of a client.
2026-07-14T13:52:23Z [601ms] [Warning] [omni.isaac.dynamic_control] omni.isaac.dynamic_control is deprecated as of Isaac Sim 4.5. No action is needed from end-users.

|---------------------------------------------------------------------------------------------|
| Driver Version: 580.142       | Graphics API: Vulkan
|=============================================================================================|
| GPU | Name                             | Active | LDA | GPU Memory | Vendor-ID | LUID       |
|     |                                  |        |     |            | Device-ID | UUID       |
|     |                                  |        |     |            | Bus-ID    |            |
|---------------------------------------------------------------------------------------------|
| 0   | NVIDIA GeForce RTX 5090 D v2     | Yes: 0 |     | 24701   MB | 10de      | 0          |
|     |                                  |        |     |            | 2b8c      | 5f3d0dc0.. |
|     |                                  |        |     |            | 1         |            |
|=============================================================================================|
| OS: 24.04.3 LTS (Noble Numbat) ubuntu, Version: 24.04.3, Kernel: 6.17.0-1017-oem
| Processor: Intel(R) Core(TM) i9-14900K
| Cores: 24 | Logical Cores: 32
|---------------------------------------------------------------------------------------------|
| Total Memory (MB): 64063 | Free Memory: 55356
| Total Page/Swap (MB): 8191 | Free Page/Swap: 8191
|---------------------------------------------------------------------------------------------|
2026-07-14T13:52:25Z [2,565ms] [Warning] [gpu.foundation.plugin] CPU performance profile is set to powersave. This profile sets the CPU to the lowest frequency reducing performance.
2026-07-14T13:52:25Z [2,573ms] [Warning] [gpu.foundation.plugin] IOMMU is enabled.
2026-07-14T13:52:25Z [2,710ms] [Warning] [carb.windowing-glfw.plugin] GLFW initialization failed.
2026-07-14T13:52:25Z [2,710ms] [Warning] [carb] Failed to startup plugin carb.windowing-glfw.plugin (interfaces: [carb::windowing::IGLContext v1.0],[carb::windowing::IWindowing v1.5]) (impl: carb.windowing-glfw.plugin)

|---------------------------------------------------------------------------------------------|
| Driver Version: 580.142       | Graphics API: Vulkan
|=============================================================================================|
| GPU | Name                             | Active | LDA | GPU Memory | Vendor-ID | LUID       |
|     |                                  |        |     |            | Device-ID | UUID       |
|     |                                  |        |     |            | Bus-ID    |            |
|---------------------------------------------------------------------------------------------|
| 0   | NVIDIA GeForce RTX 5090 D v2     | Yes: 0 |     | 24701   MB | 10de      | 0          |
|     |                                  |        |     |            | 2b8c      | 5f3d0dc0.. |
|     |                                  |        |     |            | 1         |            |
|=============================================================================================|
| OS: 24.04.3 LTS (Noble Numbat) ubuntu, Version: 24.04.3, Kernel: 6.17.0-1017-oem
| Processor: Intel(R) Core(TM) i9-14900K
| Cores: 24 | Logical Cores: 32
|---------------------------------------------------------------------------------------------|
| Total Memory (MB): 64063 | Free Memory: 55129
| Total Page/Swap (MB): 8191 | Free Page/Swap: 8191
|---------------------------------------------------------------------------------------------|
2026-07-14T13:52:25Z [2,941ms] [Warning] [gpu.foundation.plugin] CPU performance profile is set to powersave. This profile sets the CPU to the lowest frequency reducing performance.
2026-07-14T13:52:25Z [2,942ms] [Warning] [gpu.foundation.plugin] IOMMU is enabled.
2026-07-14T13:52:25Z [3,150ms] [Warning] [carb.windowing-glfw.plugin] GLFW initialization failed.
2026-07-14T13:52:25Z [3,150ms] [Warning] [carb] Failed to startup plugin carb.windowing-glfw.plugin (interfaces: [carb::windowing::IGLContext v1.0],[carb::windowing::IWindowing v1.5]) (impl: carb.windowing-glfw.plugin)
2026-07-14T13:52:25Z [3,162ms] [Warning] [carb.windowing-glfw.plugin] GLFW initialization failed.
2026-07-14T13:52:25Z [3,162ms] [Warning] [carb] Failed to startup plugin carb.windowing-glfw.plugin (interfaces: [carb::windowing::IGLContext v1.0],[carb::windowing::IWindowing v1.5]) (impl: carb.windowing-glfw.plugin)
2026-07-14T13:52:25Z [3,167ms] [Warning] [carb.windowing-glfw.plugin] GLFW initialization failed.
2026-07-14T13:52:25Z [3,167ms] [Warning] [carb] Failed to startup plugin carb.windowing-glfw.plugin (interfaces: [carb::windowing::IGLContext v1.0],[carb::windowing::IWindowing v1.5]) (impl: carb.windowing-glfw.plugin)
2026-07-14T13:52:25Z [3,172ms] [Warning] [carb.windowing-glfw.plugin] GLFW initialization failed.
2026-07-14T13:52:25Z [3,172ms] [Warning] [carb] Failed to startup plugin carb.windowing-glfw.plugin (interfaces: [carb::windowing::IGLContext v1.0],[carb::windowing::IWindowing v1.5]) (impl: carb.windowing-glfw.plugin)
2026-07-14T13:52:25Z [3,173ms] [Warning] [carb.windowing-glfw.plugin] GLFW initialization failed.
2026-07-14T13:52:25Z [3,173ms] [Warning] [carb] Failed to startup plugin carb.windowing-glfw.plugin (interfaces: [carb::windowing::IGLContext v1.0],[carb::windowing::IWindowing v1.5]) (impl: carb.windowing-glfw.plugin)
2026-07-14T13:52:25Z [3,173ms] [Warning] [carb.windowing-glfw.plugin] GLFW initialization failed.
2026-07-14T13:52:25Z [3,173ms] [Warning] [carb] Failed to startup plugin carb.windowing-glfw.plugin (interfaces: [carb::windowing::IGLContext v1.0],[carb::windowing::IWindowing v1.5]) (impl: carb.windowing-glfw.plugin)
2026-07-14T13:52:25Z [3,423ms] [Warning] [omni.graph.visualization.nodes._impl.extension] No Viewport Window to add omni.graph.visualization.nodes-2.1.3 scene to
2026-07-14T13:52:26Z [3,510ms] [Warning] [isaacsim.asset.importer.urdf] No mass specified for link base
2026-07-14T13:52:26Z [3,510ms] [Warning] [omni.usd] Warning: in _ReportErrors at line 3172 of /builds/omniverse/usd-ci/USD/pxr/usd/usd/stage.cpp -- In </partnet_6e85f6897e07e0b1df3a1b0d597ce76e/base/visuals>: Unresolved reference prim path @/home/ubuntu/workspace/physvla_sim/datasets/data_normalized/Dishwasher_urdf/12016/configuration/fitr_info1_physics.usd@</visuals/base> introduced by @/home/ubuntu/workspace/physvla_sim/datasets/data_normalized/Dishwasher_urdf/12016/configuration/fitr_info1_base.usd@</partnet_6e85f6897e07e0b1df3a1b0d597ce76e/base/visuals> (recomposing stage on stage @/home/ubuntu/workspace/physvla_sim/datasets/data_normalized/Dishwasher_urdf/12016/configuration/fitr_info1_physics.usd@ <0x1ead2400>)

2026-07-14T13:52:26Z [3,510ms] [Warning] [omni.usd] Warning: in _ReportErrors at line 3172 of /builds/omniverse/usd-ci/USD/pxr/usd/usd/stage.cpp -- In </partnet_6e85f6897e07e0b1df3a1b0d597ce76e/base/visuals>: Unresolved reference prim path @/home/ubuntu/workspace/physvla_sim/datasets/data_normalized/Dishwasher_urdf/12016/fitr_info1.usd@</visuals/base> introduced by @/home/ubuntu/workspace/physvla_sim/datasets/data_normalized/Dishwasher_urdf/12016/configuration/fitr_info1_base.usd@</partnet_6e85f6897e07e0b1df3a1b0d597ce76e/base/visuals> (recomposing stage on stage @/home/ubuntu/workspace/physvla_sim/datasets/data_normalized/Dishwasher_urdf/12016/fitr_info1.usd@ <0x1eabf5b0>)

2026-07-14T13:52:26Z [3,511ms] [Warning] [omni.usd] Warning: in _ReportErrors at line 3172 of /builds/omniverse/usd-ci/USD/pxr/usd/usd/stage.cpp -- In </partnet_6e85f6897e07e0b1df3a1b0d597ce76e/base/visuals>: Unresolved reference prim path @/home/ubuntu/workspace/physvla_sim/datasets/data_normalized/Dishwasher_urdf/12016/fitr_info1.usd@</visuals/base> introduced by @/home/ubuntu/workspace/physvla_sim/datasets/data_normalized/Dishwasher_urdf/12016/configuration/fitr_info1_base.usd@</partnet_6e85f6897e07e0b1df3a1b0d597ce76e/base/visuals> (recomposing stage on stage @/home/ubuntu/workspace/physvla_sim/datasets/data_normalized/Dishwasher_urdf/12016/fitr_info1.usd@ <0x1eabb5b0>)

2026-07-14T13:52:26Z [3,511ms] [Warning] [omni.usd] Warning: in _ReportErrors at line 3172 of /builds/omniverse/usd-ci/USD/pxr/usd/usd/stage.cpp -- In </partnet_6e85f6897e07e0b1df3a1b0d597ce76e/base/visuals>: Unresolved reference prim path @/home/ubuntu/workspace/physvla_sim/datasets/data_normalized/Dishwasher_urdf/12016/configuration/fitr_info1_base.usd@</visuals/base> introduced by @/home/ubuntu/workspace/physvla_sim/datasets/data_normalized/Dishwasher_urdf/12016/configuration/fitr_info1_base.usd@</partnet_6e85f6897e07e0b1df3a1b0d597ce76e/base/visuals> (recomposing stage on stage @/home/ubuntu/workspace/physvla_sim/datasets/data_normalized/Dishwasher_urdf/12016/configuration/fitr_info1_base.usd@ <0x1eadbb50>)

2026-07-14T13:52:26Z [3,511ms] [Warning] [omni.usd] Warning: in _ReportErrors at line 3172 of /builds/omniverse/usd-ci/USD/pxr/usd/usd/stage.cpp -- In </partnet_6e85f6897e07e0b1df3a1b0d597ce76e/base/visuals>: Unresolved reference prim path @/home/ubuntu/workspace/physvla_sim/datasets/data_normalized/Dishwasher_urdf/12016/configuration/fitr_info1_physics.usd@</visuals/base> introduced by @/home/ubuntu/workspace/physvla_sim/datasets/data_normalized/Dishwasher_urdf/12016/configuration/fitr_info1_base.usd@</partnet_6e85f6897e07e0b1df3a1b0d597ce76e/base/visuals> (recomposing stage on stage @/home/ubuntu/workspace/physvla_sim/datasets/data_normalized/Dishwasher_urdf/12016/configuration/fitr_info1_physics.usd@ <0x1ead2400>)

2026-07-14T13:52:26Z [3,511ms] [Warning] [omni.usd] Warning: in _ReportErrors at line 3172 of /builds/omniverse/usd-ci/USD/pxr/usd/usd/stage.cpp -- In </partnet_6e85f6897e07e0b1df3a1b0d597ce76e/base/visuals>: Unresolved reference prim path @/home/ubuntu/workspace/physvla_sim/datasets/data_normalized/Dishwasher_urdf/12016/fitr_info1.usd@</visuals/base> introduced by @/home/ubuntu/workspace/physvla_sim/datasets/data_normalized/Dishwasher_urdf/12016/configuration/fitr_info1_base.usd@</partnet_6e85f6897e07e0b1df3a1b0d597ce76e/base/visuals> (recomposing stage on stage @/home/ubuntu/workspace/physvla_sim/datasets/data_normalized/Dishwasher_urdf/12016/fitr_info1.usd@ <0x1eabf5b0>)

2026-07-14T13:52:26Z [3,511ms] [Warning] [omni.usd] Warning: in _ReportErrors at line 3172 of /builds/omniverse/usd-ci/USD/pxr/usd/usd/stage.cpp -- In </partnet_6e85f6897e07e0b1df3a1b0d597ce76e/base/visuals>: Unresolved reference prim path @/home/ubuntu/workspace/physvla_sim/datasets/data_normalized/Dishwasher_urdf/12016/fitr_info1.usd@</visuals/base> introduced by @/home/ubuntu/workspace/physvla_sim/datasets/data_normalized/Dishwasher_urdf/12016/configuration/fitr_info1_base.usd@</partnet_6e85f6897e07e0b1df3a1b0d597ce76e/base/visuals> (recomposing stage on stage @/home/ubuntu/workspace/physvla_sim/datasets/data_normalized/Dishwasher_urdf/12016/fitr_info1.usd@ <0x1eabb5b0>)

2026-07-14T13:52:26Z [3,511ms] [Warning] [omni.usd] Warning: in _ReportErrors at line 3172 of /builds/omniverse/usd-ci/USD/pxr/usd/usd/stage.cpp -- In </partnet_6e85f6897e07e0b1df3a1b0d597ce76e/base/visuals>: Unresolved reference prim path @/home/ubuntu/workspace/physvla_sim/datasets/data_normalized/Dishwasher_urdf/12016/configuration/fitr_info1_base.usd@</visuals/base> introduced by @/home/ubuntu/workspace/physvla_sim/datasets/data_normalized/Dishwasher_urdf/12016/configuration/fitr_info1_base.usd@</partnet_6e85f6897e07e0b1df3a1b0d597ce76e/base/visuals> (recomposing stage on stage @/home/ubuntu/workspace/physvla_sim/datasets/data_normalized/Dishwasher_urdf/12016/configuration/fitr_info1_base.usd@ <0x1eadbb50>)

2026-07-14T13:52:26Z [3,511ms] [Warning] [isaacsim.asset.importer.urdf] Link base has no colliders, and no inertia was imported; assigning a small isotropic inertia matrix
2026-07-14T13:52:26Z [3,512ms] [Warning] [isaacsim.asset.importer.urdf] No mass specified for link body
2026-07-14T13:52:26Z [3,541ms] [Warning] [isaacsim.asset.importer.urdf] No mass specified for link door_1
2026-07-14T13:52:26Z [3,555ms] [Warning] [omni.usd] Warning: in _ReportErrors at line 3172 of /builds/omniverse/usd-ci/USD/pxr/usd/usd/stage.cpp -- In </partnet_6e85f6897e07e0b1df3a1b0d597ce76e/base/visuals>: Unresolved reference prim path @/home/ubuntu/workspace/physvla_sim/datasets/data_normalized/Dishwasher_urdf/12016/configuration/fitr_info1_base.usd@</visuals/base> introduced by @/home/ubuntu/workspace/physvla_sim/datasets/data_normalized/Dishwasher_urdf/12016/configuration/fitr_info1_base.usd@</partnet_6e85f6897e07e0b1df3a1b0d597ce76e/base/visuals> (recomposing stage on stage @/home/ubuntu/workspace/physvla_sim/datasets/data_normalized/Dishwasher_urdf/12016/fitr_info1.usd@ <0x1eabf5b0>)

2026-07-14T13:52:26Z [3,555ms] [Warning] [omni.usd] Warning: in _ReportErrors at line 3172 of /builds/omniverse/usd-ci/USD/pxr/usd/usd/stage.cpp -- In </partnet_6e85f6897e07e0b1df3a1b0d597ce76e/base/visuals>: Unresolved reference prim path @/home/ubuntu/workspace/physvla_sim/datasets/data_normalized/Dishwasher_urdf/12016/configuration/fitr_info1_base.usd@</visuals/base> introduced by @/home/ubuntu/workspace/physvla_sim/datasets/data_normalized/Dishwasher_urdf/12016/configuration/fitr_info1_base.usd@</partnet_6e85f6897e07e0b1df3a1b0d597ce76e/base/visuals> (recomposing stage on stage @/home/ubuntu/workspace/physvla_sim/datasets/data_normalized/Dishwasher_urdf/12016/fitr_info1.usd@ <0x1eabb5b0>)

2026-07-14T13:52:26Z [3,556ms] [Warning] [omni.usd] Warning: in _ReportErrors at line 3172 of /builds/omniverse/usd-ci/USD/pxr/usd/usd/stage.cpp -- In </partnet_6e85f6897e07e0b1df3a1b0d597ce76e/base/visuals>: Unresolved reference prim path @/home/ubuntu/workspace/physvla_sim/datasets/data_normalized/Dishwasher_urdf/12016/configuration/fitr_info1_physics.usd@</visuals/base> introduced by @/home/ubuntu/workspace/physvla_sim/datasets/data_normalized/Dishwasher_urdf/12016/configuration/fitr_info1_base.usd@</partnet_6e85f6897e07e0b1df3a1b0d597ce76e/base/visuals> (recomposing stage on stage @/home/ubuntu/workspace/physvla_sim/datasets/data_normalized/Dishwasher_urdf/12016/fitr_info1.usd@ <0x1eabf5b0>)

2026-07-14T13:52:26Z [3,556ms] [Warning] [omni.usd] Warning: in _ReportErrors at line 3172 of /builds/omniverse/usd-ci/USD/pxr/usd/usd/stage.cpp -- In </partnet_6e85f6897e07e0b1df3a1b0d597ce76e/base/visuals>: Unresolved reference prim path @/home/ubuntu/workspace/physvla_sim/datasets/data_normalized/Dishwasher_urdf/12016/configuration/fitr_info1_physics.usd@</visuals/base> introduced by @/home/ubuntu/workspace/physvla_sim/datasets/data_normalized/Dishwasher_urdf/12016/configuration/fitr_info1_base.usd@</partnet_6e85f6897e07e0b1df3a1b0d597ce76e/base/visuals> (recomposing stage on stage @/home/ubuntu/workspace/physvla_sim/datasets/data_normalized/Dishwasher_urdf/12016/fitr_info1.usd@ <0x1eabb5b0>)

2026-07-14T13:52:26Z [3,557ms] [Warning] [omni.usd] Warning: in _ReportErrors at line 3172 of /builds/omniverse/usd-ci/USD/pxr/usd/usd/stage.cpp -- In </partnet_6e85f6897e07e0b1df3a1b0d597ce76e/base/visuals>: Unresolved reference prim path @/home/ubuntu/workspace/physvla_sim/datasets/data_normalized/Dishwasher_urdf/12016/configuration/fitr_info1_physics.usd@</visuals/base> introduced by @/home/ubuntu/workspace/physvla_sim/datasets/data_normalized/Dishwasher_urdf/12016/configuration/fitr_info1_base.usd@</partnet_6e85f6897e07e0b1df3a1b0d597ce76e/base/visuals> (recomposing stage on stage @/home/ubuntu/workspace/physvla_sim/datasets/data_normalized/Dishwasher_urdf/12016/fitr_info1.usd@ <0x1eabf5b0>)

2026-07-14T13:52:26Z [3,557ms] [Warning] [omni.usd] Warning: in _ReportErrors at line 3172 of /builds/omniverse/usd-ci/USD/pxr/usd/usd/stage.cpp -- In </partnet_6e85f6897e07e0b1df3a1b0d597ce76e/base/visuals>: Unresolved reference prim path @/home/ubuntu/workspace/physvla_sim/datasets/data_normalized/Dishwasher_urdf/12016/configuration/fitr_info1_physics.usd@</visuals/base> introduced by @/home/ubuntu/workspace/physvla_sim/datasets/data_normalized/Dishwasher_urdf/12016/configuration/fitr_info1_base.usd@</partnet_6e85f6897e07e0b1df3a1b0d597ce76e/base/visuals> (recomposing stage on stage @/home/ubuntu/workspace/physvla_sim/datasets/data_normalized/Dishwasher_urdf/12016/fitr_info1.usd@ <0x1eabb5b0>)

2026-07-14T13:52:26Z [3,558ms] [Warning] [omni.usd] Warning: in _ReportErrors at line 3172 of /builds/omniverse/usd-ci/USD/pxr/usd/usd/stage.cpp -- In </partnet_6e85f6897e07e0b1df3a1b0d597ce76e/base/visuals>: Unresolved reference prim path @/home/ubuntu/workspace/physvla_sim/datasets/data_normalized/Dishwasher_urdf/12016/configuration/fitr_info1_physics.usd@</visuals/base> introduced by @/home/ubuntu/workspace/physvla_sim/datasets/data_normalized/Dishwasher_urdf/12016/configuration/fitr_info1_base.usd@</partnet_6e85f6897e07e0b1df3a1b0d597ce76e/base/visuals> (recomposing stage on stage @/home/ubuntu/workspace/physvla_sim/datasets/data_normalized/Dishwasher_urdf/12016/fitr_info1.usd@ <0x1eabf5b0>)

2026-07-14T13:52:26Z [3,559ms] [Warning] [omni.usd] Warning: in _ReportErrors at line 3172 of /builds/omniverse/usd-ci/USD/pxr/usd/usd/stage.cpp -- In </partnet_6e85f6897e07e0b1df3a1b0d597ce76e/base/visuals>: Unresolved reference prim path @/home/ubuntu/workspace/physvla_sim/datasets/data_normalized/Dishwasher_urdf/12016/configuration/fitr_info1_physics.usd@</visuals/base> introduced by @/home/ubuntu/workspace/physvla_sim/datasets/data_normalized/Dishwasher_urdf/12016/configuration/fitr_info1_base.usd@</partnet_6e85f6897e07e0b1df3a1b0d597ce76e/base/visuals> (recomposing stage on stage @/home/ubuntu/workspace/physvla_sim/datasets/data_normalized/Dishwasher_urdf/12016/fitr_info1.usd@ <0x1eabb5b0>)

2026-07-14T13:52:26Z [3,559ms] [Warning] [omni.usd] Warning: in _ReportErrors at line 3172 of /builds/omniverse/usd-ci/USD/pxr/usd/usd/stage.cpp -- In </partnet_6e85f6897e07e0b1df3a1b0d597ce76e/base/visuals>: Unresolved reference prim path @/home/ubuntu/workspace/physvla_sim/datasets/data_normalized/Dishwasher_urdf/12016/configuration/fitr_info1_physics.usd@</visuals/base> introduced by @/home/ubuntu/workspace/physvla_sim/datasets/data_normalized/Dishwasher_urdf/12016/configuration/fitr_info1_base.usd@</partnet_6e85f6897e07e0b1df3a1b0d597ce76e/base/visuals> (recomposing stage on stage @/home/ubuntu/workspace/physvla_sim/datasets/data_normalized/Dishwasher_urdf/12016/fitr_info1.usd@ <0x1eabf5b0>)

2026-07-14T13:52:26Z [3,560ms] [Warning] [omni.usd] Warning: in _ReportErrors at line 3172 of /builds/omniverse/usd-ci/USD/pxr/usd/usd/stage.cpp -- In </partnet_6e85f6897e07e0b1df3a1b0d597ce76e/base/visuals>: Unresolved reference prim path @/home/ubuntu/workspace/physvla_sim/datasets/data_normalized/Dishwasher_urdf/12016/configuration/fitr_info1_physics.usd@</visuals/base> introduced by @/home/ubuntu/workspace/physvla_sim/datasets/data_normalized/Dishwasher_urdf/12016/configuration/fitr_info1_base.usd@</partnet_6e85f6897e07e0b1df3a1b0d597ce76e/base/visuals> (recomposing stage on stage @/home/ubuntu/workspace/physvla_sim/datasets/data_normalized/Dishwasher_urdf/12016/fitr_info1.usd@ <0x1eabb5b0>)

2026-07-14T13:52:26Z [3,561ms] [Warning] [omni.usd] Warning: in _ReportErrors at line 3172 of /builds/omniverse/usd-ci/USD/pxr/usd/usd/stage.cpp -- In </partnet_6e85f6897e07e0b1df3a1b0d597ce76e/base/visuals>: Unresolved reference prim path @/home/ubuntu/workspace/physvla_sim/datasets/data_normalized/Dishwasher_urdf/12016/configuration/fitr_info1_physics.usd@</visuals/base> introduced by @/home/ubuntu/workspace/physvla_sim/datasets/data_normalized/Dishwasher_urdf/12016/configuration/fitr_info1_base.usd@</partnet_6e85f6897e07e0b1df3a1b0d597ce76e/base/visuals> (recomposing stage on stage @/home/ubuntu/workspace/physvla_sim/datasets/data_normalized/Dishwasher_urdf/12016/fitr_info1.usd@ <0x1eabf5b0>)

2026-07-14T13:52:26Z [3,561ms] [Warning] [omni.usd] Warning: in _ReportErrors at line 3172 of /builds/omniverse/usd-ci/USD/pxr/usd/usd/stage.cpp -- In </partnet_6e85f6897e07e0b1df3a1b0d597ce76e/base/visuals>: Unresolved reference prim path @/home/ubuntu/workspace/physvla_sim/datasets/data_normalized/Dishwasher_urdf/12016/configuration/fitr_info1_physics.usd@</visuals/base> introduced by @/home/ubuntu/workspace/physvla_sim/datasets/data_normalized/Dishwasher_urdf/12016/configuration/fitr_info1_base.usd@</partnet_6e85f6897e07e0b1df3a1b0d597ce76e/base/visuals> (recomposing stage on stage @/home/ubuntu/workspace/physvla_sim/datasets/data_normalized/Dishwasher_urdf/12016/fitr_info1.usd@ <0x1eabb5b0>)

2026-07-14T13:52:26Z [3,562ms] [Warning] [omni.usd] Warning: in _ReportErrors at line 3172 of /builds/omniverse/usd-ci/USD/pxr/usd/usd/stage.cpp -- In </partnet_6e85f6897e07e0b1df3a1b0d597ce76e/base/visuals>: Unresolved reference prim path @/home/ubuntu/workspace/physvla_sim/datasets/data_normalized/Dishwasher_urdf/12016/configuration/fitr_info1_physics.usd@</visuals/base> introduced by @/home/ubuntu/workspace/physvla_sim/datasets/data_normalized/Dishwasher_urdf/12016/configuration/fitr_info1_base.usd@</partnet_6e85f6897e07e0b1df3a1b0d597ce76e/base/visuals> (recomposing stage on stage @/home/ubuntu/workspace/physvla_sim/datasets/data_normalized/Dishwasher_urdf/12016/fitr_info1.usd@ <0x1eabf5b0>)

2026-07-14T13:52:26Z [3,563ms] [Warning] [omni.usd] Warning: in _ReportErrors at line 3172 of /builds/omniverse/usd-ci/USD/pxr/usd/usd/stage.cpp -- In </partnet_6e85f6897e07e0b1df3a1b0d597ce76e/base/visuals>: Unresolved reference prim path @/home/ubuntu/workspace/physvla_sim/datasets/data_normalized/Dishwasher_urdf/12016/configuration/fitr_info1_physics.usd@</visuals/base> introduced by @/home/ubuntu/workspace/physvla_sim/datasets/data_normalized/Dishwasher_urdf/12016/configuration/fitr_info1_base.usd@</partnet_6e85f6897e07e0b1df3a1b0d597ce76e/base/visuals> (recomposing stage on stage @/home/ubuntu/workspace/physvla_sim/datasets/data_normalized/Dishwasher_urdf/12016/fitr_info1.usd@ <0x1eabb5b0>)

2026-07-14T13:52:26Z [3,563ms] [Warning] [omni.usd] Warning: in _ReportErrors at line 3172 of /builds/omniverse/usd-ci/USD/pxr/usd/usd/stage.cpp -- In </partnet_6e85f6897e07e0b1df3a1b0d597ce76e/base/visuals>: Unresolved reference prim path @/home/ubuntu/workspace/physvla_sim/datasets/data_normalized/Dishwasher_urdf/12016/configuration/fitr_info1_physics.usd@</visuals/base> introduced by @/home/ubuntu/workspace/physvla_sim/datasets/data_normalized/Dishwasher_urdf/12016/configuration/fitr_info1_base.usd@</partnet_6e85f6897e07e0b1df3a1b0d597ce76e/base/visuals> (recomposing stage on stage @/home/ubuntu/workspace/physvla_sim/datasets/data_normalized/Dishwasher_urdf/12016/fitr_info1.usd@ <0x1eabf5b0>)

2026-07-14T13:52:26Z [3,564ms] [Warning] [omni.usd] Warning: in _ReportErrors at line 3172 of /builds/omniverse/usd-ci/USD/pxr/usd/usd/stage.cpp -- In </partnet_6e85f6897e07e0b1df3a1b0d597ce76e/base/visuals>: Unresolved reference prim path @/home/ubuntu/workspace/physvla_sim/datasets/data_normalized/Dishwasher_urdf/12016/configuration/fitr_info1_physics.usd@</visuals/base> introduced by @/home/ubuntu/workspace/physvla_sim/datasets/data_normalized/Dishwasher_urdf/12016/configuration/fitr_info1_base.usd@</partnet_6e85f6897e07e0b1df3a1b0d597ce76e/base/visuals> (recomposing stage on stage @/home/ubuntu/workspace/physvla_sim/datasets/data_normalized/Dishwasher_urdf/12016/fitr_info1.usd@ <0x1eabb5b0>)

Loading user config located at: '/home/ubuntu/isaacsim/kit/data/Kit/Isaac-Sim/5.1/user.config.json'
[Info] [carb] Logging to file: /home/ubuntu/isaacsim/kit/logs/Kit/Isaac-Sim/5.1/kit_20260714_215226.log
2026-07-14T13:52:26Z [185ms] [Warning] [omni.platforminfo.plugin] failed to open the default display.  Can't verify X Server version.
2026-07-14T13:52:26Z [185ms] [Warning] [omni.usd_config.extension] Enable omni.materialx.libs extension to use MaterialX
2026-07-14T13:52:27Z [459ms] [Warning] [carb] Acquiring non optional plugin interface which is not listed as dependency: [omni::physx::IPhysxBenchmarks v1.0] (plugin: <default plugin>), by client: omni.physics.physx.plugin. Add it to CARB_PLUGIN_IMPL_DEPS() macro of a client.
2026-07-14T13:52:27Z [593ms] [Warning] [omni.isaac.dynamic_control] omni.isaac.dynamic_control is deprecated as of Isaac Sim 4.5. No action is needed from end-users.

|---------------------------------------------------------------------------------------------|
| Driver Version: 580.142       | Graphics API: Vulkan
|=============================================================================================|
| GPU | Name                             | Active | LDA | GPU Memory | Vendor-ID | LUID       |
|     |                                  |        |     |            | Device-ID | UUID       |
|     |                                  |        |     |            | Bus-ID    |            |
|---------------------------------------------------------------------------------------------|
| 0   | NVIDIA GeForce RTX 5090 D v2     | Yes: 0 |     | 24701   MB | 10de      | 0          |
|     |                                  |        |     |            | 2b8c      | 5f3d0dc0.. |
|     |                                  |        |     |            | 1         |            |
|=============================================================================================|
| OS: 24.04.3 LTS (Noble Numbat) ubuntu, Version: 24.04.3, Kernel: 6.17.0-1017-oem
| Processor: Intel(R) Core(TM) i9-14900K
| Cores: 24 | Logical Cores: 32
|---------------------------------------------------------------------------------------------|
| Total Memory (MB): 64063 | Free Memory: 55342
| Total Page/Swap (MB): 8191 | Free Page/Swap: 8191
|---------------------------------------------------------------------------------------------|
2026-07-14T13:52:29Z [2,599ms] [Warning] [gpu.foundation.plugin] CPU performance profile is set to powersave. This profile sets the CPU to the lowest frequency reducing performance.
2026-07-14T13:52:29Z [2,607ms] [Warning] [gpu.foundation.plugin] IOMMU is enabled.
2026-07-14T13:52:29Z [2,737ms] [Warning] [omni.usd] Warning: in _ReportErrors at line 3172 of /builds/omniverse/usd-ci/USD/pxr/usd/usd/stage.cpp -- In </partnet_6e85f6897e07e0b1df3a1b0d597ce76e/base/visuals>: Unresolved reference prim path @/home/ubuntu/workspace/physvla_sim/datasets/data_normalized/Dishwasher_urdf/12016/configuration/fitr_info1_base.usd@</visuals/base> introduced by @/home/ubuntu/workspace/physvla_sim/datasets/data_normalized/Dishwasher_urdf/12016/configuration/fitr_info1_base.usd@</partnet_6e85f6897e07e0b1df3a1b0d597ce76e/base/visuals> (instantiating stage on stage @/home/ubuntu/workspace/physvla_sim/datasets/data_normalized/Dishwasher_urdf/12016/configuration/fitr_info1_base.usd@ <0x1e886530>)

2026-07-14T13:52:29Z [2,740ms] [Warning] [omni.usd] Warning: in _ReportErrors at line 3172 of /builds/omniverse/usd-ci/USD/pxr/usd/usd/stage.cpp -- In </partnet_6e85f6897e07e0b1df3a1b0d597ce76e/base/visuals>: Unresolved reference prim path @/home/ubuntu/workspace/physvla_sim/datasets/data_normalized/Dishwasher_urdf/12016/configuration/fitr_info1_physics.usd@</visuals/base> introduced by @/home/ubuntu/workspace/physvla_sim/datasets/data_normalized/Dishwasher_urdf/12016/configuration/fitr_info1_base.usd@</partnet_6e85f6897e07e0b1df3a1b0d597ce76e/base/visuals> (instantiating stage on stage @/home/ubuntu/workspace/physvla_sim/datasets/data_normalized/Dishwasher_urdf/12016/configuration/fitr_info1_physics.usd@ <0x27e63cc0>)

2026-07-14T13:52:29Z [2,742ms] [Warning] [omni.usd] Warning: in _ReportErrors at line 3172 of /builds/omniverse/usd-ci/USD/pxr/usd/usd/stage.cpp -- In </partnet_6e85f6897e07e0b1df3a1b0d597ce76e/base/visuals>: Unresolved reference prim path @/home/ubuntu/workspace/physvla_sim/datasets/data_normalized/Dishwasher_urdf/12016/configuration/fitr_info1_physics.usd@</visuals/base> introduced by @/home/ubuntu/workspace/physvla_sim/datasets/data_normalized/Dishwasher_urdf/12016/configuration/fitr_info1_base.usd@</partnet_6e85f6897e07e0b1df3a1b0d597ce76e/base/visuals> (instantiating stage on stage @/home/ubuntu/workspace/physvla_sim/datasets/data_normalized/Dishwasher_urdf/12016/fitr_info1.usd@ <0x1e857b70>)

[INFO][AppLauncher]: Using device: cuda:0
[INFO][AppLauncher]: Loading experience file: /home/ubuntu/workspace/IsaacLab/apps/isaaclab.python.headless.kit
{
  "output": "/home/ubuntu/workspace/physvla_sim/datasets/data_normalized/Dishwasher_urdf/12016/fitr_info1.usd",
  "scale": 0.3986368516810168,
  "scale_layer": "/home/ubuntu/workspace/physvla_sim/datasets/data_normalized/Dishwasher_urdf/12016/configuration/fitr_info1_base.usd",
  "joints": [
    {
      "joint": "/partnet_6e85f6897e07e0b1df3a1b0d597ce76e/joints/joint_0",
      "drive": "angular",
      "damping": 650.0,
      "stiffness": 0.0,
      "max_force": 11.25
    }
  ],
  "dynamics_layer": "/home/ubuntu/workspace/physvla_sim/datasets/data_normalized/Dishwasher_urdf/12016/configuration/fitr_info1_physics.usd",
  "affordance_links": [
    "/partnet_6e85f6897e07e0b1df3a1b0d597ce76e/door_1"
  ]
}
Loading user config located at: '/home/ubuntu/isaacsim/kit/data/Kit/Isaac-Sim/5.1/user.config.json'
[Info] [carb] Logging to file: /home/ubuntu/isaacsim/kit/logs/Kit/Isaac-Sim/5.1/kit_20260714_215229.log
2026-07-14T13:52:29Z [184ms] [Warning] [omni.usd_config.extension] Enable omni.materialx.libs extension to use MaterialX
2026-07-14T13:52:29Z [188ms] [Warning] [omni.platforminfo.plugin] failed to open the default display.  Can't verify X Server version.
2026-07-14T13:52:30Z [467ms] [Warning] [carb] Acquiring non optional plugin interface which is not listed as dependency: [omni::physx::IPhysxBenchmarks v1.0] (plugin: <default plugin>), by client: omni.physics.physx.plugin. Add it to CARB_PLUGIN_IMPL_DEPS() macro of a client.
2026-07-14T13:52:30Z [600ms] [Warning] [omni.isaac.dynamic_control] omni.isaac.dynamic_control is deprecated as of Isaac Sim 4.5. No action is needed from end-users.

|---------------------------------------------------------------------------------------------|
| Driver Version: 580.142       | Graphics API: Vulkan
|=============================================================================================|
| GPU | Name                             | Active | LDA | GPU Memory | Vendor-ID | LUID       |
|     |                                  |        |     |            | Device-ID | UUID       |
|     |                                  |        |     |            | Bus-ID    |            |
|---------------------------------------------------------------------------------------------|
| 0   | NVIDIA GeForce RTX 5090 D v2     | Yes: 0 |     | 24701   MB | 10de      | 0          |
|     |                                  |        |     |            | 2b8c      | 5f3d0dc0.. |
|     |                                  |        |     |            | 1         |            |
|=============================================================================================|
| OS: 24.04.3 LTS (Noble Numbat) ubuntu, Version: 24.04.3, Kernel: 6.17.0-1017-oem
| Processor: Intel(R) Core(TM) i9-14900K
| Cores: 24 | Logical Cores: 32
|---------------------------------------------------------------------------------------------|
| Total Memory (MB): 64063 | Free Memory: 55382
| Total Page/Swap (MB): 8191 | Free Page/Swap: 8191
|---------------------------------------------------------------------------------------------|
2026-07-14T13:52:32Z [2,574ms] [Warning] [gpu.foundation.plugin] CPU performance profile is set to powersave. This profile sets the CPU to the lowest frequency reducing performance.
2026-07-14T13:52:32Z [2,582ms] [Warning] [gpu.foundation.plugin] IOMMU is enabled.
2026-07-14T13:52:32Z [2,713ms] [Warning] [carb.windowing-glfw.plugin] GLFW initialization failed.
2026-07-14T13:52:32Z [2,713ms] [Warning] [carb] Failed to startup plugin carb.windowing-glfw.plugin (interfaces: [carb::windowing::IGLContext v1.0],[carb::windowing::IWindowing v1.5]) (impl: carb.windowing-glfw.plugin)

|---------------------------------------------------------------------------------------------|
| Driver Version: 580.142       | Graphics API: Vulkan
|=============================================================================================|
| GPU | Name                             | Active | LDA | GPU Memory | Vendor-ID | LUID       |
|     |                                  |        |     |            | Device-ID | UUID       |
|     |                                  |        |     |            | Bus-ID    |            |
|---------------------------------------------------------------------------------------------|
| 0   | NVIDIA GeForce RTX 5090 D v2     | Yes: 0 |     | 24701   MB | 10de      | 0          |
|     |                                  |        |     |            | 2b8c      | 5f3d0dc0.. |
|     |                                  |        |     |            | 1         |            |
|=============================================================================================|
| OS: 24.04.3 LTS (Noble Numbat) ubuntu, Version: 24.04.3, Kernel: 6.17.0-1017-oem
| Processor: Intel(R) Core(TM) i9-14900K
| Cores: 24 | Logical Cores: 32
|---------------------------------------------------------------------------------------------|
| Total Memory (MB): 64063 | Free Memory: 55174
| Total Page/Swap (MB): 8191 | Free Page/Swap: 8191
|---------------------------------------------------------------------------------------------|
2026-07-14T13:52:32Z [2,947ms] [Warning] [gpu.foundation.plugin] CPU performance profile is set to powersave. This profile sets the CPU to the lowest frequency reducing performance.
2026-07-14T13:52:32Z [2,947ms] [Warning] [gpu.foundation.plugin] IOMMU is enabled.
2026-07-14T13:52:32Z [3,162ms] [Warning] [carb.windowing-glfw.plugin] GLFW initialization failed.
2026-07-14T13:52:32Z [3,162ms] [Warning] [carb] Failed to startup plugin carb.windowing-glfw.plugin (interfaces: [carb::windowing::IGLContext v1.0],[carb::windowing::IWindowing v1.5]) (impl: carb.windowing-glfw.plugin)
2026-07-14T13:52:32Z [3,174ms] [Warning] [carb.windowing-glfw.plugin] GLFW initialization failed.
2026-07-14T13:52:32Z [3,174ms] [Warning] [carb] Failed to startup plugin carb.windowing-glfw.plugin (interfaces: [carb::windowing::IGLContext v1.0],[carb::windowing::IWindowing v1.5]) (impl: carb.windowing-glfw.plugin)
2026-07-14T13:52:32Z [3,179ms] [Warning] [carb.windowing-glfw.plugin] GLFW initialization failed.
2026-07-14T13:52:32Z [3,179ms] [Warning] [carb] Failed to startup plugin carb.windowing-glfw.plugin (interfaces: [carb::windowing::IGLContext v1.0],[carb::windowing::IWindowing v1.5]) (impl: carb.windowing-glfw.plugin)
2026-07-14T13:52:32Z [3,183ms] [Warning] [carb.windowing-glfw.plugin] GLFW initialization failed.
2026-07-14T13:52:32Z [3,183ms] [Warning] [carb] Failed to startup plugin carb.windowing-glfw.plugin (interfaces: [carb::windowing::IGLContext v1.0],[carb::windowing::IWindowing v1.5]) (impl: carb.windowing-glfw.plugin)
2026-07-14T13:52:32Z [3,184ms] [Warning] [carb.windowing-glfw.plugin] GLFW initialization failed.
2026-07-14T13:52:32Z [3,184ms] [Warning] [carb] Failed to startup plugin carb.windowing-glfw.plugin (interfaces: [carb::windowing::IGLContext v1.0],[carb::windowing::IWindowing v1.5]) (impl: carb.windowing-glfw.plugin)
2026-07-14T13:52:32Z [3,185ms] [Warning] [carb.windowing-glfw.plugin] GLFW initialization failed.
2026-07-14T13:52:32Z [3,185ms] [Warning] [carb] Failed to startup plugin carb.windowing-glfw.plugin (interfaces: [carb::windowing::IGLContext v1.0],[carb::windowing::IWindowing v1.5]) (impl: carb.windowing-glfw.plugin)
2026-07-14T13:52:33Z [3,431ms] [Warning] [omni.graph.visualization.nodes._impl.extension] No Viewport Window to add omni.graph.visualization.nodes-2.1.3 scene to
2026-07-14T13:52:33Z [3,526ms] [Warning] [isaacsim.asset.importer.urdf] No mass specified for link base
2026-07-14T13:52:33Z [3,526ms] [Warning] [omni.usd] Warning: in _ReportErrors at line 3172 of /builds/omniverse/usd-ci/USD/pxr/usd/usd/stage.cpp -- In </partnet_6e85f6897e07e0b1df3a1b0d597ce76e/base/visuals>: Unresolved reference prim path @/home/ubuntu/workspace/physvla_sim/datasets/data_normalized/Dishwasher_urdf/12019/configuration/fitr_info1_physics.usd@</visuals/base> introduced by @/home/ubuntu/workspace/physvla_sim/datasets/data_normalized/Dishwasher_urdf/12019/configuration/fitr_info1_base.usd@</partnet_6e85f6897e07e0b1df3a1b0d597ce76e/base/visuals> (recomposing stage on stage @/home/ubuntu/workspace/physvla_sim/datasets/data_normalized/Dishwasher_urdf/12019/configuration/fitr_info1_physics.usd@ <0x7d8fb2f8db10>)

2026-07-14T13:52:33Z [3,526ms] [Warning] [omni.usd] Warning: in _ReportErrors at line 3172 of /builds/omniverse/usd-ci/USD/pxr/usd/usd/stage.cpp -- In </partnet_6e85f6897e07e0b1df3a1b0d597ce76e/base/visuals>: Unresolved reference prim path @/home/ubuntu/workspace/physvla_sim/datasets/data_normalized/Dishwasher_urdf/12019/fitr_info1.usd@</visuals/base> introduced by @/home/ubuntu/workspace/physvla_sim/datasets/data_normalized/Dishwasher_urdf/12019/configuration/fitr_info1_base.usd@</partnet_6e85f6897e07e0b1df3a1b0d597ce76e/base/visuals> (recomposing stage on stage @/home/ubuntu/workspace/physvla_sim/datasets/data_normalized/Dishwasher_urdf/12019/fitr_info1.usd@ <0x7d8fb2f7a4c0>)

2026-07-14T13:52:33Z [3,526ms] [Warning] [omni.usd] Warning: in _ReportErrors at line 3172 of /builds/omniverse/usd-ci/USD/pxr/usd/usd/stage.cpp -- In </partnet_6e85f6897e07e0b1df3a1b0d597ce76e/base/visuals>: Unresolved reference prim path @/home/ubuntu/workspace/physvla_sim/datasets/data_normalized/Dishwasher_urdf/12019/fitr_info1.usd@</visuals/base> introduced by @/home/ubuntu/workspace/physvla_sim/datasets/data_normalized/Dishwasher_urdf/12019/configuration/fitr_info1_base.usd@</partnet_6e85f6897e07e0b1df3a1b0d597ce76e/base/visuals> (recomposing stage on stage @/home/ubuntu/workspace/physvla_sim/datasets/data_normalized/Dishwasher_urdf/12019/fitr_info1.usd@ <0x7d8fb2f75ee0>)

2026-07-14T13:52:33Z [3,526ms] [Warning] [omni.usd] Warning: in _ReportErrors at line 3172 of /builds/omniverse/usd-ci/USD/pxr/usd/usd/stage.cpp -- In </partnet_6e85f6897e07e0b1df3a1b0d597ce76e/base/visuals>: Unresolved reference prim path @/home/ubuntu/workspace/physvla_sim/datasets/data_normalized/Dishwasher_urdf/12019/configuration/fitr_info1_base.usd@</visuals/base> introduced by @/home/ubuntu/workspace/physvla_sim/datasets/data_normalized/Dishwasher_urdf/12019/configuration/fitr_info1_base.usd@</partnet_6e85f6897e07e0b1df3a1b0d597ce76e/base/visuals> (recomposing stage on stage @/home/ubuntu/workspace/physvla_sim/datasets/data_normalized/Dishwasher_urdf/12019/configuration/fitr_info1_base.usd@ <0x7d8fb2f96e10>)

2026-07-14T13:52:33Z [3,526ms] [Warning] [omni.usd] Warning: in _ReportErrors at line 3172 of /builds/omniverse/usd-ci/USD/pxr/usd/usd/stage.cpp -- In </partnet_6e85f6897e07e0b1df3a1b0d597ce76e/base/visuals>: Unresolved reference prim path @/home/ubuntu/workspace/physvla_sim/datasets/data_normalized/Dishwasher_urdf/12019/configuration/fitr_info1_physics.usd@</visuals/base> introduced by @/home/ubuntu/workspace/physvla_sim/datasets/data_normalized/Dishwasher_urdf/12019/configuration/fitr_info1_base.usd@</partnet_6e85f6897e07e0b1df3a1b0d597ce76e/base/visuals> (recomposing stage on stage @/home/ubuntu/workspace/physvla_sim/datasets/data_normalized/Dishwasher_urdf/12019/configuration/fitr_info1_physics.usd@ <0x7d8fb2f8db10>)

2026-07-14T13:52:33Z [3,526ms] [Warning] [omni.usd] Warning: in _ReportErrors at line 3172 of /builds/omniverse/usd-ci/USD/pxr/usd/usd/stage.cpp -- In </partnet_6e85f6897e07e0b1df3a1b0d597ce76e/base/visuals>: Unresolved reference prim path @/home/ubuntu/workspace/physvla_sim/datasets/data_normalized/Dishwasher_urdf/12019/fitr_info1.usd@</visuals/base> introduced by @/home/ubuntu/workspace/physvla_sim/datasets/data_normalized/Dishwasher_urdf/12019/configuration/fitr_info1_base.usd@</partnet_6e85f6897e07e0b1df3a1b0d597ce76e/base/visuals> (recomposing stage on stage @/home/ubuntu/workspace/physvla_sim/datasets/data_normalized/Dishwasher_urdf/12019/fitr_info1.usd@ <0x7d8fb2f7a4c0>)

2026-07-14T13:52:33Z [3,526ms] [Warning] [omni.usd] Warning: in _ReportErrors at line 3172 of /builds/omniverse/usd-ci/USD/pxr/usd/usd/stage.cpp -- In </partnet_6e85f6897e07e0b1df3a1b0d597ce76e/base/visuals>: Unresolved reference prim path @/home/ubuntu/workspace/physvla_sim/datasets/data_normalized/Dishwasher_urdf/12019/fitr_info1.usd@</visuals/base> introduced by @/home/ubuntu/workspace/physvla_sim/datasets/data_normalized/Dishwasher_urdf/12019/configuration/fitr_info1_base.usd@</partnet_6e85f6897e07e0b1df3a1b0d597ce76e/base/visuals> (recomposing stage on stage @/home/ubuntu/workspace/physvla_sim/datasets/data_normalized/Dishwasher_urdf/12019/fitr_info1.usd@ <0x7d8fb2f75ee0>)

2026-07-14T13:52:33Z [3,526ms] [Warning] [omni.usd] Warning: in _ReportErrors at line 3172 of /builds/omniverse/usd-ci/USD/pxr/usd/usd/stage.cpp -- In </partnet_6e85f6897e07e0b1df3a1b0d597ce76e/base/visuals>: Unresolved reference prim path @/home/ubuntu/workspace/physvla_sim/datasets/data_normalized/Dishwasher_urdf/12019/configuration/fitr_info1_base.usd@</visuals/base> introduced by @/home/ubuntu/workspace/physvla_sim/datasets/data_normalized/Dishwasher_urdf/12019/configuration/fitr_info1_base.usd@</partnet_6e85f6897e07e0b1df3a1b0d597ce76e/base/visuals> (recomposing stage on stage @/home/ubuntu/workspace/physvla_sim/datasets/data_normalized/Dishwasher_urdf/12019/configuration/fitr_info1_base.usd@ <0x7d8fb2f96e10>)

2026-07-14T13:52:33Z [3,527ms] [Warning] [isaacsim.asset.importer.urdf] Link base has no colliders, and no inertia was imported; assigning a small isotropic inertia matrix
2026-07-14T13:52:33Z [3,527ms] [Warning] [isaacsim.asset.importer.urdf] No mass specified for link body
2026-07-14T13:52:33Z [3,559ms] [Warning] [isaacsim.asset.importer.urdf] No mass specified for link door_1
2026-07-14T13:52:33Z [3,578ms] [Warning] [omni.usd] Warning: in _ReportErrors at line 3172 of /builds/omniverse/usd-ci/USD/pxr/usd/usd/stage.cpp -- In </partnet_6e85f6897e07e0b1df3a1b0d597ce76e/base/visuals>: Unresolved reference prim path @/home/ubuntu/workspace/physvla_sim/datasets/data_normalized/Dishwasher_urdf/12019/configuration/fitr_info1_base.usd@</visuals/base> introduced by @/home/ubuntu/workspace/physvla_sim/datasets/data_normalized/Dishwasher_urdf/12019/configuration/fitr_info1_base.usd@</partnet_6e85f6897e07e0b1df3a1b0d597ce76e/base/visuals> (recomposing stage on stage @/home/ubuntu/workspace/physvla_sim/datasets/data_normalized/Dishwasher_urdf/12019/fitr_info1.usd@ <0x7d8fb2f7a4c0>)

2026-07-14T13:52:33Z [3,579ms] [Warning] [omni.usd] Warning: in _ReportErrors at line 3172 of /builds/omniverse/usd-ci/USD/pxr/usd/usd/stage.cpp -- In </partnet_6e85f6897e07e0b1df3a1b0d597ce76e/base/visuals>: Unresolved reference prim path @/home/ubuntu/workspace/physvla_sim/datasets/data_normalized/Dishwasher_urdf/12019/configuration/fitr_info1_base.usd@</visuals/base> introduced by @/home/ubuntu/workspace/physvla_sim/datasets/data_normalized/Dishwasher_urdf/12019/configuration/fitr_info1_base.usd@</partnet_6e85f6897e07e0b1df3a1b0d597ce76e/base/visuals> (recomposing stage on stage @/home/ubuntu/workspace/physvla_sim/datasets/data_normalized/Dishwasher_urdf/12019/fitr_info1.usd@ <0x7d8fb2f75ee0>)

2026-07-14T13:52:33Z [3,580ms] [Warning] [omni.usd] Warning: in _ReportErrors at line 3172 of /builds/omniverse/usd-ci/USD/pxr/usd/usd/stage.cpp -- In </partnet_6e85f6897e07e0b1df3a1b0d597ce76e/base/visuals>: Unresolved reference prim path @/home/ubuntu/workspace/physvla_sim/datasets/data_normalized/Dishwasher_urdf/12019/configuration/fitr_info1_physics.usd@</visuals/base> introduced by @/home/ubuntu/workspace/physvla_sim/datasets/data_normalized/Dishwasher_urdf/12019/configuration/fitr_info1_base.usd@</partnet_6e85f6897e07e0b1df3a1b0d597ce76e/base/visuals> (recomposing stage on stage @/home/ubuntu/workspace/physvla_sim/datasets/data_normalized/Dishwasher_urdf/12019/fitr_info1.usd@ <0x7d8fb2f7a4c0>)

2026-07-14T13:52:33Z [3,581ms] [Warning] [omni.usd] Warning: in _ReportErrors at line 3172 of /builds/omniverse/usd-ci/USD/pxr/usd/usd/stage.cpp -- In </partnet_6e85f6897e07e0b1df3a1b0d597ce76e/base/visuals>: Unresolved reference prim path @/home/ubuntu/workspace/physvla_sim/datasets/data_normalized/Dishwasher_urdf/12019/configuration/fitr_info1_physics.usd@</visuals/base> introduced by @/home/ubuntu/workspace/physvla_sim/datasets/data_normalized/Dishwasher_urdf/12019/configuration/fitr_info1_base.usd@</partnet_6e85f6897e07e0b1df3a1b0d597ce76e/base/visuals> (recomposing stage on stage @/home/ubuntu/workspace/physvla_sim/datasets/data_normalized/Dishwasher_urdf/12019/fitr_info1.usd@ <0x7d8fb2f75ee0>)

2026-07-14T13:52:33Z [3,582ms] [Warning] [omni.usd] Warning: in _ReportErrors at line 3172 of /builds/omniverse/usd-ci/USD/pxr/usd/usd/stage.cpp -- In </partnet_6e85f6897e07e0b1df3a1b0d597ce76e/base/visuals>: Unresolved reference prim path @/home/ubuntu/workspace/physvla_sim/datasets/data_normalized/Dishwasher_urdf/12019/configuration/fitr_info1_physics.usd@</visuals/base> introduced by @/home/ubuntu/workspace/physvla_sim/datasets/data_normalized/Dishwasher_urdf/12019/configuration/fitr_info1_base.usd@</partnet_6e85f6897e07e0b1df3a1b0d597ce76e/base/visuals> (recomposing stage on stage @/home/ubuntu/workspace/physvla_sim/datasets/data_normalized/Dishwasher_urdf/12019/fitr_info1.usd@ <0x7d8fb2f7a4c0>)

2026-07-14T13:52:33Z [3,583ms] [Warning] [omni.usd] Warning: in _ReportErrors at line 3172 of /builds/omniverse/usd-ci/USD/pxr/usd/usd/stage.cpp -- In </partnet_6e85f6897e07e0b1df3a1b0d597ce76e/base/visuals>: Unresolved reference prim path @/home/ubuntu/workspace/physvla_sim/datasets/data_normalized/Dishwasher_urdf/12019/configuration/fitr_info1_physics.usd@</visuals/base> introduced by @/home/ubuntu/workspace/physvla_sim/datasets/data_normalized/Dishwasher_urdf/12019/configuration/fitr_info1_base.usd@</partnet_6e85f6897e07e0b1df3a1b0d597ce76e/base/visuals> (recomposing stage on stage @/home/ubuntu/workspace/physvla_sim/datasets/data_normalized/Dishwasher_urdf/12019/fitr_info1.usd@ <0x7d8fb2f75ee0>)

2026-07-14T13:52:33Z [3,584ms] [Warning] [omni.usd] Warning: in _ReportErrors at line 3172 of /builds/omniverse/usd-ci/USD/pxr/usd/usd/stage.cpp -- In </partnet_6e85f6897e07e0b1df3a1b0d597ce76e/base/visuals>: Unresolved reference prim path @/home/ubuntu/workspace/physvla_sim/datasets/data_normalized/Dishwasher_urdf/12019/configuration/fitr_info1_physics.usd@</visuals/base> introduced by @/home/ubuntu/workspace/physvla_sim/datasets/data_normalized/Dishwasher_urdf/12019/configuration/fitr_info1_base.usd@</partnet_6e85f6897e07e0b1df3a1b0d597ce76e/base/visuals> (recomposing stage on stage @/home/ubuntu/workspace/physvla_sim/datasets/data_normalized/Dishwasher_urdf/12019/fitr_info1.usd@ <0x7d8fb2f7a4c0>)

2026-07-14T13:52:33Z [3,585ms] [Warning] [omni.usd] Warning: in _ReportErrors at line 3172 of /builds/omniverse/usd-ci/USD/pxr/usd/usd/stage.cpp -- In </partnet_6e85f6897e07e0b1df3a1b0d597ce76e/base/visuals>: Unresolved reference prim path @/home/ubuntu/workspace/physvla_sim/datasets/data_normalized/Dishwasher_urdf/12019/configuration/fitr_info1_physics.usd@</visuals/base> introduced by @/home/ubuntu/workspace/physvla_sim/datasets/data_normalized/Dishwasher_urdf/12019/configuration/fitr_info1_base.usd@</partnet_6e85f6897e07e0b1df3a1b0d597ce76e/base/visuals> (recomposing stage on stage @/home/ubuntu/workspace/physvla_sim/datasets/data_normalized/Dishwasher_urdf/12019/fitr_info1.usd@ <0x7d8fb2f75ee0>)

2026-07-14T13:52:33Z [3,586ms] [Warning] [omni.usd] Warning: in _ReportErrors at line 3172 of /builds/omniverse/usd-ci/USD/pxr/usd/usd/stage.cpp -- In </partnet_6e85f6897e07e0b1df3a1b0d597ce76e/base/visuals>: Unresolved reference prim path @/home/ubuntu/workspace/physvla_sim/datasets/data_normalized/Dishwasher_urdf/12019/configuration/fitr_info1_physics.usd@</visuals/base> introduced by @/home/ubuntu/workspace/physvla_sim/datasets/data_normalized/Dishwasher_urdf/12019/configuration/fitr_info1_base.usd@</partnet_6e85f6897e07e0b1df3a1b0d597ce76e/base/visuals> (recomposing stage on stage @/home/ubuntu/workspace/physvla_sim/datasets/data_normalized/Dishwasher_urdf/12019/fitr_info1.usd@ <0x7d8fb2f7a4c0>)

2026-07-14T13:52:33Z [3,587ms] [Warning] [omni.usd] Warning: in _ReportErrors at line 3172 of /builds/omniverse/usd-ci/USD/pxr/usd/usd/stage.cpp -- In </partnet_6e85f6897e07e0b1df3a1b0d597ce76e/base/visuals>: Unresolved reference prim path @/home/ubuntu/workspace/physvla_sim/datasets/data_normalized/Dishwasher_urdf/12019/configuration/fitr_info1_physics.usd@</visuals/base> introduced by @/home/ubuntu/workspace/physvla_sim/datasets/data_normalized/Dishwasher_urdf/12019/configuration/fitr_info1_base.usd@</partnet_6e85f6897e07e0b1df3a1b0d597ce76e/base/visuals> (recomposing stage on stage @/home/ubuntu/workspace/physvla_sim/datasets/data_normalized/Dishwasher_urdf/12019/fitr_info1.usd@ <0x7d8fb2f75ee0>)

2026-07-14T13:52:33Z [3,588ms] [Warning] [omni.usd] Warning: in _ReportErrors at line 3172 of /builds/omniverse/usd-ci/USD/pxr/usd/usd/stage.cpp -- In </partnet_6e85f6897e07e0b1df3a1b0d597ce76e/base/visuals>: Unresolved reference prim path @/home/ubuntu/workspace/physvla_sim/datasets/data_normalized/Dishwasher_urdf/12019/configuration/fitr_info1_physics.usd@</visuals/base> introduced by @/home/ubuntu/workspace/physvla_sim/datasets/data_normalized/Dishwasher_urdf/12019/configuration/fitr_info1_base.usd@</partnet_6e85f6897e07e0b1df3a1b0d597ce76e/base/visuals> (recomposing stage on stage @/home/ubuntu/workspace/physvla_sim/datasets/data_normalized/Dishwasher_urdf/12019/fitr_info1.usd@ <0x7d8fb2f7a4c0>)

2026-07-14T13:52:33Z [3,589ms] [Warning] [omni.usd] Warning: in _ReportErrors at line 3172 of /builds/omniverse/usd-ci/USD/pxr/usd/usd/stage.cpp -- In </partnet_6e85f6897e07e0b1df3a1b0d597ce76e/base/visuals>: Unresolved reference prim path @/home/ubuntu/workspace/physvla_sim/datasets/data_normalized/Dishwasher_urdf/12019/configuration/fitr_info1_physics.usd@</visuals/base> introduced by @/home/ubuntu/workspace/physvla_sim/datasets/data_normalized/Dishwasher_urdf/12019/configuration/fitr_info1_base.usd@</partnet_6e85f6897e07e0b1df3a1b0d597ce76e/base/visuals> (recomposing stage on stage @/home/ubuntu/workspace/physvla_sim/datasets/data_normalized/Dishwasher_urdf/12019/fitr_info1.usd@ <0x7d8fb2f75ee0>)

2026-07-14T13:52:33Z [3,590ms] [Warning] [omni.usd] Warning: in _ReportErrors at line 3172 of /builds/omniverse/usd-ci/USD/pxr/usd/usd/stage.cpp -- In </partnet_6e85f6897e07e0b1df3a1b0d597ce76e/base/visuals>: Unresolved reference prim path @/home/ubuntu/workspace/physvla_sim/datasets/data_normalized/Dishwasher_urdf/12019/configuration/fitr_info1_physics.usd@</visuals/base> introduced by @/home/ubuntu/workspace/physvla_sim/datasets/data_normalized/Dishwasher_urdf/12019/configuration/fitr_info1_base.usd@</partnet_6e85f6897e07e0b1df3a1b0d597ce76e/base/visuals> (recomposing stage on stage @/home/ubuntu/workspace/physvla_sim/datasets/data_normalized/Dishwasher_urdf/12019/fitr_info1.usd@ <0x7d8fb2f7a4c0>)

2026-07-14T13:52:33Z [3,591ms] [Warning] [omni.usd] Warning: in _ReportErrors at line 3172 of /builds/omniverse/usd-ci/USD/pxr/usd/usd/stage.cpp -- In </partnet_6e85f6897e07e0b1df3a1b0d597ce76e/base/visuals>: Unresolved reference prim path @/home/ubuntu/workspace/physvla_sim/datasets/data_normalized/Dishwasher_urdf/12019/configuration/fitr_info1_physics.usd@</visuals/base> introduced by @/home/ubuntu/workspace/physvla_sim/datasets/data_normalized/Dishwasher_urdf/12019/configuration/fitr_info1_base.usd@</partnet_6e85f6897e07e0b1df3a1b0d597ce76e/base/visuals> (recomposing stage on stage @/home/ubuntu/workspace/physvla_sim/datasets/data_normalized/Dishwasher_urdf/12019/fitr_info1.usd@ <0x7d8fb2f75ee0>)

2026-07-14T13:52:33Z [3,593ms] [Warning] [omni.usd] Warning: in _ReportErrors at line 3172 of /builds/omniverse/usd-ci/USD/pxr/usd/usd/stage.cpp -- In </partnet_6e85f6897e07e0b1df3a1b0d597ce76e/base/visuals>: Unresolved reference prim path @/home/ubuntu/workspace/physvla_sim/datasets/data_normalized/Dishwasher_urdf/12019/configuration/fitr_info1_physics.usd@</visuals/base> introduced by @/home/ubuntu/workspace/physvla_sim/datasets/data_normalized/Dishwasher_urdf/12019/configuration/fitr_info1_base.usd@</partnet_6e85f6897e07e0b1df3a1b0d597ce76e/base/visuals> (recomposing stage on stage @/home/ubuntu/workspace/physvla_sim/datasets/data_normalized/Dishwasher_urdf/12019/fitr_info1.usd@ <0x7d8fb2f7a4c0>)

2026-07-14T13:52:33Z [3,594ms] [Warning] [omni.usd] Warning: in _ReportErrors at line 3172 of /builds/omniverse/usd-ci/USD/pxr/usd/usd/stage.cpp -- In </partnet_6e85f6897e07e0b1df3a1b0d597ce76e/base/visuals>: Unresolved reference prim path @/home/ubuntu/workspace/physvla_sim/datasets/data_normalized/Dishwasher_urdf/12019/configuration/fitr_info1_physics.usd@</visuals/base> introduced by @/home/ubuntu/workspace/physvla_sim/datasets/data_normalized/Dishwasher_urdf/12019/configuration/fitr_info1_base.usd@</partnet_6e85f6897e07e0b1df3a1b0d597ce76e/base/visuals> (recomposing stage on stage @/home/ubuntu/workspace/physvla_sim/datasets/data_normalized/Dishwasher_urdf/12019/fitr_info1.usd@ <0x7d8fb2f75ee0>)

Loading user config located at: '/home/ubuntu/isaacsim/kit/data/Kit/Isaac-Sim/5.1/user.config.json'
[Info] [carb] Logging to file: /home/ubuntu/isaacsim/kit/logs/Kit/Isaac-Sim/5.1/kit_20260714_215233.log
2026-07-14T13:52:33Z [183ms] [Warning] [omni.usd_config.extension] Enable omni.materialx.libs extension to use MaterialX
2026-07-14T13:52:33Z [185ms] [Warning] [omni.platforminfo.plugin] failed to open the default display.  Can't verify X Server version.
2026-07-14T13:52:34Z [455ms] [Warning] [carb] Acquiring non optional plugin interface which is not listed as dependency: [omni::physx::IPhysxBenchmarks v1.0] (plugin: <default plugin>), by client: omni.physics.physx.plugin. Add it to CARB_PLUGIN_IMPL_DEPS() macro of a client.
2026-07-14T13:52:34Z [589ms] [Warning] [omni.isaac.dynamic_control] omni.isaac.dynamic_control is deprecated as of Isaac Sim 4.5. No action is needed from end-users.

|---------------------------------------------------------------------------------------------|
| Driver Version: 580.142       | Graphics API: Vulkan
|=============================================================================================|
| GPU | Name                             | Active | LDA | GPU Memory | Vendor-ID | LUID       |
|     |                                  |        |     |            | Device-ID | UUID       |
|     |                                  |        |     |            | Bus-ID    |            |
|---------------------------------------------------------------------------------------------|
| 0   | NVIDIA GeForce RTX 5090 D v2     | Yes: 0 |     | 24701   MB | 10de      | 0          |
|     |                                  |        |     |            | 2b8c      | 5f3d0dc0.. |
|     |                                  |        |     |            | 1         |            |
|=============================================================================================|
| OS: 24.04.3 LTS (Noble Numbat) ubuntu, Version: 24.04.3, Kernel: 6.17.0-1017-oem
| Processor: Intel(R) Core(TM) i9-14900K
| Cores: 24 | Logical Cores: 32
|---------------------------------------------------------------------------------------------|
| Total Memory (MB): 64063 | Free Memory: 55323
| Total Page/Swap (MB): 8191 | Free Page/Swap: 8191
|---------------------------------------------------------------------------------------------|
2026-07-14T13:52:36Z [2,581ms] [Warning] [gpu.foundation.plugin] CPU performance profile is set to powersave. This profile sets the CPU to the lowest frequency reducing performance.
2026-07-14T13:52:36Z [2,589ms] [Warning] [gpu.foundation.plugin] IOMMU is enabled.
2026-07-14T13:52:36Z [2,719ms] [Warning] [omni.usd] Warning: in _ReportErrors at line 3172 of /builds/omniverse/usd-ci/USD/pxr/usd/usd/stage.cpp -- In </partnet_6e85f6897e07e0b1df3a1b0d597ce76e/base/visuals>: Unresolved reference prim path @/home/ubuntu/workspace/physvla_sim/datasets/data_normalized/Dishwasher_urdf/12019/configuration/fitr_info1_base.usd@</visuals/base> introduced by @/home/ubuntu/workspace/physvla_sim/datasets/data_normalized/Dishwasher_urdf/12019/configuration/fitr_info1_base.usd@</partnet_6e85f6897e07e0b1df3a1b0d597ce76e/base/visuals> (instantiating stage on stage @/home/ubuntu/workspace/physvla_sim/datasets/data_normalized/Dishwasher_urdf/12019/configuration/fitr_info1_base.usd@ <0x77decfe10250>)

2026-07-14T13:52:36Z [2,723ms] [Warning] [omni.usd] Warning: in _ReportErrors at line 3172 of /builds/omniverse/usd-ci/USD/pxr/usd/usd/stage.cpp -- In </partnet_6e85f6897e07e0b1df3a1b0d597ce76e/base/visuals>: Unresolved reference prim path @/home/ubuntu/workspace/physvla_sim/datasets/data_normalized/Dishwasher_urdf/12019/configuration/fitr_info1_physics.usd@</visuals/base> introduced by @/home/ubuntu/workspace/physvla_sim/datasets/data_normalized/Dishwasher_urdf/12019/configuration/fitr_info1_base.usd@</partnet_6e85f6897e07e0b1df3a1b0d597ce76e/base/visuals> (instantiating stage on stage @/home/ubuntu/workspace/physvla_sim/datasets/data_normalized/Dishwasher_urdf/12019/configuration/fitr_info1_physics.usd@ <0x44c87220>)

2026-07-14T13:52:36Z [2,724ms] [Warning] [omni.usd] Warning: in _ReportErrors at line 3172 of /builds/omniverse/usd-ci/USD/pxr/usd/usd/stage.cpp -- In </partnet_6e85f6897e07e0b1df3a1b0d597ce76e/base/visuals>: Unresolved reference prim path @/home/ubuntu/workspace/physvla_sim/datasets/data_normalized/Dishwasher_urdf/12019/configuration/fitr_info1_physics.usd@</visuals/base> introduced by @/home/ubuntu/workspace/physvla_sim/datasets/data_normalized/Dishwasher_urdf/12019/configuration/fitr_info1_base.usd@</partnet_6e85f6897e07e0b1df3a1b0d597ce76e/base/visuals> (instantiating stage on stage @/home/ubuntu/workspace/physvla_sim/datasets/data_normalized/Dishwasher_urdf/12019/fitr_info1.usd@ <0x3c80b730>)

[INFO][AppLauncher]: Using device: cuda:0
[INFO][AppLauncher]: Loading experience file: /home/ubuntu/workspace/IsaacLab/apps/isaaclab.python.headless.kit
{
  "output": "/home/ubuntu/workspace/physvla_sim/datasets/data_normalized/Dishwasher_urdf/12019/fitr_info1.usd",
  "scale": 0.3970671509840098,
  "scale_layer": "/home/ubuntu/workspace/physvla_sim/datasets/data_normalized/Dishwasher_urdf/12019/configuration/fitr_info1_base.usd",
  "joints": [
    {
      "joint": "/partnet_6e85f6897e07e0b1df3a1b0d597ce76e/joints/joint_0",
      "drive": "angular",
      "damping": 600.0,
      "stiffness": 0.0,
      "max_force": 11.25
    }
  ],
  "dynamics_layer": "/home/ubuntu/workspace/physvla_sim/datasets/data_normalized/Dishwasher_urdf/12019/configuration/fitr_info1_physics.usd",
  "affordance_links": [
    "/partnet_6e85f6897e07e0b1df3a1b0d597ce76e/door_1"
  ]
}
Loading user config located at: '/home/ubuntu/isaacsim/kit/data/Kit/Isaac-Sim/5.1/user.config.json'
[Info] [carb] Logging to file: /home/ubuntu/isaacsim/kit/logs/Kit/Isaac-Sim/5.1/kit_20260714_215236.log
2026-07-14T13:52:36Z [184ms] [Warning] [omni.usd_config.extension] Enable omni.materialx.libs extension to use MaterialX
2026-07-14T13:52:36Z [191ms] [Warning] [omni.platforminfo.plugin] failed to open the default display.  Can't verify X Server version.
2026-07-14T13:52:37Z [455ms] [Warning] [carb] Acquiring non optional plugin interface which is not listed as dependency: [omni::physx::IPhysxBenchmarks v1.0] (plugin: <default plugin>), by client: omni.physics.physx.plugin. Add it to CARB_PLUGIN_IMPL_DEPS() macro of a client.
2026-07-14T13:52:37Z [588ms] [Warning] [omni.isaac.dynamic_control] omni.isaac.dynamic_control is deprecated as of Isaac Sim 4.5. No action is needed from end-users.

|---------------------------------------------------------------------------------------------|
| Driver Version: 580.142       | Graphics API: Vulkan
|=============================================================================================|
| GPU | Name                             | Active | LDA | GPU Memory | Vendor-ID | LUID       |
|     |                                  |        |     |            | Device-ID | UUID       |
|     |                                  |        |     |            | Bus-ID    |            |
|---------------------------------------------------------------------------------------------|
| 0   | NVIDIA GeForce RTX 5090 D v2     | Yes: 0 |     | 24701   MB | 10de      | 0          |
|     |                                  |        |     |            | 2b8c      | 5f3d0dc0.. |
|     |                                  |        |     |            | 1         |            |
|=============================================================================================|
| OS: 24.04.3 LTS (Noble Numbat) ubuntu, Version: 24.04.3, Kernel: 6.17.0-1017-oem
| Processor: Intel(R) Core(TM) i9-14900K
| Cores: 24 | Logical Cores: 32
|---------------------------------------------------------------------------------------------|
| Total Memory (MB): 64063 | Free Memory: 55345
| Total Page/Swap (MB): 8191 | Free Page/Swap: 8191
|---------------------------------------------------------------------------------------------|
2026-07-14T13:52:39Z [2,583ms] [Warning] [gpu.foundation.plugin] CPU performance profile is set to powersave. This profile sets the CPU to the lowest frequency reducing performance.
2026-07-14T13:52:39Z [2,591ms] [Warning] [gpu.foundation.plugin] IOMMU is enabled.
2026-07-14T13:52:39Z [2,719ms] [Warning] [carb.windowing-glfw.plugin] GLFW initialization failed.
2026-07-14T13:52:39Z [2,719ms] [Warning] [carb] Failed to startup plugin carb.windowing-glfw.plugin (interfaces: [carb::windowing::IGLContext v1.0],[carb::windowing::IWindowing v1.5]) (impl: carb.windowing-glfw.plugin)

|---------------------------------------------------------------------------------------------|
| Driver Version: 580.142       | Graphics API: Vulkan
|=============================================================================================|
| GPU | Name                             | Active | LDA | GPU Memory | Vendor-ID | LUID       |
|     |                                  |        |     |            | Device-ID | UUID       |
|     |                                  |        |     |            | Bus-ID    |            |
|---------------------------------------------------------------------------------------------|
| 0   | NVIDIA GeForce RTX 5090 D v2     | Yes: 0 |     | 24701   MB | 10de      | 0          |
|     |                                  |        |     |            | 2b8c      | 5f3d0dc0.. |
|     |                                  |        |     |            | 1         |            |
|=============================================================================================|
| OS: 24.04.3 LTS (Noble Numbat) ubuntu, Version: 24.04.3, Kernel: 6.17.0-1017-oem
| Processor: Intel(R) Core(TM) i9-14900K
| Cores: 24 | Logical Cores: 32
|---------------------------------------------------------------------------------------------|
| Total Memory (MB): 64063 | Free Memory: 55130
| Total Page/Swap (MB): 8191 | Free Page/Swap: 8191
|---------------------------------------------------------------------------------------------|
2026-07-14T13:52:39Z [2,948ms] [Warning] [gpu.foundation.plugin] CPU performance profile is set to powersave. This profile sets the CPU to the lowest frequency reducing performance.
2026-07-14T13:52:39Z [2,948ms] [Warning] [gpu.foundation.plugin] IOMMU is enabled.
2026-07-14T13:52:39Z [3,160ms] [Warning] [carb.windowing-glfw.plugin] GLFW initialization failed.
2026-07-14T13:52:39Z [3,160ms] [Warning] [carb] Failed to startup plugin carb.windowing-glfw.plugin (interfaces: [carb::windowing::IGLContext v1.0],[carb::windowing::IWindowing v1.5]) (impl: carb.windowing-glfw.plugin)
2026-07-14T13:52:39Z [3,172ms] [Warning] [carb.windowing-glfw.plugin] GLFW initialization failed.
2026-07-14T13:52:39Z [3,172ms] [Warning] [carb] Failed to startup plugin carb.windowing-glfw.plugin (interfaces: [carb::windowing::IGLContext v1.0],[carb::windowing::IWindowing v1.5]) (impl: carb.windowing-glfw.plugin)
2026-07-14T13:52:39Z [3,177ms] [Warning] [carb.windowing-glfw.plugin] GLFW initialization failed.
2026-07-14T13:52:39Z [3,177ms] [Warning] [carb] Failed to startup plugin carb.windowing-glfw.plugin (interfaces: [carb::windowing::IGLContext v1.0],[carb::windowing::IWindowing v1.5]) (impl: carb.windowing-glfw.plugin)
2026-07-14T13:52:39Z [3,182ms] [Warning] [carb.windowing-glfw.plugin] GLFW initialization failed.
2026-07-14T13:52:39Z [3,182ms] [Warning] [carb] Failed to startup plugin carb.windowing-glfw.plugin (interfaces: [carb::windowing::IGLContext v1.0],[carb::windowing::IWindowing v1.5]) (impl: carb.windowing-glfw.plugin)
2026-07-14T13:52:39Z [3,183ms] [Warning] [carb.windowing-glfw.plugin] GLFW initialization failed.
2026-07-14T13:52:39Z [3,183ms] [Warning] [carb] Failed to startup plugin carb.windowing-glfw.plugin (interfaces: [carb::windowing::IGLContext v1.0],[carb::windowing::IWindowing v1.5]) (impl: carb.windowing-glfw.plugin)
2026-07-14T13:52:39Z [3,183ms] [Warning] [carb.windowing-glfw.plugin] GLFW initialization failed.
2026-07-14T13:52:39Z [3,183ms] [Warning] [carb] Failed to startup plugin carb.windowing-glfw.plugin (interfaces: [carb::windowing::IGLContext v1.0],[carb::windowing::IWindowing v1.5]) (impl: carb.windowing-glfw.plugin)
2026-07-14T13:52:40Z [3,428ms] [Warning] [omni.graph.visualization.nodes._impl.extension] No Viewport Window to add omni.graph.visualization.nodes-2.1.3 scene to
2026-07-14T13:52:40Z [3,569ms] [Warning] [isaacsim.asset.importer.urdf] The path partnet_342b3313-3916-4f5d-a456-36fafea95036 is not a valid usd path, modifying to partnet_342b3313_3916_4f5d_a456_36fafea95036
2026-07-14T13:52:40Z [3,581ms] [Warning] [isaacsim.asset.importer.urdf] No mass specified for link base
2026-07-14T13:52:40Z [3,581ms] [Warning] [omni.usd] Warning: in _ReportErrors at line 3172 of /builds/omniverse/usd-ci/USD/pxr/usd/usd/stage.cpp -- In </partnet_342b3313_3916_4f5d_a456_36fafea95036/base/visuals>: Unresolved reference prim path @/home/ubuntu/workspace/physvla_sim/datasets/data_normalized/Dishwasher_urdf/12065/configuration/fitr_info1_physics.usd@</visuals/base> introduced by @/home/ubuntu/workspace/physvla_sim/datasets/data_normalized/Dishwasher_urdf/12065/configuration/fitr_info1_base.usd@</partnet_342b3313_3916_4f5d_a456_36fafea95036/base/visuals> (recomposing stage on stage @/home/ubuntu/workspace/physvla_sim/datasets/data_normalized/Dishwasher_urdf/12065/configuration/fitr_info1_physics.usd@ <0x23166af0>)

2026-07-14T13:52:40Z [3,581ms] [Warning] [omni.usd] Warning: in _ReportErrors at line 3172 of /builds/omniverse/usd-ci/USD/pxr/usd/usd/stage.cpp -- In </partnet_342b3313_3916_4f5d_a456_36fafea95036/base/visuals>: Unresolved reference prim path @/home/ubuntu/workspace/physvla_sim/datasets/data_normalized/Dishwasher_urdf/12065/fitr_info1.usd@</visuals/base> introduced by @/home/ubuntu/workspace/physvla_sim/datasets/data_normalized/Dishwasher_urdf/12065/configuration/fitr_info1_base.usd@</partnet_342b3313_3916_4f5d_a456_36fafea95036/base/visuals> (recomposing stage on stage @/home/ubuntu/workspace/physvla_sim/datasets/data_normalized/Dishwasher_urdf/12065/fitr_info1.usd@ <0x23153270>)

2026-07-14T13:52:40Z [3,581ms] [Warning] [omni.usd] Warning: in _ReportErrors at line 3172 of /builds/omniverse/usd-ci/USD/pxr/usd/usd/stage.cpp -- In </partnet_342b3313_3916_4f5d_a456_36fafea95036/base/visuals>: Unresolved reference prim path @/home/ubuntu/workspace/physvla_sim/datasets/data_normalized/Dishwasher_urdf/12065/fitr_info1.usd@</visuals/base> introduced by @/home/ubuntu/workspace/physvla_sim/datasets/data_normalized/Dishwasher_urdf/12065/configuration/fitr_info1_base.usd@</partnet_342b3313_3916_4f5d_a456_36fafea95036/base/visuals> (recomposing stage on stage @/home/ubuntu/workspace/physvla_sim/datasets/data_normalized/Dishwasher_urdf/12065/fitr_info1.usd@ <0x2314f3d0>)

2026-07-14T13:52:40Z [3,581ms] [Warning] [omni.usd] Warning: in _ReportErrors at line 3172 of /builds/omniverse/usd-ci/USD/pxr/usd/usd/stage.cpp -- In </partnet_342b3313_3916_4f5d_a456_36fafea95036/base/visuals>: Unresolved reference prim path @/home/ubuntu/workspace/physvla_sim/datasets/data_normalized/Dishwasher_urdf/12065/configuration/fitr_info1_base.usd@</visuals/base> introduced by @/home/ubuntu/workspace/physvla_sim/datasets/data_normalized/Dishwasher_urdf/12065/configuration/fitr_info1_base.usd@</partnet_342b3313_3916_4f5d_a456_36fafea95036/base/visuals> (recomposing stage on stage @/home/ubuntu/workspace/physvla_sim/datasets/data_normalized/Dishwasher_urdf/12065/configuration/fitr_info1_base.usd@ <0x2316fc10>)

2026-07-14T13:52:40Z [3,581ms] [Warning] [omni.usd] Warning: in _ReportErrors at line 3172 of /builds/omniverse/usd-ci/USD/pxr/usd/usd/stage.cpp -- In </partnet_342b3313_3916_4f5d_a456_36fafea95036/base/visuals>: Unresolved reference prim path @/home/ubuntu/workspace/physvla_sim/datasets/data_normalized/Dishwasher_urdf/12065/configuration/fitr_info1_physics.usd@</visuals/base> introduced by @/home/ubuntu/workspace/physvla_sim/datasets/data_normalized/Dishwasher_urdf/12065/configuration/fitr_info1_base.usd@</partnet_342b3313_3916_4f5d_a456_36fafea95036/base/visuals> (recomposing stage on stage @/home/ubuntu/workspace/physvla_sim/datasets/data_normalized/Dishwasher_urdf/12065/configuration/fitr_info1_physics.usd@ <0x23166af0>)

2026-07-14T13:52:40Z [3,581ms] [Warning] [omni.usd] Warning: in _ReportErrors at line 3172 of /builds/omniverse/usd-ci/USD/pxr/usd/usd/stage.cpp -- In </partnet_342b3313_3916_4f5d_a456_36fafea95036/base/visuals>: Unresolved reference prim path @/home/ubuntu/workspace/physvla_sim/datasets/data_normalized/Dishwasher_urdf/12065/fitr_info1.usd@</visuals/base> introduced by @/home/ubuntu/workspace/physvla_sim/datasets/data_normalized/Dishwasher_urdf/12065/configuration/fitr_info1_base.usd@</partnet_342b3313_3916_4f5d_a456_36fafea95036/base/visuals> (recomposing stage on stage @/home/ubuntu/workspace/physvla_sim/datasets/data_normalized/Dishwasher_urdf/12065/fitr_info1.usd@ <0x23153270>)

2026-07-14T13:52:40Z [3,581ms] [Warning] [omni.usd] Warning: in _ReportErrors at line 3172 of /builds/omniverse/usd-ci/USD/pxr/usd/usd/stage.cpp -- In </partnet_342b3313_3916_4f5d_a456_36fafea95036/base/visuals>: Unresolved reference prim path @/home/ubuntu/workspace/physvla_sim/datasets/data_normalized/Dishwasher_urdf/12065/fitr_info1.usd@</visuals/base> introduced by @/home/ubuntu/workspace/physvla_sim/datasets/data_normalized/Dishwasher_urdf/12065/configuration/fitr_info1_base.usd@</partnet_342b3313_3916_4f5d_a456_36fafea95036/base/visuals> (recomposing stage on stage @/home/ubuntu/workspace/physvla_sim/datasets/data_normalized/Dishwasher_urdf/12065/fitr_info1.usd@ <0x2314f3d0>)

2026-07-14T13:52:40Z [3,581ms] [Warning] [omni.usd] Warning: in _ReportErrors at line 3172 of /builds/omniverse/usd-ci/USD/pxr/usd/usd/stage.cpp -- In </partnet_342b3313_3916_4f5d_a456_36fafea95036/base/visuals>: Unresolved reference prim path @/home/ubuntu/workspace/physvla_sim/datasets/data_normalized/Dishwasher_urdf/12065/configuration/fitr_info1_base.usd@</visuals/base> introduced by @/home/ubuntu/workspace/physvla_sim/datasets/data_normalized/Dishwasher_urdf/12065/configuration/fitr_info1_base.usd@</partnet_342b3313_3916_4f5d_a456_36fafea95036/base/visuals> (recomposing stage on stage @/home/ubuntu/workspace/physvla_sim/datasets/data_normalized/Dishwasher_urdf/12065/configuration/fitr_info1_base.usd@ <0x2316fc10>)

2026-07-14T13:52:40Z [3,581ms] [Warning] [isaacsim.asset.importer.urdf] Link base has no colliders, and no inertia was imported; assigning a small isotropic inertia matrix
2026-07-14T13:52:40Z [3,582ms] [Warning] [isaacsim.asset.importer.urdf] No mass specified for link body
2026-07-14T13:52:40Z [3,598ms] [Warning] [isaacsim.asset.importer.urdf] No mass specified for link door_1
2026-07-14T13:52:40Z [3,615ms] [Warning] [omni.usd] Warning: in _ReportErrors at line 3172 of /builds/omniverse/usd-ci/USD/pxr/usd/usd/stage.cpp -- In </partnet_342b3313_3916_4f5d_a456_36fafea95036/base/visuals>: Unresolved reference prim path @/home/ubuntu/workspace/physvla_sim/datasets/data_normalized/Dishwasher_urdf/12065/configuration/fitr_info1_base.usd@</visuals/base> introduced by @/home/ubuntu/workspace/physvla_sim/datasets/data_normalized/Dishwasher_urdf/12065/configuration/fitr_info1_base.usd@</partnet_342b3313_3916_4f5d_a456_36fafea95036/base/visuals> (recomposing stage on stage @/home/ubuntu/workspace/physvla_sim/datasets/data_normalized/Dishwasher_urdf/12065/fitr_info1.usd@ <0x23153270>)

2026-07-14T13:52:40Z [3,615ms] [Warning] [omni.usd] Warning: in _ReportErrors at line 3172 of /builds/omniverse/usd-ci/USD/pxr/usd/usd/stage.cpp -- In </partnet_342b3313_3916_4f5d_a456_36fafea95036/base/visuals>: Unresolved reference prim path @/home/ubuntu/workspace/physvla_sim/datasets/data_normalized/Dishwasher_urdf/12065/configuration/fitr_info1_base.usd@</visuals/base> introduced by @/home/ubuntu/workspace/physvla_sim/datasets/data_normalized/Dishwasher_urdf/12065/configuration/fitr_info1_base.usd@</partnet_342b3313_3916_4f5d_a456_36fafea95036/base/visuals> (recomposing stage on stage @/home/ubuntu/workspace/physvla_sim/datasets/data_normalized/Dishwasher_urdf/12065/fitr_info1.usd@ <0x2314f3d0>)

2026-07-14T13:52:40Z [3,617ms] [Warning] [omni.usd] Warning: in _ReportErrors at line 3172 of /builds/omniverse/usd-ci/USD/pxr/usd/usd/stage.cpp -- In </partnet_342b3313_3916_4f5d_a456_36fafea95036/base/visuals>: Unresolved reference prim path @/home/ubuntu/workspace/physvla_sim/datasets/data_normalized/Dishwasher_urdf/12065/configuration/fitr_info1_physics.usd@</visuals/base> introduced by @/home/ubuntu/workspace/physvla_sim/datasets/data_normalized/Dishwasher_urdf/12065/configuration/fitr_info1_base.usd@</partnet_342b3313_3916_4f5d_a456_36fafea95036/base/visuals> (recomposing stage on stage @/home/ubuntu/workspace/physvla_sim/datasets/data_normalized/Dishwasher_urdf/12065/fitr_info1.usd@ <0x23153270>)

2026-07-14T13:52:40Z [3,618ms] [Warning] [omni.usd] Warning: in _ReportErrors at line 3172 of /builds/omniverse/usd-ci/USD/pxr/usd/usd/stage.cpp -- In </partnet_342b3313_3916_4f5d_a456_36fafea95036/base/visuals>: Unresolved reference prim path @/home/ubuntu/workspace/physvla_sim/datasets/data_normalized/Dishwasher_urdf/12065/configuration/fitr_info1_physics.usd@</visuals/base> introduced by @/home/ubuntu/workspace/physvla_sim/datasets/data_normalized/Dishwasher_urdf/12065/configuration/fitr_info1_base.usd@</partnet_342b3313_3916_4f5d_a456_36fafea95036/base/visuals> (recomposing stage on stage @/home/ubuntu/workspace/physvla_sim/datasets/data_normalized/Dishwasher_urdf/12065/fitr_info1.usd@ <0x2314f3d0>)

2026-07-14T13:52:40Z [3,619ms] [Warning] [omni.usd] Warning: in _ReportErrors at line 3172 of /builds/omniverse/usd-ci/USD/pxr/usd/usd/stage.cpp -- In </partnet_342b3313_3916_4f5d_a456_36fafea95036/base/visuals>: Unresolved reference prim path @/home/ubuntu/workspace/physvla_sim/datasets/data_normalized/Dishwasher_urdf/12065/configuration/fitr_info1_physics.usd@</visuals/base> introduced by @/home/ubuntu/workspace/physvla_sim/datasets/data_normalized/Dishwasher_urdf/12065/configuration/fitr_info1_base.usd@</partnet_342b3313_3916_4f5d_a456_36fafea95036/base/visuals> (recomposing stage on stage @/home/ubuntu/workspace/physvla_sim/datasets/data_normalized/Dishwasher_urdf/12065/fitr_info1.usd@ <0x23153270>)

2026-07-14T13:52:40Z [3,619ms] [Warning] [omni.usd] Warning: in _ReportErrors at line 3172 of /builds/omniverse/usd-ci/USD/pxr/usd/usd/stage.cpp -- In </partnet_342b3313_3916_4f5d_a456_36fafea95036/base/visuals>: Unresolved reference prim path @/home/ubuntu/workspace/physvla_sim/datasets/data_normalized/Dishwasher_urdf/12065/configuration/fitr_info1_physics.usd@</visuals/base> introduced by @/home/ubuntu/workspace/physvla_sim/datasets/data_normalized/Dishwasher_urdf/12065/configuration/fitr_info1_base.usd@</partnet_342b3313_3916_4f5d_a456_36fafea95036/base/visuals> (recomposing stage on stage @/home/ubuntu/workspace/physvla_sim/datasets/data_normalized/Dishwasher_urdf/12065/fitr_info1.usd@ <0x2314f3d0>)

2026-07-14T13:52:40Z [3,620ms] [Warning] [omni.usd] Warning: in _ReportErrors at line 3172 of /builds/omniverse/usd-ci/USD/pxr/usd/usd/stage.cpp -- In </partnet_342b3313_3916_4f5d_a456_36fafea95036/base/visuals>: Unresolved reference prim path @/home/ubuntu/workspace/physvla_sim/datasets/data_normalized/Dishwasher_urdf/12065/configuration/fitr_info1_physics.usd@</visuals/base> introduced by @/home/ubuntu/workspace/physvla_sim/datasets/data_normalized/Dishwasher_urdf/12065/configuration/fitr_info1_base.usd@</partnet_342b3313_3916_4f5d_a456_36fafea95036/base/visuals> (recomposing stage on stage @/home/ubuntu/workspace/physvla_sim/datasets/data_normalized/Dishwasher_urdf/12065/fitr_info1.usd@ <0x23153270>)

2026-07-14T13:52:40Z [3,621ms] [Warning] [omni.usd] Warning: in _ReportErrors at line 3172 of /builds/omniverse/usd-ci/USD/pxr/usd/usd/stage.cpp -- In </partnet_342b3313_3916_4f5d_a456_36fafea95036/base/visuals>: Unresolved reference prim path @/home/ubuntu/workspace/physvla_sim/datasets/data_normalized/Dishwasher_urdf/12065/configuration/fitr_info1_physics.usd@</visuals/base> introduced by @/home/ubuntu/workspace/physvla_sim/datasets/data_normalized/Dishwasher_urdf/12065/configuration/fitr_info1_base.usd@</partnet_342b3313_3916_4f5d_a456_36fafea95036/base/visuals> (recomposing stage on stage @/home/ubuntu/workspace/physvla_sim/datasets/data_normalized/Dishwasher_urdf/12065/fitr_info1.usd@ <0x2314f3d0>)

2026-07-14T13:52:40Z [3,622ms] [Warning] [omni.usd] Warning: in _ReportErrors at line 3172 of /builds/omniverse/usd-ci/USD/pxr/usd/usd/stage.cpp -- In </partnet_342b3313_3916_4f5d_a456_36fafea95036/base/visuals>: Unresolved reference prim path @/home/ubuntu/workspace/physvla_sim/datasets/data_normalized/Dishwasher_urdf/12065/configuration/fitr_info1_physics.usd@</visuals/base> introduced by @/home/ubuntu/workspace/physvla_sim/datasets/data_normalized/Dishwasher_urdf/12065/configuration/fitr_info1_base.usd@</partnet_342b3313_3916_4f5d_a456_36fafea95036/base/visuals> (recomposing stage on stage @/home/ubuntu/workspace/physvla_sim/datasets/data_normalized/Dishwasher_urdf/12065/fitr_info1.usd@ <0x23153270>)

2026-07-14T13:52:40Z [3,623ms] [Warning] [omni.usd] Warning: in _ReportErrors at line 3172 of /builds/omniverse/usd-ci/USD/pxr/usd/usd/stage.cpp -- In </partnet_342b3313_3916_4f5d_a456_36fafea95036/base/visuals>: Unresolved reference prim path @/home/ubuntu/workspace/physvla_sim/datasets/data_normalized/Dishwasher_urdf/12065/configuration/fitr_info1_physics.usd@</visuals/base> introduced by @/home/ubuntu/workspace/physvla_sim/datasets/data_normalized/Dishwasher_urdf/12065/configuration/fitr_info1_base.usd@</partnet_342b3313_3916_4f5d_a456_36fafea95036/base/visuals> (recomposing stage on stage @/home/ubuntu/workspace/physvla_sim/datasets/data_normalized/Dishwasher_urdf/12065/fitr_info1.usd@ <0x2314f3d0>)

2026-07-14T13:52:40Z [3,624ms] [Warning] [omni.usd] Warning: in _ReportErrors at line 3172 of /builds/omniverse/usd-ci/USD/pxr/usd/usd/stage.cpp -- In </partnet_342b3313_3916_4f5d_a456_36fafea95036/base/visuals>: Unresolved reference prim path @/home/ubuntu/workspace/physvla_sim/datasets/data_normalized/Dishwasher_urdf/12065/configuration/fitr_info1_physics.usd@</visuals/base> introduced by @/home/ubuntu/workspace/physvla_sim/datasets/data_normalized/Dishwasher_urdf/12065/configuration/fitr_info1_base.usd@</partnet_342b3313_3916_4f5d_a456_36fafea95036/base/visuals> (recomposing stage on stage @/home/ubuntu/workspace/physvla_sim/datasets/data_normalized/Dishwasher_urdf/12065/fitr_info1.usd@ <0x23153270>)

2026-07-14T13:52:40Z [3,625ms] [Warning] [omni.usd] Warning: in _ReportErrors at line 3172 of /builds/omniverse/usd-ci/USD/pxr/usd/usd/stage.cpp -- In </partnet_342b3313_3916_4f5d_a456_36fafea95036/base/visuals>: Unresolved reference prim path @/home/ubuntu/workspace/physvla_sim/datasets/data_normalized/Dishwasher_urdf/12065/configuration/fitr_info1_physics.usd@</visuals/base> introduced by @/home/ubuntu/workspace/physvla_sim/datasets/data_normalized/Dishwasher_urdf/12065/configuration/fitr_info1_base.usd@</partnet_342b3313_3916_4f5d_a456_36fafea95036/base/visuals> (recomposing stage on stage @/home/ubuntu/workspace/physvla_sim/datasets/data_normalized/Dishwasher_urdf/12065/fitr_info1.usd@ <0x2314f3d0>)

2026-07-14T13:52:40Z [3,626ms] [Warning] [omni.usd] Warning: in _ReportErrors at line 3172 of /builds/omniverse/usd-ci/USD/pxr/usd/usd/stage.cpp -- In </partnet_342b3313_3916_4f5d_a456_36fafea95036/base/visuals>: Unresolved reference prim path @/home/ubuntu/workspace/physvla_sim/datasets/data_normalized/Dishwasher_urdf/12065/configuration/fitr_info1_physics.usd@</visuals/base> introduced by @/home/ubuntu/workspace/physvla_sim/datasets/data_normalized/Dishwasher_urdf/12065/configuration/fitr_info1_base.usd@</partnet_342b3313_3916_4f5d_a456_36fafea95036/base/visuals> (recomposing stage on stage @/home/ubuntu/workspace/physvla_sim/datasets/data_normalized/Dishwasher_urdf/12065/fitr_info1.usd@ <0x23153270>)

2026-07-14T13:52:40Z [3,628ms] [Warning] [omni.usd] Warning: in _ReportErrors at line 3172 of /builds/omniverse/usd-ci/USD/pxr/usd/usd/stage.cpp -- In </partnet_342b3313_3916_4f5d_a456_36fafea95036/base/visuals>: Unresolved reference prim path @/home/ubuntu/workspace/physvla_sim/datasets/data_normalized/Dishwasher_urdf/12065/configuration/fitr_info1_physics.usd@</visuals/base> introduced by @/home/ubuntu/workspace/physvla_sim/datasets/data_normalized/Dishwasher_urdf/12065/configuration/fitr_info1_base.usd@</partnet_342b3313_3916_4f5d_a456_36fafea95036/base/visuals> (recomposing stage on stage @/home/ubuntu/workspace/physvla_sim/datasets/data_normalized/Dishwasher_urdf/12065/fitr_info1.usd@ <0x2314f3d0>)

2026-07-14T13:52:40Z [3,629ms] [Warning] [omni.usd] Warning: in _ReportErrors at line 3172 of /builds/omniverse/usd-ci/USD/pxr/usd/usd/stage.cpp -- In </partnet_342b3313_3916_4f5d_a456_36fafea95036/base/visuals>: Unresolved reference prim path @/home/ubuntu/workspace/physvla_sim/datasets/data_normalized/Dishwasher_urdf/12065/configuration/fitr_info1_physics.usd@</visuals/base> introduced by @/home/ubuntu/workspace/physvla_sim/datasets/data_normalized/Dishwasher_urdf/12065/configuration/fitr_info1_base.usd@</partnet_342b3313_3916_4f5d_a456_36fafea95036/base/visuals> (recomposing stage on stage @/home/ubuntu/workspace/physvla_sim/datasets/data_normalized/Dishwasher_urdf/12065/fitr_info1.usd@ <0x23153270>)

2026-07-14T13:52:40Z [3,631ms] [Warning] [omni.usd] Warning: in _ReportErrors at line 3172 of /builds/omniverse/usd-ci/USD/pxr/usd/usd/stage.cpp -- In </partnet_342b3313_3916_4f5d_a456_36fafea95036/base/visuals>: Unresolved reference prim path @/home/ubuntu/workspace/physvla_sim/datasets/data_normalized/Dishwasher_urdf/12065/configuration/fitr_info1_physics.usd@</visuals/base> introduced by @/home/ubuntu/workspace/physvla_sim/datasets/data_normalized/Dishwasher_urdf/12065/configuration/fitr_info1_base.usd@</partnet_342b3313_3916_4f5d_a456_36fafea95036/base/visuals> (recomposing stage on stage @/home/ubuntu/workspace/physvla_sim/datasets/data_normalized/Dishwasher_urdf/12065/fitr_info1.usd@ <0x2314f3d0>)

Loading user config located at: '/home/ubuntu/isaacsim/kit/data/Kit/Isaac-Sim/5.1/user.config.json'
[Info] [carb] Logging to file: /home/ubuntu/isaacsim/kit/logs/Kit/Isaac-Sim/5.1/kit_20260714_215240.log
2026-07-14T13:52:40Z [183ms] [Warning] [omni.usd_config.extension] Enable omni.materialx.libs extension to use MaterialX
2026-07-14T13:52:40Z [186ms] [Warning] [omni.platforminfo.plugin] failed to open the default display.  Can't verify X Server version.
2026-07-14T13:52:41Z [457ms] [Warning] [carb] Acquiring non optional plugin interface which is not listed as dependency: [omni::physx::IPhysxBenchmarks v1.0] (plugin: <default plugin>), by client: omni.physics.physx.plugin. Add it to CARB_PLUGIN_IMPL_DEPS() macro of a client.
2026-07-14T13:52:41Z [595ms] [Warning] [omni.isaac.dynamic_control] omni.isaac.dynamic_control is deprecated as of Isaac Sim 4.5. No action is needed from end-users.

|---------------------------------------------------------------------------------------------|
| Driver Version: 580.142       | Graphics API: Vulkan
|=============================================================================================|
| GPU | Name                             | Active | LDA | GPU Memory | Vendor-ID | LUID       |
|     |                                  |        |     |            | Device-ID | UUID       |
|     |                                  |        |     |            | Bus-ID    |            |
|---------------------------------------------------------------------------------------------|
| 0   | NVIDIA GeForce RTX 5090 D v2     | Yes: 0 |     | 24701   MB | 10de      | 0          |
|     |                                  |        |     |            | 2b8c      | 5f3d0dc0.. |
|     |                                  |        |     |            | 1         |            |
|=============================================================================================|
| OS: 24.04.3 LTS (Noble Numbat) ubuntu, Version: 24.04.3, Kernel: 6.17.0-1017-oem
| Processor: Intel(R) Core(TM) i9-14900K
| Cores: 24 | Logical Cores: 32
|---------------------------------------------------------------------------------------------|
| Total Memory (MB): 64063 | Free Memory: 55367
| Total Page/Swap (MB): 8191 | Free Page/Swap: 8191
|---------------------------------------------------------------------------------------------|
2026-07-14T13:52:43Z [2,593ms] [Warning] [gpu.foundation.plugin] CPU performance profile is set to powersave. This profile sets the CPU to the lowest frequency reducing performance.
2026-07-14T13:52:43Z [2,601ms] [Warning] [gpu.foundation.plugin] IOMMU is enabled.
2026-07-14T13:52:43Z [2,755ms] [Warning] [omni.usd] Warning: in _ReportErrors at line 3172 of /builds/omniverse/usd-ci/USD/pxr/usd/usd/stage.cpp -- In </partnet_342b3313_3916_4f5d_a456_36fafea95036/base/visuals>: Unresolved reference prim path @/home/ubuntu/workspace/physvla_sim/datasets/data_normalized/Dishwasher_urdf/12065/configuration/fitr_info1_base.usd@</visuals/base> introduced by @/home/ubuntu/workspace/physvla_sim/datasets/data_normalized/Dishwasher_urdf/12065/configuration/fitr_info1_base.usd@</partnet_342b3313_3916_4f5d_a456_36fafea95036/base/visuals> (instantiating stage on stage @/home/ubuntu/workspace/physvla_sim/datasets/data_normalized/Dishwasher_urdf/12065/configuration/fitr_info1_base.usd@ <0x3c2c4130>)

2026-07-14T13:52:43Z [2,758ms] [Warning] [omni.usd] Warning: in _ReportErrors at line 3172 of /builds/omniverse/usd-ci/USD/pxr/usd/usd/stage.cpp -- In </partnet_342b3313_3916_4f5d_a456_36fafea95036/base/visuals>: Unresolved reference prim path @/home/ubuntu/workspace/physvla_sim/datasets/data_normalized/Dishwasher_urdf/12065/configuration/fitr_info1_physics.usd@</visuals/base> introduced by @/home/ubuntu/workspace/physvla_sim/datasets/data_normalized/Dishwasher_urdf/12065/configuration/fitr_info1_base.usd@</partnet_342b3313_3916_4f5d_a456_36fafea95036/base/visuals> (instantiating stage on stage @/home/ubuntu/workspace/physvla_sim/datasets/data_normalized/Dishwasher_urdf/12065/configuration/fitr_info1_physics.usd@ <0x446924f0>)

[INFO][AppLauncher]: Using device: cuda:0
[INFO][AppLauncher]: Loading experience file: /home/ubuntu/workspace/IsaacLab/apps/isaaclab.python.headless.kit
Traceback (most recent call last):
  File "/home/ubuntu/workspace/physvla_sim/Augment_code/dyn/author_info1_usd.py", line 189, in <module>
    main()
  File "/home/ubuntu/workspace/physvla_sim/Augment_code/dyn/author_info1_usd.py", line 131, in main
    prim, drive_name = author_joint(physics_stage, data)
                       ^^^^^^^^^^^^^^^^^^^^^^^^^^^^^^^^^
  File "/home/ubuntu/workspace/physvla_sim/Augment_code/dyn/author_info1_usd.py", line 92, in author_joint
    prim = child_prim(stage, f"joints/{data['joint_name']}", "joint dynamics")
           ^^^^^^^^^^^^^^^^^^^^^^^^^^^^^^^^^^^^^^^^^^^^^^^^^^^^^^^^^^^^^^^^^^^
  File "/home/ubuntu/workspace/physvla_sim/Augment_code/dyn/author_info1_usd.py", line 37, in child_prim
    raise ValueError(f"Missing {purpose} prim at {root.GetPath()}/{relative_path}")
ValueError: Missing joint dynamics prim at /partnet_342b3313_3916_4f5d_a456_36fafea95036/joints/joint_0
2026-07-14T13:52:43Z [2,763ms] [Warning] [omni.physx.plugin] USD stage detach not called, holding a loose ptr to a stage!
2026-07-14T13:52:43Z [2,867ms] [Warning] [carb] Recursive unloadAllPlugins() detected!
Loading user config located at: '/home/ubuntu/isaacsim/kit/data/Kit/Isaac-Sim/5.1/user.config.json'
[Info] [carb] Logging to file: /home/ubuntu/isaacsim/kit/logs/Kit/Isaac-Sim/5.1/kit_20260714_215243.log
2026-07-14T13:52:44Z [184ms] [Warning] [omni.usd_config.extension] Enable omni.materialx.libs extension to use MaterialX
2026-07-14T13:52:44Z [185ms] [Warning] [omni.platforminfo.plugin] failed to open the default display.  Can't verify X Server version.
2026-07-14T13:52:44Z [468ms] [Warning] [carb] Acquiring non optional plugin interface which is not listed as dependency: [omni::physx::IPhysxBenchmarks v1.0] (plugin: <default plugin>), by client: omni.physics.physx.plugin. Add it to CARB_PLUGIN_IMPL_DEPS() macro of a client.
2026-07-14T13:52:44Z [601ms] [Warning] [omni.isaac.dynamic_control] omni.isaac.dynamic_control is deprecated as of Isaac Sim 4.5. No action is needed from end-users.

|---------------------------------------------------------------------------------------------|
| Driver Version: 580.142       | Graphics API: Vulkan
|=============================================================================================|
| GPU | Name                             | Active | LDA | GPU Memory | Vendor-ID | LUID       |
|     |                                  |        |     |            | Device-ID | UUID       |
|     |                                  |        |     |            | Bus-ID    |            |
|---------------------------------------------------------------------------------------------|
| 0   | NVIDIA GeForce RTX 5090 D v2     | Yes: 0 |     | 24701   MB | 10de      | 0          |
|     |                                  |        |     |            | 2b8c      | 5f3d0dc0.. |
|     |                                  |        |     |            | 1         |            |
|=============================================================================================|
| OS: 24.04.3 LTS (Noble Numbat) ubuntu, Version: 24.04.3, Kernel: 6.17.0-1017-oem
| Processor: Intel(R) Core(TM) i9-14900K
| Cores: 24 | Logical Cores: 32
|---------------------------------------------------------------------------------------------|
| Total Memory (MB): 64063 | Free Memory: 55350
| Total Page/Swap (MB): 8191 | Free Page/Swap: 8191
|---------------------------------------------------------------------------------------------|
2026-07-14T13:52:46Z [2,570ms] [Warning] [gpu.foundation.plugin] CPU performance profile is set to powersave. This profile sets the CPU to the lowest frequency reducing performance.
2026-07-14T13:52:46Z [2,578ms] [Warning] [gpu.foundation.plugin] IOMMU is enabled.
2026-07-14T13:52:46Z [2,711ms] [Warning] [carb.windowing-glfw.plugin] GLFW initialization failed.
2026-07-14T13:52:46Z [2,711ms] [Warning] [carb] Failed to startup plugin carb.windowing-glfw.plugin (interfaces: [carb::windowing::IGLContext v1.0],[carb::windowing::IWindowing v1.5]) (impl: carb.windowing-glfw.plugin)

|---------------------------------------------------------------------------------------------|
| Driver Version: 580.142       | Graphics API: Vulkan
|=============================================================================================|
| GPU | Name                             | Active | LDA | GPU Memory | Vendor-ID | LUID       |
|     |                                  |        |     |            | Device-ID | UUID       |
|     |                                  |        |     |            | Bus-ID    |            |
|---------------------------------------------------------------------------------------------|
| 0   | NVIDIA GeForce RTX 5090 D v2     | Yes: 0 |     | 24701   MB | 10de      | 0          |
|     |                                  |        |     |            | 2b8c      | 5f3d0dc0.. |
|     |                                  |        |     |            | 1         |            |
|=============================================================================================|
| OS: 24.04.3 LTS (Noble Numbat) ubuntu, Version: 24.04.3, Kernel: 6.17.0-1017-oem
| Processor: Intel(R) Core(TM) i9-14900K
| Cores: 24 | Logical Cores: 32
|---------------------------------------------------------------------------------------------|
| Total Memory (MB): 64063 | Free Memory: 55127
| Total Page/Swap (MB): 8191 | Free Page/Swap: 8191
|---------------------------------------------------------------------------------------------|
2026-07-14T13:52:46Z [2,944ms] [Warning] [gpu.foundation.plugin] CPU performance profile is set to powersave. This profile sets the CPU to the lowest frequency reducing performance.
2026-07-14T13:52:46Z [2,944ms] [Warning] [gpu.foundation.plugin] IOMMU is enabled.
2026-07-14T13:52:47Z [3,157ms] [Warning] [carb.windowing-glfw.plugin] GLFW initialization failed.
2026-07-14T13:52:47Z [3,157ms] [Warning] [carb] Failed to startup plugin carb.windowing-glfw.plugin (interfaces: [carb::windowing::IGLContext v1.0],[carb::windowing::IWindowing v1.5]) (impl: carb.windowing-glfw.plugin)
2026-07-14T13:52:47Z [3,169ms] [Warning] [carb.windowing-glfw.plugin] GLFW initialization failed.
2026-07-14T13:52:47Z [3,169ms] [Warning] [carb] Failed to startup plugin carb.windowing-glfw.plugin (interfaces: [carb::windowing::IGLContext v1.0],[carb::windowing::IWindowing v1.5]) (impl: carb.windowing-glfw.plugin)
2026-07-14T13:52:47Z [3,174ms] [Warning] [carb.windowing-glfw.plugin] GLFW initialization failed.
2026-07-14T13:52:47Z [3,174ms] [Warning] [carb] Failed to startup plugin carb.windowing-glfw.plugin (interfaces: [carb::windowing::IGLContext v1.0],[carb::windowing::IWindowing v1.5]) (impl: carb.windowing-glfw.plugin)
2026-07-14T13:52:47Z [3,179ms] [Warning] [carb.windowing-glfw.plugin] GLFW initialization failed.
2026-07-14T13:52:47Z [3,179ms] [Warning] [carb] Failed to startup plugin carb.windowing-glfw.plugin (interfaces: [carb::windowing::IGLContext v1.0],[carb::windowing::IWindowing v1.5]) (impl: carb.windowing-glfw.plugin)
2026-07-14T13:52:47Z [3,180ms] [Warning] [carb.windowing-glfw.plugin] GLFW initialization failed.
2026-07-14T13:52:47Z [3,180ms] [Warning] [carb] Failed to startup plugin carb.windowing-glfw.plugin (interfaces: [carb::windowing::IGLContext v1.0],[carb::windowing::IWindowing v1.5]) (impl: carb.windowing-glfw.plugin)
2026-07-14T13:52:47Z [3,180ms] [Warning] [carb.windowing-glfw.plugin] GLFW initialization failed.
2026-07-14T13:52:47Z [3,180ms] [Warning] [carb] Failed to startup plugin carb.windowing-glfw.plugin (interfaces: [carb::windowing::IGLContext v1.0],[carb::windowing::IWindowing v1.5]) (impl: carb.windowing-glfw.plugin)
2026-07-14T13:52:47Z [3,424ms] [Warning] [omni.graph.visualization.nodes._impl.extension] No Viewport Window to add omni.graph.visualization.nodes-2.1.3 scene to
2026-07-14T13:52:47Z [3,520ms] [Warning] [isaacsim.asset.importer.urdf] No mass specified for link base
2026-07-14T13:52:47Z [3,520ms] [Warning] [omni.usd] Warning: in _ReportErrors at line 3172 of /builds/omniverse/usd-ci/USD/pxr/usd/usd/stage.cpp -- In </partnet_6e85f6897e07e0b1df3a1b0d597ce76e/base/visuals>: Unresolved reference prim path @/home/ubuntu/workspace/physvla_sim/datasets/data_normalized/Dishwasher_urdf/12067/configuration/fitr_info1_physics.usd@</visuals/base> introduced by @/home/ubuntu/workspace/physvla_sim/datasets/data_normalized/Dishwasher_urdf/12067/configuration/fitr_info1_base.usd@</partnet_6e85f6897e07e0b1df3a1b0d597ce76e/base/visuals> (recomposing stage on stage @/home/ubuntu/workspace/physvla_sim/datasets/data_normalized/Dishwasher_urdf/12067/configuration/fitr_info1_physics.usd@ <0x234a4ce0>)

2026-07-14T13:52:47Z [3,521ms] [Warning] [omni.usd] Warning: in _ReportErrors at line 3172 of /builds/omniverse/usd-ci/USD/pxr/usd/usd/stage.cpp -- In </partnet_6e85f6897e07e0b1df3a1b0d597ce76e/base/visuals>: Unresolved reference prim path @/home/ubuntu/workspace/physvla_sim/datasets/data_normalized/Dishwasher_urdf/12067/fitr_info1.usd@</visuals/base> introduced by @/home/ubuntu/workspace/physvla_sim/datasets/data_normalized/Dishwasher_urdf/12067/configuration/fitr_info1_base.usd@</partnet_6e85f6897e07e0b1df3a1b0d597ce76e/base/visuals> (recomposing stage on stage @/home/ubuntu/workspace/physvla_sim/datasets/data_normalized/Dishwasher_urdf/12067/fitr_info1.usd@ <0x23491800>)

2026-07-14T13:52:47Z [3,521ms] [Warning] [omni.usd] Warning: in _ReportErrors at line 3172 of /builds/omniverse/usd-ci/USD/pxr/usd/usd/stage.cpp -- In </partnet_6e85f6897e07e0b1df3a1b0d597ce76e/base/visuals>: Unresolved reference prim path @/home/ubuntu/workspace/physvla_sim/datasets/data_normalized/Dishwasher_urdf/12067/fitr_info1.usd@</visuals/base> introduced by @/home/ubuntu/workspace/physvla_sim/datasets/data_normalized/Dishwasher_urdf/12067/configuration/fitr_info1_base.usd@</partnet_6e85f6897e07e0b1df3a1b0d597ce76e/base/visuals> (recomposing stage on stage @/home/ubuntu/workspace/physvla_sim/datasets/data_normalized/Dishwasher_urdf/12067/fitr_info1.usd@ <0x2348ce90>)

2026-07-14T13:52:47Z [3,521ms] [Warning] [omni.usd] Warning: in _ReportErrors at line 3172 of /builds/omniverse/usd-ci/USD/pxr/usd/usd/stage.cpp -- In </partnet_6e85f6897e07e0b1df3a1b0d597ce76e/base/visuals>: Unresolved reference prim path @/home/ubuntu/workspace/physvla_sim/datasets/data_normalized/Dishwasher_urdf/12067/configuration/fitr_info1_base.usd@</visuals/base> introduced by @/home/ubuntu/workspace/physvla_sim/datasets/data_normalized/Dishwasher_urdf/12067/configuration/fitr_info1_base.usd@</partnet_6e85f6897e07e0b1df3a1b0d597ce76e/base/visuals> (recomposing stage on stage @/home/ubuntu/workspace/physvla_sim/datasets/data_normalized/Dishwasher_urdf/12067/configuration/fitr_info1_base.usd@ <0x234aea20>)

2026-07-14T13:52:47Z [3,521ms] [Warning] [omni.usd] Warning: in _ReportErrors at line 3172 of /builds/omniverse/usd-ci/USD/pxr/usd/usd/stage.cpp -- In </partnet_6e85f6897e07e0b1df3a1b0d597ce76e/base/visuals>: Unresolved reference prim path @/home/ubuntu/workspace/physvla_sim/datasets/data_normalized/Dishwasher_urdf/12067/configuration/fitr_info1_physics.usd@</visuals/base> introduced by @/home/ubuntu/workspace/physvla_sim/datasets/data_normalized/Dishwasher_urdf/12067/configuration/fitr_info1_base.usd@</partnet_6e85f6897e07e0b1df3a1b0d597ce76e/base/visuals> (recomposing stage on stage @/home/ubuntu/workspace/physvla_sim/datasets/data_normalized/Dishwasher_urdf/12067/configuration/fitr_info1_physics.usd@ <0x234a4ce0>)

2026-07-14T13:52:47Z [3,521ms] [Warning] [omni.usd] Warning: in _ReportErrors at line 3172 of /builds/omniverse/usd-ci/USD/pxr/usd/usd/stage.cpp -- In </partnet_6e85f6897e07e0b1df3a1b0d597ce76e/base/visuals>: Unresolved reference prim path @/home/ubuntu/workspace/physvla_sim/datasets/data_normalized/Dishwasher_urdf/12067/fitr_info1.usd@</visuals/base> introduced by @/home/ubuntu/workspace/physvla_sim/datasets/data_normalized/Dishwasher_urdf/12067/configuration/fitr_info1_base.usd@</partnet_6e85f6897e07e0b1df3a1b0d597ce76e/base/visuals> (recomposing stage on stage @/home/ubuntu/workspace/physvla_sim/datasets/data_normalized/Dishwasher_urdf/12067/fitr_info1.usd@ <0x23491800>)

2026-07-14T13:52:47Z [3,521ms] [Warning] [omni.usd] Warning: in _ReportErrors at line 3172 of /builds/omniverse/usd-ci/USD/pxr/usd/usd/stage.cpp -- In </partnet_6e85f6897e07e0b1df3a1b0d597ce76e/base/visuals>: Unresolved reference prim path @/home/ubuntu/workspace/physvla_sim/datasets/data_normalized/Dishwasher_urdf/12067/fitr_info1.usd@</visuals/base> introduced by @/home/ubuntu/workspace/physvla_sim/datasets/data_normalized/Dishwasher_urdf/12067/configuration/fitr_info1_base.usd@</partnet_6e85f6897e07e0b1df3a1b0d597ce76e/base/visuals> (recomposing stage on stage @/home/ubuntu/workspace/physvla_sim/datasets/data_normalized/Dishwasher_urdf/12067/fitr_info1.usd@ <0x2348ce90>)

2026-07-14T13:52:47Z [3,521ms] [Warning] [omni.usd] Warning: in _ReportErrors at line 3172 of /builds/omniverse/usd-ci/USD/pxr/usd/usd/stage.cpp -- In </partnet_6e85f6897e07e0b1df3a1b0d597ce76e/base/visuals>: Unresolved reference prim path @/home/ubuntu/workspace/physvla_sim/datasets/data_normalized/Dishwasher_urdf/12067/configuration/fitr_info1_base.usd@</visuals/base> introduced by @/home/ubuntu/workspace/physvla_sim/datasets/data_normalized/Dishwasher_urdf/12067/configuration/fitr_info1_base.usd@</partnet_6e85f6897e07e0b1df3a1b0d597ce76e/base/visuals> (recomposing stage on stage @/home/ubuntu/workspace/physvla_sim/datasets/data_normalized/Dishwasher_urdf/12067/configuration/fitr_info1_base.usd@ <0x234aea20>)

2026-07-14T13:52:47Z [3,522ms] [Warning] [isaacsim.asset.importer.urdf] Link base has no colliders, and no inertia was imported; assigning a small isotropic inertia matrix
2026-07-14T13:52:47Z [3,523ms] [Warning] [isaacsim.asset.importer.urdf] No mass specified for link body
2026-07-14T13:52:47Z [3,539ms] [Warning] [isaacsim.asset.importer.urdf] No mass specified for link door_1
2026-07-14T13:52:47Z [3,558ms] [Warning] [omni.usd] Warning: in _ReportErrors at line 3172 of /builds/omniverse/usd-ci/USD/pxr/usd/usd/stage.cpp -- In </partnet_6e85f6897e07e0b1df3a1b0d597ce76e/base/visuals>: Unresolved reference prim path @/home/ubuntu/workspace/physvla_sim/datasets/data_normalized/Dishwasher_urdf/12067/configuration/fitr_info1_base.usd@</visuals/base> introduced by @/home/ubuntu/workspace/physvla_sim/datasets/data_normalized/Dishwasher_urdf/12067/configuration/fitr_info1_base.usd@</partnet_6e85f6897e07e0b1df3a1b0d597ce76e/base/visuals> (recomposing stage on stage @/home/ubuntu/workspace/physvla_sim/datasets/data_normalized/Dishwasher_urdf/12067/fitr_info1.usd@ <0x23491800>)

2026-07-14T13:52:47Z [3,558ms] [Warning] [omni.usd] Warning: in _ReportErrors at line 3172 of /builds/omniverse/usd-ci/USD/pxr/usd/usd/stage.cpp -- In </partnet_6e85f6897e07e0b1df3a1b0d597ce76e/base/visuals>: Unresolved reference prim path @/home/ubuntu/workspace/physvla_sim/datasets/data_normalized/Dishwasher_urdf/12067/configuration/fitr_info1_base.usd@</visuals/base> introduced by @/home/ubuntu/workspace/physvla_sim/datasets/data_normalized/Dishwasher_urdf/12067/configuration/fitr_info1_base.usd@</partnet_6e85f6897e07e0b1df3a1b0d597ce76e/base/visuals> (recomposing stage on stage @/home/ubuntu/workspace/physvla_sim/datasets/data_normalized/Dishwasher_urdf/12067/fitr_info1.usd@ <0x2348ce90>)

2026-07-14T13:52:47Z [3,561ms] [Warning] [omni.usd] Warning: in _ReportErrors at line 3172 of /builds/omniverse/usd-ci/USD/pxr/usd/usd/stage.cpp -- In </partnet_6e85f6897e07e0b1df3a1b0d597ce76e/base/visuals>: Unresolved reference prim path @/home/ubuntu/workspace/physvla_sim/datasets/data_normalized/Dishwasher_urdf/12067/configuration/fitr_info1_physics.usd@</visuals/base> introduced by @/home/ubuntu/workspace/physvla_sim/datasets/data_normalized/Dishwasher_urdf/12067/configuration/fitr_info1_base.usd@</partnet_6e85f6897e07e0b1df3a1b0d597ce76e/base/visuals> (recomposing stage on stage @/home/ubuntu/workspace/physvla_sim/datasets/data_normalized/Dishwasher_urdf/12067/fitr_info1.usd@ <0x23491800>)

2026-07-14T13:52:47Z [3,562ms] [Warning] [omni.usd] Warning: in _ReportErrors at line 3172 of /builds/omniverse/usd-ci/USD/pxr/usd/usd/stage.cpp -- In </partnet_6e85f6897e07e0b1df3a1b0d597ce76e/base/visuals>: Unresolved reference prim path @/home/ubuntu/workspace/physvla_sim/datasets/data_normalized/Dishwasher_urdf/12067/configuration/fitr_info1_physics.usd@</visuals/base> introduced by @/home/ubuntu/workspace/physvla_sim/datasets/data_normalized/Dishwasher_urdf/12067/configuration/fitr_info1_base.usd@</partnet_6e85f6897e07e0b1df3a1b0d597ce76e/base/visuals> (recomposing stage on stage @/home/ubuntu/workspace/physvla_sim/datasets/data_normalized/Dishwasher_urdf/12067/fitr_info1.usd@ <0x2348ce90>)

2026-07-14T13:52:47Z [3,564ms] [Warning] [omni.usd] Warning: in _ReportErrors at line 3172 of /builds/omniverse/usd-ci/USD/pxr/usd/usd/stage.cpp -- In </partnet_6e85f6897e07e0b1df3a1b0d597ce76e/base/visuals>: Unresolved reference prim path @/home/ubuntu/workspace/physvla_sim/datasets/data_normalized/Dishwasher_urdf/12067/configuration/fitr_info1_physics.usd@</visuals/base> introduced by @/home/ubuntu/workspace/physvla_sim/datasets/data_normalized/Dishwasher_urdf/12067/configuration/fitr_info1_base.usd@</partnet_6e85f6897e07e0b1df3a1b0d597ce76e/base/visuals> (recomposing stage on stage @/home/ubuntu/workspace/physvla_sim/datasets/data_normalized/Dishwasher_urdf/12067/fitr_info1.usd@ <0x23491800>)

2026-07-14T13:52:47Z [3,565ms] [Warning] [omni.usd] Warning: in _ReportErrors at line 3172 of /builds/omniverse/usd-ci/USD/pxr/usd/usd/stage.cpp -- In </partnet_6e85f6897e07e0b1df3a1b0d597ce76e/base/visuals>: Unresolved reference prim path @/home/ubuntu/workspace/physvla_sim/datasets/data_normalized/Dishwasher_urdf/12067/configuration/fitr_info1_physics.usd@</visuals/base> introduced by @/home/ubuntu/workspace/physvla_sim/datasets/data_normalized/Dishwasher_urdf/12067/configuration/fitr_info1_base.usd@</partnet_6e85f6897e07e0b1df3a1b0d597ce76e/base/visuals> (recomposing stage on stage @/home/ubuntu/workspace/physvla_sim/datasets/data_normalized/Dishwasher_urdf/12067/fitr_info1.usd@ <0x2348ce90>)

2026-07-14T13:52:47Z [3,567ms] [Warning] [omni.usd] Warning: in _ReportErrors at line 3172 of /builds/omniverse/usd-ci/USD/pxr/usd/usd/stage.cpp -- In </partnet_6e85f6897e07e0b1df3a1b0d597ce76e/base/visuals>: Unresolved reference prim path @/home/ubuntu/workspace/physvla_sim/datasets/data_normalized/Dishwasher_urdf/12067/configuration/fitr_info1_physics.usd@</visuals/base> introduced by @/home/ubuntu/workspace/physvla_sim/datasets/data_normalized/Dishwasher_urdf/12067/configuration/fitr_info1_base.usd@</partnet_6e85f6897e07e0b1df3a1b0d597ce76e/base/visuals> (recomposing stage on stage @/home/ubuntu/workspace/physvla_sim/datasets/data_normalized/Dishwasher_urdf/12067/fitr_info1.usd@ <0x23491800>)

2026-07-14T13:52:47Z [3,568ms] [Warning] [omni.usd] Warning: in _ReportErrors at line 3172 of /builds/omniverse/usd-ci/USD/pxr/usd/usd/stage.cpp -- In </partnet_6e85f6897e07e0b1df3a1b0d597ce76e/base/visuals>: Unresolved reference prim path @/home/ubuntu/workspace/physvla_sim/datasets/data_normalized/Dishwasher_urdf/12067/configuration/fitr_info1_physics.usd@</visuals/base> introduced by @/home/ubuntu/workspace/physvla_sim/datasets/data_normalized/Dishwasher_urdf/12067/configuration/fitr_info1_base.usd@</partnet_6e85f6897e07e0b1df3a1b0d597ce76e/base/visuals> (recomposing stage on stage @/home/ubuntu/workspace/physvla_sim/datasets/data_normalized/Dishwasher_urdf/12067/fitr_info1.usd@ <0x2348ce90>)

2026-07-14T13:52:47Z [3,570ms] [Warning] [omni.usd] Warning: in _ReportErrors at line 3172 of /builds/omniverse/usd-ci/USD/pxr/usd/usd/stage.cpp -- In </partnet_6e85f6897e07e0b1df3a1b0d597ce76e/base/visuals>: Unresolved reference prim path @/home/ubuntu/workspace/physvla_sim/datasets/data_normalized/Dishwasher_urdf/12067/configuration/fitr_info1_physics.usd@</visuals/base> introduced by @/home/ubuntu/workspace/physvla_sim/datasets/data_normalized/Dishwasher_urdf/12067/configuration/fitr_info1_base.usd@</partnet_6e85f6897e07e0b1df3a1b0d597ce76e/base/visuals> (recomposing stage on stage @/home/ubuntu/workspace/physvla_sim/datasets/data_normalized/Dishwasher_urdf/12067/fitr_info1.usd@ <0x23491800>)

2026-07-14T13:52:47Z [3,572ms] [Warning] [omni.usd] Warning: in _ReportErrors at line 3172 of /builds/omniverse/usd-ci/USD/pxr/usd/usd/stage.cpp -- In </partnet_6e85f6897e07e0b1df3a1b0d597ce76e/base/visuals>: Unresolved reference prim path @/home/ubuntu/workspace/physvla_sim/datasets/data_normalized/Dishwasher_urdf/12067/configuration/fitr_info1_physics.usd@</visuals/base> introduced by @/home/ubuntu/workspace/physvla_sim/datasets/data_normalized/Dishwasher_urdf/12067/configuration/fitr_info1_base.usd@</partnet_6e85f6897e07e0b1df3a1b0d597ce76e/base/visuals> (recomposing stage on stage @/home/ubuntu/workspace/physvla_sim/datasets/data_normalized/Dishwasher_urdf/12067/fitr_info1.usd@ <0x2348ce90>)

2026-07-14T13:52:47Z [3,574ms] [Warning] [omni.usd] Warning: in _ReportErrors at line 3172 of /builds/omniverse/usd-ci/USD/pxr/usd/usd/stage.cpp -- In </partnet_6e85f6897e07e0b1df3a1b0d597ce76e/base/visuals>: Unresolved reference prim path @/home/ubuntu/workspace/physvla_sim/datasets/data_normalized/Dishwasher_urdf/12067/configuration/fitr_info1_physics.usd@</visuals/base> introduced by @/home/ubuntu/workspace/physvla_sim/datasets/data_normalized/Dishwasher_urdf/12067/configuration/fitr_info1_base.usd@</partnet_6e85f6897e07e0b1df3a1b0d597ce76e/base/visuals> (recomposing stage on stage @/home/ubuntu/workspace/physvla_sim/datasets/data_normalized/Dishwasher_urdf/12067/fitr_info1.usd@ <0x23491800>)

2026-07-14T13:52:47Z [3,575ms] [Warning] [omni.usd] Warning: in _ReportErrors at line 3172 of /builds/omniverse/usd-ci/USD/pxr/usd/usd/stage.cpp -- In </partnet_6e85f6897e07e0b1df3a1b0d597ce76e/base/visuals>: Unresolved reference prim path @/home/ubuntu/workspace/physvla_sim/datasets/data_normalized/Dishwasher_urdf/12067/configuration/fitr_info1_physics.usd@</visuals/base> introduced by @/home/ubuntu/workspace/physvla_sim/datasets/data_normalized/Dishwasher_urdf/12067/configuration/fitr_info1_base.usd@</partnet_6e85f6897e07e0b1df3a1b0d597ce76e/base/visuals> (recomposing stage on stage @/home/ubuntu/workspace/physvla_sim/datasets/data_normalized/Dishwasher_urdf/12067/fitr_info1.usd@ <0x2348ce90>)

2026-07-14T13:52:47Z [3,576ms] [Warning] [omni.usd] Warning: in _ReportErrors at line 3172 of /builds/omniverse/usd-ci/USD/pxr/usd/usd/stage.cpp -- In </partnet_6e85f6897e07e0b1df3a1b0d597ce76e/base/visuals>: Unresolved reference prim path @/home/ubuntu/workspace/physvla_sim/datasets/data_normalized/Dishwasher_urdf/12067/configuration/fitr_info1_physics.usd@</visuals/base> introduced by @/home/ubuntu/workspace/physvla_sim/datasets/data_normalized/Dishwasher_urdf/12067/configuration/fitr_info1_base.usd@</partnet_6e85f6897e07e0b1df3a1b0d597ce76e/base/visuals> (recomposing stage on stage @/home/ubuntu/workspace/physvla_sim/datasets/data_normalized/Dishwasher_urdf/12067/fitr_info1.usd@ <0x23491800>)

2026-07-14T13:52:47Z [3,577ms] [Warning] [omni.usd] Warning: in _ReportErrors at line 3172 of /builds/omniverse/usd-ci/USD/pxr/usd/usd/stage.cpp -- In </partnet_6e85f6897e07e0b1df3a1b0d597ce76e/base/visuals>: Unresolved reference prim path @/home/ubuntu/workspace/physvla_sim/datasets/data_normalized/Dishwasher_urdf/12067/configuration/fitr_info1_physics.usd@</visuals/base> introduced by @/home/ubuntu/workspace/physvla_sim/datasets/data_normalized/Dishwasher_urdf/12067/configuration/fitr_info1_base.usd@</partnet_6e85f6897e07e0b1df3a1b0d597ce76e/base/visuals> (recomposing stage on stage @/home/ubuntu/workspace/physvla_sim/datasets/data_normalized/Dishwasher_urdf/12067/fitr_info1.usd@ <0x2348ce90>)

2026-07-14T13:52:47Z [3,579ms] [Warning] [omni.usd] Warning: in _ReportErrors at line 3172 of /builds/omniverse/usd-ci/USD/pxr/usd/usd/stage.cpp -- In </partnet_6e85f6897e07e0b1df3a1b0d597ce76e/base/visuals>: Unresolved reference prim path @/home/ubuntu/workspace/physvla_sim/datasets/data_normalized/Dishwasher_urdf/12067/configuration/fitr_info1_physics.usd@</visuals/base> introduced by @/home/ubuntu/workspace/physvla_sim/datasets/data_normalized/Dishwasher_urdf/12067/configuration/fitr_info1_base.usd@</partnet_6e85f6897e07e0b1df3a1b0d597ce76e/base/visuals> (recomposing stage on stage @/home/ubuntu/workspace/physvla_sim/datasets/data_normalized/Dishwasher_urdf/12067/fitr_info1.usd@ <0x23491800>)

2026-07-14T13:52:47Z [3,581ms] [Warning] [omni.usd] Warning: in _ReportErrors at line 3172 of /builds/omniverse/usd-ci/USD/pxr/usd/usd/stage.cpp -- In </partnet_6e85f6897e07e0b1df3a1b0d597ce76e/base/visuals>: Unresolved reference prim path @/home/ubuntu/workspace/physvla_sim/datasets/data_normalized/Dishwasher_urdf/12067/configuration/fitr_info1_physics.usd@</visuals/base> introduced by @/home/ubuntu/workspace/physvla_sim/datasets/data_normalized/Dishwasher_urdf/12067/configuration/fitr_info1_base.usd@</partnet_6e85f6897e07e0b1df3a1b0d597ce76e/base/visuals> (recomposing stage on stage @/home/ubuntu/workspace/physvla_sim/datasets/data_normalized/Dishwasher_urdf/12067/fitr_info1.usd@ <0x2348ce90>)

Loading user config located at: '/home/ubuntu/isaacsim/kit/data/Kit/Isaac-Sim/5.1/user.config.json'
[Info] [carb] Logging to file: /home/ubuntu/isaacsim/kit/logs/Kit/Isaac-Sim/5.1/kit_20260714_215247.log
2026-07-14T13:52:48Z [181ms] [Warning] [omni.usd_config.extension] Enable omni.materialx.libs extension to use MaterialX
2026-07-14T13:52:48Z [188ms] [Warning] [omni.platforminfo.plugin] failed to open the default display.  Can't verify X Server version.
2026-07-14T13:52:48Z [454ms] [Warning] [carb] Acquiring non optional plugin interface which is not listed as dependency: [omni::physx::IPhysxBenchmarks v1.0] (plugin: <default plugin>), by client: omni.physics.physx.plugin. Add it to CARB_PLUGIN_IMPL_DEPS() macro of a client.
2026-07-14T13:52:48Z [588ms] [Warning] [omni.isaac.dynamic_control] omni.isaac.dynamic_control is deprecated as of Isaac Sim 4.5. No action is needed from end-users.

|---------------------------------------------------------------------------------------------|
| Driver Version: 580.142       | Graphics API: Vulkan
|=============================================================================================|
| GPU | Name                             | Active | LDA | GPU Memory | Vendor-ID | LUID       |
|     |                                  |        |     |            | Device-ID | UUID       |
|     |                                  |        |     |            | Bus-ID    |            |
|---------------------------------------------------------------------------------------------|
| 0   | NVIDIA GeForce RTX 5090 D v2     | Yes: 0 |     | 24701   MB | 10de      | 0          |
|     |                                  |        |     |            | 2b8c      | 5f3d0dc0.. |
|     |                                  |        |     |            | 1         |            |
|=============================================================================================|
| OS: 24.04.3 LTS (Noble Numbat) ubuntu, Version: 24.04.3, Kernel: 6.17.0-1017-oem
| Processor: Intel(R) Core(TM) i9-14900K
| Cores: 24 | Logical Cores: 32
|---------------------------------------------------------------------------------------------|
| Total Memory (MB): 64063 | Free Memory: 55333
| Total Page/Swap (MB): 8191 | Free Page/Swap: 8191
|---------------------------------------------------------------------------------------------|
2026-07-14T13:52:50Z [2,566ms] [Warning] [gpu.foundation.plugin] CPU performance profile is set to powersave. This profile sets the CPU to the lowest frequency reducing performance.
2026-07-14T13:52:50Z [2,574ms] [Warning] [gpu.foundation.plugin] IOMMU is enabled.
2026-07-14T13:52:50Z [2,706ms] [Warning] [omni.usd] Warning: in _ReportErrors at line 3172 of /builds/omniverse/usd-ci/USD/pxr/usd/usd/stage.cpp -- In </partnet_6e85f6897e07e0b1df3a1b0d597ce76e/base/visuals>: Unresolved reference prim path @/home/ubuntu/workspace/physvla_sim/datasets/data_normalized/Dishwasher_urdf/12067/configuration/fitr_info1_base.usd@</visuals/base> introduced by @/home/ubuntu/workspace/physvla_sim/datasets/data_normalized/Dishwasher_urdf/12067/configuration/fitr_info1_base.usd@</partnet_6e85f6897e07e0b1df3a1b0d597ce76e/base/visuals> (instantiating stage on stage @/home/ubuntu/workspace/physvla_sim/datasets/data_normalized/Dishwasher_urdf/12067/configuration/fitr_info1_base.usd@ <0x29500360>)

2026-07-14T13:52:50Z [2,710ms] [Warning] [omni.usd] Warning: in _ReportErrors at line 3172 of /builds/omniverse/usd-ci/USD/pxr/usd/usd/stage.cpp -- In </partnet_6e85f6897e07e0b1df3a1b0d597ce76e/base/visuals>: Unresolved reference prim path @/home/ubuntu/workspace/physvla_sim/datasets/data_normalized/Dishwasher_urdf/12067/configuration/fitr_info1_physics.usd@</visuals/base> introduced by @/home/ubuntu/workspace/physvla_sim/datasets/data_normalized/Dishwasher_urdf/12067/configuration/fitr_info1_base.usd@</partnet_6e85f6897e07e0b1df3a1b0d597ce76e/base/visuals> (instantiating stage on stage @/home/ubuntu/workspace/physvla_sim/datasets/data_normalized/Dishwasher_urdf/12067/configuration/fitr_info1_physics.usd@ <0x24e1fe20>)

2026-07-14T13:52:50Z [2,712ms] [Warning] [omni.usd] Warning: in _ReportErrors at line 3172 of /builds/omniverse/usd-ci/USD/pxr/usd/usd/stage.cpp -- In </partnet_6e85f6897e07e0b1df3a1b0d597ce76e/base/visuals>: Unresolved reference prim path @/home/ubuntu/workspace/physvla_sim/datasets/data_normalized/Dishwasher_urdf/12067/configuration/fitr_info1_physics.usd@</visuals/base> introduced by @/home/ubuntu/workspace/physvla_sim/datasets/data_normalized/Dishwasher_urdf/12067/configuration/fitr_info1_base.usd@</partnet_6e85f6897e07e0b1df3a1b0d597ce76e/base/visuals> (instantiating stage on stage @/home/ubuntu/workspace/physvla_sim/datasets/data_normalized/Dishwasher_urdf/12067/fitr_info1.usd@ <0x1c8f60f0>)

[INFO][AppLauncher]: Using device: cuda:0
[INFO][AppLauncher]: Loading experience file: /home/ubuntu/workspace/IsaacLab/apps/isaaclab.python.headless.kit
{
  "output": "/home/ubuntu/workspace/physvla_sim/datasets/data_normalized/Dishwasher_urdf/12067/fitr_info1.usd",
  "scale": 0.30342727552275517,
  "scale_layer": "/home/ubuntu/workspace/physvla_sim/datasets/data_normalized/Dishwasher_urdf/12067/configuration/fitr_info1_base.usd",
  "joints": [
    {
      "joint": "/partnet_6e85f6897e07e0b1df3a1b0d597ce76e/joints/joint_0",
      "drive": "angular",
      "damping": 510.0,
      "stiffness": 0.0,
      "max_force": 7.875
    }
  ],
  "dynamics_layer": "/home/ubuntu/workspace/physvla_sim/datasets/data_normalized/Dishwasher_urdf/12067/configuration/fitr_info1_physics.usd",
  "affordance_links": [
    "/partnet_6e85f6897e07e0b1df3a1b0d597ce76e/door_1"
  ]
}
Loading user config located at: '/home/ubuntu/isaacsim/kit/data/Kit/Isaac-Sim/5.1/user.config.json'
[Info] [carb] Logging to file: /home/ubuntu/isaacsim/kit/logs/Kit/Isaac-Sim/5.1/kit_20260714_215251.log
2026-07-14T13:52:51Z [173ms] [Error] [omni.core.ITypeFactory] Circular dependency detected! Interface: omni::platforminfo::ICpuInfo requested. But plugin with an interface: /home/ubuntu/isaacsim/kit/kernel/plugins/libomni.platforminfo.plugin.so is already in resolving state.
2026-07-14T13:52:51Z [173ms] [Error] [carb] [Plugin: gpu.foundation.plugin] Dependency: [omni::platforminfo::ICpuInfo v1.0] failed to be resolved.
2026-07-14T13:52:51Z [183ms] [Warning] [omni.usd_config.extension] Enable omni.materialx.libs extension to use MaterialX
2026-07-14T13:52:51Z [186ms] [Warning] [omni.platforminfo.plugin] failed to open the default display.  Can't verify X Server version.
2026-07-14T13:52:51Z [464ms] [Warning] [carb] Acquiring non optional plugin interface which is not listed as dependency: [omni::physx::IPhysxBenchmarks v1.0] (plugin: <default plugin>), by client: omni.physics.physx.plugin. Add it to CARB_PLUGIN_IMPL_DEPS() macro of a client.
2026-07-14T13:52:51Z [598ms] [Warning] [omni.isaac.dynamic_control] omni.isaac.dynamic_control is deprecated as of Isaac Sim 4.5. No action is needed from end-users.

|---------------------------------------------------------------------------------------------|
| Driver Version: 580.142       | Graphics API: Vulkan
|=============================================================================================|
| GPU | Name                             | Active | LDA | GPU Memory | Vendor-ID | LUID       |
|     |                                  |        |     |            | Device-ID | UUID       |
|     |                                  |        |     |            | Bus-ID    |            |
|---------------------------------------------------------------------------------------------|
| 0   | NVIDIA GeForce RTX 5090 D v2     | Yes: 0 |     | 24701   MB | 10de      | 0          |
|     |                                  |        |     |            | 2b8c      | 5f3d0dc0.. |
|     |                                  |        |     |            | 1         |            |
|=============================================================================================|
| OS: 24.04.3 LTS (Noble Numbat) ubuntu, Version: 24.04.3, Kernel: 6.17.0-1017-oem
| Processor: Intel(R) Core(TM) i9-14900K
| Cores: 24 | Logical Cores: 32
|---------------------------------------------------------------------------------------------|
| Total Memory (MB): 64063 | Free Memory: 55344
| Total Page/Swap (MB): 8191 | Free Page/Swap: 8191
|---------------------------------------------------------------------------------------------|
2026-07-14T13:52:53Z [2,567ms] [Warning] [gpu.foundation.plugin] CPU performance profile is set to powersave. This profile sets the CPU to the lowest frequency reducing performance.
2026-07-14T13:52:53Z [2,575ms] [Warning] [gpu.foundation.plugin] IOMMU is enabled.
2026-07-14T13:52:53Z [2,735ms] [Warning] [carb.windowing-glfw.plugin] GLFW initialization failed.
2026-07-14T13:52:53Z [2,735ms] [Warning] [carb] Failed to startup plugin carb.windowing-glfw.plugin (interfaces: [carb::windowing::IGLContext v1.0],[carb::windowing::IWindowing v1.5]) (impl: carb.windowing-glfw.plugin)

|---------------------------------------------------------------------------------------------|
| Driver Version: 580.142       | Graphics API: Vulkan
|=============================================================================================|
| GPU | Name                             | Active | LDA | GPU Memory | Vendor-ID | LUID       |
|     |                                  |        |     |            | Device-ID | UUID       |
|     |                                  |        |     |            | Bus-ID    |            |
|---------------------------------------------------------------------------------------------|
| 0   | NVIDIA GeForce RTX 5090 D v2     | Yes: 0 |     | 24701   MB | 10de      | 0          |
|     |                                  |        |     |            | 2b8c      | 5f3d0dc0.. |
|     |                                  |        |     |            | 1         |            |
|=============================================================================================|
| OS: 24.04.3 LTS (Noble Numbat) ubuntu, Version: 24.04.3, Kernel: 6.17.0-1017-oem
| Processor: Intel(R) Core(TM) i9-14900K
| Cores: 24 | Logical Cores: 32
|---------------------------------------------------------------------------------------------|
| Total Memory (MB): 64063 | Free Memory: 55165
| Total Page/Swap (MB): 8191 | Free Page/Swap: 8191
|---------------------------------------------------------------------------------------------|
2026-07-14T13:52:54Z [2,967ms] [Warning] [gpu.foundation.plugin] CPU performance profile is set to powersave. This profile sets the CPU to the lowest frequency reducing performance.
2026-07-14T13:52:54Z [2,967ms] [Warning] [gpu.foundation.plugin] IOMMU is enabled.
2026-07-14T13:52:54Z [3,169ms] [Warning] [carb.windowing-glfw.plugin] GLFW initialization failed.
2026-07-14T13:52:54Z [3,169ms] [Warning] [carb] Failed to startup plugin carb.windowing-glfw.plugin (interfaces: [carb::windowing::IGLContext v1.0],[carb::windowing::IWindowing v1.5]) (impl: carb.windowing-glfw.plugin)
2026-07-14T13:52:54Z [3,182ms] [Warning] [carb.windowing-glfw.plugin] GLFW initialization failed.
2026-07-14T13:52:54Z [3,182ms] [Warning] [carb] Failed to startup plugin carb.windowing-glfw.plugin (interfaces: [carb::windowing::IGLContext v1.0],[carb::windowing::IWindowing v1.5]) (impl: carb.windowing-glfw.plugin)
2026-07-14T13:52:54Z [3,186ms] [Warning] [carb.windowing-glfw.plugin] GLFW initialization failed.
2026-07-14T13:52:54Z [3,186ms] [Warning] [carb] Failed to startup plugin carb.windowing-glfw.plugin (interfaces: [carb::windowing::IGLContext v1.0],[carb::windowing::IWindowing v1.5]) (impl: carb.windowing-glfw.plugin)
2026-07-14T13:52:54Z [3,191ms] [Warning] [carb.windowing-glfw.plugin] GLFW initialization failed.
2026-07-14T13:52:54Z [3,191ms] [Warning] [carb] Failed to startup plugin carb.windowing-glfw.plugin (interfaces: [carb::windowing::IGLContext v1.0],[carb::windowing::IWindowing v1.5]) (impl: carb.windowing-glfw.plugin)
2026-07-14T13:52:54Z [3,192ms] [Warning] [carb.windowing-glfw.plugin] GLFW initialization failed.
2026-07-14T13:52:54Z [3,192ms] [Warning] [carb] Failed to startup plugin carb.windowing-glfw.plugin (interfaces: [carb::windowing::IGLContext v1.0],[carb::windowing::IWindowing v1.5]) (impl: carb.windowing-glfw.plugin)
2026-07-14T13:52:54Z [3,193ms] [Warning] [carb.windowing-glfw.plugin] GLFW initialization failed.
2026-07-14T13:52:54Z [3,193ms] [Warning] [carb] Failed to startup plugin carb.windowing-glfw.plugin (interfaces: [carb::windowing::IGLContext v1.0],[carb::windowing::IWindowing v1.5]) (impl: carb.windowing-glfw.plugin)
2026-07-14T13:52:54Z [3,457ms] [Warning] [omni.graph.visualization.nodes._impl.extension] No Viewport Window to add omni.graph.visualization.nodes-2.1.3 scene to
2026-07-14T13:52:54Z [3,546ms] [Warning] [isaacsim.asset.importer.urdf] The path partnet_12e53310-1f71-4afc-adb5-1aa7e93648cc is not a valid usd path, modifying to partnet_12e53310_1f71_4afc_adb5_1aa7e93648cc
2026-07-14T13:52:54Z [3,558ms] [Warning] [isaacsim.asset.importer.urdf] No mass specified for link base
2026-07-14T13:52:54Z [3,558ms] [Warning] [omni.usd] Warning: in _ReportErrors at line 3172 of /builds/omniverse/usd-ci/USD/pxr/usd/usd/stage.cpp -- In </partnet_12e53310_1f71_4afc_adb5_1aa7e93648cc/base/visuals>: Unresolved reference prim path @/home/ubuntu/workspace/physvla_sim/datasets/data_normalized/Dishwasher_urdf/12071/configuration/fitr_info1_physics.usd@</visuals/base> introduced by @/home/ubuntu/workspace/physvla_sim/datasets/data_normalized/Dishwasher_urdf/12071/configuration/fitr_info1_base.usd@</partnet_12e53310_1f71_4afc_adb5_1aa7e93648cc/base/visuals> (recomposing stage on stage @/home/ubuntu/workspace/physvla_sim/datasets/data_normalized/Dishwasher_urdf/12071/configuration/fitr_info1_physics.usd@ <0x3c752a20>)

2026-07-14T13:52:54Z [3,558ms] [Warning] [omni.usd] Warning: in _ReportErrors at line 3172 of /builds/omniverse/usd-ci/USD/pxr/usd/usd/stage.cpp -- In </partnet_12e53310_1f71_4afc_adb5_1aa7e93648cc/base/visuals>: Unresolved reference prim path @/home/ubuntu/workspace/physvla_sim/datasets/data_normalized/Dishwasher_urdf/12071/fitr_info1.usd@</visuals/base> introduced by @/home/ubuntu/workspace/physvla_sim/datasets/data_normalized/Dishwasher_urdf/12071/configuration/fitr_info1_base.usd@</partnet_12e53310_1f71_4afc_adb5_1aa7e93648cc/base/visuals> (recomposing stage on stage @/home/ubuntu/workspace/physvla_sim/datasets/data_normalized/Dishwasher_urdf/12071/fitr_info1.usd@ <0x3c73f8f0>)

2026-07-14T13:52:54Z [3,558ms] [Warning] [omni.usd] Warning: in _ReportErrors at line 3172 of /builds/omniverse/usd-ci/USD/pxr/usd/usd/stage.cpp -- In </partnet_12e53310_1f71_4afc_adb5_1aa7e93648cc/base/visuals>: Unresolved reference prim path @/home/ubuntu/workspace/physvla_sim/datasets/data_normalized/Dishwasher_urdf/12071/fitr_info1.usd@</visuals/base> introduced by @/home/ubuntu/workspace/physvla_sim/datasets/data_normalized/Dishwasher_urdf/12071/configuration/fitr_info1_base.usd@</partnet_12e53310_1f71_4afc_adb5_1aa7e93648cc/base/visuals> (recomposing stage on stage @/home/ubuntu/workspace/physvla_sim/datasets/data_normalized/Dishwasher_urdf/12071/fitr_info1.usd@ <0x3c73b410>)

2026-07-14T13:52:54Z [3,558ms] [Warning] [omni.usd] Warning: in _ReportErrors at line 3172 of /builds/omniverse/usd-ci/USD/pxr/usd/usd/stage.cpp -- In </partnet_12e53310_1f71_4afc_adb5_1aa7e93648cc/base/visuals>: Unresolved reference prim path @/home/ubuntu/workspace/physvla_sim/datasets/data_normalized/Dishwasher_urdf/12071/configuration/fitr_info1_base.usd@</visuals/base> introduced by @/home/ubuntu/workspace/physvla_sim/datasets/data_normalized/Dishwasher_urdf/12071/configuration/fitr_info1_base.usd@</partnet_12e53310_1f71_4afc_adb5_1aa7e93648cc/base/visuals> (recomposing stage on stage @/home/ubuntu/workspace/physvla_sim/datasets/data_normalized/Dishwasher_urdf/12071/configuration/fitr_info1_base.usd@ <0x3c75c440>)

2026-07-14T13:52:54Z [3,558ms] [Warning] [omni.usd] Warning: in _ReportErrors at line 3172 of /builds/omniverse/usd-ci/USD/pxr/usd/usd/stage.cpp -- In </partnet_12e53310_1f71_4afc_adb5_1aa7e93648cc/base/visuals>: Unresolved reference prim path @/home/ubuntu/workspace/physvla_sim/datasets/data_normalized/Dishwasher_urdf/12071/configuration/fitr_info1_physics.usd@</visuals/base> introduced by @/home/ubuntu/workspace/physvla_sim/datasets/data_normalized/Dishwasher_urdf/12071/configuration/fitr_info1_base.usd@</partnet_12e53310_1f71_4afc_adb5_1aa7e93648cc/base/visuals> (recomposing stage on stage @/home/ubuntu/workspace/physvla_sim/datasets/data_normalized/Dishwasher_urdf/12071/configuration/fitr_info1_physics.usd@ <0x3c752a20>)

2026-07-14T13:52:54Z [3,559ms] [Warning] [omni.usd] Warning: in _ReportErrors at line 3172 of /builds/omniverse/usd-ci/USD/pxr/usd/usd/stage.cpp -- In </partnet_12e53310_1f71_4afc_adb5_1aa7e93648cc/base/visuals>: Unresolved reference prim path @/home/ubuntu/workspace/physvla_sim/datasets/data_normalized/Dishwasher_urdf/12071/fitr_info1.usd@</visuals/base> introduced by @/home/ubuntu/workspace/physvla_sim/datasets/data_normalized/Dishwasher_urdf/12071/configuration/fitr_info1_base.usd@</partnet_12e53310_1f71_4afc_adb5_1aa7e93648cc/base/visuals> (recomposing stage on stage @/home/ubuntu/workspace/physvla_sim/datasets/data_normalized/Dishwasher_urdf/12071/fitr_info1.usd@ <0x3c73f8f0>)

2026-07-14T13:52:54Z [3,559ms] [Warning] [omni.usd] Warning: in _ReportErrors at line 3172 of /builds/omniverse/usd-ci/USD/pxr/usd/usd/stage.cpp -- In </partnet_12e53310_1f71_4afc_adb5_1aa7e93648cc/base/visuals>: Unresolved reference prim path @/home/ubuntu/workspace/physvla_sim/datasets/data_normalized/Dishwasher_urdf/12071/fitr_info1.usd@</visuals/base> introduced by @/home/ubuntu/workspace/physvla_sim/datasets/data_normalized/Dishwasher_urdf/12071/configuration/fitr_info1_base.usd@</partnet_12e53310_1f71_4afc_adb5_1aa7e93648cc/base/visuals> (recomposing stage on stage @/home/ubuntu/workspace/physvla_sim/datasets/data_normalized/Dishwasher_urdf/12071/fitr_info1.usd@ <0x3c73b410>)

2026-07-14T13:52:54Z [3,559ms] [Warning] [omni.usd] Warning: in _ReportErrors at line 3172 of /builds/omniverse/usd-ci/USD/pxr/usd/usd/stage.cpp -- In </partnet_12e53310_1f71_4afc_adb5_1aa7e93648cc/base/visuals>: Unresolved reference prim path @/home/ubuntu/workspace/physvla_sim/datasets/data_normalized/Dishwasher_urdf/12071/configuration/fitr_info1_base.usd@</visuals/base> introduced by @/home/ubuntu/workspace/physvla_sim/datasets/data_normalized/Dishwasher_urdf/12071/configuration/fitr_info1_base.usd@</partnet_12e53310_1f71_4afc_adb5_1aa7e93648cc/base/visuals> (recomposing stage on stage @/home/ubuntu/workspace/physvla_sim/datasets/data_normalized/Dishwasher_urdf/12071/configuration/fitr_info1_base.usd@ <0x3c75c440>)

2026-07-14T13:52:54Z [3,559ms] [Warning] [isaacsim.asset.importer.urdf] Link base has no colliders, and no inertia was imported; assigning a small isotropic inertia matrix
2026-07-14T13:52:54Z [3,561ms] [Warning] [isaacsim.asset.importer.urdf] No mass specified for link body
2026-07-14T13:52:54Z [3,598ms] [Warning] [isaacsim.asset.importer.urdf] No mass specified for link door_1
2026-07-14T13:52:54Z [3,617ms] [Warning] [omni.usd] Warning: in _ReportErrors at line 3172 of /builds/omniverse/usd-ci/USD/pxr/usd/usd/stage.cpp -- In </partnet_12e53310_1f71_4afc_adb5_1aa7e93648cc/base/visuals>: Unresolved reference prim path @/home/ubuntu/workspace/physvla_sim/datasets/data_normalized/Dishwasher_urdf/12071/configuration/fitr_info1_base.usd@</visuals/base> introduced by @/home/ubuntu/workspace/physvla_sim/datasets/data_normalized/Dishwasher_urdf/12071/configuration/fitr_info1_base.usd@</partnet_12e53310_1f71_4afc_adb5_1aa7e93648cc/base/visuals> (recomposing stage on stage @/home/ubuntu/workspace/physvla_sim/datasets/data_normalized/Dishwasher_urdf/12071/fitr_info1.usd@ <0x3c73f8f0>)

2026-07-14T13:52:54Z [3,618ms] [Warning] [omni.usd] Warning: in _ReportErrors at line 3172 of /builds/omniverse/usd-ci/USD/pxr/usd/usd/stage.cpp -- In </partnet_12e53310_1f71_4afc_adb5_1aa7e93648cc/base/visuals>: Unresolved reference prim path @/home/ubuntu/workspace/physvla_sim/datasets/data_normalized/Dishwasher_urdf/12071/configuration/fitr_info1_base.usd@</visuals/base> introduced by @/home/ubuntu/workspace/physvla_sim/datasets/data_normalized/Dishwasher_urdf/12071/configuration/fitr_info1_base.usd@</partnet_12e53310_1f71_4afc_adb5_1aa7e93648cc/base/visuals> (recomposing stage on stage @/home/ubuntu/workspace/physvla_sim/datasets/data_normalized/Dishwasher_urdf/12071/fitr_info1.usd@ <0x3c73b410>)

2026-07-14T13:52:54Z [3,619ms] [Warning] [omni.usd] Warning: in _ReportErrors at line 3172 of /builds/omniverse/usd-ci/USD/pxr/usd/usd/stage.cpp -- In </partnet_12e53310_1f71_4afc_adb5_1aa7e93648cc/base/visuals>: Unresolved reference prim path @/home/ubuntu/workspace/physvla_sim/datasets/data_normalized/Dishwasher_urdf/12071/configuration/fitr_info1_physics.usd@</visuals/base> introduced by @/home/ubuntu/workspace/physvla_sim/datasets/data_normalized/Dishwasher_urdf/12071/configuration/fitr_info1_base.usd@</partnet_12e53310_1f71_4afc_adb5_1aa7e93648cc/base/visuals> (recomposing stage on stage @/home/ubuntu/workspace/physvla_sim/datasets/data_normalized/Dishwasher_urdf/12071/fitr_info1.usd@ <0x3c73f8f0>)

2026-07-14T13:52:54Z [3,620ms] [Warning] [omni.usd] Warning: in _ReportErrors at line 3172 of /builds/omniverse/usd-ci/USD/pxr/usd/usd/stage.cpp -- In </partnet_12e53310_1f71_4afc_adb5_1aa7e93648cc/base/visuals>: Unresolved reference prim path @/home/ubuntu/workspace/physvla_sim/datasets/data_normalized/Dishwasher_urdf/12071/configuration/fitr_info1_physics.usd@</visuals/base> introduced by @/home/ubuntu/workspace/physvla_sim/datasets/data_normalized/Dishwasher_urdf/12071/configuration/fitr_info1_base.usd@</partnet_12e53310_1f71_4afc_adb5_1aa7e93648cc/base/visuals> (recomposing stage on stage @/home/ubuntu/workspace/physvla_sim/datasets/data_normalized/Dishwasher_urdf/12071/fitr_info1.usd@ <0x3c73b410>)

2026-07-14T13:52:54Z [3,621ms] [Warning] [omni.usd] Warning: in _ReportErrors at line 3172 of /builds/omniverse/usd-ci/USD/pxr/usd/usd/stage.cpp -- In </partnet_12e53310_1f71_4afc_adb5_1aa7e93648cc/base/visuals>: Unresolved reference prim path @/home/ubuntu/workspace/physvla_sim/datasets/data_normalized/Dishwasher_urdf/12071/configuration/fitr_info1_physics.usd@</visuals/base> introduced by @/home/ubuntu/workspace/physvla_sim/datasets/data_normalized/Dishwasher_urdf/12071/configuration/fitr_info1_base.usd@</partnet_12e53310_1f71_4afc_adb5_1aa7e93648cc/base/visuals> (recomposing stage on stage @/home/ubuntu/workspace/physvla_sim/datasets/data_normalized/Dishwasher_urdf/12071/fitr_info1.usd@ <0x3c73f8f0>)

2026-07-14T13:52:54Z [3,622ms] [Warning] [omni.usd] Warning: in _ReportErrors at line 3172 of /builds/omniverse/usd-ci/USD/pxr/usd/usd/stage.cpp -- In </partnet_12e53310_1f71_4afc_adb5_1aa7e93648cc/base/visuals>: Unresolved reference prim path @/home/ubuntu/workspace/physvla_sim/datasets/data_normalized/Dishwasher_urdf/12071/configuration/fitr_info1_physics.usd@</visuals/base> introduced by @/home/ubuntu/workspace/physvla_sim/datasets/data_normalized/Dishwasher_urdf/12071/configuration/fitr_info1_base.usd@</partnet_12e53310_1f71_4afc_adb5_1aa7e93648cc/base/visuals> (recomposing stage on stage @/home/ubuntu/workspace/physvla_sim/datasets/data_normalized/Dishwasher_urdf/12071/fitr_info1.usd@ <0x3c73b410>)

2026-07-14T13:52:54Z [3,623ms] [Warning] [omni.usd] Warning: in _ReportErrors at line 3172 of /builds/omniverse/usd-ci/USD/pxr/usd/usd/stage.cpp -- In </partnet_12e53310_1f71_4afc_adb5_1aa7e93648cc/base/visuals>: Unresolved reference prim path @/home/ubuntu/workspace/physvla_sim/datasets/data_normalized/Dishwasher_urdf/12071/configuration/fitr_info1_physics.usd@</visuals/base> introduced by @/home/ubuntu/workspace/physvla_sim/datasets/data_normalized/Dishwasher_urdf/12071/configuration/fitr_info1_base.usd@</partnet_12e53310_1f71_4afc_adb5_1aa7e93648cc/base/visuals> (recomposing stage on stage @/home/ubuntu/workspace/physvla_sim/datasets/data_normalized/Dishwasher_urdf/12071/fitr_info1.usd@ <0x3c73f8f0>)

2026-07-14T13:52:54Z [3,624ms] [Warning] [omni.usd] Warning: in _ReportErrors at line 3172 of /builds/omniverse/usd-ci/USD/pxr/usd/usd/stage.cpp -- In </partnet_12e53310_1f71_4afc_adb5_1aa7e93648cc/base/visuals>: Unresolved reference prim path @/home/ubuntu/workspace/physvla_sim/datasets/data_normalized/Dishwasher_urdf/12071/configuration/fitr_info1_physics.usd@</visuals/base> introduced by @/home/ubuntu/workspace/physvla_sim/datasets/data_normalized/Dishwasher_urdf/12071/configuration/fitr_info1_base.usd@</partnet_12e53310_1f71_4afc_adb5_1aa7e93648cc/base/visuals> (recomposing stage on stage @/home/ubuntu/workspace/physvla_sim/datasets/data_normalized/Dishwasher_urdf/12071/fitr_info1.usd@ <0x3c73b410>)

2026-07-14T13:52:54Z [3,625ms] [Warning] [omni.usd] Warning: in _ReportErrors at line 3172 of /builds/omniverse/usd-ci/USD/pxr/usd/usd/stage.cpp -- In </partnet_12e53310_1f71_4afc_adb5_1aa7e93648cc/base/visuals>: Unresolved reference prim path @/home/ubuntu/workspace/physvla_sim/datasets/data_normalized/Dishwasher_urdf/12071/configuration/fitr_info1_physics.usd@</visuals/base> introduced by @/home/ubuntu/workspace/physvla_sim/datasets/data_normalized/Dishwasher_urdf/12071/configuration/fitr_info1_base.usd@</partnet_12e53310_1f71_4afc_adb5_1aa7e93648cc/base/visuals> (recomposing stage on stage @/home/ubuntu/workspace/physvla_sim/datasets/data_normalized/Dishwasher_urdf/12071/fitr_info1.usd@ <0x3c73f8f0>)

2026-07-14T13:52:54Z [3,625ms] [Warning] [omni.usd] Warning: in _ReportErrors at line 3172 of /builds/omniverse/usd-ci/USD/pxr/usd/usd/stage.cpp -- In </partnet_12e53310_1f71_4afc_adb5_1aa7e93648cc/base/visuals>: Unresolved reference prim path @/home/ubuntu/workspace/physvla_sim/datasets/data_normalized/Dishwasher_urdf/12071/configuration/fitr_info1_physics.usd@</visuals/base> introduced by @/home/ubuntu/workspace/physvla_sim/datasets/data_normalized/Dishwasher_urdf/12071/configuration/fitr_info1_base.usd@</partnet_12e53310_1f71_4afc_adb5_1aa7e93648cc/base/visuals> (recomposing stage on stage @/home/ubuntu/workspace/physvla_sim/datasets/data_normalized/Dishwasher_urdf/12071/fitr_info1.usd@ <0x3c73b410>)

2026-07-14T13:52:54Z [3,626ms] [Warning] [omni.usd] Warning: in _ReportErrors at line 3172 of /builds/omniverse/usd-ci/USD/pxr/usd/usd/stage.cpp -- In </partnet_12e53310_1f71_4afc_adb5_1aa7e93648cc/base/visuals>: Unresolved reference prim path @/home/ubuntu/workspace/physvla_sim/datasets/data_normalized/Dishwasher_urdf/12071/configuration/fitr_info1_physics.usd@</visuals/base> introduced by @/home/ubuntu/workspace/physvla_sim/datasets/data_normalized/Dishwasher_urdf/12071/configuration/fitr_info1_base.usd@</partnet_12e53310_1f71_4afc_adb5_1aa7e93648cc/base/visuals> (recomposing stage on stage @/home/ubuntu/workspace/physvla_sim/datasets/data_normalized/Dishwasher_urdf/12071/fitr_info1.usd@ <0x3c73f8f0>)

2026-07-14T13:52:54Z [3,627ms] [Warning] [omni.usd] Warning: in _ReportErrors at line 3172 of /builds/omniverse/usd-ci/USD/pxr/usd/usd/stage.cpp -- In </partnet_12e53310_1f71_4afc_adb5_1aa7e93648cc/base/visuals>: Unresolved reference prim path @/home/ubuntu/workspace/physvla_sim/datasets/data_normalized/Dishwasher_urdf/12071/configuration/fitr_info1_physics.usd@</visuals/base> introduced by @/home/ubuntu/workspace/physvla_sim/datasets/data_normalized/Dishwasher_urdf/12071/configuration/fitr_info1_base.usd@</partnet_12e53310_1f71_4afc_adb5_1aa7e93648cc/base/visuals> (recomposing stage on stage @/home/ubuntu/workspace/physvla_sim/datasets/data_normalized/Dishwasher_urdf/12071/fitr_info1.usd@ <0x3c73b410>)

2026-07-14T13:52:54Z [3,628ms] [Warning] [omni.usd] Warning: in _ReportErrors at line 3172 of /builds/omniverse/usd-ci/USD/pxr/usd/usd/stage.cpp -- In </partnet_12e53310_1f71_4afc_adb5_1aa7e93648cc/base/visuals>: Unresolved reference prim path @/home/ubuntu/workspace/physvla_sim/datasets/data_normalized/Dishwasher_urdf/12071/configuration/fitr_info1_physics.usd@</visuals/base> introduced by @/home/ubuntu/workspace/physvla_sim/datasets/data_normalized/Dishwasher_urdf/12071/configuration/fitr_info1_base.usd@</partnet_12e53310_1f71_4afc_adb5_1aa7e93648cc/base/visuals> (recomposing stage on stage @/home/ubuntu/workspace/physvla_sim/datasets/data_normalized/Dishwasher_urdf/12071/fitr_info1.usd@ <0x3c73f8f0>)

2026-07-14T13:52:54Z [3,629ms] [Warning] [omni.usd] Warning: in _ReportErrors at line 3172 of /builds/omniverse/usd-ci/USD/pxr/usd/usd/stage.cpp -- In </partnet_12e53310_1f71_4afc_adb5_1aa7e93648cc/base/visuals>: Unresolved reference prim path @/home/ubuntu/workspace/physvla_sim/datasets/data_normalized/Dishwasher_urdf/12071/configuration/fitr_info1_physics.usd@</visuals/base> introduced by @/home/ubuntu/workspace/physvla_sim/datasets/data_normalized/Dishwasher_urdf/12071/configuration/fitr_info1_base.usd@</partnet_12e53310_1f71_4afc_adb5_1aa7e93648cc/base/visuals> (recomposing stage on stage @/home/ubuntu/workspace/physvla_sim/datasets/data_normalized/Dishwasher_urdf/12071/fitr_info1.usd@ <0x3c73b410>)

2026-07-14T13:52:54Z [3,630ms] [Warning] [omni.usd] Warning: in _ReportErrors at line 3172 of /builds/omniverse/usd-ci/USD/pxr/usd/usd/stage.cpp -- In </partnet_12e53310_1f71_4afc_adb5_1aa7e93648cc/base/visuals>: Unresolved reference prim path @/home/ubuntu/workspace/physvla_sim/datasets/data_normalized/Dishwasher_urdf/12071/configuration/fitr_info1_physics.usd@</visuals/base> introduced by @/home/ubuntu/workspace/physvla_sim/datasets/data_normalized/Dishwasher_urdf/12071/configuration/fitr_info1_base.usd@</partnet_12e53310_1f71_4afc_adb5_1aa7e93648cc/base/visuals> (recomposing stage on stage @/home/ubuntu/workspace/physvla_sim/datasets/data_normalized/Dishwasher_urdf/12071/fitr_info1.usd@ <0x3c73f8f0>)

2026-07-14T13:52:54Z [3,631ms] [Warning] [omni.usd] Warning: in _ReportErrors at line 3172 of /builds/omniverse/usd-ci/USD/pxr/usd/usd/stage.cpp -- In </partnet_12e53310_1f71_4afc_adb5_1aa7e93648cc/base/visuals>: Unresolved reference prim path @/home/ubuntu/workspace/physvla_sim/datasets/data_normalized/Dishwasher_urdf/12071/configuration/fitr_info1_physics.usd@</visuals/base> introduced by @/home/ubuntu/workspace/physvla_sim/datasets/data_normalized/Dishwasher_urdf/12071/configuration/fitr_info1_base.usd@</partnet_12e53310_1f71_4afc_adb5_1aa7e93648cc/base/visuals> (recomposing stage on stage @/home/ubuntu/workspace/physvla_sim/datasets/data_normalized/Dishwasher_urdf/12071/fitr_info1.usd@ <0x3c73b410>)

Loading user config located at: '/home/ubuntu/isaacsim/kit/data/Kit/Isaac-Sim/5.1/user.config.json'
[Info] [carb] Logging to file: /home/ubuntu/isaacsim/kit/logs/Kit/Isaac-Sim/5.1/kit_20260714_215255.log
2026-07-14T13:52:55Z [183ms] [Warning] [omni.usd_config.extension] Enable omni.materialx.libs extension to use MaterialX
2026-07-14T13:52:55Z [187ms] [Warning] [omni.platforminfo.plugin] failed to open the default display.  Can't verify X Server version.
2026-07-14T13:52:55Z [458ms] [Warning] [carb] Acquiring non optional plugin interface which is not listed as dependency: [omni::physx::IPhysxBenchmarks v1.0] (plugin: <default plugin>), by client: omni.physics.physx.plugin. Add it to CARB_PLUGIN_IMPL_DEPS() macro of a client.
2026-07-14T13:52:55Z [592ms] [Warning] [omni.isaac.dynamic_control] omni.isaac.dynamic_control is deprecated as of Isaac Sim 4.5. No action is needed from end-users.

|---------------------------------------------------------------------------------------------|
| Driver Version: 580.142       | Graphics API: Vulkan
|=============================================================================================|
| GPU | Name                             | Active | LDA | GPU Memory | Vendor-ID | LUID       |
|     |                                  |        |     |            | Device-ID | UUID       |
|     |                                  |        |     |            | Bus-ID    |            |
|---------------------------------------------------------------------------------------------|
| 0   | NVIDIA GeForce RTX 5090 D v2     | Yes: 0 |     | 24701   MB | 10de      | 0          |
|     |                                  |        |     |            | 2b8c      | 5f3d0dc0.. |
|     |                                  |        |     |            | 1         |            |
|=============================================================================================|
| OS: 24.04.3 LTS (Noble Numbat) ubuntu, Version: 24.04.3, Kernel: 6.17.0-1017-oem
| Processor: Intel(R) Core(TM) i9-14900K
| Cores: 24 | Logical Cores: 32
|---------------------------------------------------------------------------------------------|
| Total Memory (MB): 64063 | Free Memory: 55322
| Total Page/Swap (MB): 8191 | Free Page/Swap: 8191
|---------------------------------------------------------------------------------------------|
2026-07-14T13:52:57Z [2,580ms] [Warning] [gpu.foundation.plugin] CPU performance profile is set to powersave. This profile sets the CPU to the lowest frequency reducing performance.
2026-07-14T13:52:57Z [2,588ms] [Warning] [gpu.foundation.plugin] IOMMU is enabled.
2026-07-14T13:52:57Z [2,734ms] [Warning] [omni.usd] Warning: in _ReportErrors at line 3172 of /builds/omniverse/usd-ci/USD/pxr/usd/usd/stage.cpp -- In </partnet_12e53310_1f71_4afc_adb5_1aa7e93648cc/base/visuals>: Unresolved reference prim path @/home/ubuntu/workspace/physvla_sim/datasets/data_normalized/Dishwasher_urdf/12071/configuration/fitr_info1_base.usd@</visuals/base> introduced by @/home/ubuntu/workspace/physvla_sim/datasets/data_normalized/Dishwasher_urdf/12071/configuration/fitr_info1_base.usd@</partnet_12e53310_1f71_4afc_adb5_1aa7e93648cc/base/visuals> (instantiating stage on stage @/home/ubuntu/workspace/physvla_sim/datasets/data_normalized/Dishwasher_urdf/12071/configuration/fitr_info1_base.usd@ <0x3ca48240>)

2026-07-14T13:52:57Z [2,738ms] [Warning] [omni.usd] Warning: in _ReportErrors at line 3172 of /builds/omniverse/usd-ci/USD/pxr/usd/usd/stage.cpp -- In </partnet_12e53310_1f71_4afc_adb5_1aa7e93648cc/base/visuals>: Unresolved reference prim path @/home/ubuntu/workspace/physvla_sim/datasets/data_normalized/Dishwasher_urdf/12071/configuration/fitr_info1_physics.usd@</visuals/base> introduced by @/home/ubuntu/workspace/physvla_sim/datasets/data_normalized/Dishwasher_urdf/12071/configuration/fitr_info1_base.usd@</partnet_12e53310_1f71_4afc_adb5_1aa7e93648cc/base/visuals> (instantiating stage on stage @/home/ubuntu/workspace/physvla_sim/datasets/data_normalized/Dishwasher_urdf/12071/configuration/fitr_info1_physics.usd@ <0x3949f440>)

[INFO][AppLauncher]: Using device: cuda:0
[INFO][AppLauncher]: Loading experience file: /home/ubuntu/workspace/IsaacLab/apps/isaaclab.python.headless.kit
{
  "output": "/home/ubuntu/workspace/physvla_sim/datasets/data_normalized/Dishwasher_urdf/12071/fitr_info1.usd",
  "scale": 0.4113700158876588,
  "scale_layer": "/home/ubuntu/workspace/physvla_sim/datasets/data_normalized/Dishwasher_urdf/12071/configuration/fitr_info1_base.usd",
  "joints": [
    {
      "joint": "/partnet_12e53310_1f71_4afc_adb5_1aa7e93648cc/joints/joint_0",
      "drive": "angular",
      "damping": 690.0,
      "stiffness": 0.0,
      "max_force": 10.350000381469727
    }
  ],
  "dynamics_layer": "/home/ubuntu/workspace/physvla_sim/datasets/data_normalized/Dishwasher_urdf/12071/configuration/fitr_info1_physics.usd",
  "affordance_links": [
    "/partnet_12e53310_1f71_4afc_adb5_1aa7e93648cc/door_1"
  ]
}
2026-07-14T13:52:57Z [2,740ms] [Warning] [omni.usd] Warning: in _ReportErrors at line 3172 of /builds/omniverse/usd-ci/USD/pxr/usd/usd/stage.cpp -- In </partnet_12e53310_1f71_4afc_adb5_1aa7e93648cc/base/visuals>: Unresolved reference prim path @/home/ubuntu/workspace/physvla_sim/datasets/data_normalized/Dishwasher_urdf/12071/configuration/fitr_info1_physics.usd@</visuals/base> introduced by @/home/ubuntu/workspace/physvla_sim/datasets/data_normalized/Dishwasher_urdf/12071/configuration/fitr_info1_base.usd@</partnet_12e53310_1f71_4afc_adb5_1aa7e93648cc/base/visuals> (instantiating stage on stage @/home/ubuntu/workspace/physvla_sim/datasets/data_normalized/Dishwasher_urdf/12071/fitr_info1.usd@ <0x2fe3dc70>)

Loading user config located at: '/home/ubuntu/isaacsim/kit/data/Kit/Isaac-Sim/5.1/user.config.json'
[Info] [carb] Logging to file: /home/ubuntu/isaacsim/kit/logs/Kit/Isaac-Sim/5.1/kit_20260714_215258.log
2026-07-14T13:52:58Z [184ms] [Warning] [omni.usd_config.extension] Enable omni.materialx.libs extension to use MaterialX
2026-07-14T13:52:58Z [187ms] [Warning] [omni.platforminfo.plugin] failed to open the default display.  Can't verify X Server version.
2026-07-14T13:52:58Z [471ms] [Warning] [carb] Acquiring non optional plugin interface which is not listed as dependency: [omni::physx::IPhysxBenchmarks v1.0] (plugin: <default plugin>), by client: omni.physics.physx.plugin. Add it to CARB_PLUGIN_IMPL_DEPS() macro of a client.
2026-07-14T13:52:58Z [604ms] [Warning] [omni.isaac.dynamic_control] omni.isaac.dynamic_control is deprecated as of Isaac Sim 4.5. No action is needed from end-users.

|---------------------------------------------------------------------------------------------|
| Driver Version: 580.142       | Graphics API: Vulkan
|=============================================================================================|
| GPU | Name                             | Active | LDA | GPU Memory | Vendor-ID | LUID       |
|     |                                  |        |     |            | Device-ID | UUID       |
|     |                                  |        |     |            | Bus-ID    |            |
|---------------------------------------------------------------------------------------------|
| 0   | NVIDIA GeForce RTX 5090 D v2     | Yes: 0 |     | 24701   MB | 10de      | 0          |
|     |                                  |        |     |            | 2b8c      | 5f3d0dc0.. |
|     |                                  |        |     |            | 1         |            |
|=============================================================================================|
| OS: 24.04.3 LTS (Noble Numbat) ubuntu, Version: 24.04.3, Kernel: 6.17.0-1017-oem
| Processor: Intel(R) Core(TM) i9-14900K
| Cores: 24 | Logical Cores: 32
|---------------------------------------------------------------------------------------------|
| Total Memory (MB): 64063 | Free Memory: 55321
| Total Page/Swap (MB): 8191 | Free Page/Swap: 8191
|---------------------------------------------------------------------------------------------|
2026-07-14T13:53:00Z [2,602ms] [Warning] [gpu.foundation.plugin] CPU performance profile is set to powersave. This profile sets the CPU to the lowest frequency reducing performance.
2026-07-14T13:53:00Z [2,610ms] [Warning] [gpu.foundation.plugin] IOMMU is enabled.
2026-07-14T13:53:00Z [2,748ms] [Warning] [carb.windowing-glfw.plugin] GLFW initialization failed.
2026-07-14T13:53:00Z [2,748ms] [Warning] [carb] Failed to startup plugin carb.windowing-glfw.plugin (interfaces: [carb::windowing::IGLContext v1.0],[carb::windowing::IWindowing v1.5]) (impl: carb.windowing-glfw.plugin)

|---------------------------------------------------------------------------------------------|
| Driver Version: 580.142       | Graphics API: Vulkan
|=============================================================================================|
| GPU | Name                             | Active | LDA | GPU Memory | Vendor-ID | LUID       |
|     |                                  |        |     |            | Device-ID | UUID       |
|     |                                  |        |     |            | Bus-ID    |            |
|---------------------------------------------------------------------------------------------|
| 0   | NVIDIA GeForce RTX 5090 D v2     | Yes: 0 |     | 24701   MB | 10de      | 0          |
|     |                                  |        |     |            | 2b8c      | 5f3d0dc0.. |
|     |                                  |        |     |            | 1         |            |
|=============================================================================================|
| OS: 24.04.3 LTS (Noble Numbat) ubuntu, Version: 24.04.3, Kernel: 6.17.0-1017-oem
| Processor: Intel(R) Core(TM) i9-14900K
| Cores:Traceback (most recent call last):
  File "/home/ubuntu/workspace/physvla_sim/Augment_code/dyn/generate_asset_usd.py", line 90, in <module>
    main()
  File "/home/ubuntu/workspace/physvla_sim/Augment_code/dyn/generate_asset_usd.py", line 75, in main
    subprocess.run(convert_command, check=True)
  File "/usr/lib/python3.12/subprocess.py", line 550, in run
    stdout, stderr = process.communicate(input, timeout=timeout)
                     ^^^^^^^^^^^^^^^^^^^^^^^^^^^^^^^^^^^^^^^^^^^
  File "/usr/lib/python3.12/subprocess.py", line 1201, in communicate
    self.wait()
  File "/usr/lib/python3.12/subprocess.py", line 1264, in wait
    return self._wait(timeout=timeout)
           ^^^^^^^^^^^^^^^^^^^^^^^^^^^
  File "/usr/lib/python3.12/subprocess.py", line 2053, in _wait
    (pid, sts) = self._try_wait(0)
                 ^^^^^^^^^^^^^^^^^
  File "/usr/lib/python3.12/subprocess.py", line 2011, in _try_wait
    (pid, sts) = os.waitpid(self.pid, wait_flags)
                 ^^^^^^^^^^^^^^^^^^^^^^^^^^^^^^^^
KeyboardInterrupt
