[RUN] Dishwasher_urdf/12085
Traceback (most recent call last):
  File "/home/ubuntu/workspace/physvla_sim/Augment_code/dyn/generate_asset_usd.py", line 197, in <module>
    main()
  File "/home/ubuntu/workspace/physvla_sim/Augment_code/dyn/generate_asset_usd.py", line 153, in main
    validate_urdf(urdf_path)
  File "/home/ubuntu/workspace/physvla_sim/Augment_code/dyn/generate_asset_usd.py", line 53, in validate_urdf
    raise ValueError(f"Invalid URDF {urdf_path.name}: {'; '.join(errors)}")
ValueError: Invalid URDF test.urdf: duplicate links: body; self-referencing joints: joint_1
[FAILED] Dishwasher_urdf/12085
[RUN] Dishwasher_urdf/12349
Traceback (most recent call last):
  File "/home/ubuntu/workspace/physvla_sim/Augment_code/dyn/generate_asset_usd.py", line 197, in <module>
    main()
  File "/home/ubuntu/workspace/physvla_sim/Augment_code/dyn/generate_asset_usd.py", line 153, in main
    validate_urdf(urdf_path)
  File "/home/ubuntu/workspace/physvla_sim/Augment_code/dyn/generate_asset_usd.py", line 53, in validate_urdf
    raise ValueError(f"Invalid URDF {urdf_path.name}: {'; '.join(errors)}")
ValueError: Invalid URDF test.urdf: duplicate links: body; self-referencing joints: joint_1, joint_2
[FAILED] Dishwasher_urdf/12349
[RUN] Dishwasher_urdf/12359
Loading user config located at: '/home/ubuntu/isaacsim/kit/data/Kit/Isaac-Sim/5.1/user.config.json'
[Info] [carb] Logging to file: /home/ubuntu/isaacsim/kit/logs/Kit/Isaac-Sim/5.1/kit_20260715_195932.log
2026-07-15T11:59:32Z [0ms] [Warning] [carb.crashreporter-breakpad.plugin] [previous crash] preventing upload of minidump due to user opt-out: '/home/ubuntu/isaacsim/kit/data/Kit/Isaac-Sim/5.1/0d81a4fd-59cb-4157-42d97b80-310afb82.dmp'
2026-07-15T11:59:32Z [0ms] [Warning] [carb.crashreporter-breakpad.plugin] [previous crash] preventing upload of minidump due to user opt-out: '/home/ubuntu/isaacsim/kit/data/Kit/Isaac-Sim/5.1/7efeb785-3cdd-476a-8fc91ca3-38a85c81.dmp'
2026-07-15T11:59:32Z [0ms] [Warning] [carb.crashreporter-breakpad.plugin] [previous crash] preventing upload of minidump due to user opt-out: '/home/ubuntu/isaacsim/kit/data/Kit/Isaac-Sim/5.1/0ec06837-edee-4570-b459bb9b-e409ca73.dmp'
2026-07-15T11:59:32Z [0ms] [Warning] [carb.crashreporter-breakpad.plugin] [previous crash] preventing upload of minidump due to user opt-out: '/home/ubuntu/isaacsim/kit/data/Kit/Isaac-Sim/5.1/846da064-407f-481c-dab18ea9-9788aefc.dmp'
2026-07-15T11:59:32Z [0ms] [Warning] [carb.crashreporter-breakpad.plugin] [previous crash] preventing upload of minidump due to user opt-out: '/home/ubuntu/isaacsim/kit/data/Kit/Isaac-Sim/5.1/7674058d-a5ef-457b-61399da4-1924f871.dmp'
2026-07-15T11:59:32Z [1ms] [Warning] [carb.crashreporter-breakpad.plugin] [previous crash] preventing upload of minidump due to user opt-out: '/home/ubuntu/isaacsim/kit/data/Kit/Isaac-Sim/5.1/0dbca6de-81d5-44e8-85c7eba5-c7ac64b6.dmp'
2026-07-15T11:59:32Z [1ms] [Warning] [carb.crashreporter-breakpad.plugin] [previous crash] preventing upload of minidump due to user opt-out: '/home/ubuntu/isaacsim/kit/data/Kit/Isaac-Sim/5.1/96b6ea33-a47b-4c84-2d7408a6-bc8b64a8.dmp'
2026-07-15T11:59:32Z [184ms] [Warning] [omni.platforminfo.plugin] failed to open the default display.  Can't verify X Server version.
2026-07-15T11:59:32Z [185ms] [Warning] [omni.usd_config.extension] Enable omni.materialx.libs extension to use MaterialX
2026-07-15T11:59:32Z [459ms] [Warning] [carb] Acquiring non optional plugin interface which is not listed as dependency: [omni::physx::IPhysxBenchmarks v1.0] (plugin: <default plugin>), by client: omni.physics.physx.plugin. Add it to CARB_PLUGIN_IMPL_DEPS() macro of a client.
2026-07-15T11:59:32Z [594ms] [Warning] [omni.isaac.dynamic_control] omni.isaac.dynamic_control is deprecated as of Isaac Sim 4.5. No action is needed from end-users.

|---------------------------------------------------------------------------------------------|
| Driver Version: 580.142       | Graphics API: Vulkan
|=============================================================================================|
| GPU | Name                             | Active | LDA | GPU Memory | Vendor-ID | LUID       |
|     |                                  |        |     |            | Device-ID | UUID       |
|     |                                  |        |     |            | Bus-ID    |            |
|---------------------------------------------------------------------------------------------|
| 0   | NVIDIA GeForce RTX 5090 D v2     | Yes: 0 |     | 24701   MB | 10de      | 0          |
|     |                                  |        |     |            | 2b8c      | 5f3d0dc0.. |
|     |                                  |        |     |            | 1         |            |
|=============================================================================================|
| OS: 24.04.3 LTS (Noble Numbat) ubuntu, Version: 24.04.3, Kernel: 6.17.0-1017-oem
| Processor: Intel(R) Core(TM) i9-14900K
| Cores: 24 | Logical Cores: 32
|---------------------------------------------------------------------------------------------|
| Total Memory (MB): 64063 | Free Memory: 53932
| Total Page/Swap (MB): 8191 | Free Page/Swap: 8191
|---------------------------------------------------------------------------------------------|
2026-07-15T11:59:34Z [2,699ms] [Warning] [gpu.foundation.plugin] CPU performance profile is set to powersave. This profile sets the CPU to the lowest frequency reducing performance.
2026-07-15T11:59:34Z [2,706ms] [Warning] [gpu.foundation.plugin] IOMMU is enabled.
2026-07-15T11:59:35Z [2,833ms] [Warning] [carb.windowing-glfw.plugin] GLFW initialization failed.
2026-07-15T11:59:35Z [2,833ms] [Warning] [carb] Failed to startup plugin carb.windowing-glfw.plugin (interfaces: [carb::windowing::IGLContext v1.0],[carb::windowing::IWindowing v1.5]) (impl: carb.windowing-glfw.plugin)

|---------------------------------------------------------------------------------------------|
| Driver Version: 580.142       | Graphics API: Vulkan
|=============================================================================================|
| GPU | Name                             | Active | LDA | GPU Memory | Vendor-ID | LUID       |
|     |                                  |        |     |            | Device-ID | UUID       |
|     |                                  |        |     |            | Bus-ID    |            |
|---------------------------------------------------------------------------------------------|
| 0   | NVIDIA GeForce RTX 5090 D v2     | Yes: 0 |     | 24701   MB | 10de      | 0          |
|     |                                  |        |     |            | 2b8c      | 5f3d0dc0.. |
|     |                                  |        |     |            | 1         |            |
|=============================================================================================|
| OS: 24.04.3 LTS (Noble Numbat) ubuntu, Version: 24.04.3, Kernel: 6.17.0-1017-oem
| Processor: Intel(R) Core(TM) i9-14900K
| Cores: 24 | Logical Cores: 32
|---------------------------------------------------------------------------------------------|
| Total Memory (MB): 64063 | Free Memory: 53704
| Total Page/Swap (MB): 8191 | Free Page/Swap: 8191
|---------------------------------------------------------------------------------------------|
2026-07-15T11:59:35Z [3,061ms] [Warning] [gpu.foundation.plugin] CPU performance profile is set to powersave. This profile sets the CPU to the lowest frequency reducing performance.
2026-07-15T11:59:35Z [3,062ms] [Warning] [gpu.foundation.plugin] IOMMU is enabled.
2026-07-15T11:59:35Z [3,264ms] [Warning] [carb.windowing-glfw.plugin] GLFW initialization failed.
2026-07-15T11:59:35Z [3,264ms] [Warning] [carb] Failed to startup plugin carb.windowing-glfw.plugin (interfaces: [carb::windowing::IGLContext v1.0],[carb::windowing::IWindowing v1.5]) (impl: carb.windowing-glfw.plugin)
2026-07-15T11:59:35Z [3,276ms] [Warning] [carb.windowing-glfw.plugin] GLFW initialization failed.
2026-07-15T11:59:35Z [3,276ms] [Warning] [carb] Failed to startup plugin carb.windowing-glfw.plugin (interfaces: [carb::windowing::IGLContext v1.0],[carb::windowing::IWindowing v1.5]) (impl: carb.windowing-glfw.plugin)
2026-07-15T11:59:35Z [3,281ms] [Warning] [carb.windowing-glfw.plugin] GLFW initialization failed.
2026-07-15T11:59:35Z [3,281ms] [Warning] [carb] Failed to startup plugin carb.windowing-glfw.plugin (interfaces: [carb::windowing::IGLContext v1.0],[carb::windowing::IWindowing v1.5]) (impl: carb.windowing-glfw.plugin)
2026-07-15T11:59:35Z [3,286ms] [Warning] [carb.windowing-glfw.plugin] GLFW initialization failed.
2026-07-15T11:59:35Z [3,286ms] [Warning] [carb] Failed to startup plugin carb.windowing-glfw.plugin (interfaces: [carb::windowing::IGLContext v1.0],[carb::windowing::IWindowing v1.5]) (impl: carb.windowing-glfw.plugin)
2026-07-15T11:59:35Z [3,287ms] [Warning] [carb.windowing-glfw.plugin] GLFW initialization failed.
2026-07-15T11:59:35Z [3,287ms] [Warning] [carb] Failed to startup plugin carb.windowing-glfw.plugin (interfaces: [carb::windowing::IGLContext v1.0],[carb::windowing::IWindowing v1.5]) (impl: carb.windowing-glfw.plugin)
2026-07-15T11:59:35Z [3,287ms] [Warning] [carb.windowing-glfw.plugin] GLFW initialization failed.
2026-07-15T11:59:35Z [3,287ms] [Warning] [carb] Failed to startup plugin carb.windowing-glfw.plugin (interfaces: [carb::windowing::IGLContext v1.0],[carb::windowing::IWindowing v1.5]) (impl: carb.windowing-glfw.plugin)
2026-07-15T11:59:35Z [3,533ms] [Warning] [omni.graph.visualization.nodes._impl.extension] No Viewport Window to add omni.graph.visualization.nodes-2.1.3 scene to
2026-07-15T11:59:35Z [3,628ms] [Warning] [isaacsim.asset.importer.urdf] No mass specified for link base
2026-07-15T11:59:35Z [3,628ms] [Warning] [omni.usd] Warning: in _ReportErrors at line 3172 of /builds/omniverse/usd-ci/USD/pxr/usd/usd/stage.cpp -- In </partnet_6e85f6897e07e0b1df3a1b0d597ce76e/base/visuals>: Unresolved reference prim path @/home/ubuntu/workspace/physvla_sim/datasets/data_normalized/Dishwasher_urdf/12359/configuration/fitr_info1_physics.usd@</visuals/base> introduced by @/home/ubuntu/workspace/physvla_sim/datasets/data_normalized/Dishwasher_urdf/12359/configuration/fitr_info1_base.usd@</partnet_6e85f6897e07e0b1df3a1b0d597ce76e/base/visuals> (recomposing stage on stage @/home/ubuntu/workspace/physvla_sim/datasets/data_normalized/Dishwasher_urdf/12359/configuration/fitr_info1_physics.usd@ <0x78585a8922c0>)

2026-07-15T11:59:35Z [3,628ms] [Warning] [omni.usd] Warning: in _ReportErrors at line 3172 of /builds/omniverse/usd-ci/USD/pxr/usd/usd/stage.cpp -- In </partnet_6e85f6897e07e0b1df3a1b0d597ce76e/base/visuals>: Unresolved reference prim path @/home/ubuntu/workspace/physvla_sim/datasets/data_normalized/Dishwasher_urdf/12359/fitr_info1.usd@</visuals/base> introduced by @/home/ubuntu/workspace/physvla_sim/datasets/data_normalized/Dishwasher_urdf/12359/configuration/fitr_info1_base.usd@</partnet_6e85f6897e07e0b1df3a1b0d597ce76e/base/visuals> (recomposing stage on stage @/home/ubuntu/workspace/physvla_sim/datasets/data_normalized/Dishwasher_urdf/12359/fitr_info1.usd@ <0x78585a87ec50>)

2026-07-15T11:59:35Z [3,628ms] [Warning] [omni.usd] Warning: in _ReportErrors at line 3172 of /builds/omniverse/usd-ci/USD/pxr/usd/usd/stage.cpp -- In </partnet_6e85f6897e07e0b1df3a1b0d597ce76e/base/visuals>: Unresolved reference prim path @/home/ubuntu/workspace/physvla_sim/datasets/data_normalized/Dishwasher_urdf/12359/fitr_info1.usd@</visuals/base> introduced by @/home/ubuntu/workspace/physvla_sim/datasets/data_normalized/Dishwasher_urdf/12359/configuration/fitr_info1_base.usd@</partnet_6e85f6897e07e0b1df3a1b0d597ce76e/base/visuals> (recomposing stage on stage @/home/ubuntu/workspace/physvla_sim/datasets/data_normalized/Dishwasher_urdf/12359/fitr_info1.usd@ <0x78585a87a4b0>)

2026-07-15T11:59:35Z [3,628ms] [Warning] [omni.usd] Warning: in _ReportErrors at line 3172 of /builds/omniverse/usd-ci/USD/pxr/usd/usd/stage.cpp -- In </partnet_6e85f6897e07e0b1df3a1b0d597ce76e/base/visuals>: Unresolved reference prim path @/home/ubuntu/workspace/physvla_sim/datasets/data_normalized/Dishwasher_urdf/12359/configuration/fitr_info1_base.usd@</visuals/base> introduced by @/home/ubuntu/workspace/physvla_sim/datasets/data_normalized/Dishwasher_urdf/12359/configuration/fitr_info1_base.usd@</partnet_6e85f6897e07e0b1df3a1b0d597ce76e/base/visuals> (recomposing stage on stage @/home/ubuntu/workspace/physvla_sim/datasets/data_normalized/Dishwasher_urdf/12359/configuration/fitr_info1_base.usd@ <0x78585a89b800>)

2026-07-15T11:59:35Z [3,629ms] [Warning] [omni.usd] Warning: in _ReportErrors at line 3172 of /builds/omniverse/usd-ci/USD/pxr/usd/usd/stage.cpp -- In </partnet_6e85f6897e07e0b1df3a1b0d597ce76e/base/visuals>: Unresolved reference prim path @/home/ubuntu/workspace/physvla_sim/datasets/data_normalized/Dishwasher_urdf/12359/configuration/fitr_info1_physics.usd@</visuals/base> introduced by @/home/ubuntu/workspace/physvla_sim/datasets/data_normalized/Dishwasher_urdf/12359/configuration/fitr_info1_base.usd@</partnet_6e85f6897e07e0b1df3a1b0d597ce76e/base/visuals> (recomposing stage on stage @/home/ubuntu/workspace/physvla_sim/datasets/data_normalized/Dishwasher_urdf/12359/configuration/fitr_info1_physics.usd@ <0x78585a8922c0>)

2026-07-15T11:59:35Z [3,629ms] [Warning] [omni.usd] Warning: in _ReportErrors at line 3172 of /builds/omniverse/usd-ci/USD/pxr/usd/usd/stage.cpp -- In </partnet_6e85f6897e07e0b1df3a1b0d597ce76e/base/visuals>: Unresolved reference prim path @/home/ubuntu/workspace/physvla_sim/datasets/data_normalized/Dishwasher_urdf/12359/fitr_info1.usd@</visuals/base> introduced by @/home/ubuntu/workspace/physvla_sim/datasets/data_normalized/Dishwasher_urdf/12359/configuration/fitr_info1_base.usd@</partnet_6e85f6897e07e0b1df3a1b0d597ce76e/base/visuals> (recomposing stage on stage @/home/ubuntu/workspace/physvla_sim/datasets/data_normalized/Dishwasher_urdf/12359/fitr_info1.usd@ <0x78585a87ec50>)

2026-07-15T11:59:35Z [3,629ms] [Warning] [omni.usd] Warning: in _ReportErrors at line 3172 of /builds/omniverse/usd-ci/USD/pxr/usd/usd/stage.cpp -- In </partnet_6e85f6897e07e0b1df3a1b0d597ce76e/base/visuals>: Unresolved reference prim path @/home/ubuntu/workspace/physvla_sim/datasets/data_normalized/Dishwasher_urdf/12359/fitr_info1.usd@</visuals/base> introduced by @/home/ubuntu/workspace/physvla_sim/datasets/data_normalized/Dishwasher_urdf/12359/configuration/fitr_info1_base.usd@</partnet_6e85f6897e07e0b1df3a1b0d597ce76e/base/visuals> (recomposing stage on stage @/home/ubuntu/workspace/physvla_sim/datasets/data_normalized/Dishwasher_urdf/12359/fitr_info1.usd@ <0x78585a87a4b0>)

2026-07-15T11:59:35Z [3,629ms] [Warning] [omni.usd] Warning: in _ReportErrors at line 3172 of /builds/omniverse/usd-ci/USD/pxr/usd/usd/stage.cpp -- In </partnet_6e85f6897e07e0b1df3a1b0d597ce76e/base/visuals>: Unresolved reference prim path @/home/ubuntu/workspace/physvla_sim/datasets/data_normalized/Dishwasher_urdf/12359/configuration/fitr_info1_base.usd@</visuals/base> introduced by @/home/ubuntu/workspace/physvla_sim/datasets/data_normalized/Dishwasher_urdf/12359/configuration/fitr_info1_base.usd@</partnet_6e85f6897e07e0b1df3a1b0d597ce76e/base/visuals> (recomposing stage on stage @/home/ubuntu/workspace/physvla_sim/datasets/data_normalized/Dishwasher_urdf/12359/configuration/fitr_info1_base.usd@ <0x78585a89b800>)

2026-07-15T11:59:35Z [3,630ms] [Warning] [isaacsim.asset.importer.urdf] Link base has no colliders, and no inertia was imported; assigning a small isotropic inertia matrix
2026-07-15T11:59:35Z [3,631ms] [Warning] [isaacsim.asset.importer.urdf] No mass specified for link body
2026-07-15T11:59:35Z [3,668ms] [Warning] [isaacsim.asset.importer.urdf] No mass specified for link door_1
2026-07-15T11:59:35Z [3,683ms] [Warning] [omni.usd] Warning: in _ReportErrors at line 3172 of /builds/omniverse/usd-ci/USD/pxr/usd/usd/stage.cpp -- In </partnet_6e85f6897e07e0b1df3a1b0d597ce76e/base/visuals>: Unresolved reference prim path @/home/ubuntu/workspace/physvla_sim/datasets/data_normalized/Dishwasher_urdf/12359/configuration/fitr_info1_base.usd@</visuals/base> introduced by @/home/ubuntu/workspace/physvla_sim/datasets/data_normalized/Dishwasher_urdf/12359/configuration/fitr_info1_base.usd@</partnet_6e85f6897e07e0b1df3a1b0d597ce76e/base/visuals> (recomposing stage on stage @/home/ubuntu/workspace/physvla_sim/datasets/data_normalized/Dishwasher_urdf/12359/fitr_info1.usd@ <0x78585a87ec50>)

2026-07-15T11:59:35Z [3,684ms] [Warning] [omni.usd] Warning: in _ReportErrors at line 3172 of /builds/omniverse/usd-ci/USD/pxr/usd/usd/stage.cpp -- In </partnet_6e85f6897e07e0b1df3a1b0d597ce76e/base/visuals>: Unresolved reference prim path @/home/ubuntu/workspace/physvla_sim/datasets/data_normalized/Dishwasher_urdf/12359/configuration/fitr_info1_base.usd@</visuals/base> introduced by @/home/ubuntu/workspace/physvla_sim/datasets/data_normalized/Dishwasher_urdf/12359/configuration/fitr_info1_base.usd@</partnet_6e85f6897e07e0b1df3a1b0d597ce76e/base/visuals> (recomposing stage on stage @/home/ubuntu/workspace/physvla_sim/datasets/data_normalized/Dishwasher_urdf/12359/fitr_info1.usd@ <0x78585a87a4b0>)

2026-07-15T11:59:35Z [3,685ms] [Warning] [omni.usd] Warning: in _ReportErrors at line 3172 of /builds/omniverse/usd-ci/USD/pxr/usd/usd/stage.cpp -- In </partnet_6e85f6897e07e0b1df3a1b0d597ce76e/base/visuals>: Unresolved reference prim path @/home/ubuntu/workspace/physvla_sim/datasets/data_normalized/Dishwasher_urdf/12359/configuration/fitr_info1_physics.usd@</visuals/base> introduced by @/home/ubuntu/workspace/physvla_sim/datasets/data_normalized/Dishwasher_urdf/12359/configuration/fitr_info1_base.usd@</partnet_6e85f6897e07e0b1df3a1b0d597ce76e/base/visuals> (recomposing stage on stage @/home/ubuntu/workspace/physvla_sim/datasets/data_normalized/Dishwasher_urdf/12359/fitr_info1.usd@ <0x78585a87ec50>)

2026-07-15T11:59:35Z [3,686ms] [Warning] [omni.usd] Warning: in _ReportErrors at line 3172 of /builds/omniverse/usd-ci/USD/pxr/usd/usd/stage.cpp -- In </partnet_6e85f6897e07e0b1df3a1b0d597ce76e/base/visuals>: Unresolved reference prim path @/home/ubuntu/workspace/physvla_sim/datasets/data_normalized/Dishwasher_urdf/12359/configuration/fitr_info1_physics.usd@</visuals/base> introduced by @/home/ubuntu/workspace/physvla_sim/datasets/data_normalized/Dishwasher_urdf/12359/configuration/fitr_info1_base.usd@</partnet_6e85f6897e07e0b1df3a1b0d597ce76e/base/visuals> (recomposing stage on stage @/home/ubuntu/workspace/physvla_sim/datasets/data_normalized/Dishwasher_urdf/12359/fitr_info1.usd@ <0x78585a87a4b0>)

2026-07-15T11:59:35Z [3,687ms] [Warning] [omni.usd] Warning: in _ReportErrors at line 3172 of /builds/omniverse/usd-ci/USD/pxr/usd/usd/stage.cpp -- In </partnet_6e85f6897e07e0b1df3a1b0d597ce76e/base/visuals>: Unresolved reference prim path @/home/ubuntu/workspace/physvla_sim/datasets/data_normalized/Dishwasher_urdf/12359/configuration/fitr_info1_physics.usd@</visuals/base> introduced by @/home/ubuntu/workspace/physvla_sim/datasets/data_normalized/Dishwasher_urdf/12359/configuration/fitr_info1_base.usd@</partnet_6e85f6897e07e0b1df3a1b0d597ce76e/base/visuals> (recomposing stage on stage @/home/ubuntu/workspace/physvla_sim/datasets/data_normalized/Dishwasher_urdf/12359/fitr_info1.usd@ <0x78585a87ec50>)

2026-07-15T11:59:35Z [3,688ms] [Warning] [omni.usd] Warning: in _ReportErrors at line 3172 of /builds/omniverse/usd-ci/USD/pxr/usd/usd/stage.cpp -- In </partnet_6e85f6897e07e0b1df3a1b0d597ce76e/base/visuals>: Unresolved reference prim path @/home/ubuntu/workspace/physvla_sim/datasets/data_normalized/Dishwasher_urdf/12359/configuration/fitr_info1_physics.usd@</visuals/base> introduced by @/home/ubuntu/workspace/physvla_sim/datasets/data_normalized/Dishwasher_urdf/12359/configuration/fitr_info1_base.usd@</partnet_6e85f6897e07e0b1df3a1b0d597ce76e/base/visuals> (recomposing stage on stage @/home/ubuntu/workspace/physvla_sim/datasets/data_normalized/Dishwasher_urdf/12359/fitr_info1.usd@ <0x78585a87a4b0>)

2026-07-15T11:59:35Z [3,688ms] [Warning] [omni.usd] Warning: in _ReportErrors at line 3172 of /builds/omniverse/usd-ci/USD/pxr/usd/usd/stage.cpp -- In </partnet_6e85f6897e07e0b1df3a1b0d597ce76e/base/visuals>: Unresolved reference prim path @/home/ubuntu/workspace/physvla_sim/datasets/data_normalized/Dishwasher_urdf/12359/configuration/fitr_info1_physics.usd@</visuals/base> introduced by @/home/ubuntu/workspace/physvla_sim/datasets/data_normalized/Dishwasher_urdf/12359/configuration/fitr_info1_base.usd@</partnet_6e85f6897e07e0b1df3a1b0d597ce76e/base/visuals> (recomposing stage on stage @/home/ubuntu/workspace/physvla_sim/datasets/data_normalized/Dishwasher_urdf/12359/fitr_info1.usd@ <0x78585a87ec50>)

2026-07-15T11:59:35Z [3,689ms] [Warning] [omni.usd] Warning: in _ReportErrors at line 3172 of /builds/omniverse/usd-ci/USD/pxr/usd/usd/stage.cpp -- In </partnet_6e85f6897e07e0b1df3a1b0d597ce76e/base/visuals>: Unresolved reference prim path @/home/ubuntu/workspace/physvla_sim/datasets/data_normalized/Dishwasher_urdf/12359/configuration/fitr_info1_physics.usd@</visuals/base> introduced by @/home/ubuntu/workspace/physvla_sim/datasets/data_normalized/Dishwasher_urdf/12359/configuration/fitr_info1_base.usd@</partnet_6e85f6897e07e0b1df3a1b0d597ce76e/base/visuals> (recomposing stage on stage @/home/ubuntu/workspace/physvla_sim/datasets/data_normalized/Dishwasher_urdf/12359/fitr_info1.usd@ <0x78585a87a4b0>)

2026-07-15T11:59:35Z [3,690ms] [Warning] [omni.usd] Warning: in _ReportErrors at line 3172 of /builds/omniverse/usd-ci/USD/pxr/usd/usd/stage.cpp -- In </partnet_6e85f6897e07e0b1df3a1b0d597ce76e/base/visuals>: Unresolved reference prim path @/home/ubuntu/workspace/physvla_sim/datasets/data_normalized/Dishwasher_urdf/12359/configuration/fitr_info1_physics.usd@</visuals/base> introduced by @/home/ubuntu/workspace/physvla_sim/datasets/data_normalized/Dishwasher_urdf/12359/configuration/fitr_info1_base.usd@</partnet_6e85f6897e07e0b1df3a1b0d597ce76e/base/visuals> (recomposing stage on stage @/home/ubuntu/workspace/physvla_sim/datasets/data_normalized/Dishwasher_urdf/12359/fitr_info1.usd@ <0x78585a87ec50>)

2026-07-15T11:59:35Z [3,691ms] [Warning] [omni.usd] Warning: in _ReportErrors at line 3172 of /builds/omniverse/usd-ci/USD/pxr/usd/usd/stage.cpp -- In </partnet_6e85f6897e07e0b1df3a1b0d597ce76e/base/visuals>: Unresolved reference prim path @/home/ubuntu/workspace/physvla_sim/datasets/data_normalized/Dishwasher_urdf/12359/configuration/fitr_info1_physics.usd@</visuals/base> introduced by @/home/ubuntu/workspace/physvla_sim/datasets/data_normalized/Dishwasher_urdf/12359/configuration/fitr_info1_base.usd@</partnet_6e85f6897e07e0b1df3a1b0d597ce76e/base/visuals> (recomposing stage on stage @/home/ubuntu/workspace/physvla_sim/datasets/data_normalized/Dishwasher_urdf/12359/fitr_info1.usd@ <0x78585a87a4b0>)

2026-07-15T11:59:35Z [3,692ms] [Warning] [omni.usd] Warning: in _ReportErrors at line 3172 of /builds/omniverse/usd-ci/USD/pxr/usd/usd/stage.cpp -- In </partnet_6e85f6897e07e0b1df3a1b0d597ce76e/base/visuals>: Unresolved reference prim path @/home/ubuntu/workspace/physvla_sim/datasets/data_normalized/Dishwasher_urdf/12359/configuration/fitr_info1_physics.usd@</visuals/base> introduced by @/home/ubuntu/workspace/physvla_sim/datasets/data_normalized/Dishwasher_urdf/12359/configuration/fitr_info1_base.usd@</partnet_6e85f6897e07e0b1df3a1b0d597ce76e/base/visuals> (recomposing stage on stage @/home/ubuntu/workspace/physvla_sim/datasets/data_normalized/Dishwasher_urdf/12359/fitr_info1.usd@ <0x78585a87ec50>)

2026-07-15T11:59:35Z [3,693ms] [Warning] [omni.usd] Warning: in _ReportErrors at line 3172 of /builds/omniverse/usd-ci/USD/pxr/usd/usd/stage.cpp -- In </partnet_6e85f6897e07e0b1df3a1b0d597ce76e/base/visuals>: Unresolved reference prim path @/home/ubuntu/workspace/physvla_sim/datasets/data_normalized/Dishwasher_urdf/12359/configuration/fitr_info1_physics.usd@</visuals/base> introduced by @/home/ubuntu/workspace/physvla_sim/datasets/data_normalized/Dishwasher_urdf/12359/configuration/fitr_info1_base.usd@</partnet_6e85f6897e07e0b1df3a1b0d597ce76e/base/visuals> (recomposing stage on stage @/home/ubuntu/workspace/physvla_sim/datasets/data_normalized/Dishwasher_urdf/12359/fitr_info1.usd@ <0x78585a87a4b0>)

2026-07-15T11:59:35Z [3,694ms] [Warning] [omni.usd] Warning: in _ReportErrors at line 3172 of /builds/omniverse/usd-ci/USD/pxr/usd/usd/stage.cpp -- In </partnet_6e85f6897e07e0b1df3a1b0d597ce76e/base/visuals>: Unresolved reference prim path @/home/ubuntu/workspace/physvla_sim/datasets/data_normalized/Dishwasher_urdf/12359/configuration/fitr_info1_physics.usd@</visuals/base> introduced by @/home/ubuntu/workspace/physvla_sim/datasets/data_normalized/Dishwasher_urdf/12359/configuration/fitr_info1_base.usd@</partnet_6e85f6897e07e0b1df3a1b0d597ce76e/base/visuals> (recomposing stage on stage @/home/ubuntu/workspace/physvla_sim/datasets/data_normalized/Dishwasher_urdf/12359/fitr_info1.usd@ <0x78585a87ec50>)

2026-07-15T11:59:35Z [3,695ms] [Warning] [omni.usd] Warning: in _ReportErrors at line 3172 of /builds/omniverse/usd-ci/USD/pxr/usd/usd/stage.cpp -- In </partnet_6e85f6897e07e0b1df3a1b0d597ce76e/base/visuals>: Unresolved reference prim path @/home/ubuntu/workspace/physvla_sim/datasets/data_normalized/Dishwasher_urdf/12359/configuration/fitr_info1_physics.usd@</visuals/base> introduced by @/home/ubuntu/workspace/physvla_sim/datasets/data_normalized/Dishwasher_urdf/12359/configuration/fitr_info1_base.usd@</partnet_6e85f6897e07e0b1df3a1b0d597ce76e/base/visuals> (recomposing stage on stage @/home/ubuntu/workspace/physvla_sim/datasets/data_normalized/Dishwasher_urdf/12359/fitr_info1.usd@ <0x78585a87a4b0>)

2026-07-15T11:59:35Z [3,696ms] [Warning] [omni.usd] Warning: in _ReportErrors at line 3172 of /builds/omniverse/usd-ci/USD/pxr/usd/usd/stage.cpp -- In </partnet_6e85f6897e07e0b1df3a1b0d597ce76e/base/visuals>: Unresolved reference prim path @/home/ubuntu/workspace/physvla_sim/datasets/data_normalized/Dishwasher_urdf/12359/configuration/fitr_info1_physics.usd@</visuals/base> introduced by @/home/ubuntu/workspace/physvla_sim/datasets/data_normalized/Dishwasher_urdf/12359/configuration/fitr_info1_base.usd@</partnet_6e85f6897e07e0b1df3a1b0d597ce76e/base/visuals> (recomposing stage on stage @/home/ubuntu/workspace/physvla_sim/datasets/data_normalized/Dishwasher_urdf/12359/fitr_info1.usd@ <0x78585a87ec50>)

2026-07-15T11:59:35Z [3,697ms] [Warning] [omni.usd] Warning: in _ReportErrors at line 3172 of /builds/omniverse/usd-ci/USD/pxr/usd/usd/stage.cpp -- In </partnet_6e85f6897e07e0b1df3a1b0d597ce76e/base/visuals>: Unresolved reference prim path @/home/ubuntu/workspace/physvla_sim/datasets/data_normalized/Dishwasher_urdf/12359/configuration/fitr_info1_physics.usd@</visuals/base> introduced by @/home/ubuntu/workspace/physvla_sim/datasets/data_normalized/Dishwasher_urdf/12359/configuration/fitr_info1_base.usd@</partnet_6e85f6897e07e0b1df3a1b0d597ce76e/base/visuals> (recomposing stage on stage @/home/ubuntu/workspace/physvla_sim/datasets/data_normalized/Dishwasher_urdf/12359/fitr_info1.usd@ <0x78585a87a4b0>)

Loading user config located at: '/home/ubuntu/isaacsim/kit/data/Kit/Isaac-Sim/5.1/user.config.json'
[Info] [carb] Logging to file: /home/ubuntu/isaacsim/kit/logs/Kit/Isaac-Sim/5.1/kit_20260715_195936.log
2026-07-15T11:59:36Z [0ms] [Warning] [carb.crashreporter-breakpad.plugin] [previous crash] preventing upload of minidump due to user opt-out: '/home/ubuntu/isaacsim/kit/data/Kit/Isaac-Sim/5.1/0d81a4fd-59cb-4157-42d97b80-310afb82.dmp'
2026-07-15T11:59:36Z [0ms] [Warning] [carb.crashreporter-breakpad.plugin] [previous crash] preventing upload of minidump due to user opt-out: '/home/ubuntu/isaacsim/kit/data/Kit/Isaac-Sim/5.1/7efeb785-3cdd-476a-8fc91ca3-38a85c81.dmp'
2026-07-15T11:59:36Z [0ms] [Warning] [carb.crashreporter-breakpad.plugin] [previous crash] preventing upload of minidump due to user opt-out: '/home/ubuntu/isaacsim/kit/data/Kit/Isaac-Sim/5.1/0ec06837-edee-4570-b459bb9b-e409ca73.dmp'
2026-07-15T11:59:36Z [0ms] [Warning] [carb.crashreporter-breakpad.plugin] [previous crash] preventing upload of minidump due to user opt-out: '/home/ubuntu/isaacsim/kit/data/Kit/Isaac-Sim/5.1/846da064-407f-481c-dab18ea9-9788aefc.dmp'
2026-07-15T11:59:36Z [0ms] [Warning] [carb.crashreporter-breakpad.plugin] [previous crash] preventing upload of minidump due to user opt-out: '/home/ubuntu/isaacsim/kit/data/Kit/Isaac-Sim/5.1/7674058d-a5ef-457b-61399da4-1924f871.dmp'
2026-07-15T11:59:36Z [1ms] [Warning] [carb.crashreporter-breakpad.plugin] [previous crash] preventing upload of minidump due to user opt-out: '/home/ubuntu/isaacsim/kit/data/Kit/Isaac-Sim/5.1/0dbca6de-81d5-44e8-85c7eba5-c7ac64b6.dmp'
2026-07-15T11:59:36Z [1ms] [Warning] [carb.crashreporter-breakpad.plugin] [previous crash] preventing upload of minidump due to user opt-out: '/home/ubuntu/isaacsim/kit/data/Kit/Isaac-Sim/5.1/96b6ea33-a47b-4c84-2d7408a6-bc8b64a8.dmp'
2026-07-15T11:59:36Z [187ms] [Warning] [omni.usd_config.extension] Enable omni.materialx.libs extension to use MaterialX
2026-07-15T11:59:36Z [190ms] [Warning] [omni.platforminfo.plugin] failed to open the default display.  Can't verify X Server version.
2026-07-15T11:59:36Z [463ms] [Warning] [carb] Acquiring non optional plugin interface which is not listed as dependency: [omni::physx::IPhysxBenchmarks v1.0] (plugin: <default plugin>), by client: omni.physics.physx.plugin. Add it to CARB_PLUGIN_IMPL_DEPS() macro of a client.
2026-07-15T11:59:37Z [598ms] [Warning] [omni.isaac.dynamic_control] omni.isaac.dynamic_control is deprecated as of Isaac Sim 4.5. No action is needed from end-users.

|---------------------------------------------------------------------------------------------|
| Driver Version: 580.142       | Graphics API: Vulkan
|=============================================================================================|
| GPU | Name                             | Active | LDA | GPU Memory | Vendor-ID | LUID       |
|     |                                  |        |     |            | Device-ID | UUID       |
|     |                                  |        |     |            | Bus-ID    |            |
|---------------------------------------------------------------------------------------------|
| 0   | NVIDIA GeForce RTX 5090 D v2     | Yes: 0 |     | 24701   MB | 10de      | 0          |
|     |                                  |        |     |            | 2b8c      | 5f3d0dc0.. |
|     |                                  |        |     |            | 1         |            |
|=============================================================================================|
| OS: 24.04.3 LTS (Noble Numbat) ubuntu, Version: 24.04.3, Kernel: 6.17.0-1017-oem
| Processor: Intel(R) Core(TM) i9-14900K
| Cores: 24 | Logical Cores: 32
|---------------------------------------------------------------------------------------------|
| Total Memory (MB): 64063 | Free Memory: 53903
| Total Page/Swap (MB): 8191 | Free Page/Swap: 8191
|---------------------------------------------------------------------------------------------|
2026-07-15T11:59:38Z [2,334ms] [Warning] [gpu.foundation.plugin] CPU performance profile is set to powersave. This profile sets the CPU to the lowest frequency reducing performance.
[INFO][AppLauncher]: Using device: cuda:0
[INFO][AppLauncher]: Loading experience file: /home/ubuntu/workspace/IsaacLab/apps/isaaclab.python.headless.kit
{
  "output": "/home/ubuntu/workspace/physvla_sim/datasets/data_normalized/Dishwasher_urdf/12359/fitr_info1.usd",
  "scale": 0.3991428736162361,
  "scale_layer": "/home/ubuntu/workspace/physvla_sim/datasets/data_normalized/Dishwasher_urdf/12359/configuration/fitr_info1_base.usd",
  "joints": [
    {
      "joint": "/partnet_6e85f6897e07e0b1df3a1b0d597ce76e/joints/joint_0",
      "drive": "angular",
      "damping": 670.0,
      "stiffness": 0.0,
      "max_force": 12.5
    }
  ],
  "dynamics_layer": "/home/ubuntu/workspace/physvla_sim/datasets/data_normalized/Dishwasher_urdf/12359/configuration/fitr_info1_physics.usd",
  "affordance_links": [
    "/partnet_6e85f6897e07e0b1df3a1b0d597ce76e/door_1"
  ]
}
2026-07-15T11:59:38Z [2,342ms] [Warning] [gpu.foundation.plugin] IOMMU is enabled.
2026-07-15T11:59:38Z [2,475ms] [Warning] [omni.usd] Warning: in _ReportErrors at line 3172 of /builds/omniverse/usd-ci/USD/pxr/usd/usd/stage.cpp -- In </partnet_6e85f6897e07e0b1df3a1b0d597ce76e/base/visuals>: Unresolved reference prim path @/home/ubuntu/workspace/physvla_sim/datasets/data_normalized/Dishwasher_urdf/12359/configuration/fitr_info1_base.usd@</visuals/base> introduced by @/home/ubuntu/workspace/physvla_sim/datasets/data_normalized/Dishwasher_urdf/12359/configuration/fitr_info1_base.usd@</partnet_6e85f6897e07e0b1df3a1b0d597ce76e/base/visuals> (instantiating stage on stage @/home/ubuntu/workspace/physvla_sim/datasets/data_normalized/Dishwasher_urdf/12359/configuration/fitr_info1_base.usd@ <0x7080eeb455a0>)

2026-07-15T11:59:38Z [2,479ms] [Warning] [omni.usd] Warning: in _ReportErrors at line 3172 of /builds/omniverse/usd-ci/USD/pxr/usd/usd/stage.cpp -- In </partnet_6e85f6897e07e0b1df3a1b0d597ce76e/base/visuals>: Unresolved reference prim path @/home/ubuntu/workspace/physvla_sim/datasets/data_normalized/Dishwasher_urdf/12359/configuration/fitr_info1_physics.usd@</visuals/base> introduced by @/home/ubuntu/workspace/physvla_sim/datasets/data_normalized/Dishwasher_urdf/12359/configuration/fitr_info1_base.usd@</partnet_6e85f6897e07e0b1df3a1b0d597ce76e/base/visuals> (instantiating stage on stage @/home/ubuntu/workspace/physvla_sim/datasets/data_normalized/Dishwasher_urdf/12359/configuration/fitr_info1_physics.usd@ <0x40e0cc10>)

2026-07-15T11:59:38Z [2,480ms] [Warning] [omni.usd] Warning: in _ReportErrors at line 3172 of /builds/omniverse/usd-ci/USD/pxr/usd/usd/stage.cpp -- In </partnet_6e85f6897e07e0b1df3a1b0d597ce76e/base/visuals>: Unresolved reference prim path @/home/ubuntu/workspace/physvla_sim/datasets/data_normalized/Dishwasher_urdf/12359/configuration/fitr_info1_physics.usd@</visuals/base> introduced by @/home/ubuntu/workspace/physvla_sim/datasets/data_normalized/Dishwasher_urdf/12359/configuration/fitr_info1_base.usd@</partnet_6e85f6897e07e0b1df3a1b0d597ce76e/base/visuals> (instantiating stage on stage @/home/ubuntu/workspace/physvla_sim/datasets/data_normalized/Dishwasher_urdf/12359/fitr_info1.usd@ <0x377dec40>)

[OK] Dishwasher_urdf/12359
[RUN] Dishwasher_urdf/12414
Traceback (most recent call last):
  File "/home/ubuntu/workspace/physvla_sim/Augment_code/dyn/generate_asset_usd.py", line 197, in <module>
    main()
  File "/home/ubuntu/workspace/physvla_sim/Augment_code/dyn/generate_asset_usd.py", line 153, in main
    validate_urdf(urdf_path)
  File "/home/ubuntu/workspace/physvla_sim/Augment_code/dyn/generate_asset_usd.py", line 53, in validate_urdf
    raise ValueError(f"Invalid URDF {urdf_path.name}: {'; '.join(errors)}")
ValueError: Invalid URDF test.urdf: duplicate links: body; self-referencing joints: joint_1
[FAILED] Dishwasher_urdf/12414
[RUN] Dishwasher_urdf/12428
Traceback (most recent call last):
  File "/home/ubuntu/workspace/physvla_sim/Augment_code/dyn/generate_asset_usd.py", line 197, in <module>
    main()
  File "/home/ubuntu/workspace/physvla_sim/Augment_code/dyn/generate_asset_usd.py", line 153, in main
    validate_urdf(urdf_path)
  File "/home/ubuntu/workspace/physvla_sim/Augment_code/dyn/generate_asset_usd.py", line 53, in validate_urdf
    raise ValueError(f"Invalid URDF {urdf_path.name}: {'; '.join(errors)}")
ValueError: Invalid URDF test.urdf: duplicate links: body; self-referencing joints: joint_0, joint_1, joint_2, joint_3
[FAILED] Dishwasher_urdf/12428
[RUN] Dishwasher_urdf/12484
Traceback (most recent call last):
  File "/home/ubuntu/workspace/physvla_sim/Augment_code/dyn/generate_asset_usd.py", line 197, in <module>
    main()
  File "/home/ubuntu/workspace/physvla_sim/Augment_code/dyn/generate_asset_usd.py", line 153, in main
    validate_urdf(urdf_path)
  File "/home/ubuntu/workspace/physvla_sim/Augment_code/dyn/generate_asset_usd.py", line 53, in validate_urdf
    raise ValueError(f"Invalid URDF {urdf_path.name}: {'; '.join(errors)}")
ValueError: Invalid URDF test.urdf: duplicate links: body; self-referencing joints: joint_0, joint_1
[FAILED] Dishwasher_urdf/12484
[RUN] Dishwasher_urdf/12542
Traceback (most recent call last):
  File "/home/ubuntu/workspace/physvla_sim/Augment_code/dyn/generate_asset_usd.py", line 197, in <module>
    main()
  File "/home/ubuntu/workspace/physvla_sim/Augment_code/dyn/generate_asset_usd.py", line 153, in main
    validate_urdf(urdf_path)
  File "/home/ubuntu/workspace/physvla_sim/Augment_code/dyn/generate_asset_usd.py", line 53, in validate_urdf
    raise ValueError(f"Invalid URDF {urdf_path.name}: {'; '.join(errors)}")
ValueError: Invalid URDF test.urdf: duplicate links: body; self-referencing joints: joint_1
[FAILED] Dishwasher_urdf/12542
[RUN] Dishwasher_urdf/12553
Traceback (most recent call last):
  File "/home/ubuntu/workspace/physvla_sim/Augment_code/dyn/generate_asset_usd.py", line 197, in <module>
    main()
  File "/home/ubuntu/workspace/physvla_sim/Augment_code/dyn/generate_asset_usd.py", line 153, in main
    validate_urdf(urdf_path)
  File "/home/ubuntu/workspace/physvla_sim/Augment_code/dyn/generate_asset_usd.py", line 53, in validate_urdf
    raise ValueError(f"Invalid URDF {urdf_path.name}: {'; '.join(errors)}")
ValueError: Invalid URDF test.urdf: duplicate links: body; self-referencing joints: joint_1
[FAILED] Dishwasher_urdf/12553
[RUN] Dishwasher_urdf/12578
Traceback (most recent call last):
  File "/home/ubuntu/workspace/physvla_sim/Augment_code/dyn/generate_asset_usd.py", line 197, in <module>
    main()
  File "/home/ubuntu/workspace/physvla_sim/Augment_code/dyn/generate_asset_usd.py", line 153, in main
    validate_urdf(urdf_path)
  File "/home/ubuntu/workspace/physvla_sim/Augment_code/dyn/generate_asset_usd.py", line 53, in validate_urdf
    raise ValueError(f"Invalid URDF {urdf_path.name}: {'; '.join(errors)}")
ValueError: Invalid URDF test.urdf: duplicate links: body; self-referencing joints: joint_1
[FAILED] Dishwasher_urdf/12578
[RUN] Dishwasher_urdf/12583
Traceback (most recent call last):
  File "/home/ubuntu/workspace/physvla_sim/Augment_code/dyn/generate_asset_usd.py", line 197, in <module>
    main()
  File "/home/ubuntu/workspace/physvla_sim/Augment_code/dyn/generate_asset_usd.py", line 153, in main
    validate_urdf(urdf_path)
  File "/home/ubuntu/workspace/physvla_sim/Augment_code/dyn/generate_asset_usd.py", line 53, in validate_urdf
    raise ValueError(f"Invalid URDF {urdf_path.name}: {'; '.join(errors)}")
ValueError: Invalid URDF test.urdf: duplicate links: body; self-referencing joints: joint_1
[FAILED] Dishwasher_urdf/12583
[RUN] Dishwasher_urdf/12597
Traceback (most recent call last):
  File "/home/ubuntu/workspace/physvla_sim/Augment_code/dyn/generate_asset_usd.py", line 197, in <module>
    main()
  File "/home/ubuntu/workspace/physvla_sim/Augment_code/dyn/generate_asset_usd.py", line 153, in main
    validate_urdf(urdf_path)
  File "/home/ubuntu/workspace/physvla_sim/Augment_code/dyn/generate_asset_usd.py", line 53, in validate_urdf
    raise ValueError(f"Invalid URDF {urdf_path.name}: {'; '.join(errors)}")
ValueError: Invalid URDF test.urdf: duplicate links: body; self-referencing joints: joint_1
[FAILED] Dishwasher_urdf/12597
[RUN] Faucet_urdf/154
Loading user config located at: '/home/ubuntu/isaacsim/kit/data/Kit/Isaac-Sim/5.1/user.config.json'
[Info] [carb] Logging to file: /home/ubuntu/isaacsim/kit/logs/Kit/Isaac-Sim/5.1/kit_20260715_195939.log
2026-07-15T11:59:39Z [0ms] [Warning] [carb.crashreporter-breakpad.plugin] [previous crash] preventing upload of minidump due to user opt-out: '/home/ubuntu/isaacsim/kit/data/Kit/Isaac-Sim/5.1/0d81a4fd-59cb-4157-42d97b80-310afb82.dmp'
2026-07-15T11:59:39Z [0ms] [Warning] [carb.crashreporter-breakpad.plugin] [previous crash] preventing upload of minidump due to user opt-out: '/home/ubuntu/isaacsim/kit/data/Kit/Isaac-Sim/5.1/7efeb785-3cdd-476a-8fc91ca3-38a85c81.dmp'
2026-07-15T11:59:39Z [0ms] [Warning] [carb.crashreporter-breakpad.plugin] [previous crash] preventing upload of minidump due to user opt-out: '/home/ubuntu/isaacsim/kit/data/Kit/Isaac-Sim/5.1/0ec06837-edee-4570-b459bb9b-e409ca73.dmp'
2026-07-15T11:59:39Z [0ms] [Warning] [carb.crashreporter-breakpad.plugin] [previous crash] preventing upload of minidump due to user opt-out: '/home/ubuntu/isaacsim/kit/data/Kit/Isaac-Sim/5.1/846da064-407f-481c-dab18ea9-9788aefc.dmp'
2026-07-15T11:59:39Z [0ms] [Warning] [carb.crashreporter-breakpad.plugin] [previous crash] preventing upload of minidump due to user opt-out: '/home/ubuntu/isaacsim/kit/data/Kit/Isaac-Sim/5.1/7674058d-a5ef-457b-61399da4-1924f871.dmp'
2026-07-15T11:59:39Z [1ms] [Warning] [carb.crashreporter-breakpad.plugin] [previous crash] preventing upload of minidump due to user opt-out: '/home/ubuntu/isaacsim/kit/data/Kit/Isaac-Sim/5.1/0dbca6de-81d5-44e8-85c7eba5-c7ac64b6.dmp'
2026-07-15T11:59:39Z [1ms] [Warning] [carb.crashreporter-breakpad.plugin] [previous crash] preventing upload of minidump due to user opt-out: '/home/ubuntu/isaacsim/kit/data/Kit/Isaac-Sim/5.1/96b6ea33-a47b-4c84-2d7408a6-bc8b64a8.dmp'
2026-07-15T11:59:39Z [181ms] [Warning] [omni.platforminfo.plugin] failed to open the default display.  Can't verify X Server version.
2026-07-15T11:59:39Z [182ms] [Warning] [omni.usd_config.extension] Enable omni.materialx.libs extension to use MaterialX
2026-07-15T11:59:40Z [457ms] [Warning] [carb] Acquiring non optional plugin interface which is not listed as dependency: [omni::physx::IPhysxBenchmarks v1.0] (plugin: <default plugin>), by client: omni.physics.physx.plugin. Add it to CARB_PLUGIN_IMPL_DEPS() macro of a client.
2026-07-15T11:59:40Z [589ms] [Warning] [omni.isaac.dynamic_control] omni.isaac.dynamic_control is deprecated as of Isaac Sim 4.5. No action is needed from end-users.

|---------------------------------------------------------------------------------------------|
| Driver Version: 580.142       | Graphics API: Vulkan
|=============================================================================================|
| GPU | Name                             | Active | LDA | GPU Memory | Vendor-ID | LUID       |
|     |                                  |        |     |            | Device-ID | UUID       |
|     |                                  |        |     |            | Bus-ID    |            |
|---------------------------------------------------------------------------------------------|
| 0   | NVIDIA GeForce RTX 5090 D v2     | Yes: 0 |     | 24701   MB | 10de      | 0          |
|     |                                  |        |     |            | 2b8c      | 5f3d0dc0.. |
|     |                                  |        |     |            | 1         |            |
|=============================================================================================|
| OS: 24.04.3 LTS (Noble Numbat) ubuntu, Version: 24.04.3, Kernel: 6.17.0-1017-oem
| Processor: Intel(R) Core(TM) i9-14900K
| Cores: 24 | Logical Cores: 32
|---------------------------------------------------------------------------------------------|
| Total Memory (MB): 64063 | Free Memory: 53893
| Total Page/Swap (MB): 8191 | Free Page/Swap: 8191
|---------------------------------------------------------------------------------------------|
2026-07-15T11:59:42Z [2,635ms] [Warning] [gpu.foundation.plugin] CPU performance profile is set to powersave. This profile sets the CPU to the lowest frequency reducing performance.
2026-07-15T11:59:42Z [2,643ms] [Warning] [gpu.foundation.plugin] IOMMU is enabled.
2026-07-15T11:59:42Z [2,784ms] [Warning] [carb.windowing-glfw.plugin] GLFW initialization failed.
2026-07-15T11:59:42Z [2,784ms] [Warning] [carb] Failed to startup plugin carb.windowing-glfw.plugin (interfaces: [carb::windowing::IGLContext v1.0],[carb::windowing::IWindowing v1.5]) (impl: carb.windowing-glfw.plugin)

|---------------------------------------------------------------------------------------------|
| Driver Version: 580.142       | Graphics API: Vulkan
|=============================================================================================|
| GPU | Name                             | Active | LDA | GPU Memory | Vendor-ID | LUID       |
|     |                                  |        |     |            | Device-ID | UUID       |
|     |                                  |        |     |            | Bus-ID    |            |
|---------------------------------------------------------------------------------------------|
| 0   | NVIDIA GeForce RTX 5090 D v2     | Yes: 0 |     | 24701   MB | 10de      | 0          |
|     |                                  |        |     |            | 2b8c      | 5f3d0dc0.. |
|     |                                  |        |     |            | 1         |            |
|=============================================================================================|
| OS: 24.04.3 LTS (Noble Numbat) ubuntu, Version: 24.04.3, Kernel: 6.17.0-1017-oem
| Processor: Intel(R) Core(TM) i9-14900K
| Cores: 24 | Logical Cores: 32
|---------------------------------------------------------------------------------------------|
| Total Memory (MB): 64063 | Free Memory: 53671
| Total Page/Swap (MB): 8191 | Free Page/Swap: 8191
|---------------------------------------------------------------------------------------------|
2026-07-15T11:59:42Z [3,020ms] [Warning] [gpu.foundation.plugin] CPU performance profile is set to powersave. This profile sets the CPU to the lowest frequency reducing performance.
2026-07-15T11:59:42Z [3,020ms] [Warning] [gpu.foundation.plugin] IOMMU is enabled.
2026-07-15T11:59:42Z [3,221ms] [Warning] [carb.windowing-glfw.plugin] GLFW initialization failed.
2026-07-15T11:59:42Z [3,221ms] [Warning] [carb] Failed to startup plugin carb.windowing-glfw.plugin (interfaces: [carb::windowing::IGLContext v1.0],[carb::windowing::IWindowing v1.5]) (impl: carb.windowing-glfw.plugin)
2026-07-15T11:59:42Z [3,234ms] [Warning] [carb.windowing-glfw.plugin] GLFW initialization failed.
2026-07-15T11:59:42Z [3,234ms] [Warning] [carb] Failed to startup plugin carb.windowing-glfw.plugin (interfaces: [carb::windowing::IGLContext v1.0],[carb::windowing::IWindowing v1.5]) (impl: carb.windowing-glfw.plugin)
2026-07-15T11:59:42Z [3,239ms] [Warning] [carb.windowing-glfw.plugin] GLFW initialization failed.
2026-07-15T11:59:42Z [3,239ms] [Warning] [carb] Failed to startup plugin carb.windowing-glfw.plugin (interfaces: [carb::windowing::IGLContext v1.0],[carb::windowing::IWindowing v1.5]) (impl: carb.windowing-glfw.plugin)
2026-07-15T11:59:42Z [3,243ms] [Warning] [carb.windowing-glfw.plugin] GLFW initialization failed.
2026-07-15T11:59:42Z [3,243ms] [Warning] [carb] Failed to startup plugin carb.windowing-glfw.plugin (interfaces: [carb::windowing::IGLContext v1.0],[carb::windowing::IWindowing v1.5]) (impl: carb.windowing-glfw.plugin)
2026-07-15T11:59:42Z [3,244ms] [Warning] [carb.windowing-glfw.plugin] GLFW initialization failed.
2026-07-15T11:59:42Z [3,244ms] [Warning] [carb] Failed to startup plugin carb.windowing-glfw.plugin (interfaces: [carb::windowing::IGLContext v1.0],[carb::windowing::IWindowing v1.5]) (impl: carb.windowing-glfw.plugin)
2026-07-15T11:59:42Z [3,245ms] [Warning] [carb.windowing-glfw.plugin] GLFW initialization failed.
2026-07-15T11:59:42Z [3,245ms] [Warning] [carb] Failed to startup plugin carb.windowing-glfw.plugin (interfaces: [carb::windowing::IGLContext v1.0],[carb::windowing::IWindowing v1.5]) (impl: carb.windowing-glfw.plugin)
2026-07-15T11:59:43Z [3,492ms] [Warning] [omni.graph.visualization.nodes._impl.extension] No Viewport Window to add omni.graph.visualization.nodes-2.1.3 scene to
2026-07-15T11:59:43Z [3,583ms] [Warning] [isaacsim.asset.importer.urdf] No mass specified for link base
2026-07-15T11:59:43Z [3,584ms] [Warning] [omni.usd] Warning: in _ReportErrors at line 3172 of /builds/omniverse/usd-ci/USD/pxr/usd/usd/stage.cpp -- In </partnet_154/base/visuals>: Unresolved reference prim path @/home/ubuntu/workspace/physvla_sim/datasets/data_normalized/Faucet_urdf/154/configuration/fitr_info1_physics.usd@</visuals/base> introduced by @/home/ubuntu/workspace/physvla_sim/datasets/data_normalized/Faucet_urdf/154/configuration/fitr_info1_base.usd@</partnet_154/base/visuals> (recomposing stage on stage @/home/ubuntu/workspace/physvla_sim/datasets/data_normalized/Faucet_urdf/154/configuration/fitr_info1_physics.usd@ <0x37620050>)

2026-07-15T11:59:43Z [3,584ms] [Warning] [omni.usd] Warning: in _ReportErrors at line 3172 of /builds/omniverse/usd-ci/USD/pxr/usd/usd/stage.cpp -- In </partnet_154/base/visuals>: Unresolved reference prim path @/home/ubuntu/workspace/physvla_sim/datasets/data_normalized/Faucet_urdf/154/fitr_info1.usd@</visuals/base> introduced by @/home/ubuntu/workspace/physvla_sim/datasets/data_normalized/Faucet_urdf/154/configuration/fitr_info1_base.usd@</partnet_154/base/visuals> (recomposing stage on stage @/home/ubuntu/workspace/physvla_sim/datasets/data_normalized/Faucet_urdf/154/fitr_info1.usd@ <0x3760c700>)

2026-07-15T11:59:43Z [3,584ms] [Warning] [omni.usd] Warning: in _ReportErrors at line 3172 of /builds/omniverse/usd-ci/USD/pxr/usd/usd/stage.cpp -- In </partnet_154/base/visuals>: Unresolved reference prim path @/home/ubuntu/workspace/physvla_sim/datasets/data_normalized/Faucet_urdf/154/fitr_info1.usd@</visuals/base> introduced by @/home/ubuntu/workspace/physvla_sim/datasets/data_normalized/Faucet_urdf/154/configuration/fitr_info1_base.usd@</partnet_154/base/visuals> (recomposing stage on stage @/home/ubuntu/workspace/physvla_sim/datasets/data_normalized/Faucet_urdf/154/fitr_info1.usd@ <0x37608320>)

2026-07-15T11:59:43Z [3,584ms] [Warning] [omni.usd] Warning: in _ReportErrors at line 3172 of /builds/omniverse/usd-ci/USD/pxr/usd/usd/stage.cpp -- In </partnet_154/base/visuals>: Unresolved reference prim path @/home/ubuntu/workspace/physvla_sim/datasets/data_normalized/Faucet_urdf/154/configuration/fitr_info1_base.usd@</visuals/base> introduced by @/home/ubuntu/workspace/physvla_sim/datasets/data_normalized/Faucet_urdf/154/configuration/fitr_info1_base.usd@</partnet_154/base/visuals> (recomposing stage on stage @/home/ubuntu/workspace/physvla_sim/datasets/data_normalized/Faucet_urdf/154/configuration/fitr_info1_base.usd@ <0x37629580>)

2026-07-15T11:59:43Z [3,584ms] [Warning] [omni.usd] Warning: in _ReportErrors at line 3172 of /builds/omniverse/usd-ci/USD/pxr/usd/usd/stage.cpp -- In </partnet_154/base/visuals>: Unresolved reference prim path @/home/ubuntu/workspace/physvla_sim/datasets/data_normalized/Faucet_urdf/154/configuration/fitr_info1_physics.usd@</visuals/base> introduced by @/home/ubuntu/workspace/physvla_sim/datasets/data_normalized/Faucet_urdf/154/configuration/fitr_info1_base.usd@</partnet_154/base/visuals> (recomposing stage on stage @/home/ubuntu/workspace/physvla_sim/datasets/data_normalized/Faucet_urdf/154/configuration/fitr_info1_physics.usd@ <0x37620050>)

2026-07-15T11:59:43Z [3,584ms] [Warning] [omni.usd] Warning: in _ReportErrors at line 3172 of /builds/omniverse/usd-ci/USD/pxr/usd/usd/stage.cpp -- In </partnet_154/base/visuals>: Unresolved reference prim path @/home/ubuntu/workspace/physvla_sim/datasets/data_normalized/Faucet_urdf/154/fitr_info1.usd@</visuals/base> introduced by @/home/ubuntu/workspace/physvla_sim/datasets/data_normalized/Faucet_urdf/154/configuration/fitr_info1_base.usd@</partnet_154/base/visuals> (recomposing stage on stage @/home/ubuntu/workspace/physvla_sim/datasets/data_normalized/Faucet_urdf/154/fitr_info1.usd@ <0x3760c700>)

2026-07-15T11:59:43Z [3,584ms] [Warning] [omni.usd] Warning: in _ReportErrors at line 3172 of /builds/omniverse/usd-ci/USD/pxr/usd/usd/stage.cpp -- In </partnet_154/base/visuals>: Unresolved reference prim path @/home/ubuntu/workspace/physvla_sim/datasets/data_normalized/Faucet_urdf/154/fitr_info1.usd@</visuals/base> introduced by @/home/ubuntu/workspace/physvla_sim/datasets/data_normalized/Faucet_urdf/154/configuration/fitr_info1_base.usd@</partnet_154/base/visuals> (recomposing stage on stage @/home/ubuntu/workspace/physvla_sim/datasets/data_normalized/Faucet_urdf/154/fitr_info1.usd@ <0x37608320>)

2026-07-15T11:59:43Z [3,584ms] [Warning] [omni.usd] Warning: in _ReportErrors at line 3172 of /builds/omniverse/usd-ci/USD/pxr/usd/usd/stage.cpp -- In </partnet_154/base/visuals>: Unresolved reference prim path @/home/ubuntu/workspace/physvla_sim/datasets/data_normalized/Faucet_urdf/154/configuration/fitr_info1_base.usd@</visuals/base> introduced by @/home/ubuntu/workspace/physvla_sim/datasets/data_normalized/Faucet_urdf/154/configuration/fitr_info1_base.usd@</partnet_154/base/visuals> (recomposing stage on stage @/home/ubuntu/workspace/physvla_sim/datasets/data_normalized/Faucet_urdf/154/configuration/fitr_info1_base.usd@ <0x37629580>)

2026-07-15T11:59:43Z [3,584ms] [Warning] [isaacsim.asset.importer.urdf] Link base has no colliders, and no inertia was imported; assigning a small isotropic inertia matrix
2026-07-15T11:59:43Z [3,637ms] [Warning] [omni.usd] Warning: in _ReportErrors at line 3172 of /builds/omniverse/usd-ci/USD/pxr/usd/usd/stage.cpp -- In </partnet_154/base/visuals>: Unresolved reference prim path @/home/ubuntu/workspace/physvla_sim/datasets/data_normalized/Faucet_urdf/154/configuration/fitr_info1_base.usd@</visuals/base> introduced by @/home/ubuntu/workspace/physvla_sim/datasets/data_normalized/Faucet_urdf/154/configuration/fitr_info1_base.usd@</partnet_154/base/visuals> (recomposing stage on stage @/home/ubuntu/workspace/physvla_sim/datasets/data_normalized/Faucet_urdf/154/fitr_info1.usd@ <0x3760c700>)

2026-07-15T11:59:43Z [3,637ms] [Warning] [omni.usd] Warning: in _ReportErrors at line 3172 of /builds/omniverse/usd-ci/USD/pxr/usd/usd/stage.cpp -- In </partnet_154/base/visuals>: Unresolved reference prim path @/home/ubuntu/workspace/physvla_sim/datasets/data_normalized/Faucet_urdf/154/configuration/fitr_info1_base.usd@</visuals/base> introduced by @/home/ubuntu/workspace/physvla_sim/datasets/data_normalized/Faucet_urdf/154/configuration/fitr_info1_base.usd@</partnet_154/base/visuals> (recomposing stage on stage @/home/ubuntu/workspace/physvla_sim/datasets/data_normalized/Faucet_urdf/154/fitr_info1.usd@ <0x37608320>)

2026-07-15T11:59:43Z [3,638ms] [Warning] [omni.usd] Warning: in _ReportErrors at line 3172 of /builds/omniverse/usd-ci/USD/pxr/usd/usd/stage.cpp -- In </partnet_154/base/visuals>: Unresolved reference prim path @/home/ubuntu/workspace/physvla_sim/datasets/data_normalized/Faucet_urdf/154/configuration/fitr_info1_physics.usd@</visuals/base> introduced by @/home/ubuntu/workspace/physvla_sim/datasets/data_normalized/Faucet_urdf/154/configuration/fitr_info1_base.usd@</partnet_154/base/visuals> (recomposing stage on stage @/home/ubuntu/workspace/physvla_sim/datasets/data_normalized/Faucet_urdf/154/fitr_info1.usd@ <0x3760c700>)

2026-07-15T11:59:43Z [3,639ms] [Warning] [omni.usd] Warning: in _ReportErrors at line 3172 of /builds/omniverse/usd-ci/USD/pxr/usd/usd/stage.cpp -- In </partnet_154/base/visuals>: Unresolved reference prim path @/home/ubuntu/workspace/physvla_sim/datasets/data_normalized/Faucet_urdf/154/configuration/fitr_info1_physics.usd@</visuals/base> introduced by @/home/ubuntu/workspace/physvla_sim/datasets/data_normalized/Faucet_urdf/154/configuration/fitr_info1_base.usd@</partnet_154/base/visuals> (recomposing stage on stage @/home/ubuntu/workspace/physvla_sim/datasets/data_normalized/Faucet_urdf/154/fitr_info1.usd@ <0x37608320>)

2026-07-15T11:59:43Z [3,639ms] [Warning] [omni.usd] Warning: in _ReportErrors at line 3172 of /builds/omniverse/usd-ci/USD/pxr/usd/usd/stage.cpp -- In </partnet_154/base/visuals>: Unresolved reference prim path @/home/ubuntu/workspace/physvla_sim/datasets/data_normalized/Faucet_urdf/154/configuration/fitr_info1_physics.usd@</visuals/base> introduced by @/home/ubuntu/workspace/physvla_sim/datasets/data_normalized/Faucet_urdf/154/configuration/fitr_info1_base.usd@</partnet_154/base/visuals> (recomposing stage on stage @/home/ubuntu/workspace/physvla_sim/datasets/data_normalized/Faucet_urdf/154/fitr_info1.usd@ <0x3760c700>)

2026-07-15T11:59:43Z [3,640ms] [Warning] [omni.usd] Warning: in _ReportErrors at line 3172 of /builds/omniverse/usd-ci/USD/pxr/usd/usd/stage.cpp -- In </partnet_154/base/visuals>: Unresolved reference prim path @/home/ubuntu/workspace/physvla_sim/datasets/data_normalized/Faucet_urdf/154/configuration/fitr_info1_physics.usd@</visuals/base> introduced by @/home/ubuntu/workspace/physvla_sim/datasets/data_normalized/Faucet_urdf/154/configuration/fitr_info1_base.usd@</partnet_154/base/visuals> (recomposing stage on stage @/home/ubuntu/workspace/physvla_sim/datasets/data_normalized/Faucet_urdf/154/fitr_info1.usd@ <0x37608320>)

2026-07-15T11:59:43Z [3,641ms] [Warning] [omni.usd] Warning: in _ReportErrors at line 3172 of /builds/omniverse/usd-ci/USD/pxr/usd/usd/stage.cpp -- In </partnet_154/base/visuals>: Unresolved reference prim path @/home/ubuntu/workspace/physvla_sim/datasets/data_normalized/Faucet_urdf/154/configuration/fitr_info1_physics.usd@</visuals/base> introduced by @/home/ubuntu/workspace/physvla_sim/datasets/data_normalized/Faucet_urdf/154/configuration/fitr_info1_base.usd@</partnet_154/base/visuals> (recomposing stage on stage @/home/ubuntu/workspace/physvla_sim/datasets/data_normalized/Faucet_urdf/154/fitr_info1.usd@ <0x3760c700>)

2026-07-15T11:59:43Z [3,642ms] [Warning] [omni.usd] Warning: in _ReportErrors at line 3172 of /builds/omniverse/usd-ci/USD/pxr/usd/usd/stage.cpp -- In </partnet_154/base/visuals>: Unresolved reference prim path @/home/ubuntu/workspace/physvla_sim/datasets/data_normalized/Faucet_urdf/154/configuration/fitr_info1_physics.usd@</visuals/base> introduced by @/home/ubuntu/workspace/physvla_sim/datasets/data_normalized/Faucet_urdf/154/configuration/fitr_info1_base.usd@</partnet_154/base/visuals> (recomposing stage on stage @/home/ubuntu/workspace/physvla_sim/datasets/data_normalized/Faucet_urdf/154/fitr_info1.usd@ <0x37608320>)

2026-07-15T11:59:43Z [3,643ms] [Warning] [omni.usd] Warning: in _ReportErrors at line 3172 of /builds/omniverse/usd-ci/USD/pxr/usd/usd/stage.cpp -- In </partnet_154/base/visuals>: Unresolved reference prim path @/home/ubuntu/workspace/physvla_sim/datasets/data_normalized/Faucet_urdf/154/configuration/fitr_info1_physics.usd@</visuals/base> introduced by @/home/ubuntu/workspace/physvla_sim/datasets/data_normalized/Faucet_urdf/154/configuration/fitr_info1_base.usd@</partnet_154/base/visuals> (recomposing stage on stage @/home/ubuntu/workspace/physvla_sim/datasets/data_normalized/Faucet_urdf/154/fitr_info1.usd@ <0x3760c700>)

2026-07-15T11:59:43Z [3,644ms] [Warning] [omni.usd] Warning: in _ReportErrors at line 3172 of /builds/omniverse/usd-ci/USD/pxr/usd/usd/stage.cpp -- In </partnet_154/base/visuals>: Unresolved reference prim path @/home/ubuntu/workspace/physvla_sim/datasets/data_normalized/Faucet_urdf/154/configuration/fitr_info1_physics.usd@</visuals/base> introduced by @/home/ubuntu/workspace/physvla_sim/datasets/data_normalized/Faucet_urdf/154/configuration/fitr_info1_base.usd@</partnet_154/base/visuals> (recomposing stage on stage @/home/ubuntu/workspace/physvla_sim/datasets/data_normalized/Faucet_urdf/154/fitr_info1.usd@ <0x37608320>)

2026-07-15T11:59:43Z [3,645ms] [Warning] [omni.usd] Warning: in _ReportErrors at line 3172 of /builds/omniverse/usd-ci/USD/pxr/usd/usd/stage.cpp -- In </partnet_154/base/visuals>: Unresolved reference prim path @/home/ubuntu/workspace/physvla_sim/datasets/data_normalized/Faucet_urdf/154/configuration/fitr_info1_physics.usd@</visuals/base> introduced by @/home/ubuntu/workspace/physvla_sim/datasets/data_normalized/Faucet_urdf/154/configuration/fitr_info1_base.usd@</partnet_154/base/visuals> (recomposing stage on stage @/home/ubuntu/workspace/physvla_sim/datasets/data_normalized/Faucet_urdf/154/fitr_info1.usd@ <0x3760c700>)

2026-07-15T11:59:43Z [3,646ms] [Warning] [omni.usd] Warning: in _ReportErrors at line 3172 of /builds/omniverse/usd-ci/USD/pxr/usd/usd/stage.cpp -- In </partnet_154/base/visuals>: Unresolved reference prim path @/home/ubuntu/workspace/physvla_sim/datasets/data_normalized/Faucet_urdf/154/configuration/fitr_info1_physics.usd@</visuals/base> introduced by @/home/ubuntu/workspace/physvla_sim/datasets/data_normalized/Faucet_urdf/154/configuration/fitr_info1_base.usd@</partnet_154/base/visuals> (recomposing stage on stage @/home/ubuntu/workspace/physvla_sim/datasets/data_normalized/Faucet_urdf/154/fitr_info1.usd@ <0x37608320>)

2026-07-15T11:59:43Z [3,647ms] [Warning] [omni.usd] Warning: in _ReportErrors at line 3172 of /builds/omniverse/usd-ci/USD/pxr/usd/usd/stage.cpp -- In </partnet_154/base/visuals>: Unresolved reference prim path @/home/ubuntu/workspace/physvla_sim/datasets/data_normalized/Faucet_urdf/154/configuration/fitr_info1_physics.usd@</visuals/base> introduced by @/home/ubuntu/workspace/physvla_sim/datasets/data_normalized/Faucet_urdf/154/configuration/fitr_info1_base.usd@</partnet_154/base/visuals> (recomposing stage on stage @/home/ubuntu/workspace/physvla_sim/datasets/data_normalized/Faucet_urdf/154/fitr_info1.usd@ <0x3760c700>)

2026-07-15T11:59:43Z [3,648ms] [Warning] [omni.usd] Warning: in _ReportErrors at line 3172 of /builds/omniverse/usd-ci/USD/pxr/usd/usd/stage.cpp -- In </partnet_154/base/visuals>: Unresolved reference prim path @/home/ubuntu/workspace/physvla_sim/datasets/data_normalized/Faucet_urdf/154/configuration/fitr_info1_physics.usd@</visuals/base> introduced by @/home/ubuntu/workspace/physvla_sim/datasets/data_normalized/Faucet_urdf/154/configuration/fitr_info1_base.usd@</partnet_154/base/visuals> (recomposing stage on stage @/home/ubuntu/workspace/physvla_sim/datasets/data_normalized/Faucet_urdf/154/fitr_info1.usd@ <0x37608320>)

2026-07-15T11:59:43Z [3,649ms] [Warning] [omni.usd] Warning: in _ReportErrors at line 3172 of /builds/omniverse/usd-ci/USD/pxr/usd/usd/stage.cpp -- In </partnet_154/base/visuals>: Unresolved reference prim path @/home/ubuntu/workspace/physvla_sim/datasets/data_normalized/Faucet_urdf/154/configuration/fitr_info1_physics.usd@</visuals/base> introduced by @/home/ubuntu/workspace/physvla_sim/datasets/data_normalized/Faucet_urdf/154/configuration/fitr_info1_base.usd@</partnet_154/base/visuals> (recomposing stage on stage @/home/ubuntu/workspace/physvla_sim/datasets/data_normalized/Faucet_urdf/154/fitr_info1.usd@ <0x3760c700>)

2026-07-15T11:59:43Z [3,650ms] [Warning] [omni.usd] Warning: in _ReportErrors at line 3172 of /builds/omniverse/usd-ci/USD/pxr/usd/usd/stage.cpp -- In </partnet_154/base/visuals>: Unresolved reference prim path @/home/ubuntu/workspace/physvla_sim/datasets/data_normalized/Faucet_urdf/154/configuration/fitr_info1_physics.usd@</visuals/base> introduced by @/home/ubuntu/workspace/physvla_sim/datasets/data_normalized/Faucet_urdf/154/configuration/fitr_info1_base.usd@</partnet_154/base/visuals> (recomposing stage on stage @/home/ubuntu/workspace/physvla_sim/datasets/data_normalized/Faucet_urdf/154/fitr_info1.usd@ <0x37608320>)

Loading user config located at: '/home/ubuntu/isaacsim/kit/data/Kit/Isaac-Sim/5.1/user.config.json'
[Info] [carb] Logging to file: /home/ubuntu/isaacsim/kit/logs/Kit/Isaac-Sim/5.1/kit_20260715_195943.log
2026-07-15T11:59:43Z [0ms] [Warning] [carb.crashreporter-breakpad.plugin] [previous crash] preventing upload of minidump due to user opt-out: '/home/ubuntu/isaacsim/kit/data/Kit/Isaac-Sim/5.1/0d81a4fd-59cb-4157-42d97b80-310afb82.dmp'
2026-07-15T11:59:43Z [0ms] [Warning] [carb.crashreporter-breakpad.plugin] [previous crash] preventing upload of minidump due to user opt-out: '/home/ubuntu/isaacsim/kit/data/Kit/Isaac-Sim/5.1/7efeb785-3cdd-476a-8fc91ca3-38a85c81.dmp'
2026-07-15T11:59:43Z [0ms] [Warning] [carb.crashreporter-breakpad.plugin] [previous crash] preventing upload of minidump due to user opt-out: '/home/ubuntu/isaacsim/kit/data/Kit/Isaac-Sim/5.1/0ec06837-edee-4570-b459bb9b-e409ca73.dmp'
2026-07-15T11:59:43Z [0ms] [Warning] [carb.crashreporter-breakpad.plugin] [previous crash] preventing upload of minidump due to user opt-out: '/home/ubuntu/isaacsim/kit/data/Kit/Isaac-Sim/5.1/846da064-407f-481c-dab18ea9-9788aefc.dmp'
2026-07-15T11:59:43Z [0ms] [Warning] [carb.crashreporter-breakpad.plugin] [previous crash] preventing upload of minidump due to user opt-out: '/home/ubuntu/isaacsim/kit/data/Kit/Isaac-Sim/5.1/7674058d-a5ef-457b-61399da4-1924f871.dmp'
2026-07-15T11:59:43Z [1ms] [Warning] [carb.crashreporter-breakpad.plugin] [previous crash] preventing upload of minidump due to user opt-out: '/home/ubuntu/isaacsim/kit/data/Kit/Isaac-Sim/5.1/0dbca6de-81d5-44e8-85c7eba5-c7ac64b6.dmp'
2026-07-15T11:59:43Z [1ms] [Warning] [carb.crashreporter-breakpad.plugin] [previous crash] preventing upload of minidump due to user opt-out: '/home/ubuntu/isaacsim/kit/data/Kit/Isaac-Sim/5.1/96b6ea33-a47b-4c84-2d7408a6-bc8b64a8.dmp'
2026-07-15T11:59:43Z [191ms] [Warning] [omni.usd_config.extension] Enable omni.materialx.libs extension to use MaterialX
2026-07-15T11:59:43Z [195ms] [Warning] [omni.platforminfo.plugin] failed to open the default display.  Can't verify X Server version.
2026-07-15T11:59:44Z [465ms] [Warning] [carb] Acquiring non optional plugin interface which is not listed as dependency: [omni::physx::IPhysxBenchmarks v1.0] (plugin: <default plugin>), by client: omni.physics.physx.plugin. Add it to CARB_PLUGIN_IMPL_DEPS() macro of a client.
2026-07-15T11:59:44Z [599ms] [Warning] [omni.isaac.dynamic_control] omni.isaac.dynamic_control is deprecated as of Isaac Sim 4.5. No action is needed from end-users.

|---------------------------------------------------------------------------------------------|
| Driver Version: 580.142       | Graphics API: Vulkan
|=============================================================================================|
| GPU | Name                             | Active | LDA | GPU Memory | Vendor-ID | LUID       |
|     |                                  |        |     |            | Device-ID | UUID       |
|     |                                  |        |     |            | Bus-ID    |            |
|---------------------------------------------------------------------------------------------|
| 0   | NVIDIA GeForce RTX 5090 D v2     | Yes: 0 |     | 24701   MB | 10de      | 0          |
|     |                                  |        |     |            | 2b8c      | 5f3d0dc0.. |
|     |                                  |        |     |            | 1         |            |
|=============================================================================================|
| OS: 24.04.3 LTS (Noble Numbat) ubuntu, Version: 24.04.3, Kernel: 6.17.0-1017-oem
| Processor: Intel(R) Core(TM) i9-14900K
| Cores: 24 | Logical Cores: 32
|---------------------------------------------------------------------------------------------|
| Total Memory (MB): 64063 | Free Memory: 53877
| Total Page/Swap (MB): 8191 | Free Page/Swap: 8191
|---------------------------------------------------------------------------------------------|
2026-07-15T11:59:46Z [2,578ms] [Warning] [gpu.foundation.plugin] CPU performance profile is set to powersave. This profile sets the CPU to the lowest frequency reducing performance.
[INFO][AppLauncher]: Using device: cuda:0
[INFO][AppLauncher]: Loading experience file: /home/ubuntu/workspace/IsaacLab/apps/isaaclab.python.headless.kit
{
  "output": "/home/ubuntu/workspace/physvla_sim/datasets/data_normalized/Faucet_urdf/154/fitr_info1.usd",
  "scale": 0.09,
  "scale_layer": "/home/ubuntu/workspace/physvla_sim/datasets/data_normalized/Faucet_urdf/154/configuration/fitr_info1_base.usd",
  "joints": [
    {
      "joint": "/partnet_154/joints/joint_0",
      "drive": "angular",
      "damping": 62.5,
      "stiffness": 0.0,
      "max_force": 0.05000000074505806
    },
    {
      "joint": "/partnet_154/joints/joint_1",
      "drive": "angular",
      "damping": 62.5,
      "stiffness": 0.0,
      "max_force": 0.05000000074505806
    }
  ],
  "dynamics_layer": "/home/ubuntu/workspace/physvla_sim/datasets/data_normalized/Faucet_urdf/154/configuration/fitr_info1_physics.usd",
  "affordance_links": [
    "/partnet_154/link_2",
    "/partnet_154/link_3"
  ]
}
2026-07-15T11:59:46Z [2,586ms] [Warning] [gpu.foundation.plugin] IOMMU is enabled.
2026-07-15T11:59:46Z [2,727ms] [Warning] [omni.usd] Warning: in _ReportErrors at line 3172 of /builds/omniverse/usd-ci/USD/pxr/usd/usd/stage.cpp -- In </partnet_154/base/visuals>: Unresolved reference prim path @/home/ubuntu/workspace/physvla_sim/datasets/data_normalized/Faucet_urdf/154/configuration/fitr_info1_base.usd@</visuals/base> introduced by @/home/ubuntu/workspace/physvla_sim/datasets/data_normalized/Faucet_urdf/154/configuration/fitr_info1_base.usd@</partnet_154/base/visuals> (instantiating stage on stage @/home/ubuntu/workspace/physvla_sim/datasets/data_normalized/Faucet_urdf/154/configuration/fitr_info1_base.usd@ <0x228ef380>)

2026-07-15T11:59:46Z [2,732ms] [Warning] [omni.usd] Warning: in _ReportErrors at line 3172 of /builds/omniverse/usd-ci/USD/pxr/usd/usd/stage.cpp -- In </partnet_154/base/visuals>: Unresolved reference prim path @/home/ubuntu/workspace/physvla_sim/datasets/data_normalized/Faucet_urdf/154/configuration/fitr_info1_physics.usd@</visuals/base> introduced by @/home/ubuntu/workspace/physvla_sim/datasets/data_normalized/Faucet_urdf/154/configuration/fitr_info1_base.usd@</partnet_154/base/visuals> (instantiating stage on stage @/home/ubuntu/workspace/physvla_sim/datasets/data_normalized/Faucet_urdf/154/configuration/fitr_info1_physics.usd@ <0x20a53010>)

2026-07-15T11:59:46Z [2,733ms] [Warning] [omni.usd] Warning: in _ReportErrors at line 3172 of /builds/omniverse/usd-ci/USD/pxr/usd/usd/stage.cpp -- In </partnet_154/base/visuals>: Unresolved reference prim path @/home/ubuntu/workspace/physvla_sim/datasets/data_normalized/Faucet_urdf/154/configuration/fitr_info1_physics.usd@</visuals/base> introduced by @/home/ubuntu/workspace/physvla_sim/datasets/data_normalized/Faucet_urdf/154/configuration/fitr_info1_base.usd@</partnet_154/base/visuals> (instantiating stage on stage @/home/ubuntu/workspace/physvla_sim/datasets/data_normalized/Faucet_urdf/154/fitr_info1.usd@ <0x228c09c0>)

[OK] Faucet_urdf/154
[RUN] Faucet_urdf/710
Loading user config located at: '/home/ubuntu/isaacsim/kit/data/Kit/Isaac-Sim/5.1/user.config.json'
[Info] [carb] Logging to file: /home/ubuntu/isaacsim/kit/logs/Kit/Isaac-Sim/5.1/kit_20260715_195946.log
2026-07-15T11:59:46Z [0ms] [Warning] [carb.crashreporter-breakpad.plugin] [previous crash] preventing upload of minidump due to user opt-out: '/home/ubuntu/isaacsim/kit/data/Kit/Isaac-Sim/5.1/0d81a4fd-59cb-4157-42d97b80-310afb82.dmp'
2026-07-15T11:59:46Z [0ms] [Warning] [carb.crashreporter-breakpad.plugin] [previous crash] preventing upload of minidump due to user opt-out: '/home/ubuntu/isaacsim/kit/data/Kit/Isaac-Sim/5.1/7efeb785-3cdd-476a-8fc91ca3-38a85c81.dmp'
2026-07-15T11:59:46Z [0ms] [Warning] [carb.crashreporter-breakpad.plugin] [previous crash] preventing upload of minidump due to user opt-out: '/home/ubuntu/isaacsim/kit/data/Kit/Isaac-Sim/5.1/0ec06837-edee-4570-b459bb9b-e409ca73.dmp'
2026-07-15T11:59:46Z [0ms] [Warning] [carb.crashreporter-breakpad.plugin] [previous crash] preventing upload of minidump due to user opt-out: '/home/ubuntu/isaacsim/kit/data/Kit/Isaac-Sim/5.1/846da064-407f-481c-dab18ea9-9788aefc.dmp'
2026-07-15T11:59:46Z [0ms] [Warning] [carb.crashreporter-breakpad.plugin] [previous crash] preventing upload of minidump due to user opt-out: '/home/ubuntu/isaacsim/kit/data/Kit/Isaac-Sim/5.1/7674058d-a5ef-457b-61399da4-1924f871.dmp'
2026-07-15T11:59:46Z [1ms] [Warning] [carb.crashreporter-breakpad.plugin] [previous crash] preventing upload of minidump due to user opt-out: '/home/ubuntu/isaacsim/kit/data/Kit/Isaac-Sim/5.1/0dbca6de-81d5-44e8-85c7eba5-c7ac64b6.dmp'
2026-07-15T11:59:46Z [1ms] [Warning] [carb.crashreporter-breakpad.plugin] [previous crash] preventing upload of minidump due to user opt-out: '/home/ubuntu/isaacsim/kit/data/Kit/Isaac-Sim/5.1/96b6ea33-a47b-4c84-2d7408a6-bc8b64a8.dmp'
2026-07-15T11:59:47Z [184ms] [Warning] [omni.usd_config.extension] Enable omni.materialx.libs extension to use MaterialX
2026-07-15T11:59:47Z [187ms] [Warning] [omni.platforminfo.plugin] failed to open the default display.  Can't verify X Server version.
2026-07-15T11:59:47Z [458ms] [Warning] [carb] Acquiring non optional plugin interface which is not listed as dependency: [omni::physx::IPhysxBenchmarks v1.0] (plugin: <default plugin>), by client: omni.physics.physx.plugin. Add it to CARB_PLUGIN_IMPL_DEPS() macro of a client.
2026-07-15T11:59:47Z [591ms] [Warning] [omni.isaac.dynamic_control] omni.isaac.dynamic_control is deprecated as of Isaac Sim 4.5. No action is needed from end-users.

|---------------------------------------------------------------------------------------------|
| Driver Version: 580.142       | Graphics API: Vulkan
|=============================================================================================|
| GPU | Name                             | Active | LDA | GPU Memory | Vendor-ID | LUID       |
|     |                                  |        |     |            | Device-ID | UUID       |
|     |                                  |        |     |            | Bus-ID    |            |
|---------------------------------------------------------------------------------------------|
| 0   | NVIDIA GeForce RTX 5090 D v2     | Yes: 0 |     | 24701   MB | 10de      | 0          |
|     |                                  |        |     |            | 2b8c      | 5f3d0dc0.. |
|     |                                  |        |     |            | 1         |            |
|=============================================================================================|
| OS: 24.04.3 LTS (Noble Numbat) ubuntu, Version: 24.04.3, Kernel: 6.17.0-1017-oem
| Processor: Intel(R) Core(TM) i9-14900K
| Cores: 24 | Logical Cores: 32
|---------------------------------------------------------------------------------------------|
| Total Memory (MB): 64063 | Free Memory: 53828
| Total Page/Swap (MB): 8191 | Free Page/Swap: 8191
|---------------------------------------------------------------------------------------------|
2026-07-15T11:59:49Z [2,601ms] [Warning] [gpu.foundation.plugin] CPU performance profile is set to powersave. This profile sets the CPU to the lowest frequency reducing performance.
2026-07-15T11:59:49Z [2,609ms] [Warning] [gpu.foundation.plugin] IOMMU is enabled.
2026-07-15T11:59:49Z [2,743ms] [Warning] [carb.windowing-glfw.plugin] GLFW initialization failed.
2026-07-15T11:59:49Z [2,743ms] [Warning] [carb] Failed to startup plugin carb.windowing-glfw.plugin (interfaces: [carb::windowing::IGLContext v1.0],[carb::windowing::IWindowing v1.5]) (impl: carb.windowing-glfw.plugin)

|---------------------------------------------------------------------------------------------|
| Driver Version: 580.142       | Graphics API: Vulkan
|=============================================================================================|
| GPU | Name                             | Active | LDA | GPU Memory | Vendor-ID | LUID       |
|     |                                  |        |     |            | Device-ID | UUID       |
|     |                                  |        |     |            | Bus-ID    |            |
|---------------------------------------------------------------------------------------------|
| 0   | NVIDIA GeForce RTX 5090 D v2     | Yes: 0 |     | 24701   MB | 10de      | 0          |
|     |                                  |        |     |            | 2b8c      | 5f3d0dc0.. |
|     |                                  |        |     |            | 1         |            |
|=============================================================================================|
| OS: 24.04.3 LTS (Noble Numbat) ubuntu, Version: 24.04.3, Kernel: 6.17.0-1017-oem
| Processor: Intel(R) Core(TM) i9-14900K
| Cores: 24 | Logical Cores: 32
|---------------------------------------------------------------------------------------------|
| Total Memory (MB): 64063 | Free Memory: 53640
| Total Page/Swap (MB): 8191 | Free Page/Swap: 8191
|---------------------------------------------------------------------------------------------|
2026-07-15T11:59:49Z [2,973ms] [Warning] [gpu.foundation.plugin] CPU performance profile is set to powersave. This profile sets the CPU to the lowest frequency reducing performance.
2026-07-15T11:59:49Z [2,974ms] [Warning] [gpu.foundation.plugin] IOMMU is enabled.
2026-07-15T11:59:50Z [3,179ms] [Warning] [carb.windowing-glfw.plugin] GLFW initialization failed.
2026-07-15T11:59:50Z [3,180ms] [Warning] [carb] Failed to startup plugin carb.windowing-glfw.plugin (interfaces: [carb::windowing::IGLContext v1.0],[carb::windowing::IWindowing v1.5]) (impl: carb.windowing-glfw.plugin)
2026-07-15T11:59:50Z [3,191ms] [Warning] [carb.windowing-glfw.plugin] GLFW initialization failed.
2026-07-15T11:59:50Z [3,191ms] [Warning] [carb] Failed to startup plugin carb.windowing-glfw.plugin (interfaces: [carb::windowing::IGLContext v1.0],[carb::windowing::IWindowing v1.5]) (impl: carb.windowing-glfw.plugin)
2026-07-15T11:59:50Z [3,196ms] [Warning] [carb.windowing-glfw.plugin] GLFW initialization failed.
2026-07-15T11:59:50Z [3,196ms] [Warning] [carb] Failed to startup plugin carb.windowing-glfw.plugin (interfaces: [carb::windowing::IGLContext v1.0],[carb::windowing::IWindowing v1.5]) (impl: carb.windowing-glfw.plugin)
2026-07-15T11:59:50Z [3,201ms] [Warning] [carb.windowing-glfw.plugin] GLFW initialization failed.
2026-07-15T11:59:50Z [3,201ms] [Warning] [carb] Failed to startup plugin carb.windowing-glfw.plugin (interfaces: [carb::windowing::IGLContext v1.0],[carb::windowing::IWindowing v1.5]) (impl: carb.windowing-glfw.plugin)
2026-07-15T11:59:50Z [3,202ms] [Warning] [carb.windowing-glfw.plugin] GLFW initialization failed.
2026-07-15T11:59:50Z [3,202ms] [Warning] [carb] Failed to startup plugin carb.windowing-glfw.plugin (interfaces: [carb::windowing::IGLContext v1.0],[carb::windowing::IWindowing v1.5]) (impl: carb.windowing-glfw.plugin)
2026-07-15T11:59:50Z [3,203ms] [Warning] [carb.windowing-glfw.plugin] GLFW initialization failed.
2026-07-15T11:59:50Z [3,203ms] [Warning] [carb] Failed to startup plugin carb.windowing-glfw.plugin (interfaces: [carb::windowing::IGLContext v1.0],[carb::windowing::IWindowing v1.5]) (impl: carb.windowing-glfw.plugin)
2026-07-15T11:59:50Z [3,450ms] [Warning] [omni.graph.visualization.nodes._impl.extension] No Viewport Window to add omni.graph.visualization.nodes-2.1.3 scene to
2026-07-15T11:59:50Z [3,536ms] [Warning] [isaacsim.asset.importer.urdf] No mass specified for link base
2026-07-15T11:59:50Z [3,536ms] [Warning] [omni.usd] Warning: in _ReportErrors at line 3172 of /builds/omniverse/usd-ci/USD/pxr/usd/usd/stage.cpp -- In </partnet_710/base/visuals>: Unresolved reference prim path @/home/ubuntu/workspace/physvla_sim/datasets/data_normalized/Faucet_urdf/710/configuration/fitr_info1_physics.usd@</visuals/base> introduced by @/home/ubuntu/workspace/physvla_sim/datasets/data_normalized/Faucet_urdf/710/configuration/fitr_info1_base.usd@</partnet_710/base/visuals> (recomposing stage on stage @/home/ubuntu/workspace/physvla_sim/datasets/data_normalized/Faucet_urdf/710/configuration/fitr_info1_physics.usd@ <0x7ba0cd223450>)

2026-07-15T11:59:50Z [3,536ms] [Warning] [omni.usd] Warning: in _ReportErrors at line 3172 of /builds/omniverse/usd-ci/USD/pxr/usd/usd/stage.cpp -- In </partnet_710/base/visuals>: Unresolved reference prim path @/home/ubuntu/workspace/physvla_sim/datasets/data_normalized/Faucet_urdf/710/fitr_info1.usd@</visuals/base> introduced by @/home/ubuntu/workspace/physvla_sim/datasets/data_normalized/Faucet_urdf/710/configuration/fitr_info1_base.usd@</partnet_710/base/visuals> (recomposing stage on stage @/home/ubuntu/workspace/physvla_sim/datasets/data_normalized/Faucet_urdf/710/fitr_info1.usd@ <0x7ba0cd20fcb0>)

2026-07-15T11:59:50Z [3,537ms] [Warning] [omni.usd] Warning: in _ReportErrors at line 3172 of /builds/omniverse/usd-ci/USD/pxr/usd/usd/stage.cpp -- In </partnet_710/base/visuals>: Unresolved reference prim path @/home/ubuntu/workspace/physvla_sim/datasets/data_normalized/Faucet_urdf/710/fitr_info1.usd@</visuals/base> introduced by @/home/ubuntu/workspace/physvla_sim/datasets/data_normalized/Faucet_urdf/710/configuration/fitr_info1_base.usd@</partnet_710/base/visuals> (recomposing stage on stage @/home/ubuntu/workspace/physvla_sim/datasets/data_normalized/Faucet_urdf/710/fitr_info1.usd@ <0x7ba0cd20b8b0>)

2026-07-15T11:59:50Z [3,537ms] [Warning] [omni.usd] Warning: in _ReportErrors at line 3172 of /builds/omniverse/usd-ci/USD/pxr/usd/usd/stage.cpp -- In </partnet_710/base/visuals>: Unresolved reference prim path @/home/ubuntu/workspace/physvla_sim/datasets/data_normalized/Faucet_urdf/710/configuration/fitr_info1_base.usd@</visuals/base> introduced by @/home/ubuntu/workspace/physvla_sim/datasets/data_normalized/Faucet_urdf/710/configuration/fitr_info1_base.usd@</partnet_710/base/visuals> (recomposing stage on stage @/home/ubuntu/workspace/physvla_sim/datasets/data_normalized/Faucet_urdf/710/configuration/fitr_info1_base.usd@ <0x7ba0cd22cb10>)

2026-07-15T11:59:50Z [3,537ms] [Warning] [omni.usd] Warning: in _ReportErrors at line 3172 of /builds/omniverse/usd-ci/USD/pxr/usd/usd/stage.cpp -- In </partnet_710/base/visuals>: Unresolved reference prim path @/home/ubuntu/workspace/physvla_sim/datasets/data_normalized/Faucet_urdf/710/configuration/fitr_info1_physics.usd@</visuals/base> introduced by @/home/ubuntu/workspace/physvla_sim/datasets/data_normalized/Faucet_urdf/710/configuration/fitr_info1_base.usd@</partnet_710/base/visuals> (recomposing stage on stage @/home/ubuntu/workspace/physvla_sim/datasets/data_normalized/Faucet_urdf/710/configuration/fitr_info1_physics.usd@ <0x7ba0cd223450>)

2026-07-15T11:59:50Z [3,537ms] [Warning] [omni.usd] Warning: in _ReportErrors at line 3172 of /builds/omniverse/usd-ci/USD/pxr/usd/usd/stage.cpp -- In </partnet_710/base/visuals>: Unresolved reference prim path @/home/ubuntu/workspace/physvla_sim/datasets/data_normalized/Faucet_urdf/710/fitr_info1.usd@</visuals/base> introduced by @/home/ubuntu/workspace/physvla_sim/datasets/data_normalized/Faucet_urdf/710/configuration/fitr_info1_base.usd@</partnet_710/base/visuals> (recomposing stage on stage @/home/ubuntu/workspace/physvla_sim/datasets/data_normalized/Faucet_urdf/710/fitr_info1.usd@ <0x7ba0cd20fcb0>)

2026-07-15T11:59:50Z [3,537ms] [Warning] [omni.usd] Warning: in _ReportErrors at line 3172 of /builds/omniverse/usd-ci/USD/pxr/usd/usd/stage.cpp -- In </partnet_710/base/visuals>: Unresolved reference prim path @/home/ubuntu/workspace/physvla_sim/datasets/data_normalized/Faucet_urdf/710/fitr_info1.usd@</visuals/base> introduced by @/home/ubuntu/workspace/physvla_sim/datasets/data_normalized/Faucet_urdf/710/configuration/fitr_info1_base.usd@</partnet_710/base/visuals> (recomposing stage on stage @/home/ubuntu/workspace/physvla_sim/datasets/data_normalized/Faucet_urdf/710/fitr_info1.usd@ <0x7ba0cd20b8b0>)

2026-07-15T11:59:50Z [3,537ms] [Warning] [omni.usd] Warning: in _ReportErrors at line 3172 of /builds/omniverse/usd-ci/USD/pxr/usd/usd/stage.cpp -- In </partnet_710/base/visuals>: Unresolved reference prim path @/home/ubuntu/workspace/physvla_sim/datasets/data_normalized/Faucet_urdf/710/configuration/fitr_info1_base.usd@</visuals/base> introduced by @/home/ubuntu/workspace/physvla_sim/datasets/data_normalized/Faucet_urdf/710/configuration/fitr_info1_base.usd@</partnet_710/base/visuals> (recomposing stage on stage @/home/ubuntu/workspace/physvla_sim/datasets/data_normalized/Faucet_urdf/710/configuration/fitr_info1_base.usd@ <0x7ba0cd22cb10>)

2026-07-15T11:59:50Z [3,537ms] [Warning] [isaacsim.asset.importer.urdf] Link base has no colliders, and no inertia was imported; assigning a small isotropic inertia matrix
2026-07-15T11:59:50Z [3,605ms] [Warning] [omni.usd] Warning: in _ReportErrors at line 3172 of /builds/omniverse/usd-ci/USD/pxr/usd/usd/stage.cpp -- In </partnet_710/base/visuals>: Unresolved reference prim path @/home/ubuntu/workspace/physvla_sim/datasets/data_normalized/Faucet_urdf/710/configuration/fitr_info1_base.usd@</visuals/base> introduced by @/home/ubuntu/workspace/physvla_sim/datasets/data_normalized/Faucet_urdf/710/configuration/fitr_info1_base.usd@</partnet_710/base/visuals> (recomposing stage on stage @/home/ubuntu/workspace/physvla_sim/datasets/data_normalized/Faucet_urdf/710/fitr_info1.usd@ <0x7ba0cd20fcb0>)

2026-07-15T11:59:50Z [3,607ms] [Warning] [omni.usd] Warning: in _ReportErrors at line 3172 of /builds/omniverse/usd-ci/USD/pxr/usd/usd/stage.cpp -- In </partnet_710/base/visuals>: Unresolved reference prim path @/home/ubuntu/workspace/physvla_sim/datasets/data_normalized/Faucet_urdf/710/configuration/fitr_info1_base.usd@</visuals/base> introduced by @/home/ubuntu/workspace/physvla_sim/datasets/data_normalized/Faucet_urdf/710/configuration/fitr_info1_base.usd@</partnet_710/base/visuals> (recomposing stage on stage @/home/ubuntu/workspace/physvla_sim/datasets/data_normalized/Faucet_urdf/710/fitr_info1.usd@ <0x7ba0cd20b8b0>)

2026-07-15T11:59:50Z [3,609ms] [Warning] [omni.usd] Warning: in _ReportErrors at line 3172 of /builds/omniverse/usd-ci/USD/pxr/usd/usd/stage.cpp -- In </partnet_710/base/visuals>: Unresolved reference prim path @/home/ubuntu/workspace/physvla_sim/datasets/data_normalized/Faucet_urdf/710/configuration/fitr_info1_physics.usd@</visuals/base> introduced by @/home/ubuntu/workspace/physvla_sim/datasets/data_normalized/Faucet_urdf/710/configuration/fitr_info1_base.usd@</partnet_710/base/visuals> (recomposing stage on stage @/home/ubuntu/workspace/physvla_sim/datasets/data_normalized/Faucet_urdf/710/fitr_info1.usd@ <0x7ba0cd20fcb0>)

2026-07-15T11:59:50Z [3,610ms] [Warning] [omni.usd] Warning: in _ReportErrors at line 3172 of /builds/omniverse/usd-ci/USD/pxr/usd/usd/stage.cpp -- In </partnet_710/base/visuals>: Unresolved reference prim path @/home/ubuntu/workspace/physvla_sim/datasets/data_normalized/Faucet_urdf/710/configuration/fitr_info1_physics.usd@</visuals/base> introduced by @/home/ubuntu/workspace/physvla_sim/datasets/data_normalized/Faucet_urdf/710/configuration/fitr_info1_base.usd@</partnet_710/base/visuals> (recomposing stage on stage @/home/ubuntu/workspace/physvla_sim/datasets/data_normalized/Faucet_urdf/710/fitr_info1.usd@ <0x7ba0cd20b8b0>)

2026-07-15T11:59:50Z [3,612ms] [Warning] [omni.usd] Warning: in _ReportErrors at line 3172 of /builds/omniverse/usd-ci/USD/pxr/usd/usd/stage.cpp -- In </partnet_710/base/visuals>: Unresolved reference prim path @/home/ubuntu/workspace/physvla_sim/datasets/data_normalized/Faucet_urdf/710/configuration/fitr_info1_physics.usd@</visuals/base> introduced by @/home/ubuntu/workspace/physvla_sim/datasets/data_normalized/Faucet_urdf/710/configuration/fitr_info1_base.usd@</partnet_710/base/visuals> (recomposing stage on stage @/home/ubuntu/workspace/physvla_sim/datasets/data_normalized/Faucet_urdf/710/fitr_info1.usd@ <0x7ba0cd20fcb0>)

2026-07-15T11:59:50Z [3,614ms] [Warning] [omni.usd] Warning: in _ReportErrors at line 3172 of /builds/omniverse/usd-ci/USD/pxr/usd/usd/stage.cpp -- In </partnet_710/base/visuals>: Unresolved reference prim path @/home/ubuntu/workspace/physvla_sim/datasets/data_normalized/Faucet_urdf/710/configuration/fitr_info1_physics.usd@</visuals/base> introduced by @/home/ubuntu/workspace/physvla_sim/datasets/data_normalized/Faucet_urdf/710/configuration/fitr_info1_base.usd@</partnet_710/base/visuals> (recomposing stage on stage @/home/ubuntu/workspace/physvla_sim/datasets/data_normalized/Faucet_urdf/710/fitr_info1.usd@ <0x7ba0cd20b8b0>)

2026-07-15T11:59:50Z [3,615ms] [Warning] [omni.usd] Warning: in _ReportErrors at line 3172 of /builds/omniverse/usd-ci/USD/pxr/usd/usd/stage.cpp -- In </partnet_710/base/visuals>: Unresolved reference prim path @/home/ubuntu/workspace/physvla_sim/datasets/data_normalized/Faucet_urdf/710/configuration/fitr_info1_physics.usd@</visuals/base> introduced by @/home/ubuntu/workspace/physvla_sim/datasets/data_normalized/Faucet_urdf/710/configuration/fitr_info1_base.usd@</partnet_710/base/visuals> (recomposing stage on stage @/home/ubuntu/workspace/physvla_sim/datasets/data_normalized/Faucet_urdf/710/fitr_info1.usd@ <0x7ba0cd20fcb0>)

2026-07-15T11:59:50Z [3,617ms] [Warning] [omni.usd] Warning: in _ReportErrors at line 3172 of /builds/omniverse/usd-ci/USD/pxr/usd/usd/stage.cpp -- In </partnet_710/base/visuals>: Unresolved reference prim path @/home/ubuntu/workspace/physvla_sim/datasets/data_normalized/Faucet_urdf/710/configuration/fitr_info1_physics.usd@</visuals/base> introduced by @/home/ubuntu/workspace/physvla_sim/datasets/data_normalized/Faucet_urdf/710/configuration/fitr_info1_base.usd@</partnet_710/base/visuals> (recomposing stage on stage @/home/ubuntu/workspace/physvla_sim/datasets/data_normalized/Faucet_urdf/710/fitr_info1.usd@ <0x7ba0cd20b8b0>)

2026-07-15T11:59:50Z [3,619ms] [Warning] [omni.usd] Warning: in _ReportErrors at line 3172 of /builds/omniverse/usd-ci/USD/pxr/usd/usd/stage.cpp -- In </partnet_710/base/visuals>: Unresolved reference prim path @/home/ubuntu/workspace/physvla_sim/datasets/data_normalized/Faucet_urdf/710/configuration/fitr_info1_physics.usd@</visuals/base> introduced by @/home/ubuntu/workspace/physvla_sim/datasets/data_normalized/Faucet_urdf/710/configuration/fitr_info1_base.usd@</partnet_710/base/visuals> (recomposing stage on stage @/home/ubuntu/workspace/physvla_sim/datasets/data_normalized/Faucet_urdf/710/fitr_info1.usd@ <0x7ba0cd20fcb0>)

2026-07-15T11:59:50Z [3,620ms] [Warning] [omni.usd] Warning: in _ReportErrors at line 3172 of /builds/omniverse/usd-ci/USD/pxr/usd/usd/stage.cpp -- In </partnet_710/base/visuals>: Unresolved reference prim path @/home/ubuntu/workspace/physvla_sim/datasets/data_normalized/Faucet_urdf/710/configuration/fitr_info1_physics.usd@</visuals/base> introduced by @/home/ubuntu/workspace/physvla_sim/datasets/data_normalized/Faucet_urdf/710/configuration/fitr_info1_base.usd@</partnet_710/base/visuals> (recomposing stage on stage @/home/ubuntu/workspace/physvla_sim/datasets/data_normalized/Faucet_urdf/710/fitr_info1.usd@ <0x7ba0cd20b8b0>)

2026-07-15T11:59:50Z [3,621ms] [Warning] [omni.usd] Warning: in _ReportErrors at line 3172 of /builds/omniverse/usd-ci/USD/pxr/usd/usd/stage.cpp -- In </partnet_710/base/visuals>: Unresolved reference prim path @/home/ubuntu/workspace/physvla_sim/datasets/data_normalized/Faucet_urdf/710/configuration/fitr_info1_physics.usd@</visuals/base> introduced by @/home/ubuntu/workspace/physvla_sim/datasets/data_normalized/Faucet_urdf/710/configuration/fitr_info1_base.usd@</partnet_710/base/visuals> (recomposing stage on stage @/home/ubuntu/workspace/physvla_sim/datasets/data_normalized/Faucet_urdf/710/fitr_info1.usd@ <0x7ba0cd20fcb0>)

2026-07-15T11:59:50Z [3,622ms] [Warning] [omni.usd] Warning: in _ReportErrors at line 3172 of /builds/omniverse/usd-ci/USD/pxr/usd/usd/stage.cpp -- In </partnet_710/base/visuals>: Unresolved reference prim path @/home/ubuntu/workspace/physvla_sim/datasets/data_normalized/Faucet_urdf/710/configuration/fitr_info1_physics.usd@</visuals/base> introduced by @/home/ubuntu/workspace/physvla_sim/datasets/data_normalized/Faucet_urdf/710/configuration/fitr_info1_base.usd@</partnet_710/base/visuals> (recomposing stage on stage @/home/ubuntu/workspace/physvla_sim/datasets/data_normalized/Faucet_urdf/710/fitr_info1.usd@ <0x7ba0cd20b8b0>)

2026-07-15T11:59:50Z [3,624ms] [Warning] [omni.usd] Warning: in _ReportErrors at line 3172 of /builds/omniverse/usd-ci/USD/pxr/usd/usd/stage.cpp -- In </partnet_710/base/visuals>: Unresolved reference prim path @/home/ubuntu/workspace/physvla_sim/datasets/data_normalized/Faucet_urdf/710/configuration/fitr_info1_physics.usd@</visuals/base> introduced by @/home/ubuntu/workspace/physvla_sim/datasets/data_normalized/Faucet_urdf/710/configuration/fitr_info1_base.usd@</partnet_710/base/visuals> (recomposing stage on stage @/home/ubuntu/workspace/physvla_sim/datasets/data_normalized/Faucet_urdf/710/fitr_info1.usd@ <0x7ba0cd20fcb0>)

2026-07-15T11:59:50Z [3,626ms] [Warning] [omni.usd] Warning: in _ReportErrors at line 3172 of /builds/omniverse/usd-ci/USD/pxr/usd/usd/stage.cpp -- In </partnet_710/base/visuals>: Unresolved reference prim path @/home/ubuntu/workspace/physvla_sim/datasets/data_normalized/Faucet_urdf/710/configuration/fitr_info1_physics.usd@</visuals/base> introduced by @/home/ubuntu/workspace/physvla_sim/datasets/data_normalized/Faucet_urdf/710/configuration/fitr_info1_base.usd@</partnet_710/base/visuals> (recomposing stage on stage @/home/ubuntu/workspace/physvla_sim/datasets/data_normalized/Faucet_urdf/710/fitr_info1.usd@ <0x7ba0cd20b8b0>)

2026-07-15T11:59:50Z [3,627ms] [Warning] [omni.usd] Warning: in _ReportErrors at line 3172 of /builds/omniverse/usd-ci/USD/pxr/usd/usd/stage.cpp -- In </partnet_710/base/visuals>: Unresolved reference prim path @/home/ubuntu/workspace/physvla_sim/datasets/data_normalized/Faucet_urdf/710/configuration/fitr_info1_physics.usd@</visuals/base> introduced by @/home/ubuntu/workspace/physvla_sim/datasets/data_normalized/Faucet_urdf/710/configuration/fitr_info1_base.usd@</partnet_710/base/visuals> (recomposing stage on stage @/home/ubuntu/workspace/physvla_sim/datasets/data_normalized/Faucet_urdf/710/fitr_info1.usd@ <0x7ba0cd20fcb0>)

2026-07-15T11:59:50Z [3,629ms] [Warning] [omni.usd] Warning: in _ReportErrors at line 3172 of /builds/omniverse/usd-ci/USD/pxr/usd/usd/stage.cpp -- In </partnet_710/base/visuals>: Unresolved reference prim path @/home/ubuntu/workspace/physvla_sim/datasets/data_normalized/Faucet_urdf/710/configuration/fitr_info1_physics.usd@</visuals/base> introduced by @/home/ubuntu/workspace/physvla_sim/datasets/data_normalized/Faucet_urdf/710/configuration/fitr_info1_base.usd@</partnet_710/base/visuals> (recomposing stage on stage @/home/ubuntu/workspace/physvla_sim/datasets/data_normalized/Faucet_urdf/710/fitr_info1.usd@ <0x7ba0cd20b8b0>)

Loading user config located at: '/home/ubuntu/isaacsim/kit/data/Kit/Isaac-Sim/5.1/user.config.json'
[Info] [carb] Logging to file: /home/ubuntu/isaacsim/kit/logs/Kit/Isaac-Sim/5.1/kit_20260715_195950.log
2026-07-15T11:59:50Z [0ms] [Warning] [carb.crashreporter-breakpad.plugin] [previous crash] preventing upload of minidump due to user opt-out: '/home/ubuntu/isaacsim/kit/data/Kit/Isaac-Sim/5.1/0d81a4fd-59cb-4157-42d97b80-310afb82.dmp'
2026-07-15T11:59:50Z [0ms] [Warning] [carb.crashreporter-breakpad.plugin] [previous crash] preventing upload of minidump due to user opt-out: '/home/ubuntu/isaacsim/kit/data/Kit/Isaac-Sim/5.1/7efeb785-3cdd-476a-8fc91ca3-38a85c81.dmp'
2026-07-15T11:59:50Z [0ms] [Warning] [carb.crashreporter-breakpad.plugin] [previous crash] preventing upload of minidump due to user opt-out: '/home/ubuntu/isaacsim/kit/data/Kit/Isaac-Sim/5.1/0ec06837-edee-4570-b459bb9b-e409ca73.dmp'
2026-07-15T11:59:50Z [0ms] [Warning] [carb.crashreporter-breakpad.plugin] [previous crash] preventing upload of minidump due to user opt-out: '/home/ubuntu/isaacsim/kit/data/Kit/Isaac-Sim/5.1/846da064-407f-481c-dab18ea9-9788aefc.dmp'
2026-07-15T11:59:50Z [1ms] [Warning] [carb.crashreporter-breakpad.plugin] [previous crash] preventing upload of minidump due to user opt-out: '/home/ubuntu/isaacsim/kit/data/Kit/Isaac-Sim/5.1/7674058d-a5ef-457b-61399da4-1924f871.dmp'
2026-07-15T11:59:50Z [1ms] [Warning] [carb.crashreporter-breakpad.plugin] [previous crash] preventing upload of minidump due to user opt-out: '/home/ubuntu/isaacsim/kit/data/Kit/Isaac-Sim/5.1/0dbca6de-81d5-44e8-85c7eba5-c7ac64b6.dmp'
2026-07-15T11:59:50Z [1ms] [Warning] [carb.crashreporter-breakpad.plugin] [previous crash] preventing upload of minidump due to user opt-out: '/home/ubuntu/isaacsim/kit/data/Kit/Isaac-Sim/5.1/96b6ea33-a47b-4c84-2d7408a6-bc8b64a8.dmp'
2026-07-15T11:59:51Z [182ms] [Warning] [omni.usd_config.extension] Enable omni.materialx.libs extension to use MaterialX
2026-07-15T11:59:51Z [183ms] [Warning] [omni.platforminfo.plugin] failed to open the default display.  Can't verify X Server version.
2026-07-15T11:59:51Z [462ms] [Warning] [carb] Acquiring non optional plugin interface which is not listed as dependency: [omni::physx::IPhysxBenchmarks v1.0] (plugin: <default plugin>), by client: omni.physics.physx.plugin. Add it to CARB_PLUGIN_IMPL_DEPS() macro of a client.
2026-07-15T11:59:51Z [596ms] [Warning] [omni.isaac.dynamic_control] omni.isaac.dynamic_control is deprecated as of Isaac Sim 4.5. No action is needed from end-users.

|---------------------------------------------------------------------------------------------|
| Driver Version: 580.142       | Graphics API: Vulkan
|=============================================================================================|
| GPU | Name                             | Active | LDA | GPU Memory | Vendor-ID | LUID       |
|     |                                  |        |     |            | Device-ID | UUID       |
|     |                                  |        |     |            | Bus-ID    |            |
|---------------------------------------------------------------------------------------------|
| 0   | NVIDIA GeForce RTX 5090 D v2     | Yes: 0 |     | 24701   MB | 10de      | 0          |
|     |                                  |        |     |            | 2b8c      | 5f3d0dc0.. |
|     |                                  |        |     |            | 1         |            |
|=============================================================================================|
| OS: 24.04.3 LTS (Noble Numbat) ubuntu, Version: 24.04.3, Kernel: 6.17.0-1017-oem
| Processor: Intel(R) Core(TM) i9-14900K
| Cores: 24 | Logical Cores: 32
|---------------------------------------------------------------------------------------------|
| Total Memory (MB): 64063 | Free Memory: 53820
| Total Page/Swap (MB): 8191 | Free Page/Swap: 8191
|---------------------------------------------------------------------------------------------|
2026-07-15T11:59:53Z [2,593ms] [Warning] [gpu.foundation.plugin] CPU performance profile is set to powersave. This profile sets the CPU to the lowest frequency reducing performance.
[INFO][AppLauncher]: Using device: cuda:0
[INFO][AppLauncher]: Loading experience file: /home/ubuntu/workspace/IsaacLab/apps/isaaclab.python.headless.kit
{
  "output": "/home/ubuntu/workspace/physvla_sim/datasets/data_normalized/Faucet_urdf/710/fitr_info1.usd",
  "scale": 0.125,
  "scale_layer": "/home/ubuntu/workspace/physvla_sim/datasets/data_normalized/Faucet_urdf/710/configuration/fitr_info1_base.usd",
  "joints": [
    {
      "joint": "/partnet_710/joints/joint_0",
      "drive": "angular",
      "damping": 75.0,
      "stiffness": 0.0,
      "max_force": 0.05999999865889549
    },
    {
      "joint": "/partnet_710/joints/joint_1",
      "drive": "angular",
      "damping": 75.0,
      "stiffness": 0.0,
      "max_force": 0.05999999865889549
    },
    {
      "joint": "/partnet_710/joints/joint_2",
      "drive": "angular",
      "damping": 75.0,
      "stiffness": 0.0,
      "max_force": 0.05999999865889549
    }
  ],
  "dynamics_layer": "/home/ubuntu/workspace/physvla_sim/datasets/data_normalized/Faucet_urdf/710/configuration/fitr_info1_physics.usd",
  "affordance_links": [
    "/partnet_710/link_2",
    "/partnet_710/link_3",
    "/partnet_710/link_4"
  ]
}
2026-07-15T11:59:53Z [2,600ms] [Warning] [gpu.foundation.plugin] IOMMU is enabled.
2026-07-15T11:59:53Z [2,725ms] [Warning] [omni.usd] Warning: in _ReportErrors at line 3172 of /builds/omniverse/usd-ci/USD/pxr/usd/usd/stage.cpp -- In </partnet_710/base/visuals>: Unresolved reference prim path @/home/ubuntu/workspace/physvla_sim/datasets/data_normalized/Faucet_urdf/710/configuration/fitr_info1_base.usd@</visuals/base> introduced by @/home/ubuntu/workspace/physvla_sim/datasets/data_normalized/Faucet_urdf/710/configuration/fitr_info1_base.usd@</partnet_710/base/visuals> (instantiating stage on stage @/home/ubuntu/workspace/physvla_sim/datasets/data_normalized/Faucet_urdf/710/configuration/fitr_info1_base.usd@ <0x23ca7a40>)

2026-07-15T11:59:53Z [2,729ms] [Warning] [omni.usd] Warning: in _ReportErrors at line 3172 of /builds/omniverse/usd-ci/USD/pxr/usd/usd/stage.cpp -- In </partnet_710/base/visuals>: Unresolved reference prim path @/home/ubuntu/workspace/physvla_sim/datasets/data_normalized/Faucet_urdf/710/configuration/fitr_info1_physics.usd@</visuals/base> introduced by @/home/ubuntu/workspace/physvla_sim/datasets/data_normalized/Faucet_urdf/710/configuration/fitr_info1_base.usd@</partnet_710/base/visuals> (instantiating stage on stage @/home/ubuntu/workspace/physvla_sim/datasets/data_normalized/Faucet_urdf/710/configuration/fitr_info1_physics.usd@ <0x19a71300>)

2026-07-15T11:59:53Z [2,731ms] [Warning] [omni.usd] Warning: in _ReportErrors at line 3172 of /builds/omniverse/usd-ci/USD/pxr/usd/usd/stage.cpp -- In </partnet_710/base/visuals>: Unresolved reference prim path @/home/ubuntu/workspace/physvla_sim/datasets/data_normalized/Faucet_urdf/710/configuration/fitr_info1_physics.usd@</visuals/base> introduced by @/home/ubuntu/workspace/physvla_sim/datasets/data_normalized/Faucet_urdf/710/configuration/fitr_info1_base.usd@</partnet_710/base/visuals> (instantiating stage on stage @/home/ubuntu/workspace/physvla_sim/datasets/data_normalized/Faucet_urdf/710/fitr_info1.usd@ <0x1b8e15d0>)

[OK] Faucet_urdf/710
[RUN] lamp_urdf/14314
Loading user config located at: '/home/ubuntu/isaacsim/kit/data/Kit/Isaac-Sim/5.1/user.config.json'
[Info] [carb] Logging to file: /home/ubuntu/isaacsim/kit/logs/Kit/Isaac-Sim/5.1/kit_20260715_195953.log
2026-07-15T11:59:53Z [0ms] [Warning] [carb.crashreporter-breakpad.plugin] [previous crash] preventing upload of minidump due to user opt-out: '/home/ubuntu/isaacsim/kit/data/Kit/Isaac-Sim/5.1/0d81a4fd-59cb-4157-42d97b80-310afb82.dmp'
2026-07-15T11:59:53Z [0ms] [Warning] [carb.crashreporter-breakpad.plugin] [previous crash] preventing upload of minidump due to user opt-out: '/home/ubuntu/isaacsim/kit/data/Kit/Isaac-Sim/5.1/7efeb785-3cdd-476a-8fc91ca3-38a85c81.dmp'
2026-07-15T11:59:53Z [0ms] [Warning] [carb.crashreporter-breakpad.plugin] [previous crash] preventing upload of minidump due to user opt-out: '/home/ubuntu/isaacsim/kit/data/Kit/Isaac-Sim/5.1/0ec06837-edee-4570-b459bb9b-e409ca73.dmp'
2026-07-15T11:59:53Z [0ms] [Warning] [carb.crashreporter-breakpad.plugin] [previous crash] preventing upload of minidump due to user opt-out: '/home/ubuntu/isaacsim/kit/data/Kit/Isaac-Sim/5.1/846da064-407f-481c-dab18ea9-9788aefc.dmp'
2026-07-15T11:59:53Z [0ms] [Warning] [carb.crashreporter-breakpad.plugin] [previous crash] preventing upload of minidump due to user opt-out: '/home/ubuntu/isaacsim/kit/data/Kit/Isaac-Sim/5.1/7674058d-a5ef-457b-61399da4-1924f871.dmp'
2026-07-15T11:59:53Z [0ms] [Warning] [carb.crashreporter-breakpad.plugin] [previous crash] preventing upload of minidump due to user opt-out: '/home/ubuntu/isaacsim/kit/data/Kit/Isaac-Sim/5.1/0dbca6de-81d5-44e8-85c7eba5-c7ac64b6.dmp'
2026-07-15T11:59:53Z [0ms] [Warning] [carb.crashreporter-breakpad.plugin] [previous crash] preventing upload of minidump due to user opt-out: '/home/ubuntu/isaacsim/kit/data/Kit/Isaac-Sim/5.1/96b6ea33-a47b-4c84-2d7408a6-bc8b64a8.dmp'
2026-07-15T11:59:54Z [187ms] [Warning] [omni.usd_config.extension] Enable omni.materialx.libs extension to use MaterialX
2026-07-15T11:59:54Z [194ms] [Warning] [omni.platforminfo.plugin] failed to open the default display.  Can't verify X Server version.
2026-07-15T11:59:54Z [462ms] [Warning] [carb] Acquiring non optional plugin interface which is not listed as dependency: [omni::physx::IPhysxBenchmarks v1.0] (plugin: <default plugin>), by client: omni.physics.physx.plugin. Add it to CARB_PLUGIN_IMPL_DEPS() macro of a client.
2026-07-15T11:59:54Z [594ms] [Warning] [omni.isaac.dynamic_control] omni.isaac.dynamic_control is deprecated as of Isaac Sim 4.5. No action is needed from end-users.

|---------------------------------------------------------------------------------------------|
| Driver Version: 580.142       | Graphics API: Vulkan
|=============================================================================================|
| GPU | Name                             | Active | LDA | GPU Memory | Vendor-ID | LUID       |
|     |                                  |        |     |            | Device-ID | UUID       |
|     |                                  |        |     |            | Bus-ID    |            |
|---------------------------------------------------------------------------------------------|
| 0   | NVIDIA GeForce RTX 5090 D v2     | Yes: 0 |     | 24701   MB | 10de      | 0          |
|     |                                  |        |     |            | 2b8c      | 5f3d0dc0.. |
|     |                                  |        |     |            | 1         |            |
|=============================================================================================|
| OS: 24.04.3 LTS (Noble Numbat) ubuntu, Version: 24.04.3, Kernel: 6.17.0-1017-oem
| Processor: Intel(R) Core(TM) i9-14900K
| Cores: 24 | Logical Cores: 32
|---------------------------------------------------------------------------------------------|
| Total Memory (MB): 64063 | Free Memory: 53860
| Total Page/Swap (MB): 8191 | Free Page/Swap: 8191
|---------------------------------------------------------------------------------------------|
2026-07-15T11:59:56Z [2,594ms] [Warning] [gpu.foundation.plugin] CPU performance profile is set to powersave. This profile sets the CPU to the lowest frequency reducing performance.
2026-07-15T11:59:56Z [2,602ms] [Warning] [gpu.foundation.plugin] IOMMU is enabled.
2026-07-15T11:59:56Z [2,733ms] [Warning] [carb.windowing-glfw.plugin] GLFW initialization failed.
2026-07-15T11:59:56Z [2,733ms] [Warning] [carb] Failed to startup plugin carb.windowing-glfw.plugin (interfaces: [carb::windowing::IGLContext v1.0],[carb::windowing::IWindowing v1.5]) (impl: carb.windowing-glfw.plugin)

|---------------------------------------------------------------------------------------------|
| Driver Version: 580.142       | Graphics API: Vulkan
|=============================================================================================|
| GPU | Name                             | Active | LDA | GPU Memory | Vendor-ID | LUID       |
|     |                                  |        |     |            | Device-ID | UUID       |
|     |                                  |        |     |            | Bus-ID    |            |
|---------------------------------------------------------------------------------------------|
| 0   | NVIDIA GeForce RTX 5090 D v2     | Yes: 0 |     | 24701   MB | 10de      | 0          |
|     |                                  |        |     |            | 2b8c      | 5f3d0dc0.. |
|     |                                  |        |     |            | 1         |            |
|=============================================================================================|
| OS: 24.04.3 LTS (Noble Numbat) ubuntu, Version: 24.04.3, Kernel: 6.17.0-1017-oem
| Processor: Intel(R) Core(TM) i9-14900K
| Cores: 24 | Logical Cores: 32
|---------------------------------------------------------------------------------------------|
| Total Memory (MB): 64063 | Free Memory: 53660
| Total Page/Swap (MB): 8191 | Free Page/Swap: 8191
|---------------------------------------------------------------------------------------------|
2026-07-15T11:59:56Z [2,967ms] [Warning] [gpu.foundation.plugin] CPU performance profile is set to powersave. This profile sets the CPU to the lowest frequency reducing performance.
2026-07-15T11:59:56Z [2,968ms] [Warning] [gpu.foundation.plugin] IOMMU is enabled.
2026-07-15T11:59:57Z [3,171ms] [Warning] [carb.windowing-glfw.plugin] GLFW initialization failed.
2026-07-15T11:59:57Z [3,171ms] [Warning] [carb] Failed to startup plugin carb.windowing-glfw.plugin (interfaces: [carb::windowing::IGLContext v1.0],[carb::windowing::IWindowing v1.5]) (impl: carb.windowing-glfw.plugin)
2026-07-15T11:59:57Z [3,191ms] [Warning] [carb.windowing-glfw.plugin] GLFW initialization failed.
2026-07-15T11:59:57Z [3,191ms] [Warning] [carb] Failed to startup plugin carb.windowing-glfw.plugin (interfaces: [carb::windowing::IGLContext v1.0],[carb::windowing::IWindowing v1.5]) (impl: carb.windowing-glfw.plugin)
2026-07-15T11:59:57Z [3,195ms] [Warning] [carb.windowing-glfw.plugin] GLFW initialization failed.
2026-07-15T11:59:57Z [3,195ms] [Warning] [carb] Failed to startup plugin carb.windowing-glfw.plugin (interfaces: [carb::windowing::IGLContext v1.0],[carb::windowing::IWindowing v1.5]) (impl: carb.windowing-glfw.plugin)
2026-07-15T11:59:57Z [3,200ms] [Warning] [carb.windowing-glfw.plugin] GLFW initialization failed.
2026-07-15T11:59:57Z [3,200ms] [Warning] [carb] Failed to startup plugin carb.windowing-glfw.plugin (interfaces: [carb::windowing::IGLContext v1.0],[carb::windowing::IWindowing v1.5]) (impl: carb.windowing-glfw.plugin)
2026-07-15T11:59:57Z [3,201ms] [Warning] [carb.windowing-glfw.plugin] GLFW initialization failed.
2026-07-15T11:59:57Z [3,201ms] [Warning] [carb] Failed to startup plugin carb.windowing-glfw.plugin (interfaces: [carb::windowing::IGLContext v1.0],[carb::windowing::IWindowing v1.5]) (impl: carb.windowing-glfw.plugin)
2026-07-15T11:59:57Z [3,202ms] [Warning] [carb.windowing-glfw.plugin] GLFW initialization failed.
2026-07-15T11:59:57Z [3,202ms] [Warning] [carb] Failed to startup plugin carb.windowing-glfw.plugin (interfaces: [carb::windowing::IGLContext v1.0],[carb::windowing::IWindowing v1.5]) (impl: carb.windowing-glfw.plugin)
2026-07-15T11:59:57Z [3,450ms] [Warning] [omni.graph.visualization.nodes._impl.extension] No Viewport Window to add omni.graph.visualization.nodes-2.1.3 scene to
2026-07-15T11:59:57Z [3,524ms] [Warning] [isaacsim.asset.importer.urdf] The path lamp_base_part-22 is not a valid usd path, modifying to lamp_base_part_22
2026-07-15T11:59:57Z [3,524ms] [Warning] [isaacsim.asset.importer.urdf] The path lamp_pole-13 is not a valid usd path, modifying to lamp_pole_13
2026-07-15T11:59:57Z [3,524ms] [Warning] [isaacsim.asset.importer.urdf] The path lamp_body_curved-14 is not a valid usd path, modifying to lamp_body_curved_14
2026-07-15T11:59:57Z [3,524ms] [Warning] [isaacsim.asset.importer.urdf] The path lamp_cover_holder-9 is not a valid usd path, modifying to lamp_cover_holder_9
2026-07-15T11:59:57Z [3,524ms] [Warning] [isaacsim.asset.importer.urdf] The path lamp_shade-12 is not a valid usd path, modifying to lamp_shade_12
2026-07-15T11:59:57Z [3,524ms] [Warning] [isaacsim.asset.importer.urdf] The path light_bulb-11 is not a valid usd path, modifying to light_bulb_11
2026-07-15T11:59:57Z [3,524ms] [Warning] [isaacsim.asset.importer.urdf] The path movable_part-20 is not a valid usd path, modifying to movable_part_20
2026-07-15T11:59:57Z [3,540ms] [Warning] [isaacsim.asset.importer.urdf] No mass specified for link base
2026-07-15T11:59:57Z [3,541ms] [Warning] [omni.usd] Warning: in _ReportErrors at line 3172 of /builds/omniverse/usd-ci/USD/pxr/usd/usd/stage.cpp -- In </partnet_1579c3aae8e26472db1afe6c464e7652/base/visuals>: Unresolved reference prim path @/home/ubuntu/workspace/physvla_sim/datasets/data_normalized/lamp_urdf/14314/configuration/fitr_info1_physics.usd@</visuals/base> introduced by @/home/ubuntu/workspace/physvla_sim/datasets/data_normalized/lamp_urdf/14314/configuration/fitr_info1_base.usd@</partnet_1579c3aae8e26472db1afe6c464e7652/base/visuals> (recomposing stage on stage @/home/ubuntu/workspace/physvla_sim/datasets/data_normalized/lamp_urdf/14314/configuration/fitr_info1_physics.usd@ <0x1cf366b0>)

2026-07-15T11:59:57Z [3,541ms] [Warning] [omni.usd] Warning: in _ReportErrors at line 3172 of /builds/omniverse/usd-ci/USD/pxr/usd/usd/stage.cpp -- In </partnet_1579c3aae8e26472db1afe6c464e7652/base/visuals>: Unresolved reference prim path @/home/ubuntu/workspace/physvla_sim/datasets/data_normalized/lamp_urdf/14314/fitr_info1.usd@</visuals/base> introduced by @/home/ubuntu/workspace/physvla_sim/datasets/data_normalized/lamp_urdf/14314/configuration/fitr_info1_base.usd@</partnet_1579c3aae8e26472db1afe6c464e7652/base/visuals> (recomposing stage on stage @/home/ubuntu/workspace/physvla_sim/datasets/data_normalized/lamp_urdf/14314/fitr_info1.usd@ <0x1cf23150>)

2026-07-15T11:59:57Z [3,541ms] [Warning] [omni.usd] Warning: in _ReportErrors at line 3172 of /builds/omniverse/usd-ci/USD/pxr/usd/usd/stage.cpp -- In </partnet_1579c3aae8e26472db1afe6c464e7652/base/visuals>: Unresolved reference prim path @/home/ubuntu/workspace/physvla_sim/datasets/data_normalized/lamp_urdf/14314/fitr_info1.usd@</visuals/base> introduced by @/home/ubuntu/workspace/physvla_sim/datasets/data_normalized/lamp_urdf/14314/configuration/fitr_info1_base.usd@</partnet_1579c3aae8e26472db1afe6c464e7652/base/visuals> (recomposing stage on stage @/home/ubuntu/workspace/physvla_sim/datasets/data_normalized/lamp_urdf/14314/fitr_info1.usd@ <0x1cf1eb20>)

2026-07-15T11:59:57Z [3,541ms] [Warning] [omni.usd] Warning: in _ReportErrors at line 3172 of /builds/omniverse/usd-ci/USD/pxr/usd/usd/stage.cpp -- In </partnet_1579c3aae8e26472db1afe6c464e7652/base/visuals>: Unresolved reference prim path @/home/ubuntu/workspace/physvla_sim/datasets/data_normalized/lamp_urdf/14314/configuration/fitr_info1_base.usd@</visuals/base> introduced by @/home/ubuntu/workspace/physvla_sim/datasets/data_normalized/lamp_urdf/14314/configuration/fitr_info1_base.usd@</partnet_1579c3aae8e26472db1afe6c464e7652/base/visuals> (recomposing stage on stage @/home/ubuntu/workspace/physvla_sim/datasets/data_normalized/lamp_urdf/14314/configuration/fitr_info1_base.usd@ <0x1cf3ff30>)

2026-07-15T11:59:57Z [3,541ms] [Warning] [omni.usd] Warning: in _ReportErrors at line 3172 of /builds/omniverse/usd-ci/USD/pxr/usd/usd/stage.cpp -- In </partnet_1579c3aae8e26472db1afe6c464e7652/base/visuals>: Unresolved reference prim path @/home/ubuntu/workspace/physvla_sim/datasets/data_normalized/lamp_urdf/14314/configuration/fitr_info1_physics.usd@</visuals/base> introduced by @/home/ubuntu/workspace/physvla_sim/datasets/data_normalized/lamp_urdf/14314/configuration/fitr_info1_base.usd@</partnet_1579c3aae8e26472db1afe6c464e7652/base/visuals> (recomposing stage on stage @/home/ubuntu/workspace/physvla_sim/datasets/data_normalized/lamp_urdf/14314/configuration/fitr_info1_physics.usd@ <0x1cf366b0>)

2026-07-15T11:59:57Z [3,541ms] [Warning] [omni.usd] Warning: in _ReportErrors at line 3172 of /builds/omniverse/usd-ci/USD/pxr/usd/usd/stage.cpp -- In </partnet_1579c3aae8e26472db1afe6c464e7652/base/visuals>: Unresolved reference prim path @/home/ubuntu/workspace/physvla_sim/datasets/data_normalized/lamp_urdf/14314/fitr_info1.usd@</visuals/base> introduced by @/home/ubuntu/workspace/physvla_sim/datasets/data_normalized/lamp_urdf/14314/configuration/fitr_info1_base.usd@</partnet_1579c3aae8e26472db1afe6c464e7652/base/visuals> (recomposing stage on stage @/home/ubuntu/workspace/physvla_sim/datasets/data_normalized/lamp_urdf/14314/fitr_info1.usd@ <0x1cf23150>)

2026-07-15T11:59:57Z [3,542ms] [Warning] [omni.usd] Warning: in _ReportErrors at line 3172 of /builds/omniverse/usd-ci/USD/pxr/usd/usd/stage.cpp -- In </partnet_1579c3aae8e26472db1afe6c464e7652/base/visuals>: Unresolved reference prim path @/home/ubuntu/workspace/physvla_sim/datasets/data_normalized/lamp_urdf/14314/fitr_info1.usd@</visuals/base> introduced by @/home/ubuntu/workspace/physvla_sim/datasets/data_normalized/lamp_urdf/14314/configuration/fitr_info1_base.usd@</partnet_1579c3aae8e26472db1afe6c464e7652/base/visuals> (recomposing stage on stage @/home/ubuntu/workspace/physvla_sim/datasets/data_normalized/lamp_urdf/14314/fitr_info1.usd@ <0x1cf1eb20>)

2026-07-15T11:59:57Z [3,542ms] [Warning] [omni.usd] Warning: in _ReportErrors at line 3172 of /builds/omniverse/usd-ci/USD/pxr/usd/usd/stage.cpp -- In </partnet_1579c3aae8e26472db1afe6c464e7652/base/visuals>: Unresolved reference prim path @/home/ubuntu/workspace/physvla_sim/datasets/data_normalized/lamp_urdf/14314/configuration/fitr_info1_base.usd@</visuals/base> introduced by @/home/ubuntu/workspace/physvla_sim/datasets/data_normalized/lamp_urdf/14314/configuration/fitr_info1_base.usd@</partnet_1579c3aae8e26472db1afe6c464e7652/base/visuals> (recomposing stage on stage @/home/ubuntu/workspace/physvla_sim/datasets/data_normalized/lamp_urdf/14314/configuration/fitr_info1_base.usd@ <0x1cf3ff30>)

2026-07-15T11:59:57Z [3,542ms] [Warning] [isaacsim.asset.importer.urdf] Link base has no colliders, and no inertia was imported; assigning a small isotropic inertia matrix
2026-07-15T11:59:57Z [3,543ms] [Warning] [isaacsim.asset.importer.urdf] No mass specified for link link_0
2026-07-15T11:59:57Z [3,561ms] [Warning] [isaacsim.asset.importer.urdf] No mass specified for link link_1
2026-07-15T11:59:57Z [3,578ms] [Warning] [isaacsim.asset.importer.urdf] No mass specified for link link_2
2026-07-15T11:59:57Z [3,599ms] [Warning] [isaacsim.asset.importer.urdf] No mass specified for link link_3
2026-07-15T11:59:57Z [3,642ms] [Warning] [isaacsim.asset.importer.urdf] No mass specified for link link_4_helper
2026-07-15T11:59:57Z [3,643ms] [Warning] [omni.usd] Warning: in _ReportErrors at line 3172 of /builds/omniverse/usd-ci/USD/pxr/usd/usd/stage.cpp -- In </partnet_1579c3aae8e26472db1afe6c464e7652/link_4_helper/visuals>: Unresolved reference prim path @/home/ubuntu/workspace/physvla_sim/datasets/data_normalized/lamp_urdf/14314/configuration/fitr_info1_physics.usd@</visuals/link_4_helper> introduced by @/home/ubuntu/workspace/physvla_sim/datasets/data_normalized/lamp_urdf/14314/configuration/fitr_info1_base.usd@</partnet_1579c3aae8e26472db1afe6c464e7652/link_4_helper/visuals> (recomposing stage on stage @/home/ubuntu/workspace/physvla_sim/datasets/data_normalized/lamp_urdf/14314/configuration/fitr_info1_physics.usd@ <0x1cf366b0>)

2026-07-15T11:59:57Z [3,643ms] [Warning] [omni.usd] Warning: in _ReportErrors at line 3172 of /builds/omniverse/usd-ci/USD/pxr/usd/usd/stage.cpp -- In </partnet_1579c3aae8e26472db1afe6c464e7652/link_4_helper/visuals>: Unresolved reference prim path @/home/ubuntu/workspace/physvla_sim/datasets/data_normalized/lamp_urdf/14314/fitr_info1.usd@</visuals/link_4_helper> introduced by @/home/ubuntu/workspace/physvla_sim/datasets/data_normalized/lamp_urdf/14314/configuration/fitr_info1_base.usd@</partnet_1579c3aae8e26472db1afe6c464e7652/link_4_helper/visuals> (recomposing stage on stage @/home/ubuntu/workspace/physvla_sim/datasets/data_normalized/lamp_urdf/14314/fitr_info1.usd@ <0x1cf23150>)

2026-07-15T11:59:57Z [3,643ms] [Warning] [omni.usd] Warning: in _ReportErrors at line 3172 of /builds/omniverse/usd-ci/USD/pxr/usd/usd/stage.cpp -- In </partnet_1579c3aae8e26472db1afe6c464e7652/link_4_helper/visuals>: Unresolved reference prim path @/home/ubuntu/workspace/physvla_sim/datasets/data_normalized/lamp_urdf/14314/fitr_info1.usd@</visuals/link_4_helper> introduced by @/home/ubuntu/workspace/physvla_sim/datasets/data_normalized/lamp_urdf/14314/configuration/fitr_info1_base.usd@</partnet_1579c3aae8e26472db1afe6c464e7652/link_4_helper/visuals> (recomposing stage on stage @/home/ubuntu/workspace/physvla_sim/datasets/data_normalized/lamp_urdf/14314/fitr_info1.usd@ <0x1cf1eb20>)

2026-07-15T11:59:57Z [3,643ms] [Warning] [omni.usd] Warning: in _ReportErrors at line 3172 of /builds/omniverse/usd-ci/USD/pxr/usd/usd/stage.cpp -- In </partnet_1579c3aae8e26472db1afe6c464e7652/link_4_helper/visuals>: Unresolved reference prim path @/home/ubuntu/workspace/physvla_sim/datasets/data_normalized/lamp_urdf/14314/configuration/fitr_info1_base.usd@</visuals/link_4_helper> introduced by @/home/ubuntu/workspace/physvla_sim/datasets/data_normalized/lamp_urdf/14314/configuration/fitr_info1_base.usd@</partnet_1579c3aae8e26472db1afe6c464e7652/link_4_helper/visuals> (recomposing stage on stage @/home/ubuntu/workspace/physvla_sim/datasets/data_normalized/lamp_urdf/14314/configuration/fitr_info1_base.usd@ <0x1cf3ff30>)

2026-07-15T11:59:57Z [3,643ms] [Warning] [omni.usd] Warning: in _ReportErrors at line 3172 of /builds/omniverse/usd-ci/USD/pxr/usd/usd/stage.cpp -- In </partnet_1579c3aae8e26472db1afe6c464e7652/link_4_helper/visuals>: Unresolved reference prim path @/home/ubuntu/workspace/physvla_sim/datasets/data_normalized/lamp_urdf/14314/configuration/fitr_info1_physics.usd@</visuals/link_4_helper> introduced by @/home/ubuntu/workspace/physvla_sim/datasets/data_normalized/lamp_urdf/14314/configuration/fitr_info1_base.usd@</partnet_1579c3aae8e26472db1afe6c464e7652/link_4_helper/visuals> (recomposing stage on stage @/home/ubuntu/workspace/physvla_sim/datasets/data_normalized/lamp_urdf/14314/configuration/fitr_info1_physics.usd@ <0x1cf366b0>)

2026-07-15T11:59:57Z [3,643ms] [Warning] [omni.usd] Warning: in _ReportErrors at line 3172 of /builds/omniverse/usd-ci/USD/pxr/usd/usd/stage.cpp -- In </partnet_1579c3aae8e26472db1afe6c464e7652/link_4_helper/visuals>: Unresolved reference prim path @/home/ubuntu/workspace/physvla_sim/datasets/data_normalized/lamp_urdf/14314/fitr_info1.usd@</visuals/link_4_helper> introduced by @/home/ubuntu/workspace/physvla_sim/datasets/data_normalized/lamp_urdf/14314/configuration/fitr_info1_base.usd@</partnet_1579c3aae8e26472db1afe6c464e7652/link_4_helper/visuals> (recomposing stage on stage @/home/ubuntu/workspace/physvla_sim/datasets/data_normalized/lamp_urdf/14314/fitr_info1.usd@ <0x1cf23150>)

2026-07-15T11:59:57Z [3,643ms] [Warning] [omni.usd] Warning: in _ReportErrors at line 3172 of /builds/omniverse/usd-ci/USD/pxr/usd/usd/stage.cpp -- In </partnet_1579c3aae8e26472db1afe6c464e7652/link_4_helper/visuals>: Unresolved reference prim path @/home/ubuntu/workspace/physvla_sim/datasets/data_normalized/lamp_urdf/14314/fitr_info1.usd@</visuals/link_4_helper> introduced by @/home/ubuntu/workspace/physvla_sim/datasets/data_normalized/lamp_urdf/14314/configuration/fitr_info1_base.usd@</partnet_1579c3aae8e26472db1afe6c464e7652/link_4_helper/visuals> (recomposing stage on stage @/home/ubuntu/workspace/physvla_sim/datasets/data_normalized/lamp_urdf/14314/fitr_info1.usd@ <0x1cf1eb20>)

2026-07-15T11:59:57Z [3,643ms] [Warning] [omni.usd] Warning: in _ReportErrors at line 3172 of /builds/omniverse/usd-ci/USD/pxr/usd/usd/stage.cpp -- In </partnet_1579c3aae8e26472db1afe6c464e7652/link_4_helper/visuals>: Unresolved reference prim path @/home/ubuntu/workspace/physvla_sim/datasets/data_normalized/lamp_urdf/14314/configuration/fitr_info1_base.usd@</visuals/link_4_helper> introduced by @/home/ubuntu/workspace/physvla_sim/datasets/data_normalized/lamp_urdf/14314/configuration/fitr_info1_base.usd@</partnet_1579c3aae8e26472db1afe6c464e7652/link_4_helper/visuals> (recomposing stage on stage @/home/ubuntu/workspace/physvla_sim/datasets/data_normalized/lamp_urdf/14314/configuration/fitr_info1_base.usd@ <0x1cf3ff30>)

2026-07-15T11:59:57Z [3,643ms] [Warning] [isaacsim.asset.importer.urdf] Link link_4_helper has no colliders, and no inertia was imported; assigning a small isotropic inertia matrix
2026-07-15T11:59:57Z [3,646ms] [Warning] [isaacsim.asset.importer.urdf] No mass specified for link link_4
2026-07-15T11:59:57Z [3,676ms] [Warning] [omni.usd] Warning: in _ReportErrors at line 3172 of /builds/omniverse/usd-ci/USD/pxr/usd/usd/stage.cpp -- In </partnet_1579c3aae8e26472db1afe6c464e7652/link_4_helper/visuals>: Unresolved reference prim path @/home/ubuntu/workspace/physvla_sim/datasets/data_normalized/lamp_urdf/14314/configuration/fitr_info1_base.usd@</visuals/link_4_helper> introduced by @/home/ubuntu/workspace/physvla_sim/datasets/data_normalized/lamp_urdf/14314/configuration/fitr_info1_base.usd@</partnet_1579c3aae8e26472db1afe6c464e7652/link_4_helper/visuals> (recomposing stage on stage @/home/ubuntu/workspace/physvla_sim/datasets/data_normalized/lamp_urdf/14314/fitr_info1.usd@ <0x1cf23150>)

2026-07-15T11:59:57Z [3,676ms] [Warning] [omni.usd] Warning: in _ReportErrors at line 3172 of /builds/omniverse/usd-ci/USD/pxr/usd/usd/stage.cpp -- In </partnet_1579c3aae8e26472db1afe6c464e7652/base/visuals>: Unresolved reference prim path @/home/ubuntu/workspace/physvla_sim/datasets/data_normalized/lamp_urdf/14314/configuration/fitr_info1_base.usd@</visuals/base> introduced by @/home/ubuntu/workspace/physvla_sim/datasets/data_normalized/lamp_urdf/14314/configuration/fitr_info1_base.usd@</partnet_1579c3aae8e26472db1afe6c464e7652/base/visuals> (recomposing stage on stage @/home/ubuntu/workspace/physvla_sim/datasets/data_normalized/lamp_urdf/14314/fitr_info1.usd@ <0x1cf23150>)

2026-07-15T11:59:57Z [3,677ms] [Warning] [omni.usd] Warning: in _ReportErrors at line 3172 of /builds/omniverse/usd-ci/USD/pxr/usd/usd/stage.cpp -- In </partnet_1579c3aae8e26472db1afe6c464e7652/link_4_helper/visuals>: Unresolved reference prim path @/home/ubuntu/workspace/physvla_sim/datasets/data_normalized/lamp_urdf/14314/configuration/fitr_info1_base.usd@</visuals/link_4_helper> introduced by @/home/ubuntu/workspace/physvla_sim/datasets/data_normalized/lamp_urdf/14314/configuration/fitr_info1_base.usd@</partnet_1579c3aae8e26472db1afe6c464e7652/link_4_helper/visuals> (recomposing stage on stage @/home/ubuntu/workspace/physvla_sim/datasets/data_normalized/lamp_urdf/14314/fitr_info1.usd@ <0x1cf1eb20>)

2026-07-15T11:59:57Z [3,677ms] [Warning] [omni.usd] Warning: in _ReportErrors at line 3172 of /builds/omniverse/usd-ci/USD/pxr/usd/usd/stage.cpp -- In </partnet_1579c3aae8e26472db1afe6c464e7652/base/visuals>: Unresolved reference prim path @/home/ubuntu/workspace/physvla_sim/datasets/data_normalized/lamp_urdf/14314/configuration/fitr_info1_base.usd@</visuals/base> introduced by @/home/ubuntu/workspace/physvla_sim/datasets/data_normalized/lamp_urdf/14314/configuration/fitr_info1_base.usd@</partnet_1579c3aae8e26472db1afe6c464e7652/base/visuals> (recomposing stage on stage @/home/ubuntu/workspace/physvla_sim/datasets/data_normalized/lamp_urdf/14314/fitr_info1.usd@ <0x1cf1eb20>)

2026-07-15T11:59:57Z [3,679ms] [Warning] [omni.usd] Warning: in _ReportErrors at line 3172 of /builds/omniverse/usd-ci/USD/pxr/usd/usd/stage.cpp -- In </partnet_1579c3aae8e26472db1afe6c464e7652/base/visuals>: Unresolved reference prim path @/home/ubuntu/workspace/physvla_sim/datasets/data_normalized/lamp_urdf/14314/configuration/fitr_info1_physics.usd@</visuals/base> introduced by @/home/ubuntu/workspace/physvla_sim/datasets/data_normalized/lamp_urdf/14314/configuration/fitr_info1_base.usd@</partnet_1579c3aae8e26472db1afe6c464e7652/base/visuals> (recomposing stage on stage @/home/ubuntu/workspace/physvla_sim/datasets/data_normalized/lamp_urdf/14314/fitr_info1.usd@ <0x1cf23150>)

2026-07-15T11:59:57Z [3,679ms] [Warning] [omni.usd] Warning: in _ReportErrors at line 3172 of /builds/omniverse/usd-ci/USD/pxr/usd/usd/stage.cpp -- In </partnet_1579c3aae8e26472db1afe6c464e7652/link_4_helper/visuals>: Unresolved reference prim path @/home/ubuntu/workspace/physvla_sim/datasets/data_normalized/lamp_urdf/14314/configuration/fitr_info1_physics.usd@</visuals/link_4_helper> introduced by @/home/ubuntu/workspace/physvla_sim/datasets/data_normalized/lamp_urdf/14314/configuration/fitr_info1_base.usd@</partnet_1579c3aae8e26472db1afe6c464e7652/link_4_helper/visuals> (recomposing stage on stage @/home/ubuntu/workspace/physvla_sim/datasets/data_normalized/lamp_urdf/14314/fitr_info1.usd@ <0x1cf23150>)

2026-07-15T11:59:57Z [3,680ms] [Warning] [omni.usd] Warning: in _ReportErrors at line 3172 of /builds/omniverse/usd-ci/USD/pxr/usd/usd/stage.cpp -- In </partnet_1579c3aae8e26472db1afe6c464e7652/base/visuals>: Unresolved reference prim path @/home/ubuntu/workspace/physvla_sim/datasets/data_normalized/lamp_urdf/14314/configuration/fitr_info1_physics.usd@</visuals/base> introduced by @/home/ubuntu/workspace/physvla_sim/datasets/data_normalized/lamp_urdf/14314/configuration/fitr_info1_base.usd@</partnet_1579c3aae8e26472db1afe6c464e7652/base/visuals> (recomposing stage on stage @/home/ubuntu/workspace/physvla_sim/datasets/data_normalized/lamp_urdf/14314/fitr_info1.usd@ <0x1cf1eb20>)

2026-07-15T11:59:57Z [3,680ms] [Warning] [omni.usd] Warning: in _ReportErrors at line 3172 of /builds/omniverse/usd-ci/USD/pxr/usd/usd/stage.cpp -- In </partnet_1579c3aae8e26472db1afe6c464e7652/link_4_helper/visuals>: Unresolved reference prim path @/home/ubuntu/workspace/physvla_sim/datasets/data_normalized/lamp_urdf/14314/configuration/fitr_info1_physics.usd@</visuals/link_4_helper> introduced by @/home/ubuntu/workspace/physvla_sim/datasets/data_normalized/lamp_urdf/14314/configuration/fitr_info1_base.usd@</partnet_1579c3aae8e26472db1afe6c464e7652/link_4_helper/visuals> (recomposing stage on stage @/home/ubuntu/workspace/physvla_sim/datasets/data_normalized/lamp_urdf/14314/fitr_info1.usd@ <0x1cf1eb20>)

2026-07-15T11:59:57Z [3,682ms] [Warning] [omni.usd] Warning: in _ReportErrors at line 3172 of /builds/omniverse/usd-ci/USD/pxr/usd/usd/stage.cpp -- In </partnet_1579c3aae8e26472db1afe6c464e7652/base/visuals>: Unresolved reference prim path @/home/ubuntu/workspace/physvla_sim/datasets/data_normalized/lamp_urdf/14314/configuration/fitr_info1_physics.usd@</visuals/base> introduced by @/home/ubuntu/workspace/physvla_sim/datasets/data_normalized/lamp_urdf/14314/configuration/fitr_info1_base.usd@</partnet_1579c3aae8e26472db1afe6c464e7652/base/visuals> (recomposing stage on stage @/home/ubuntu/workspace/physvla_sim/datasets/data_normalized/lamp_urdf/14314/fitr_info1.usd@ <0x1cf23150>)

2026-07-15T11:59:57Z [3,682ms] [Warning] [omni.usd] Warning: in _ReportErrors at line 3172 of /builds/omniverse/usd-ci/USD/pxr/usd/usd/stage.cpp -- In </partnet_1579c3aae8e26472db1afe6c464e7652/link_4_helper/visuals>: Unresolved reference prim path @/home/ubuntu/workspace/physvla_sim/datasets/data_normalized/lamp_urdf/14314/configuration/fitr_info1_physics.usd@</visuals/link_4_helper> introduced by @/home/ubuntu/workspace/physvla_sim/datasets/data_normalized/lamp_urdf/14314/configuration/fitr_info1_base.usd@</partnet_1579c3aae8e26472db1afe6c464e7652/link_4_helper/visuals> (recomposing stage on stage @/home/ubuntu/workspace/physvla_sim/datasets/data_normalized/lamp_urdf/14314/fitr_info1.usd@ <0x1cf23150>)

2026-07-15T11:59:57Z [3,684ms] [Warning] [omni.usd] Warning: in _ReportErrors at line 3172 of /builds/omniverse/usd-ci/USD/pxr/usd/usd/stage.cpp -- In </partnet_1579c3aae8e26472db1afe6c464e7652/link_4_helper/visuals>: Unresolved reference prim path @/home/ubuntu/workspace/physvla_sim/datasets/data_normalized/lamp_urdf/14314/configuration/fitr_info1_physics.usd@</visuals/link_4_helper> introduced by @/home/ubuntu/workspace/physvla_sim/datasets/data_normalized/lamp_urdf/14314/configuration/fitr_info1_base.usd@</partnet_1579c3aae8e26472db1afe6c464e7652/link_4_helper/visuals> (recomposing stage on stage @/home/ubuntu/workspace/physvla_sim/datasets/data_normalized/lamp_urdf/14314/fitr_info1.usd@ <0x1cf1eb20>)

2026-07-15T11:59:57Z [3,684ms] [Warning] [omni.usd] Warning: in _ReportErrors at line 3172 of /builds/omniverse/usd-ci/USD/pxr/usd/usd/stage.cpp -- In </partnet_1579c3aae8e26472db1afe6c464e7652/base/visuals>: Unresolved reference prim path @/home/ubuntu/workspace/physvla_sim/datasets/data_normalized/lamp_urdf/14314/configuration/fitr_info1_physics.usd@</visuals/base> introduced by @/home/ubuntu/workspace/physvla_sim/datasets/data_normalized/lamp_urdf/14314/configuration/fitr_info1_base.usd@</partnet_1579c3aae8e26472db1afe6c464e7652/base/visuals> (recomposing stage on stage @/home/ubuntu/workspace/physvla_sim/datasets/data_normalized/lamp_urdf/14314/fitr_info1.usd@ <0x1cf1eb20>)

2026-07-15T11:59:57Z [3,686ms] [Warning] [omni.usd] Warning: in _ReportErrors at line 3172 of /builds/omniverse/usd-ci/USD/pxr/usd/usd/stage.cpp -- In </partnet_1579c3aae8e26472db1afe6c464e7652/link_4_helper/visuals>: Unresolved reference prim path @/home/ubuntu/workspace/physvla_sim/datasets/data_normalized/lamp_urdf/14314/configuration/fitr_info1_physics.usd@</visuals/link_4_helper> introduced by @/home/ubuntu/workspace/physvla_sim/datasets/data_normalized/lamp_urdf/14314/configuration/fitr_info1_base.usd@</partnet_1579c3aae8e26472db1afe6c464e7652/link_4_helper/visuals> (recomposing stage on stage @/home/ubuntu/workspace/physvla_sim/datasets/data_normalized/lamp_urdf/14314/fitr_info1.usd@ <0x1cf23150>)

2026-07-15T11:59:57Z [3,686ms] [Warning] [omni.usd] Warning: in _ReportErrors at line 3172 of /builds/omniverse/usd-ci/USD/pxr/usd/usd/stage.cpp -- In </partnet_1579c3aae8e26472db1afe6c464e7652/base/visuals>: Unresolved reference prim path @/home/ubuntu/workspace/physvla_sim/datasets/data_normalized/lamp_urdf/14314/configuration/fitr_info1_physics.usd@</visuals/base> introduced by @/home/ubuntu/workspace/physvla_sim/datasets/data_normalized/lamp_urdf/14314/configuration/fitr_info1_base.usd@</partnet_1579c3aae8e26472db1afe6c464e7652/base/visuals> (recomposing stage on stage @/home/ubuntu/workspace/physvla_sim/datasets/data_normalized/lamp_urdf/14314/fitr_info1.usd@ <0x1cf23150>)

2026-07-15T11:59:57Z [3,687ms] [Warning] [omni.usd] Warning: in _ReportErrors at line 3172 of /builds/omniverse/usd-ci/USD/pxr/usd/usd/stage.cpp -- In </partnet_1579c3aae8e26472db1afe6c464e7652/link_4_helper/visuals>: Unresolved reference prim path @/home/ubuntu/workspace/physvla_sim/datasets/data_normalized/lamp_urdf/14314/configuration/fitr_info1_physics.usd@</visuals/link_4_helper> introduced by @/home/ubuntu/workspace/physvla_sim/datasets/data_normalized/lamp_urdf/14314/configuration/fitr_info1_base.usd@</partnet_1579c3aae8e26472db1afe6c464e7652/link_4_helper/visuals> (recomposing stage on stage @/home/ubuntu/workspace/physvla_sim/datasets/data_normalized/lamp_urdf/14314/fitr_info1.usd@ <0x1cf1eb20>)

2026-07-15T11:59:57Z [3,687ms] [Warning] [omni.usd] Warning: in _ReportErrors at line 3172 of /builds/omniverse/usd-ci/USD/pxr/usd/usd/stage.cpp -- In </partnet_1579c3aae8e26472db1afe6c464e7652/base/visuals>: Unresolved reference prim path @/home/ubuntu/workspace/physvla_sim/datasets/data_normalized/lamp_urdf/14314/configuration/fitr_info1_physics.usd@</visuals/base> introduced by @/home/ubuntu/workspace/physvla_sim/datasets/data_normalized/lamp_urdf/14314/configuration/fitr_info1_base.usd@</partnet_1579c3aae8e26472db1afe6c464e7652/base/visuals> (recomposing stage on stage @/home/ubuntu/workspace/physvla_sim/datasets/data_normalized/lamp_urdf/14314/fitr_info1.usd@ <0x1cf1eb20>)

2026-07-15T11:59:57Z [3,689ms] [Warning] [omni.usd] Warning: in _ReportErrors at line 3172 of /builds/omniverse/usd-ci/USD/pxr/usd/usd/stage.cpp -- In </partnet_1579c3aae8e26472db1afe6c464e7652/base/visuals>: Unresolved reference prim path @/home/ubuntu/workspace/physvla_sim/datasets/data_normalized/lamp_urdf/14314/configuration/fitr_info1_physics.usd@</visuals/base> introduced by @/home/ubuntu/workspace/physvla_sim/datasets/data_normalized/lamp_urdf/14314/configuration/fitr_info1_base.usd@</partnet_1579c3aae8e26472db1afe6c464e7652/base/visuals> (recomposing stage on stage @/home/ubuntu/workspace/physvla_sim/datasets/data_normalized/lamp_urdf/14314/fitr_info1.usd@ <0x1cf23150>)

2026-07-15T11:59:57Z [3,689ms] [Warning] [omni.usd] Warning: in _ReportErrors at line 3172 of /builds/omniverse/usd-ci/USD/pxr/usd/usd/stage.cpp -- In </partnet_1579c3aae8e26472db1afe6c464e7652/link_4_helper/visuals>: Unresolved reference prim path @/home/ubuntu/workspace/physvla_sim/datasets/data_normalized/lamp_urdf/14314/configuration/fitr_info1_physics.usd@</visuals/link_4_helper> introduced by @/home/ubuntu/workspace/physvla_sim/datasets/data_normalized/lamp_urdf/14314/configuration/fitr_info1_base.usd@</partnet_1579c3aae8e26472db1afe6c464e7652/link_4_helper/visuals> (recomposing stage on stage @/home/ubuntu/workspace/physvla_sim/datasets/data_normalized/lamp_urdf/14314/fitr_info1.usd@ <0x1cf23150>)

2026-07-15T11:59:57Z [3,691ms] [Warning] [omni.usd] Warning: in _ReportErrors at line 3172 of /builds/omniverse/usd-ci/USD/pxr/usd/usd/stage.cpp -- In </partnet_1579c3aae8e26472db1afe6c464e7652/link_4_helper/visuals>: Unresolved reference prim path @/home/ubuntu/workspace/physvla_sim/datasets/data_normalized/lamp_urdf/14314/configuration/fitr_info1_physics.usd@</visuals/link_4_helper> introduced by @/home/ubuntu/workspace/physvla_sim/datasets/data_normalized/lamp_urdf/14314/configuration/fitr_info1_base.usd@</partnet_1579c3aae8e26472db1afe6c464e7652/link_4_helper/visuals> (recomposing stage on stage @/home/ubuntu/workspace/physvla_sim/datasets/data_normalized/lamp_urdf/14314/fitr_info1.usd@ <0x1cf1eb20>)

2026-07-15T11:59:57Z [3,691ms] [Warning] [omni.usd] Warning: in _ReportErrors at line 3172 of /builds/omniverse/usd-ci/USD/pxr/usd/usd/stage.cpp -- In </partnet_1579c3aae8e26472db1afe6c464e7652/base/visuals>: Unresolved reference prim path @/home/ubuntu/workspace/physvla_sim/datasets/data_normalized/lamp_urdf/14314/configuration/fitr_info1_physics.usd@</visuals/base> introduced by @/home/ubuntu/workspace/physvla_sim/datasets/data_normalized/lamp_urdf/14314/configuration/fitr_info1_base.usd@</partnet_1579c3aae8e26472db1afe6c464e7652/base/visuals> (recomposing stage on stage @/home/ubuntu/workspace/physvla_sim/datasets/data_normalized/lamp_urdf/14314/fitr_info1.usd@ <0x1cf1eb20>)

2026-07-15T11:59:57Z [3,693ms] [Warning] [omni.usd] Warning: in _ReportErrors at line 3172 of /builds/omniverse/usd-ci/USD/pxr/usd/usd/stage.cpp -- In </partnet_1579c3aae8e26472db1afe6c464e7652/link_4_helper/visuals>: Unresolved reference prim path @/home/ubuntu/workspace/physvla_sim/datasets/data_normalized/lamp_urdf/14314/configuration/fitr_info1_physics.usd@</visuals/link_4_helper> introduced by @/home/ubuntu/workspace/physvla_sim/datasets/data_normalized/lamp_urdf/14314/configuration/fitr_info1_base.usd@</partnet_1579c3aae8e26472db1afe6c464e7652/link_4_helper/visuals> (recomposing stage on stage @/home/ubuntu/workspace/physvla_sim/datasets/data_normalized/lamp_urdf/14314/fitr_info1.usd@ <0x1cf23150>)

2026-07-15T11:59:57Z [3,693ms] [Warning] [omni.usd] Warning: in _ReportErrors at line 3172 of /builds/omniverse/usd-ci/USD/pxr/usd/usd/stage.cpp -- In </partnet_1579c3aae8e26472db1afe6c464e7652/base/visuals>: Unresolved reference prim path @/home/ubuntu/workspace/physvla_sim/datasets/data_normalized/lamp_urdf/14314/configuration/fitr_info1_physics.usd@</visuals/base> introduced by @/home/ubuntu/workspace/physvla_sim/datasets/data_normalized/lamp_urdf/14314/configuration/fitr_info1_base.usd@</partnet_1579c3aae8e26472db1afe6c464e7652/base/visuals> (recomposing stage on stage @/home/ubuntu/workspace/physvla_sim/datasets/data_normalized/lamp_urdf/14314/fitr_info1.usd@ <0x1cf23150>)

2026-07-15T11:59:57Z [3,695ms] [Warning] [omni.usd] Warning: in _ReportErrors at line 3172 of /builds/omniverse/usd-ci/USD/pxr/usd/usd/stage.cpp -- In </partnet_1579c3aae8e26472db1afe6c464e7652/base/visuals>: Unresolved reference prim path @/home/ubuntu/workspace/physvla_sim/datasets/data_normalized/lamp_urdf/14314/configuration/fitr_info1_physics.usd@</visuals/base> introduced by @/home/ubuntu/workspace/physvla_sim/datasets/data_normalized/lamp_urdf/14314/configuration/fitr_info1_base.usd@</partnet_1579c3aae8e26472db1afe6c464e7652/base/visuals> (recomposing stage on stage @/home/ubuntu/workspace/physvla_sim/datasets/data_normalized/lamp_urdf/14314/fitr_info1.usd@ <0x1cf1eb20>)

2026-07-15T11:59:57Z [3,695ms] [Warning] [omni.usd] Warning: in _ReportErrors at line 3172 of /builds/omniverse/usd-ci/USD/pxr/usd/usd/stage.cpp -- In </partnet_1579c3aae8e26472db1afe6c464e7652/link_4_helper/visuals>: Unresolved reference prim path @/home/ubuntu/workspace/physvla_sim/datasets/data_normalized/lamp_urdf/14314/configuration/fitr_info1_physics.usd@</visuals/link_4_helper> introduced by @/home/ubuntu/workspace/physvla_sim/datasets/data_normalized/lamp_urdf/14314/configuration/fitr_info1_base.usd@</partnet_1579c3aae8e26472db1afe6c464e7652/link_4_helper/visuals> (recomposing stage on stage @/home/ubuntu/workspace/physvla_sim/datasets/data_normalized/lamp_urdf/14314/fitr_info1.usd@ <0x1cf1eb20>)

2026-07-15T11:59:57Z [3,698ms] [Warning] [omni.usd] Warning: in _ReportErrors at line 3172 of /builds/omniverse/usd-ci/USD/pxr/usd/usd/stage.cpp -- In </partnet_1579c3aae8e26472db1afe6c464e7652/link_4_helper/visuals>: Unresolved reference prim path @/home/ubuntu/workspace/physvla_sim/datasets/data_normalized/lamp_urdf/14314/configuration/fitr_info1_physics.usd@</visuals/link_4_helper> introduced by @/home/ubuntu/workspace/physvla_sim/datasets/data_normalized/lamp_urdf/14314/configuration/fitr_info1_base.usd@</partnet_1579c3aae8e26472db1afe6c464e7652/link_4_helper/visuals> (recomposing stage on stage @/home/ubuntu/workspace/physvla_sim/datasets/data_normalized/lamp_urdf/14314/fitr_info1.usd@ <0x1cf23150>)

2026-07-15T11:59:57Z [3,698ms] [Warning] [omni.usd] Warning: in _ReportErrors at line 3172 of /builds/omniverse/usd-ci/USD/pxr/usd/usd/stage.cpp -- In </partnet_1579c3aae8e26472db1afe6c464e7652/base/visuals>: Unresolved reference prim path @/home/ubuntu/workspace/physvla_sim/datasets/data_normalized/lamp_urdf/14314/configuration/fitr_info1_physics.usd@</visuals/base> introduced by @/home/ubuntu/workspace/physvla_sim/datasets/data_normalized/lamp_urdf/14314/configuration/fitr_info1_base.usd@</partnet_1579c3aae8e26472db1afe6c464e7652/base/visuals> (recomposing stage on stage @/home/ubuntu/workspace/physvla_sim/datasets/data_normalized/lamp_urdf/14314/fitr_info1.usd@ <0x1cf23150>)

2026-07-15T11:59:57Z [3,699ms] [Warning] [omni.usd] Warning: in _ReportErrors at line 3172 of /builds/omniverse/usd-ci/USD/pxr/usd/usd/stage.cpp -- In </partnet_1579c3aae8e26472db1afe6c464e7652/base/visuals>: Unresolved reference prim path @/home/ubuntu/workspace/physvla_sim/datasets/data_normalized/lamp_urdf/14314/configuration/fitr_info1_physics.usd@</visuals/base> introduced by @/home/ubuntu/workspace/physvla_sim/datasets/data_normalized/lamp_urdf/14314/configuration/fitr_info1_base.usd@</partnet_1579c3aae8e26472db1afe6c464e7652/base/visuals> (recomposing stage on stage @/home/ubuntu/workspace/physvla_sim/datasets/data_normalized/lamp_urdf/14314/fitr_info1.usd@ <0x1cf1eb20>)

2026-07-15T11:59:57Z [3,699ms] [Warning] [omni.usd] Warning: in _ReportErrors at line 3172 of /builds/omniverse/usd-ci/USD/pxr/usd/usd/stage.cpp -- In </partnet_1579c3aae8e26472db1afe6c464e7652/link_4_helper/visuals>: Unresolved reference prim path @/home/ubuntu/workspace/physvla_sim/datasets/data_normalized/lamp_urdf/14314/configuration/fitr_info1_physics.usd@</visuals/link_4_helper> introduced by @/home/ubuntu/workspace/physvla_sim/datasets/data_normalized/lamp_urdf/14314/configuration/fitr_info1_base.usd@</partnet_1579c3aae8e26472db1afe6c464e7652/link_4_helper/visuals> (recomposing stage on stage @/home/ubuntu/workspace/physvla_sim/datasets/data_normalized/lamp_urdf/14314/fitr_info1.usd@ <0x1cf1eb20>)

2026-07-15T11:59:57Z [3,700ms] [Warning] [omni.usd] Warning: in _ReportErrors at line 3172 of /builds/omniverse/usd-ci/USD/pxr/usd/usd/stage.cpp -- In </partnet_1579c3aae8e26472db1afe6c464e7652/link_4_helper/visuals>: Unresolved reference prim path @/home/ubuntu/workspace/physvla_sim/datasets/data_normalized/lamp_urdf/14314/configuration/fitr_info1_physics.usd@</visuals/link_4_helper> introduced by @/home/ubuntu/workspace/physvla_sim/datasets/data_normalized/lamp_urdf/14314/configuration/fitr_info1_base.usd@</partnet_1579c3aae8e26472db1afe6c464e7652/link_4_helper/visuals> (recomposing stage on stage @/home/ubuntu/workspace/physvla_sim/datasets/data_normalized/lamp_urdf/14314/fitr_info1.usd@ <0x1cf23150>)

2026-07-15T11:59:57Z [3,700ms] [Warning] [omni.usd] Warning: in _ReportErrors at line 3172 of /builds/omniverse/usd-ci/USD/pxr/usd/usd/stage.cpp -- In </partnet_1579c3aae8e26472db1afe6c464e7652/base/visuals>: Unresolved reference prim path @/home/ubuntu/workspace/physvla_sim/datasets/data_normalized/lamp_urdf/14314/configuration/fitr_info1_physics.usd@</visuals/base> introduced by @/home/ubuntu/workspace/physvla_sim/datasets/data_normalized/lamp_urdf/14314/configuration/fitr_info1_base.usd@</partnet_1579c3aae8e26472db1afe6c464e7652/base/visuals> (recomposing stage on stage @/home/ubuntu/workspace/physvla_sim/datasets/data_normalized/lamp_urdf/14314/fitr_info1.usd@ <0x1cf23150>)

2026-07-15T11:59:57Z [3,701ms] [Warning] [omni.usd] Warning: in _ReportErrors at line 3172 of /builds/omniverse/usd-ci/USD/pxr/usd/usd/stage.cpp -- In </partnet_1579c3aae8e26472db1afe6c464e7652/base/visuals>: Unresolved reference prim path @/home/ubuntu/workspace/physvla_sim/datasets/data_normalized/lamp_urdf/14314/configuration/fitr_info1_physics.usd@</visuals/base> introduced by @/home/ubuntu/workspace/physvla_sim/datasets/data_normalized/lamp_urdf/14314/configuration/fitr_info1_base.usd@</partnet_1579c3aae8e26472db1afe6c464e7652/base/visuals> (recomposing stage on stage @/home/ubuntu/workspace/physvla_sim/datasets/data_normalized/lamp_urdf/14314/fitr_info1.usd@ <0x1cf1eb20>)

2026-07-15T11:59:57Z [3,701ms] [Warning] [omni.usd] Warning: in _ReportErrors at line 3172 of /builds/omniverse/usd-ci/USD/pxr/usd/usd/stage.cpp -- In </partnet_1579c3aae8e26472db1afe6c464e7652/link_4_helper/visuals>: Unresolved reference prim path @/home/ubuntu/workspace/physvla_sim/datasets/data_normalized/lamp_urdf/14314/configuration/fitr_info1_physics.usd@</visuals/link_4_helper> introduced by @/home/ubuntu/workspace/physvla_sim/datasets/data_normalized/lamp_urdf/14314/configuration/fitr_info1_base.usd@</partnet_1579c3aae8e26472db1afe6c464e7652/link_4_helper/visuals> (recomposing stage on stage @/home/ubuntu/workspace/physvla_sim/datasets/data_normalized/lamp_urdf/14314/fitr_info1.usd@ <0x1cf1eb20>)

Traceback (most recent call last):
  File "/home/ubuntu/workspace/physvla_sim/Augment_code/dyn/author_info1_usd.py", line 286, in <module>
    main()
  File "/home/ubuntu/workspace/physvla_sim/Augment_code/dyn/author_info1_usd.py", line 216, in main
    joint_name = resolve_joint_name(asset_dir, data)
                 ^^^^^^^^^^^^^^^^^^^^^^^^^^^^^^^^^^^
  File "/home/ubuntu/workspace/physvla_sim/Augment_code/dyn/author_info1_usd.py", line 85, in resolve_joint_name
    raise ValueError(
ValueError: Cannot map info1 joint_3 to one prismatic joint for link movable_part; candidates=[]
Loading user config located at: '/home/ubuntu/isaacsim/kit/data/Kit/Isaac-Sim/5.1/user.config.json'
[Info] [carb] Logging to file: /home/ubuntu/isaacsim/kit/logs/Kit/Isaac-Sim/5.1/kit_20260715_195958.log
2026-07-15T11:59:58Z [0ms] [Warning] [carb.crashreporter-breakpad.plugin] [previous crash] preventing upload of minidump due to user opt-out: '/home/ubuntu/isaacsim/kit/data/Kit/Isaac-Sim/5.1/0d81a4fd-59cb-4157-42d97b80-310afb82.dmp'
2026-07-15T11:59:58Z [0ms] [Warning] [carb.crashreporter-breakpad.plugin] [previous crash] preventing upload of minidump due to user opt-out: '/home/ubuntu/isaacsim/kit/data/Kit/Isaac-Sim/5.1/7efeb785-3cdd-476a-8fc91ca3-38a85c81.dmp'
2026-07-15T11:59:58Z [0ms] [Warning] [carb.crashreporter-breakpad.plugin] [previous crash] preventing upload of minidump due to user opt-out: '/home/ubuntu/isaacsim/kit/data/Kit/Isaac-Sim/5.1/0ec06837-edee-4570-b459bb9b-e409ca73.dmp'
2026-07-15T11:59:58Z [0ms] [Warning] [carb.crashreporter-breakpad.plugin] [previous crash] preventing upload of minidump due to user opt-out: '/home/ubuntu/isaacsim/kit/data/Kit/Isaac-Sim/5.1/846da064-407f-481c-dab18ea9-9788aefc.dmp'
2026-07-15T11:59:58Z [0ms] [Warning] [carb.crashreporter-breakpad.plugin] [previous crash] preventing upload of minidump due to user opt-out: '/home/ubuntu/isaacsim/kit/data/Kit/Isaac-Sim/5.1/7674058d-a5ef-457b-61399da4-1924f871.dmp'
2026-07-15T11:59:58Z [1ms] [Warning] [carb.crashreporter-breakpad.plugin] [previous crash] preventing upload of minidump due to user opt-out: '/home/ubuntu/isaacsim/kit/data/Kit/Isaac-Sim/5.1/0dbca6de-81d5-44e8-85c7eba5-c7ac64b6.dmp'
2026-07-15T11:59:58Z [1ms] [Warning] [carb.crashreporter-breakpad.plugin] [previous crash] preventing upload of minidump due to user opt-out: '/home/ubuntu/isaacsim/kit/data/Kit/Isaac-Sim/5.1/96b6ea33-a47b-4c84-2d7408a6-bc8b64a8.dmp'
2026-07-15T11:59:58Z [185ms] [Warning] [omni.usd_config.extension] Enable omni.materialx.libs extension to use MaterialX
2026-07-15T11:59:58Z [188ms] [Warning] [omni.platforminfo.plugin] failed to open the default display.  Can't verify X Server version.
2026-07-15T11:59:58Z [458ms] [Warning] [carb] Acquiring non optional plugin interface which is not listed as dependency: [omni::physx::IPhysxBenchmarks v1.0] (plugin: <default plugin>), by client: omni.physics.physx.plugin. Add it to CARB_PLUGIN_IMPL_DEPS() macro of a client.
2026-07-15T11:59:58Z [590ms] [Warning] [omni.isaac.dynamic_control] omni.isaac.dynamic_control is deprecated as of Isaac Sim 4.5. No action is needed from end-users.

|---------------------------------------------------------------------------------------------|
| Driver Version: 580.142       | Graphics API: Vulkan
|=============================================================================================|
| GPU | Name                             | Active | LDA | GPU Memory | Vendor-ID | LUID       |
|     |                                  |        |     |            | Device-ID | UUID       |
|     |                                  |        |     |            | Bus-ID    |            |
|---------------------------------------------------------------------------------------------|
| 0   | NVIDIA GeForce RTX 5090 D v2     | Yes: 0 |     | 24701   MB | 10de      | 0          |
|     |                                  |        |     |            | 2b8c      | 5f3d0dc0.. |
|     |                                  |        |     |            | 1         |            |
|=============================================================================================|
| OS: 24.04.3 LTS (Noble Numbat) ubuntu, Version: 24.04.3, Kernel: 6.17.0-1017-oem
| Processor: Intel(R) Core(TM) i9-14900K
| Cores: 24 | Logical Cores: 32
|---------------------------------------------------------------------------------------------|
| Total Memory (MB): 64063 | Free Memory: 53840
| Total Page/Swap (MB): 8191 | Free Page/Swap: 8191
|---------------------------------------------------------------------------------------------|
2026-07-15T12:00:00Z [2,553ms] [Warning] [gpu.foundation.plugin] CPU performance profile is set to powersave. This profile sets the CPU to the lowest frequency reducing performance.
[INFO][AppLauncher]: Using device: cuda:0
[INFO][AppLauncher]: Loading experience file: /home/ubuntu/workspace/IsaacLab/apps/isaaclab.python.headless.kit
2026-07-15T12:00:00Z [2,561ms] [Warning] [gpu.foundation.plugin] IOMMU is enabled.
2026-07-15T12:00:00Z [2,708ms] [Warning] [omni.usd] Warning: in _ReportErrors at line 3172 of /builds/omniverse/usd-ci/USD/pxr/usd/usd/stage.cpp -- In </partnet_1579c3aae8e26472db1afe6c464e7652/base/visuals>: Unresolved reference prim path @/home/ubuntu/workspace/physvla_sim/datasets/data_normalized/lamp_urdf/14314/configuration/fitr_info1_base.usd@</visuals/base> introduced by @/home/ubuntu/workspace/physvla_sim/datasets/data_normalized/lamp_urdf/14314/configuration/fitr_info1_base.usd@</partnet_1579c3aae8e26472db1afe6c464e7652/base/visuals> (instantiating stage on stage @/home/ubuntu/workspace/physvla_sim/datasets/data_normalized/lamp_urdf/14314/configuration/fitr_info1_base.usd@ <0x37ab82e0>)

2026-07-15T12:00:00Z [2,708ms] [Warning] [omni.usd] Warning: in _ReportErrors at line 3172 of /builds/omniverse/usd-ci/USD/pxr/usd/usd/stage.cpp -- In </partnet_1579c3aae8e26472db1afe6c464e7652/link_4_helper/visuals>: Unresolved reference prim path @/home/ubuntu/workspace/physvla_sim/datasets/data_normalized/lamp_urdf/14314/configuration/fitr_info1_base.usd@</visuals/link_4_helper> introduced by @/home/ubuntu/workspace/physvla_sim/datasets/data_normalized/lamp_urdf/14314/configuration/fitr_info1_base.usd@</partnet_1579c3aae8e26472db1afe6c464e7652/link_4_helper/visuals> (instantiating stage on stage @/home/ubuntu/workspace/physvla_sim/datasets/data_normalized/lamp_urdf/14314/configuration/fitr_info1_base.usd@ <0x37ab82e0>)

2026-07-15T12:00:00Z [2,713ms] [Warning] [omni.usd] Warning: in _ReportErrors at line 3172 of /builds/omniverse/usd-ci/USD/pxr/usd/usd/stage.cpp -- In </partnet_1579c3aae8e26472db1afe6c464e7652/base/visuals>: Unresolved reference prim path @/home/ubuntu/workspace/physvla_sim/datasets/data_normalized/lamp_urdf/14314/configuration/fitr_info1_physics.usd@</visuals/base> introduced by @/home/ubuntu/workspace/physvla_sim/datasets/data_normalized/lamp_urdf/14314/configuration/fitr_info1_base.usd@</partnet_1579c3aae8e26472db1afe6c464e7652/base/visuals> (instantiating stage on stage @/home/ubuntu/workspace/physvla_sim/datasets/data_normalized/lamp_urdf/14314/configuration/fitr_info1_physics.usd@ <0x29061a30>)

2026-07-15T12:00:00Z [2,713ms] [Warning] [omni.usd] Warning: in _ReportErrors at line 3172 of /builds/omniverse/usd-ci/USD/pxr/usd/usd/stage.cpp -- In </partnet_1579c3aae8e26472db1afe6c464e7652/link_4_helper/visuals>: Unresolved reference prim path @/home/ubuntu/workspace/physvla_sim/datasets/data_normalized/lamp_urdf/14314/configuration/fitr_info1_physics.usd@</visuals/link_4_helper> introduced by @/home/ubuntu/workspace/physvla_sim/datasets/data_normalized/lamp_urdf/14314/configuration/fitr_info1_base.usd@</partnet_1579c3aae8e26472db1afe6c464e7652/link_4_helper/visuals> (instantiating stage on stage @/home/ubuntu/workspace/physvla_sim/datasets/data_normalized/lamp_urdf/14314/configuration/fitr_info1_physics.usd@ <0x29061a30>)

2026-07-15T12:00:00Z [2,719ms] [Warning] [omni.physx.plugin] USD stage detach not called, holding a loose ptr to a stage!
2026-07-15T12:00:00Z [2,874ms] [Warning] [carb] Recursive unloadAllPlugins() detected!
Traceback (most recent call last):
  File "/home/ubuntu/workspace/physvla_sim/Augment_code/dyn/generate_asset_usd.py", line 197, in <module>
    main()
  File "/home/ubuntu/workspace/physvla_sim/Augment_code/dyn/generate_asset_usd.py", line 190, in main
    validate_author_output(asset_dir, args.output_name, author_result.stdout)
  File "/home/ubuntu/workspace/physvla_sim/Augment_code/dyn/generate_asset_usd.py", line 93, in validate_author_output
    raise RuntimeError("Author did not emit verified joint output")
RuntimeError: Author did not emit verified joint output
[FAILED] lamp_urdf/14314
[RUN] lamp_urdf/14703
Loading user config located at: '/home/ubuntu/isaacsim/kit/data/Kit/Isaac-Sim/5.1/user.config.json'
[Info] [carb] Logging to file: /home/ubuntu/isaacsim/kit/logs/Kit/Isaac-Sim/5.1/kit_20260715_200001.log
2026-07-15T12:00:01Z [0ms] [Warning] [carb.crashreporter-breakpad.plugin] [previous crash] preventing upload of minidump due to user opt-out: '/home/ubuntu/isaacsim/kit/data/Kit/Isaac-Sim/5.1/0d81a4fd-59cb-4157-42d97b80-310afb82.dmp'
2026-07-15T12:00:01Z [0ms] [Warning] [carb.crashreporter-breakpad.plugin] [previous crash] preventing upload of minidump due to user opt-out: '/home/ubuntu/isaacsim/kit/data/Kit/Isaac-Sim/5.1/7efeb785-3cdd-476a-8fc91ca3-38a85c81.dmp'
2026-07-15T12:00:01Z [0ms] [Warning] [carb.crashreporter-breakpad.plugin] [previous crash] preventing upload of minidump due to user opt-out: '/home/ubuntu/isaacsim/kit/data/Kit/Isaac-Sim/5.1/0ec06837-edee-4570-b459bb9b-e409ca73.dmp'
2026-07-15T12:00:01Z [0ms] [Warning] [carb.crashreporter-breakpad.plugin] [previous crash] preventing upload of minidump due to user opt-out: '/home/ubuntu/isaacsim/kit/data/Kit/Isaac-Sim/5.1/846da064-407f-481c-dab18ea9-9788aefc.dmp'
2026-07-15T12:00:01Z [0ms] [Warning] [carb.crashreporter-breakpad.plugin] [previous crash] preventing upload of minidump due to user opt-out: '/home/ubuntu/isaacsim/kit/data/Kit/Isaac-Sim/5.1/7674058d-a5ef-457b-61399da4-1924f871.dmp'
2026-07-15T12:00:01Z [0ms] [Warning] [carb.crashreporter-breakpad.plugin] [previous crash] preventing upload of minidump due to user opt-out: '/home/ubuntu/isaacsim/kit/data/Kit/Isaac-Sim/5.1/0dbca6de-81d5-44e8-85c7eba5-c7ac64b6.dmp'
2026-07-15T12:00:01Z [1ms] [Warning] [carb.crashreporter-breakpad.plugin] [previous crash] preventing upload of minidump due to user opt-out: '/home/ubuntu/isaacsim/kit/data/Kit/Isaac-Sim/5.1/96b6ea33-a47b-4c84-2d7408a6-bc8b64a8.dmp'
2026-07-15T12:00:01Z [184ms] [Warning] [omni.usd_config.extension] Enable omni.materialx.libs extension to use MaterialX
2026-07-15T12:00:01Z [191ms] [Warning] [omni.platforminfo.plugin] failed to open the default display.  Can't verify X Server version.
2026-07-15T12:00:01Z [463ms] [Warning] [carb] Acquiring non optional plugin interface which is not listed as dependency: [omni::physx::IPhysxBenchmarks v1.0] (plugin: <default plugin>), by client: omni.physics.physx.plugin. Add it to CARB_PLUGIN_IMPL_DEPS() macro of a client.
2026-07-15T12:00:01Z [595ms] [Warning] [omni.isaac.dynamic_control] omni.isaac.dynamic_control is deprecated as of Isaac Sim 4.5. No action is needed from end-users.

|---------------------------------------------------------------------------------------------|
| Driver Version: 580.142       | Graphics API: Vulkan
|=============================================================================================|
| GPU | Name                             | Active | LDA | GPU Memory | Vendor-ID | LUID       |
|     |                                  |        |     |            | Device-ID | UUID       |
|     |                                  |        |     |            | Bus-ID    |            |
|---------------------------------------------------------------------------------------------|
| 0   | NVIDIA GeForce RTX 5090 D v2     | Yes: 0 |     | 24701   MB | 10de      | 0          |
|     |                                  |        |     |            | 2b8c      | 5f3d0dc0.. |
|     |                                  |        |     |            | 1         |            |
|=============================================================================================|
| OS: 24.04.3 LTS (Noble Numbat) ubuntu, Version: 24.04.3, Kernel: 6.17.0-1017-oem
| Processor: Intel(R) Core(TM) i9-14900K
| Cores: 24 | Logical Cores: 32
|---------------------------------------------------------------------------------------------|
| Total Memory (MB): 64063 | Free Memory: 53817
| Total Page/Swap (MB): 8191 | Free Page/Swap: 8191
|---------------------------------------------------------------------------------------------|
2026-07-15T12:00:03Z [2,571ms] [Warning] [gpu.foundation.plugin] CPU performance profile is set to powersave. This profile sets the CPU to the lowest frequency reducing performance.
2026-07-15T12:00:03Z [2,579ms] [Warning] [gpu.foundation.plugin] IOMMU is enabled.
2026-07-15T12:00:03Z [2,748ms] [Warning] [carb.windowing-glfw.plugin] GLFW initialization failed.
2026-07-15T12:00:03Z [2,748ms] [Warning] [carb] Failed to startup plugin carb.windowing-glfw.plugin (interfaces: [carb::windowing::IGLContext v1.0],[carb::windowing::IWindowing v1.5]) (impl: carb.windowing-glfw.plugin)

|---------------------------------------------------------------------------------------------|
| Driver Version: 580.142       | Graphics API: Vulkan
|=============================================================================================|
| GPU | Name                             | Active | LDA | GPU Memory | Vendor-ID | LUID       |
|     |                                  |        |     |            | Device-ID | UUID       |
|     |                                  |        |     |            | Bus-ID    |            |
|---------------------------------------------------------------------------------------------|
| 0   | NVIDIA GeForce RTX 5090 D v2     | Yes: 0 |     | 24701   MB | 10de      | 0          |
|     |                                  |        |     |            | 2b8c      | 5f3d0dc0.. |
|     |                                  |        |     |            | 1         |            |
|=============================================================================================|
| OS: 24.04.3 LTS (Noble Numbat) ubuntu, Version: 24.04.3, Kernel: 6.17.0-1017-oem
| Processor: Intel(R) Core(TM) i9-14900K
| Cores: 24 | Logical Cores: 32
|---------------------------------------------------------------------------------------------|
| Total Memory (MB): 64063 | Free Memory: 53605
| Total Page/Swap (MB): 8191 | Free Page/Swap: 8191
|---------------------------------------------------------------------------------------------|
2026-07-15T12:00:04Z [2,981ms] [Warning] [gpu.foundation.plugin] CPU performance profile is set to powersave. This profile sets the CPU to the lowest frequency reducing performance.
2026-07-15T12:00:04Z [2,982ms] [Warning] [gpu.foundation.plugin] IOMMU is enabled.
2026-07-15T12:00:04Z [3,185ms] [Warning] [carb.windowing-glfw.plugin] GLFW initialization failed.
2026-07-15T12:00:04Z [3,185ms] [Warning] [carb] Failed to startup plugin carb.windowing-glfw.plugin (interfaces: [carb::windowing::IGLContext v1.0],[carb::windowing::IWindowing v1.5]) (impl: carb.windowing-glfw.plugin)
2026-07-15T12:00:04Z [3,197ms] [Warning] [carb.windowing-glfw.plugin] GLFW initialization failed.
2026-07-15T12:00:04Z [3,197ms] [Warning] [carb] Failed to startup plugin carb.windowing-glfw.plugin (interfaces: [carb::windowing::IGLContext v1.0],[carb::windowing::IWindowing v1.5]) (impl: carb.windowing-glfw.plugin)
2026-07-15T12:00:04Z [3,202ms] [Warning] [carb.windowing-glfw.plugin] GLFW initialization failed.
2026-07-15T12:00:04Z [3,202ms] [Warning] [carb] Failed to startup plugin carb.windowing-glfw.plugin (interfaces: [carb::windowing::IGLContext v1.0],[carb::windowing::IWindowing v1.5]) (impl: carb.windowing-glfw.plugin)
2026-07-15T12:00:04Z [3,207ms] [Warning] [carb.windowing-glfw.plugin] GLFW initialization failed.
2026-07-15T12:00:04Z [3,207ms] [Warning] [carb] Failed to startup plugin carb.windowing-glfw.plugin (interfaces: [carb::windowing::IGLContext v1.0],[carb::windowing::IWindowing v1.5]) (impl: carb.windowing-glfw.plugin)
2026-07-15T12:00:04Z [3,207ms] [Warning] [carb.windowing-glfw.plugin] GLFW initialization failed.
2026-07-15T12:00:04Z [3,207ms] [Warning] [carb] Failed to startup plugin carb.windowing-glfw.plugin (interfaces: [carb::windowing::IGLContext v1.0],[carb::windowing::IWindowing v1.5]) (impl: carb.windowing-glfw.plugin)
2026-07-15T12:00:04Z [3,208ms] [Warning] [carb.windowing-glfw.plugin] GLFW initialization failed.
2026-07-15T12:00:04Z [3,208ms] [Warning] [carb] Failed to startup plugin carb.windowing-glfw.plugin (interfaces: [carb::windowing::IGLContext v1.0],[carb::windowing::IWindowing v1.5]) (impl: carb.windowing-glfw.plugin)
2026-07-15T12:00:04Z [3,453ms] [Warning] [omni.graph.visualization.nodes._impl.extension] No Viewport Window to add omni.graph.visualization.nodes-2.1.3 scene to
2026-07-15T12:00:04Z [3,575ms] [Warning] [isaacsim.asset.importer.urdf] The path lamp_base_part-16 is not a valid usd path, modifying to lamp_base_part_16
2026-07-15T12:00:04Z [3,575ms] [Warning] [isaacsim.asset.importer.urdf] The path lamp_pole-12 is not a valid usd path, modifying to lamp_pole_12
2026-07-15T12:00:04Z [3,575ms] [Warning] [isaacsim.asset.importer.urdf] The path lamp_pole-13 is not a valid usd path, modifying to lamp_pole_13
2026-07-15T12:00:04Z [3,575ms] [Warning] [isaacsim.asset.importer.urdf] The path lamp_body_horizontal_bar-14 is not a valid usd path, modifying to lamp_body_horizontal_bar_14
2026-07-15T12:00:04Z [3,575ms] [Warning] [isaacsim.asset.importer.urdf] The path lamp_shade-19 is not a valid usd path, modifying to lamp_shade_19
2026-07-15T12:00:04Z [3,575ms] [Warning] [isaacsim.asset.importer.urdf] The path lamp_shade-19 is not a valid usd path, modifying to lamp_shade_19
2026-07-15T12:00:04Z [3,575ms] [Warning] [isaacsim.asset.importer.urdf] The path light_bulb-18 is not a valid usd path, modifying to light_bulb_18
2026-07-15T12:00:04Z [3,575ms] [Warning] [isaacsim.asset.importer.urdf] The path light_bulb-18 is not a valid usd path, modifying to light_bulb_18
2026-07-15T12:00:04Z [3,575ms] [Warning] [isaacsim.asset.importer.urdf] The path light_bulb-18 is not a valid usd path, modifying to light_bulb_18
2026-07-15T12:00:04Z [3,575ms] [Warning] [isaacsim.asset.importer.urdf] The path light_bulb-18 is not a valid usd path, modifying to light_bulb_18
2026-07-15T12:00:04Z [3,575ms] [Warning] [isaacsim.asset.importer.urdf] The path lamp_arm_straight_bar-9 is not a valid usd path, modifying to lamp_arm_straight_bar_9
2026-07-15T12:00:04Z [3,575ms] [Warning] [isaacsim.asset.importer.urdf] The path lamp_arm_straight_bar-9 is not a valid usd path, modifying to lamp_arm_straight_bar_9
2026-07-15T12:00:04Z [3,588ms] [Warning] [isaacsim.asset.importer.urdf] No mass specified for link base
2026-07-15T12:00:04Z [3,588ms] [Warning] [omni.usd] Warning: in _ReportErrors at line 3172 of /builds/omniverse/usd-ci/USD/pxr/usd/usd/stage.cpp -- In </partnet_2fc19897a2f384ebc77d45d65dc3714/base/visuals>: Unresolved reference prim path @/home/ubuntu/workspace/physvla_sim/datasets/data_normalized/lamp_urdf/14703/configuration/fitr_info1_physics.usd@</visuals/base> introduced by @/home/ubuntu/workspace/physvla_sim/datasets/data_normalized/lamp_urdf/14703/configuration/fitr_info1_base.usd@</partnet_2fc19897a2f384ebc77d45d65dc3714/base/visuals> (recomposing stage on stage @/home/ubuntu/workspace/physvla_sim/datasets/data_normalized/lamp_urdf/14703/configuration/fitr_info1_physics.usd@ <0x23304240>)

2026-07-15T12:00:04Z [3,588ms] [Warning] [omni.usd] Warning: in _ReportErrors at line 3172 of /builds/omniverse/usd-ci/USD/pxr/usd/usd/stage.cpp -- In </partnet_2fc19897a2f384ebc77d45d65dc3714/base/visuals>: Unresolved reference prim path @/home/ubuntu/workspace/physvla_sim/datasets/data_normalized/lamp_urdf/14703/fitr_info1.usd@</visuals/base> introduced by @/home/ubuntu/workspace/physvla_sim/datasets/data_normalized/lamp_urdf/14703/configuration/fitr_info1_base.usd@</partnet_2fc19897a2f384ebc77d45d65dc3714/base/visuals> (recomposing stage on stage @/home/ubuntu/workspace/physvla_sim/datasets/data_normalized/lamp_urdf/14703/fitr_info1.usd@ <0x232f0910>)

2026-07-15T12:00:04Z [3,588ms] [Warning] [omni.usd] Warning: in _ReportErrors at line 3172 of /builds/omniverse/usd-ci/USD/pxr/usd/usd/stage.cpp -- In </partnet_2fc19897a2f384ebc77d45d65dc3714/base/visuals>: Unresolved reference prim path @/home/ubuntu/workspace/physvla_sim/datasets/data_normalized/lamp_urdf/14703/fitr_info1.usd@</visuals/base> introduced by @/home/ubuntu/workspace/physvla_sim/datasets/data_normalized/lamp_urdf/14703/configuration/fitr_info1_base.usd@</partnet_2fc19897a2f384ebc77d45d65dc3714/base/visuals> (recomposing stage on stage @/home/ubuntu/workspace/physvla_sim/datasets/data_normalized/lamp_urdf/14703/fitr_info1.usd@ <0x83c3790>)

2026-07-15T12:00:04Z [3,588ms] [Warning] [omni.usd] Warning: in _ReportErrors at line 3172 of /builds/omniverse/usd-ci/USD/pxr/usd/usd/stage.cpp -- In </partnet_2fc19897a2f384ebc77d45d65dc3714/base/visuals>: Unresolved reference prim path @/home/ubuntu/workspace/physvla_sim/datasets/data_normalized/lamp_urdf/14703/configuration/fitr_info1_base.usd@</visuals/base> introduced by @/home/ubuntu/workspace/physvla_sim/datasets/data_normalized/lamp_urdf/14703/configuration/fitr_info1_base.usd@</partnet_2fc19897a2f384ebc77d45d65dc3714/base/visuals> (recomposing stage on stage @/home/ubuntu/workspace/physvla_sim/datasets/data_normalized/lamp_urdf/14703/configuration/fitr_info1_base.usd@ <0x2330dc40>)

2026-07-15T12:00:04Z [3,588ms] [Warning] [omni.usd] Warning: in _ReportErrors at line 3172 of /builds/omniverse/usd-ci/USD/pxr/usd/usd/stage.cpp -- In </partnet_2fc19897a2f384ebc77d45d65dc3714/base/visuals>: Unresolved reference prim path @/home/ubuntu/workspace/physvla_sim/datasets/data_normalized/lamp_urdf/14703/configuration/fitr_info1_physics.usd@</visuals/base> introduced by @/home/ubuntu/workspace/physvla_sim/datasets/data_normalized/lamp_urdf/14703/configuration/fitr_info1_base.usd@</partnet_2fc19897a2f384ebc77d45d65dc3714/base/visuals> (recomposing stage on stage @/home/ubuntu/workspace/physvla_sim/datasets/data_normalized/lamp_urdf/14703/configuration/fitr_info1_physics.usd@ <0x23304240>)

2026-07-15T12:00:04Z [3,588ms] [Warning] [omni.usd] Warning: in _ReportErrors at line 3172 of /builds/omniverse/usd-ci/USD/pxr/usd/usd/stage.cpp -- In </partnet_2fc19897a2f384ebc77d45d65dc3714/base/visuals>: Unresolved reference prim path @/home/ubuntu/workspace/physvla_sim/datasets/data_normalized/lamp_urdf/14703/fitr_info1.usd@</visuals/base> introduced by @/home/ubuntu/workspace/physvla_sim/datasets/data_normalized/lamp_urdf/14703/configuration/fitr_info1_base.usd@</partnet_2fc19897a2f384ebc77d45d65dc3714/base/visuals> (recomposing stage on stage @/home/ubuntu/workspace/physvla_sim/datasets/data_normalized/lamp_urdf/14703/fitr_info1.usd@ <0x232f0910>)

2026-07-15T12:00:04Z [3,588ms] [Warning] [omni.usd] Warning: in _ReportErrors at line 3172 of /builds/omniverse/usd-ci/USD/pxr/usd/usd/stage.cpp -- In </partnet_2fc19897a2f384ebc77d45d65dc3714/base/visuals>: Unresolved reference prim path @/home/ubuntu/workspace/physvla_sim/datasets/data_normalized/lamp_urdf/14703/fitr_info1.usd@</visuals/base> introduced by @/home/ubuntu/workspace/physvla_sim/datasets/data_normalized/lamp_urdf/14703/configuration/fitr_info1_base.usd@</partnet_2fc19897a2f384ebc77d45d65dc3714/base/visuals> (recomposing stage on stage @/home/ubuntu/workspace/physvla_sim/datasets/data_normalized/lamp_urdf/14703/fitr_info1.usd@ <0x83c3790>)

2026-07-15T12:00:04Z [3,588ms] [Warning] [omni.usd] Warning: in _ReportErrors at line 3172 of /builds/omniverse/usd-ci/USD/pxr/usd/usd/stage.cpp -- In </partnet_2fc19897a2f384ebc77d45d65dc3714/base/visuals>: Unresolved reference prim path @/home/ubuntu/workspace/physvla_sim/datasets/data_normalized/lamp_urdf/14703/configuration/fitr_info1_base.usd@</visuals/base> introduced by @/home/ubuntu/workspace/physvla_sim/datasets/data_normalized/lamp_urdf/14703/configuration/fitr_info1_base.usd@</partnet_2fc19897a2f384ebc77d45d65dc3714/base/visuals> (recomposing stage on stage @/home/ubuntu/workspace/physvla_sim/datasets/data_normalized/lamp_urdf/14703/configuration/fitr_info1_base.usd@ <0x2330dc40>)

2026-07-15T12:00:04Z [3,589ms] [Warning] [isaacsim.asset.importer.urdf] Link base has no colliders, and no inertia was imported; assigning a small isotropic inertia matrix
2026-07-15T12:00:04Z [3,589ms] [Warning] [isaacsim.asset.importer.urdf] No mass specified for link link_0
2026-07-15T12:00:04Z [3,611ms] [Warning] [isaacsim.asset.importer.urdf] No mass specified for link link_1
2026-07-15T12:00:04Z [3,718ms] [Warning] [omni.usd] Warning: in _ReportErrors at line 3172 of /builds/omniverse/usd-ci/USD/pxr/usd/usd/stage.cpp -- In </partnet_2fc19897a2f384ebc77d45d65dc3714/base/visuals>: Unresolved reference prim path @/home/ubuntu/workspace/physvla_sim/datasets/data_normalized/lamp_urdf/14703/configuration/fitr_info1_base.usd@</visuals/base> introduced by @/home/ubuntu/workspace/physvla_sim/datasets/data_normalized/lamp_urdf/14703/configuration/fitr_info1_base.usd@</partnet_2fc19897a2f384ebc77d45d65dc3714/base/visuals> (recomposing stage on stage @/home/ubuntu/workspace/physvla_sim/datasets/data_normalized/lamp_urdf/14703/fitr_info1.usd@ <0x232f0910>)

2026-07-15T12:00:04Z [3,719ms] [Warning] [omni.usd] Warning: in _ReportErrors at line 3172 of /builds/omniverse/usd-ci/USD/pxr/usd/usd/stage.cpp -- In </partnet_2fc19897a2f384ebc77d45d65dc3714/base/visuals>: Unresolved reference prim path @/home/ubuntu/workspace/physvla_sim/datasets/data_normalized/lamp_urdf/14703/configuration/fitr_info1_base.usd@</visuals/base> introduced by @/home/ubuntu/workspace/physvla_sim/datasets/data_normalized/lamp_urdf/14703/configuration/fitr_info1_base.usd@</partnet_2fc19897a2f384ebc77d45d65dc3714/base/visuals> (recomposing stage on stage @/home/ubuntu/workspace/physvla_sim/datasets/data_normalized/lamp_urdf/14703/fitr_info1.usd@ <0x83c3790>)

2026-07-15T12:00:04Z [3,720ms] [Warning] [omni.usd] Warning: in _ReportErrors at line 3172 of /builds/omniverse/usd-ci/USD/pxr/usd/usd/stage.cpp -- In </partnet_2fc19897a2f384ebc77d45d65dc3714/base/visuals>: Unresolved reference prim path @/home/ubuntu/workspace/physvla_sim/datasets/data_normalized/lamp_urdf/14703/configuration/fitr_info1_physics.usd@</visuals/base> introduced by @/home/ubuntu/workspace/physvla_sim/datasets/data_normalized/lamp_urdf/14703/configuration/fitr_info1_base.usd@</partnet_2fc19897a2f384ebc77d45d65dc3714/base/visuals> (recomposing stage on stage @/home/ubuntu/workspace/physvla_sim/datasets/data_normalized/lamp_urdf/14703/fitr_info1.usd@ <0x232f0910>)

2026-07-15T12:00:04Z [3,721ms] [Warning] [omni.usd] Warning: in _ReportErrors at line 3172 of /builds/omniverse/usd-ci/USD/pxr/usd/usd/stage.cpp -- In </partnet_2fc19897a2f384ebc77d45d65dc3714/base/visuals>: Unresolved reference prim path @/home/ubuntu/workspace/physvla_sim/datasets/data_normalized/lamp_urdf/14703/configuration/fitr_info1_physics.usd@</visuals/base> introduced by @/home/ubuntu/workspace/physvla_sim/datasets/data_normalized/lamp_urdf/14703/configuration/fitr_info1_base.usd@</partnet_2fc19897a2f384ebc77d45d65dc3714/base/visuals> (recomposing stage on stage @/home/ubuntu/workspace/physvla_sim/datasets/data_normalized/lamp_urdf/14703/fitr_info1.usd@ <0x83c3790>)

2026-07-15T12:00:04Z [3,722ms] [Warning] [omni.usd] Warning: in _ReportErrors at line 3172 of /builds/omniverse/usd-ci/USD/pxr/usd/usd/stage.cpp -- In </partnet_2fc19897a2f384ebc77d45d65dc3714/base/visuals>: Unresolved reference prim path @/home/ubuntu/workspace/physvla_sim/datasets/data_normalized/lamp_urdf/14703/configuration/fitr_info1_physics.usd@</visuals/base> introduced by @/home/ubuntu/workspace/physvla_sim/datasets/data_normalized/lamp_urdf/14703/configuration/fitr_info1_base.usd@</partnet_2fc19897a2f384ebc77d45d65dc3714/base/visuals> (recomposing stage on stage @/home/ubuntu/workspace/physvla_sim/datasets/data_normalized/lamp_urdf/14703/fitr_info1.usd@ <0x232f0910>)

2026-07-15T12:00:04Z [3,723ms] [Warning] [omni.usd] Warning: in _ReportErrors at line 3172 of /builds/omniverse/usd-ci/USD/pxr/usd/usd/stage.cpp -- In </partnet_2fc19897a2f384ebc77d45d65dc3714/base/visuals>: Unresolved reference prim path @/home/ubuntu/workspace/physvla_sim/datasets/data_normalized/lamp_urdf/14703/configuration/fitr_info1_physics.usd@</visuals/base> introduced by @/home/ubuntu/workspace/physvla_sim/datasets/data_normalized/lamp_urdf/14703/configuration/fitr_info1_base.usd@</partnet_2fc19897a2f384ebc77d45d65dc3714/base/visuals> (recomposing stage on stage @/home/ubuntu/workspace/physvla_sim/datasets/data_normalized/lamp_urdf/14703/fitr_info1.usd@ <0x83c3790>)

2026-07-15T12:00:04Z [3,724ms] [Warning] [omni.usd] Warning: in _ReportErrors at line 3172 of /builds/omniverse/usd-ci/USD/pxr/usd/usd/stage.cpp -- In </partnet_2fc19897a2f384ebc77d45d65dc3714/base/visuals>: Unresolved reference prim path @/home/ubuntu/workspace/physvla_sim/datasets/data_normalized/lamp_urdf/14703/configuration/fitr_info1_physics.usd@</visuals/base> introduced by @/home/ubuntu/workspace/physvla_sim/datasets/data_normalized/lamp_urdf/14703/configuration/fitr_info1_base.usd@</partnet_2fc19897a2f384ebc77d45d65dc3714/base/visuals> (recomposing stage on stage @/home/ubuntu/workspace/physvla_sim/datasets/data_normalized/lamp_urdf/14703/fitr_info1.usd@ <0x232f0910>)

2026-07-15T12:00:04Z [3,725ms] [Warning] [omni.usd] Warning: in _ReportErrors at line 3172 of /builds/omniverse/usd-ci/USD/pxr/usd/usd/stage.cpp -- In </partnet_2fc19897a2f384ebc77d45d65dc3714/base/visuals>: Unresolved reference prim path @/home/ubuntu/workspace/physvla_sim/datasets/data_normalized/lamp_urdf/14703/configuration/fitr_info1_physics.usd@</visuals/base> introduced by @/home/ubuntu/workspace/physvla_sim/datasets/data_normalized/lamp_urdf/14703/configuration/fitr_info1_base.usd@</partnet_2fc19897a2f384ebc77d45d65dc3714/base/visuals> (recomposing stage on stage @/home/ubuntu/workspace/physvla_sim/datasets/data_normalized/lamp_urdf/14703/fitr_info1.usd@ <0x83c3790>)

2026-07-15T12:00:04Z [3,727ms] [Warning] [omni.usd] Warning: in _ReportErrors at line 3172 of /builds/omniverse/usd-ci/USD/pxr/usd/usd/stage.cpp -- In </partnet_2fc19897a2f384ebc77d45d65dc3714/base/visuals>: Unresolved reference prim path @/home/ubuntu/workspace/physvla_sim/datasets/data_normalized/lamp_urdf/14703/configuration/fitr_info1_physics.usd@</visuals/base> introduced by @/home/ubuntu/workspace/physvla_sim/datasets/data_normalized/lamp_urdf/14703/configuration/fitr_info1_base.usd@</partnet_2fc19897a2f384ebc77d45d65dc3714/base/visuals> (recomposing stage on stage @/home/ubuntu/workspace/physvla_sim/datasets/data_normalized/lamp_urdf/14703/fitr_info1.usd@ <0x232f0910>)

2026-07-15T12:00:04Z [3,728ms] [Warning] [omni.usd] Warning: in _ReportErrors at line 3172 of /builds/omniverse/usd-ci/USD/pxr/usd/usd/stage.cpp -- In </partnet_2fc19897a2f384ebc77d45d65dc3714/base/visuals>: Unresolved reference prim path @/home/ubuntu/workspace/physvla_sim/datasets/data_normalized/lamp_urdf/14703/configuration/fitr_info1_physics.usd@</visuals/base> introduced by @/home/ubuntu/workspace/physvla_sim/datasets/data_normalized/lamp_urdf/14703/configuration/fitr_info1_base.usd@</partnet_2fc19897a2f384ebc77d45d65dc3714/base/visuals> (recomposing stage on stage @/home/ubuntu/workspace/physvla_sim/datasets/data_normalized/lamp_urdf/14703/fitr_info1.usd@ <0x83c3790>)

2026-07-15T12:00:04Z [3,729ms] [Warning] [omni.usd] Warning: in _ReportErrors at line 3172 of /builds/omniverse/usd-ci/USD/pxr/usd/usd/stage.cpp -- In </partnet_2fc19897a2f384ebc77d45d65dc3714/base/visuals>: Unresolved reference prim path @/home/ubuntu/workspace/physvla_sim/datasets/data_normalized/lamp_urdf/14703/configuration/fitr_info1_physics.usd@</visuals/base> introduced by @/home/ubuntu/workspace/physvla_sim/datasets/data_normalized/lamp_urdf/14703/configuration/fitr_info1_base.usd@</partnet_2fc19897a2f384ebc77d45d65dc3714/base/visuals> (recomposing stage on stage @/home/ubuntu/workspace/physvla_sim/datasets/data_normalized/lamp_urdf/14703/fitr_info1.usd@ <0x232f0910>)

2026-07-15T12:00:04Z [3,730ms] [Warning] [omni.usd] Warning: in _ReportErrors at line 3172 of /builds/omniverse/usd-ci/USD/pxr/usd/usd/stage.cpp -- In </partnet_2fc19897a2f384ebc77d45d65dc3714/base/visuals>: Unresolved reference prim path @/home/ubuntu/workspace/physvla_sim/datasets/data_normalized/lamp_urdf/14703/configuration/fitr_info1_physics.usd@</visuals/base> introduced by @/home/ubuntu/workspace/physvla_sim/datasets/data_normalized/lamp_urdf/14703/configuration/fitr_info1_base.usd@</partnet_2fc19897a2f384ebc77d45d65dc3714/base/visuals> (recomposing stage on stage @/home/ubuntu/workspace/physvla_sim/datasets/data_normalized/lamp_urdf/14703/fitr_info1.usd@ <0x83c3790>)

2026-07-15T12:00:04Z [3,732ms] [Warning] [omni.usd] Warning: in _ReportErrors at line 3172 of /builds/omniverse/usd-ci/USD/pxr/usd/usd/stage.cpp -- In </partnet_2fc19897a2f384ebc77d45d65dc3714/base/visuals>: Unresolved reference prim path @/home/ubuntu/workspace/physvla_sim/datasets/data_normalized/lamp_urdf/14703/configuration/fitr_info1_physics.usd@</visuals/base> introduced by @/home/ubuntu/workspace/physvla_sim/datasets/data_normalized/lamp_urdf/14703/configuration/fitr_info1_base.usd@</partnet_2fc19897a2f384ebc77d45d65dc3714/base/visuals> (recomposing stage on stage @/home/ubuntu/workspace/physvla_sim/datasets/data_normalized/lamp_urdf/14703/fitr_info1.usd@ <0x232f0910>)

2026-07-15T12:00:04Z [3,733ms] [Warning] [omni.usd] Warning: in _ReportErrors at line 3172 of /builds/omniverse/usd-ci/USD/pxr/usd/usd/stage.cpp -- In </partnet_2fc19897a2f384ebc77d45d65dc3714/base/visuals>: Unresolved reference prim path @/home/ubuntu/workspace/physvla_sim/datasets/data_normalized/lamp_urdf/14703/configuration/fitr_info1_physics.usd@</visuals/base> introduced by @/home/ubuntu/workspace/physvla_sim/datasets/data_normalized/lamp_urdf/14703/configuration/fitr_info1_base.usd@</partnet_2fc19897a2f384ebc77d45d65dc3714/base/visuals> (recomposing stage on stage @/home/ubuntu/workspace/physvla_sim/datasets/data_normalized/lamp_urdf/14703/fitr_info1.usd@ <0x83c3790>)

2026-07-15T12:00:04Z [3,735ms] [Warning] [omni.usd] Warning: in _ReportErrors at line 3172 of /builds/omniverse/usd-ci/USD/pxr/usd/usd/stage.cpp -- In </partnet_2fc19897a2f384ebc77d45d65dc3714/base/visuals>: Unresolved reference prim path @/home/ubuntu/workspace/physvla_sim/datasets/data_normalized/lamp_urdf/14703/configuration/fitr_info1_physics.usd@</visuals/base> introduced by @/home/ubuntu/workspace/physvla_sim/datasets/data_normalized/lamp_urdf/14703/configuration/fitr_info1_base.usd@</partnet_2fc19897a2f384ebc77d45d65dc3714/base/visuals> (recomposing stage on stage @/home/ubuntu/workspace/physvla_sim/datasets/data_normalized/lamp_urdf/14703/fitr_info1.usd@ <0x232f0910>)

2026-07-15T12:00:04Z [3,736ms] [Warning] [omni.usd] Warning: in _ReportErrors at line 3172 of /builds/omniverse/usd-ci/USD/pxr/usd/usd/stage.cpp -- In </partnet_2fc19897a2f384ebc77d45d65dc3714/base/visuals>: Unresolved reference prim path @/home/ubuntu/workspace/physvla_sim/datasets/data_normalized/lamp_urdf/14703/configuration/fitr_info1_physics.usd@</visuals/base> introduced by @/home/ubuntu/workspace/physvla_sim/datasets/data_normalized/lamp_urdf/14703/configuration/fitr_info1_base.usd@</partnet_2fc19897a2f384ebc77d45d65dc3714/base/visuals> (recomposing stage on stage @/home/ubuntu/workspace/physvla_sim/datasets/data_normalized/lamp_urdf/14703/fitr_info1.usd@ <0x83c3790>)

Loading user config located at: '/home/ubuntu/isaacsim/kit/data/Kit/Isaac-Sim/5.1/user.config.json'
[Info] [carb] Logging to file: /home/ubuntu/isaacsim/kit/logs/Kit/Isaac-Sim/5.1/kit_20260715_200005.log
2026-07-15T12:00:05Z [0ms] [Warning] [carb.crashreporter-breakpad.plugin] [previous crash] preventing upload of minidump due to user opt-out: '/home/ubuntu/isaacsim/kit/data/Kit/Isaac-Sim/5.1/0d81a4fd-59cb-4157-42d97b80-310afb82.dmp'
2026-07-15T12:00:05Z [0ms] [Warning] [carb.crashreporter-breakpad.plugin] [previous crash] preventing upload of minidump due to user opt-out: '/home/ubuntu/isaacsim/kit/data/Kit/Isaac-Sim/5.1/7efeb785-3cdd-476a-8fc91ca3-38a85c81.dmp'
2026-07-15T12:00:05Z [0ms] [Warning] [carb.crashreporter-breakpad.plugin] [previous crash] preventing upload of minidump due to user opt-out: '/home/ubuntu/isaacsim/kit/data/Kit/Isaac-Sim/5.1/0ec06837-edee-4570-b459bb9b-e409ca73.dmp'
2026-07-15T12:00:05Z [0ms] [Warning] [carb.crashreporter-breakpad.plugin] [previous crash] preventing upload of minidump due to user opt-out: '/home/ubuntu/isaacsim/kit/data/Kit/Isaac-Sim/5.1/846da064-407f-481c-dab18ea9-9788aefc.dmp'
2026-07-15T12:00:05Z [0ms] [Warning] [carb.crashreporter-breakpad.plugin] [previous crash] preventing upload of minidump due to user opt-out: '/home/ubuntu/isaacsim/kit/data/Kit/Isaac-Sim/5.1/7674058d-a5ef-457b-61399da4-1924f871.dmp'
2026-07-15T12:00:05Z [0ms] [Warning] [carb.crashreporter-breakpad.plugin] [previous crash] preventing upload of minidump due to user opt-out: '/home/ubuntu/isaacsim/kit/data/Kit/Isaac-Sim/5.1/0dbca6de-81d5-44e8-85c7eba5-c7ac64b6.dmp'
2026-07-15T12:00:05Z [1ms] [Warning] [carb.crashreporter-breakpad.plugin] [previous crash] preventing upload of minidump due to user opt-out: '/home/ubuntu/isaacsim/kit/data/Kit/Isaac-Sim/5.1/96b6ea33-a47b-4c84-2d7408a6-bc8b64a8.dmp'
2026-07-15T12:00:05Z [183ms] [Warning] [omni.usd_config.extension] Enable omni.materialx.libs extension to use MaterialX
2026-07-15T12:00:05Z [185ms] [Warning] [omni.platforminfo.plugin] failed to open the default display.  Can't verify X Server version.
2026-07-15T12:00:05Z [460ms] [Warning] [carb] Acquiring non optional plugin interface which is not listed as dependency: [omni::physx::IPhysxBenchmarks v1.0] (plugin: <default plugin>), by client: omni.physics.physx.plugin. Add it to CARB_PLUGIN_IMPL_DEPS() macro of a client.
2026-07-15T12:00:05Z [594ms] [Warning] [omni.isaac.dynamic_control] omni.isaac.dynamic_control is deprecated as of Isaac Sim 4.5. No action is needed from end-users.

|---------------------------------------------------------------------------------------------|
| Driver Version: 580.142       | Graphics API: Vulkan
|=============================================================================================|
| GPU | Name                             | Active | LDA | GPU Memory | Vendor-ID | LUID       |
|     |                                  |        |     |            | Device-ID | UUID       |
|     |                                  |        |     |            | Bus-ID    |            |
|---------------------------------------------------------------------------------------------|
| 0   | NVIDIA GeForce RTX 5090 D v2     | Yes: 0 |     | 24701   MB | 10de      | 0          |
|     |                                  |        |     |            | 2b8c      | 5f3d0dc0.. |
|     |                                  |        |     |            | 1         |            |
|=============================================================================================|
| OS: 24.04.3 LTS (Noble Numbat) ubuntu, Version: 24.04.3, Kernel: 6.17.0-1017-oem
| Processor: Intel(R) Core(TM) i9-14900K
| Cores: 24 | Logical Cores: 32
|---------------------------------------------------------------------------------------------|
| Total Memory (MB): 64063 | Free Memory: 53809
| Total Page/Swap (MB): 8191 | Free Page/Swap: 8191
|---------------------------------------------------------------------------------------------|
2026-07-15T12:00:07Z [2,609ms] [Warning] [gpu.foundation.plugin] CPU performance profile is set to powersave. This profile sets the CPU to the lowest frequency reducing performance.
[INFO][AppLauncher]: Using device: cuda:0
[INFO][AppLauncher]: Loading experience file: /home/ubuntu/workspace/IsaacLab/apps/isaaclab.python.headless.kit
{
  "output": "/home/ubuntu/workspace/physvla_sim/datasets/data_normalized/lamp_urdf/14703/fitr_info1.usd",
  "scale": 0.27310422749738206,
  "scale_layer": "/home/ubuntu/workspace/physvla_sim/datasets/data_normalized/lamp_urdf/14703/configuration/fitr_info1_base.usd",
  "joints": [
    {
      "joint": "/partnet_2fc19897a2f384ebc77d45d65dc3714/joints/joint_1",
      "drive": "angular",
      "damping": 116.4000015258789,
      "stiffness": 0.0,
      "max_force": 1.4550000429153442
    }
  ],
  "dynamics_layer": "/home/ubuntu/workspace/physvla_sim/datasets/data_normalized/lamp_urdf/14703/configuration/fitr_info1_physics.usd",
  "affordance_links": [
    "/partnet_2fc19897a2f384ebc77d45d65dc3714/link_1"
  ]
}
2026-07-15T12:00:07Z [2,617ms] [Warning] [gpu.foundation.plugin] IOMMU is enabled.
2026-07-15T12:00:08Z [2,741ms] [Warning] [omni.usd] Warning: in _ReportErrors at line 3172 of /builds/omniverse/usd-ci/USD/pxr/usd/usd/stage.cpp -- In </partnet_2fc19897a2f384ebc77d45d65dc3714/base/visuals>: Unresolved reference prim path @/home/ubuntu/workspace/physvla_sim/datasets/data_normalized/lamp_urdf/14703/configuration/fitr_info1_base.usd@</visuals/base> introduced by @/home/ubuntu/workspace/physvla_sim/datasets/data_normalized/lamp_urdf/14703/configuration/fitr_info1_base.usd@</partnet_2fc19897a2f384ebc77d45d65dc3714/base/visuals> (instantiating stage on stage @/home/ubuntu/workspace/physvla_sim/datasets/data_normalized/lamp_urdf/14703/configuration/fitr_info1_base.usd@ <0x48d78c60>)

2026-07-15T12:00:08Z [2,746ms] [Warning] [omni.usd] Warning: in _ReportErrors at line 3172 of /builds/omniverse/usd-ci/USD/pxr/usd/usd/stage.cpp -- In </partnet_2fc19897a2f384ebc77d45d65dc3714/base/visuals>: Unresolved reference prim path @/home/ubuntu/workspace/physvla_sim/datasets/data_normalized/lamp_urdf/14703/configuration/fitr_info1_physics.usd@</visuals/base> introduced by @/home/ubuntu/workspace/physvla_sim/datasets/data_normalized/lamp_urdf/14703/configuration/fitr_info1_base.usd@</partnet_2fc19897a2f384ebc77d45d65dc3714/base/visuals> (instantiating stage on stage @/home/ubuntu/workspace/physvla_sim/datasets/data_normalized/lamp_urdf/14703/configuration/fitr_info1_physics.usd@ <0x46d28050>)

2026-07-15T12:00:08Z [2,748ms] [Warning] [omni.usd] Warning: in _ReportErrors at line 3172 of /builds/omniverse/usd-ci/USD/pxr/usd/usd/stage.cpp -- In </partnet_2fc19897a2f384ebc77d45d65dc3714/base/visuals>: Unresolved reference prim path @/home/ubuntu/workspace/physvla_sim/datasets/data_normalized/lamp_urdf/14703/configuration/fitr_info1_physics.usd@</visuals/base> introduced by @/home/ubuntu/workspace/physvla_sim/datasets/data_normalized/lamp_urdf/14703/configuration/fitr_info1_base.usd@</partnet_2fc19897a2f384ebc77d45d65dc3714/base/visuals> (instantiating stage on stage @/home/ubuntu/workspace/physvla_sim/datasets/data_normalized/lamp_urdf/14703/fitr_info1.usd@ <0x3d73f3a0>)

[OK] lamp_urdf/14703
[RUN] lamp_urdf/14977
Loading user config located at: '/home/ubuntu/isaacsim/kit/data/Kit/Isaac-Sim/5.1/user.config.json'
[Info] [carb] Logging to file: /home/ubuntu/isaacsim/kit/logs/Kit/Isaac-Sim/5.1/kit_20260715_200008.log
2026-07-15T12:00:08Z [0ms] [Warning] [carb.crashreporter-breakpad.plugin] [previous crash] preventing upload of minidump due to user opt-out: '/home/ubuntu/isaacsim/kit/data/Kit/Isaac-Sim/5.1/0d81a4fd-59cb-4157-42d97b80-310afb82.dmp'
2026-07-15T12:00:08Z [0ms] [Warning] [carb.crashreporter-breakpad.plugin] [previous crash] preventing upload of minidump due to user opt-out: '/home/ubuntu/isaacsim/kit/data/Kit/Isaac-Sim/5.1/7efeb785-3cdd-476a-8fc91ca3-38a85c81.dmp'
2026-07-15T12:00:08Z [0ms] [Warning] [carb.crashreporter-breakpad.plugin] [previous crash] preventing upload of minidump due to user opt-out: '/home/ubuntu/isaacsim/kit/data/Kit/Isaac-Sim/5.1/0ec06837-edee-4570-b459bb9b-e409ca73.dmp'
2026-07-15T12:00:08Z [0ms] [Warning] [carb.crashreporter-breakpad.plugin] [previous crash] preventing upload of minidump due to user opt-out: '/home/ubuntu/isaacsim/kit/data/Kit/Isaac-Sim/5.1/846da064-407f-481c-dab18ea9-9788aefc.dmp'
2026-07-15T12:00:08Z [0ms] [Warning] [carb.crashreporter-breakpad.plugin] [previous crash] preventing upload of minidump due to user opt-out: '/home/ubuntu/isaacsim/kit/data/Kit/Isaac-Sim/5.1/7674058d-a5ef-457b-61399da4-1924f871.dmp'
2026-07-15T12:00:08Z [1ms] [Warning] [carb.crashreporter-breakpad.plugin] [previous crash] preventing upload of minidump due to user opt-out: '/home/ubuntu/isaacsim/kit/data/Kit/Isaac-Sim/5.1/0dbca6de-81d5-44e8-85c7eba5-c7ac64b6.dmp'
2026-07-15T12:00:08Z [1ms] [Warning] [carb.crashreporter-breakpad.plugin] [previous crash] preventing upload of minidump due to user opt-out: '/home/ubuntu/isaacsim/kit/data/Kit/Isaac-Sim/5.1/96b6ea33-a47b-4c84-2d7408a6-bc8b64a8.dmp'
2026-07-15T12:00:08Z [182ms] [Warning] [omni.usd_config.extension] Enable omni.materialx.libs extension to use MaterialX
2026-07-15T12:00:08Z [189ms] [Warning] [omni.platforminfo.plugin] failed to open the default display.  Can't verify X Server version.
2026-07-15T12:00:08Z [460ms] [Warning] [carb] Acquiring non optional plugin interface which is not listed as dependency: [omni::physx::IPhysxBenchmarks v1.0] (plugin: <default plugin>), by client: omni.physics.physx.plugin. Add it to CARB_PLUGIN_IMPL_DEPS() macro of a client.
2026-07-15T12:00:09Z [597ms] [Warning] [omni.isaac.dynamic_control] omni.isaac.dynamic_control is deprecated as of Isaac Sim 4.5. No action is needed from end-users.

|---------------------------------------------------------------------------------------------|
| Driver Version: 580.142       | Graphics API: Vulkan
|=============================================================================================|
| GPU | Name                             | Active | LDA | GPU Memory | Vendor-ID | LUID       |
|     |                                  |        |     |            | Device-ID | UUID       |
|     |                                  |        |     |            | Bus-ID    |            |
|---------------------------------------------------------------------------------------------|
| 0   | NVIDIA GeForce RTX 5090 D v2     | Yes: 0 |     | 24701   MB | 10de      | 0          |
|     |                                  |        |     |            | 2b8c      | 5f3d0dc0.. |
|     |                                  |        |     |            | 1         |            |
|=============================================================================================|
| OS: 24.04.3 LTS (Noble Numbat) ubuntu, Version: 24.04.3, Kernel: 6.17.0-1017-oem
| Processor: Intel(R) Core(TM) i9-14900K
| Cores: 24 | Logical Cores: 32
|---------------------------------------------------------------------------------------------|
| Total Memory (MB): 64063 | Free Memory: 53831
| Total Page/Swap (MB): 8191 | Free Page/Swap: 8191
|---------------------------------------------------------------------------------------------|
2026-07-15T12:00:11Z [2,630ms] [Warning] [gpu.foundation.plugin] CPU performance profile is set to powersave. This profile sets the CPU to the lowest frequency reducing performance.
2026-07-15T12:00:11Z [2,638ms] [Warning] [gpu.foundation.plugin] IOMMU is enabled.
2026-07-15T12:00:11Z [2,777ms] [Warning] [carb.windowing-glfw.plugin] GLFW initialization failed.
2026-07-15T12:00:11Z [2,777ms] [Warning] [carb] Failed to startup plugin carb.windowing-glfw.plugin (interfaces: [carb::windowing::IGLContext v1.0],[carb::windowing::IWindowing v1.5]) (impl: carb.windowing-glfw.plugin)

|---------------------------------------------------------------------------------------------|
| Driver Version: 580.142       | Graphics API: Vulkan
|=============================================================================================|
| GPU | Name                             | Active | LDA | GPU Memory | Vendor-ID | LUID       |
|     |                                  |        |     |            | Device-ID | UUID       |
|     |                                  |        |     |            | Bus-ID    |            |
|---------------------------------------------------------------------------------------------|
| 0   | NVIDIA GeForce RTX 5090 D v2     | Yes: 0 |     | 24701   MB | 10de      | 0          |
|     |                                  |        |     |            | 2b8c      | 5f3d0dc0.. |
|     |                                  |        |     |            | 1         |            |
|=============================================================================================|
| OS: 24.04.3 LTS (Noble Numbat) ubuntu, Version: 24.04.3, Kernel: 6.17.0-1017-oem
| Processor: Intel(R) Core(TM) i9-14900K
| Cores: 24 | Logical Cores: 32
|---------------------------------------------------------------------------------------------|
| Total Memory (MB): 64063 | Free Memory: 53621
| Total Page/Swap (MB): 8191 | Free Page/Swap: 8191
|---------------------------------------------------------------------------------------------|
2026-07-15T12:00:11Z [3,007ms] [Warning] [gpu.foundation.plugin] CPU performance profile is set to powersave. This profile sets the CPU to the lowest frequency reducing performance.
2026-07-15T12:00:11Z [3,008ms] [Warning] [gpu.foundation.plugin] IOMMU is enabled.
2026-07-15T12:00:11Z [3,228ms] [Warning] [carb.windowing-glfw.plugin] GLFW initialization failed.
2026-07-15T12:00:11Z [3,228ms] [Warning] [carb] Failed to startup plugin carb.windowing-glfw.plugin (interfaces: [carb::windowing::IGLContext v1.0],[carb::windowing::IWindowing v1.5]) (impl: carb.windowing-glfw.plugin)
2026-07-15T12:00:11Z [3,240ms] [Warning] [carb.windowing-glfw.plugin] GLFW initialization failed.
2026-07-15T12:00:11Z [3,240ms] [Warning] [carb] Failed to startup plugin carb.windowing-glfw.plugin (interfaces: [carb::windowing::IGLContext v1.0],[carb::windowing::IWindowing v1.5]) (impl: carb.windowing-glfw.plugin)
2026-07-15T12:00:11Z [3,245ms] [Warning] [carb.windowing-glfw.plugin] GLFW initialization failed.
2026-07-15T12:00:11Z [3,245ms] [Warning] [carb] Failed to startup plugin carb.windowing-glfw.plugin (interfaces: [carb::windowing::IGLContext v1.0],[carb::windowing::IWindowing v1.5]) (impl: carb.windowing-glfw.plugin)
2026-07-15T12:00:11Z [3,250ms] [Warning] [carb.windowing-glfw.plugin] GLFW initialization failed.
2026-07-15T12:00:11Z [3,250ms] [Warning] [carb] Failed to startup plugin carb.windowing-glfw.plugin (interfaces: [carb::windowing::IGLContext v1.0],[carb::windowing::IWindowing v1.5]) (impl: carb.windowing-glfw.plugin)
2026-07-15T12:00:11Z [3,251ms] [Warning] [carb.windowing-glfw.plugin] GLFW initialization failed.
2026-07-15T12:00:11Z [3,251ms] [Warning] [carb] Failed to startup plugin carb.windowing-glfw.plugin (interfaces: [carb::windowing::IGLContext v1.0],[carb::windowing::IWindowing v1.5]) (impl: carb.windowing-glfw.plugin)
2026-07-15T12:00:11Z [3,251ms] [Warning] [carb.windowing-glfw.plugin] GLFW initialization failed.
2026-07-15T12:00:11Z [3,251ms] [Warning] [carb] Failed to startup plugin carb.windowing-glfw.plugin (interfaces: [carb::windowing::IGLContext v1.0],[carb::windowing::IWindowing v1.5]) (impl: carb.windowing-glfw.plugin)
2026-07-15T12:00:11Z [3,491ms] [Warning] [omni.graph.visualization.nodes._impl.extension] No Viewport Window to add omni.graph.visualization.nodes-2.1.3 scene to
2026-07-15T12:00:11Z [3,569ms] [Warning] [isaacsim.asset.importer.urdf] The path movable_part-20 is not a valid usd path, modifying to movable_part_20
2026-07-15T12:00:11Z [3,569ms] [Warning] [isaacsim.asset.importer.urdf] The path lamp_cover_holder-10 is not a valid usd path, modifying to lamp_cover_holder_10
2026-07-15T12:00:11Z [3,569ms] [Warning] [isaacsim.asset.importer.urdf] The path lamp_cover_holder-10 is not a valid usd path, modifying to lamp_cover_holder_10
2026-07-15T12:00:11Z [3,569ms] [Warning] [isaacsim.asset.importer.urdf] The path lamp_shade-12 is not a valid usd path, modifying to lamp_shade_12
2026-07-15T12:00:11Z [3,569ms] [Warning] [isaacsim.asset.importer.urdf] The path lamp_arm_straight_bar-9 is not a valid usd path, modifying to lamp_arm_straight_bar_9
2026-07-15T12:00:11Z [3,569ms] [Warning] [isaacsim.asset.importer.urdf] The path lamp_arm_straight_bar-9 is not a valid usd path, modifying to lamp_arm_straight_bar_9
2026-07-15T12:00:11Z [3,569ms] [Warning] [isaacsim.asset.importer.urdf] The path lamp_arm_straight_bar-9 is not a valid usd path, modifying to lamp_arm_straight_bar_9
2026-07-15T12:00:11Z [3,569ms] [Warning] [isaacsim.asset.importer.urdf] The path lamp_arm_straight_bar-9 is not a valid usd path, modifying to lamp_arm_straight_bar_9
2026-07-15T12:00:11Z [3,569ms] [Warning] [isaacsim.asset.importer.urdf] The path lamp_arm_straight_bar-9 is not a valid usd path, modifying to lamp_arm_straight_bar_9
2026-07-15T12:00:11Z [3,569ms] [Warning] [isaacsim.asset.importer.urdf] The path lamp_base_part-14 is not a valid usd path, modifying to lamp_base_part_14
2026-07-15T12:00:11Z [3,569ms] [Warning] [isaacsim.asset.importer.urdf] The path fixed_part-21 is not a valid usd path, modifying to fixed_part_21
2026-07-15T12:00:12Z [3,585ms] [Warning] [isaacsim.asset.importer.urdf] No mass specified for link base
2026-07-15T12:00:12Z [3,585ms] [Warning] [omni.usd] Warning: in _ReportErrors at line 3172 of /builds/omniverse/usd-ci/USD/pxr/usd/usd/stage.cpp -- In </partnet_454b7345c01c404b6d0fc9460109eda7/base/visuals>: Unresolved reference prim path @/home/ubuntu/workspace/physvla_sim/datasets/data_normalized/lamp_urdf/14977/configuration/fitr_info1_physics.usd@</visuals/base> introduced by @/home/ubuntu/workspace/physvla_sim/datasets/data_normalized/lamp_urdf/14977/configuration/fitr_info1_base.usd@</partnet_454b7345c01c404b6d0fc9460109eda7/base/visuals> (recomposing stage on stage @/home/ubuntu/workspace/physvla_sim/datasets/data_normalized/lamp_urdf/14977/configuration/fitr_info1_physics.usd@ <0x7a6c2328aeb0>)

2026-07-15T12:00:12Z [3,585ms] [Warning] [omni.usd] Warning: in _ReportErrors at line 3172 of /builds/omniverse/usd-ci/USD/pxr/usd/usd/stage.cpp -- In </partnet_454b7345c01c404b6d0fc9460109eda7/base/visuals>: Unresolved reference prim path @/home/ubuntu/workspace/physvla_sim/datasets/data_normalized/lamp_urdf/14977/fitr_info1.usd@</visuals/base> introduced by @/home/ubuntu/workspace/physvla_sim/datasets/data_normalized/lamp_urdf/14977/configuration/fitr_info1_base.usd@</partnet_454b7345c01c404b6d0fc9460109eda7/base/visuals> (recomposing stage on stage @/home/ubuntu/workspace/physvla_sim/datasets/data_normalized/lamp_urdf/14977/fitr_info1.usd@ <0x7a6c232777f0>)

2026-07-15T12:00:12Z [3,585ms] [Warning] [omni.usd] Warning: in _ReportErrors at line 3172 of /builds/omniverse/usd-ci/USD/pxr/usd/usd/stage.cpp -- In </partnet_454b7345c01c404b6d0fc9460109eda7/base/visuals>: Unresolved reference prim path @/home/ubuntu/workspace/physvla_sim/datasets/data_normalized/lamp_urdf/14977/fitr_info1.usd@</visuals/base> introduced by @/home/ubuntu/workspace/physvla_sim/datasets/data_normalized/lamp_urdf/14977/configuration/fitr_info1_base.usd@</partnet_454b7345c01c404b6d0fc9460109eda7/base/visuals> (recomposing stage on stage @/home/ubuntu/workspace/physvla_sim/datasets/data_normalized/lamp_urdf/14977/fitr_info1.usd@ <0x7a6c23273120>)

2026-07-15T12:00:12Z [3,585ms] [Warning] [omni.usd] Warning: in _ReportErrors at line 3172 of /builds/omniverse/usd-ci/USD/pxr/usd/usd/stage.cpp -- In </partnet_454b7345c01c404b6d0fc9460109eda7/base/visuals>: Unresolved reference prim path @/home/ubuntu/workspace/physvla_sim/datasets/data_normalized/lamp_urdf/14977/configuration/fitr_info1_base.usd@</visuals/base> introduced by @/home/ubuntu/workspace/physvla_sim/datasets/data_normalized/lamp_urdf/14977/configuration/fitr_info1_base.usd@</partnet_454b7345c01c404b6d0fc9460109eda7/base/visuals> (recomposing stage on stage @/home/ubuntu/workspace/physvla_sim/datasets/data_normalized/lamp_urdf/14977/configuration/fitr_info1_base.usd@ <0x7a6c23294930>)

2026-07-15T12:00:12Z [3,585ms] [Warning] [omni.usd] Warning: in _ReportErrors at line 3172 of /builds/omniverse/usd-ci/USD/pxr/usd/usd/stage.cpp -- In </partnet_454b7345c01c404b6d0fc9460109eda7/base/visuals>: Unresolved reference prim path @/home/ubuntu/workspace/physvla_sim/datasets/data_normalized/lamp_urdf/14977/configuration/fitr_info1_physics.usd@</visuals/base> introduced by @/home/ubuntu/workspace/physvla_sim/datasets/data_normalized/lamp_urdf/14977/configuration/fitr_info1_base.usd@</partnet_454b7345c01c404b6d0fc9460109eda7/base/visuals> (recomposing stage on stage @/home/ubuntu/workspace/physvla_sim/datasets/data_normalized/lamp_urdf/14977/configuration/fitr_info1_physics.usd@ <0x7a6c2328aeb0>)

2026-07-15T12:00:12Z [3,585ms] [Warning] [omni.usd] Warning: in _ReportErrors at line 3172 of /builds/omniverse/usd-ci/USD/pxr/usd/usd/stage.cpp -- In </partnet_454b7345c01c404b6d0fc9460109eda7/base/visuals>: Unresolved reference prim path @/home/ubuntu/workspace/physvla_sim/datasets/data_normalized/lamp_urdf/14977/fitr_info1.usd@</visuals/base> introduced by @/home/ubuntu/workspace/physvla_sim/datasets/data_normalized/lamp_urdf/14977/configuration/fitr_info1_base.usd@</partnet_454b7345c01c404b6d0fc9460109eda7/base/visuals> (recomposing stage on stage @/home/ubuntu/workspace/physvla_sim/datasets/data_normalized/lamp_urdf/14977/fitr_info1.usd@ <0x7a6c232777f0>)

2026-07-15T12:00:12Z [3,585ms] [Warning] [omni.usd] Warning: in _ReportErrors at line 3172 of /builds/omniverse/usd-ci/USD/pxr/usd/usd/stage.cpp -- In </partnet_454b7345c01c404b6d0fc9460109eda7/base/visuals>: Unresolved reference prim path @/home/ubuntu/workspace/physvla_sim/datasets/data_normalized/lamp_urdf/14977/fitr_info1.usd@</visuals/base> introduced by @/home/ubuntu/workspace/physvla_sim/datasets/data_normalized/lamp_urdf/14977/configuration/fitr_info1_base.usd@</partnet_454b7345c01c404b6d0fc9460109eda7/base/visuals> (recomposing stage on stage @/home/ubuntu/workspace/physvla_sim/datasets/data_normalized/lamp_urdf/14977/fitr_info1.usd@ <0x7a6c23273120>)

2026-07-15T12:00:12Z [3,585ms] [Warning] [omni.usd] Warning: in _ReportErrors at line 3172 of /builds/omniverse/usd-ci/USD/pxr/usd/usd/stage.cpp -- In </partnet_454b7345c01c404b6d0fc9460109eda7/base/visuals>: Unresolved reference prim path @/home/ubuntu/workspace/physvla_sim/datasets/data_normalized/lamp_urdf/14977/configuration/fitr_info1_base.usd@</visuals/base> introduced by @/home/ubuntu/workspace/physvla_sim/datasets/data_normalized/lamp_urdf/14977/configuration/fitr_info1_base.usd@</partnet_454b7345c01c404b6d0fc9460109eda7/base/visuals> (recomposing stage on stage @/home/ubuntu/workspace/physvla_sim/datasets/data_normalized/lamp_urdf/14977/configuration/fitr_info1_base.usd@ <0x7a6c23294930>)

2026-07-15T12:00:12Z [3,586ms] [Warning] [isaacsim.asset.importer.urdf] Link base has no colliders, and no inertia was imported; assigning a small isotropic inertia matrix
2026-07-15T12:00:12Z [3,587ms] [Warning] [isaacsim.asset.importer.urdf] No mass specified for link link_2
2026-07-15T12:00:12Z [3,652ms] [Warning] [isaacsim.asset.importer.urdf] No mass specified for link link_0
2026-07-15T12:00:12Z [3,669ms] [Warning] [isaacsim.asset.importer.urdf] No mass specified for link link_1
2026-07-15T12:00:12Z [3,698ms] [Warning] [omni.usd] Warning: in _ReportErrors at line 3172 of /builds/omniverse/usd-ci/USD/pxr/usd/usd/stage.cpp -- In </partnet_454b7345c01c404b6d0fc9460109eda7/base/visuals>: Unresolved reference prim path @/home/ubuntu/workspace/physvla_sim/datasets/data_normalized/lamp_urdf/14977/configuration/fitr_info1_base.usd@</visuals/base> introduced by @/home/ubuntu/workspace/physvla_sim/datasets/data_normalized/lamp_urdf/14977/configuration/fitr_info1_base.usd@</partnet_454b7345c01c404b6d0fc9460109eda7/base/visuals> (recomposing stage on stage @/home/ubuntu/workspace/physvla_sim/datasets/data_normalized/lamp_urdf/14977/fitr_info1.usd@ <0x7a6c232777f0>)

2026-07-15T12:00:12Z [3,698ms] [Warning] [omni.usd] Warning: in _ReportErrors at line 3172 of /builds/omniverse/usd-ci/USD/pxr/usd/usd/stage.cpp -- In </partnet_454b7345c01c404b6d0fc9460109eda7/base/visuals>: Unresolved reference prim path @/home/ubuntu/workspace/physvla_sim/datasets/data_normalized/lamp_urdf/14977/configuration/fitr_info1_base.usd@</visuals/base> introduced by @/home/ubuntu/workspace/physvla_sim/datasets/data_normalized/lamp_urdf/14977/configuration/fitr_info1_base.usd@</partnet_454b7345c01c404b6d0fc9460109eda7/base/visuals> (recomposing stage on stage @/home/ubuntu/workspace/physvla_sim/datasets/data_normalized/lamp_urdf/14977/fitr_info1.usd@ <0x7a6c23273120>)

2026-07-15T12:00:12Z [3,699ms] [Warning] [omni.usd] Warning: in _ReportErrors at line 3172 of /builds/omniverse/usd-ci/USD/pxr/usd/usd/stage.cpp -- In </partnet_454b7345c01c404b6d0fc9460109eda7/base/visuals>: Unresolved reference prim path @/home/ubuntu/workspace/physvla_sim/datasets/data_normalized/lamp_urdf/14977/configuration/fitr_info1_physics.usd@</visuals/base> introduced by @/home/ubuntu/workspace/physvla_sim/datasets/data_normalized/lamp_urdf/14977/configuration/fitr_info1_base.usd@</partnet_454b7345c01c404b6d0fc9460109eda7/base/visuals> (recomposing stage on stage @/home/ubuntu/workspace/physvla_sim/datasets/data_normalized/lamp_urdf/14977/fitr_info1.usd@ <0x7a6c232777f0>)

2026-07-15T12:00:12Z [3,700ms] [Warning] [omni.usd] Warning: in _ReportErrors at line 3172 of /builds/omniverse/usd-ci/USD/pxr/usd/usd/stage.cpp -- In </partnet_454b7345c01c404b6d0fc9460109eda7/base/visuals>: Unresolved reference prim path @/home/ubuntu/workspace/physvla_sim/datasets/data_normalized/lamp_urdf/14977/configuration/fitr_info1_physics.usd@</visuals/base> introduced by @/home/ubuntu/workspace/physvla_sim/datasets/data_normalized/lamp_urdf/14977/configuration/fitr_info1_base.usd@</partnet_454b7345c01c404b6d0fc9460109eda7/base/visuals> (recomposing stage on stage @/home/ubuntu/workspace/physvla_sim/datasets/data_normalized/lamp_urdf/14977/fitr_info1.usd@ <0x7a6c23273120>)

2026-07-15T12:00:12Z [3,701ms] [Warning] [omni.usd] Warning: in _ReportErrors at line 3172 of /builds/omniverse/usd-ci/USD/pxr/usd/usd/stage.cpp -- In </partnet_454b7345c01c404b6d0fc9460109eda7/base/visuals>: Unresolved reference prim path @/home/ubuntu/workspace/physvla_sim/datasets/data_normalized/lamp_urdf/14977/configuration/fitr_info1_physics.usd@</visuals/base> introduced by @/home/ubuntu/workspace/physvla_sim/datasets/data_normalized/lamp_urdf/14977/configuration/fitr_info1_base.usd@</partnet_454b7345c01c404b6d0fc9460109eda7/base/visuals> (recomposing stage on stage @/home/ubuntu/workspace/physvla_sim/datasets/data_normalized/lamp_urdf/14977/fitr_info1.usd@ <0x7a6c232777f0>)

2026-07-15T12:00:12Z [3,702ms] [Warning] [omni.usd] Warning: in _ReportErrors at line 3172 of /builds/omniverse/usd-ci/USD/pxr/usd/usd/stage.cpp -- In </partnet_454b7345c01c404b6d0fc9460109eda7/base/visuals>: Unresolved reference prim path @/home/ubuntu/workspace/physvla_sim/datasets/data_normalized/lamp_urdf/14977/configuration/fitr_info1_physics.usd@</visuals/base> introduced by @/home/ubuntu/workspace/physvla_sim/datasets/data_normalized/lamp_urdf/14977/configuration/fitr_info1_base.usd@</partnet_454b7345c01c404b6d0fc9460109eda7/base/visuals> (recomposing stage on stage @/home/ubuntu/workspace/physvla_sim/datasets/data_normalized/lamp_urdf/14977/fitr_info1.usd@ <0x7a6c23273120>)

2026-07-15T12:00:12Z [3,703ms] [Warning] [omni.usd] Warning: in _ReportErrors at line 3172 of /builds/omniverse/usd-ci/USD/pxr/usd/usd/stage.cpp -- In </partnet_454b7345c01c404b6d0fc9460109eda7/base/visuals>: Unresolved reference prim path @/home/ubuntu/workspace/physvla_sim/datasets/data_normalized/lamp_urdf/14977/configuration/fitr_info1_physics.usd@</visuals/base> introduced by @/home/ubuntu/workspace/physvla_sim/datasets/data_normalized/lamp_urdf/14977/configuration/fitr_info1_base.usd@</partnet_454b7345c01c404b6d0fc9460109eda7/base/visuals> (recomposing stage on stage @/home/ubuntu/workspace/physvla_sim/datasets/data_normalized/lamp_urdf/14977/fitr_info1.usd@ <0x7a6c232777f0>)

2026-07-15T12:00:12Z [3,705ms] [Warning] [omni.usd] Warning: in _ReportErrors at line 3172 of /builds/omniverse/usd-ci/USD/pxr/usd/usd/stage.cpp -- In </partnet_454b7345c01c404b6d0fc9460109eda7/base/visuals>: Unresolved reference prim path @/home/ubuntu/workspace/physvla_sim/datasets/data_normalized/lamp_urdf/14977/configuration/fitr_info1_physics.usd@</visuals/base> introduced by @/home/ubuntu/workspace/physvla_sim/datasets/data_normalized/lamp_urdf/14977/configuration/fitr_info1_base.usd@</partnet_454b7345c01c404b6d0fc9460109eda7/base/visuals> (recomposing stage on stage @/home/ubuntu/workspace/physvla_sim/datasets/data_normalized/lamp_urdf/14977/fitr_info1.usd@ <0x7a6c23273120>)

2026-07-15T12:00:12Z [3,706ms] [Warning] [omni.usd] Warning: in _ReportErrors at line 3172 of /builds/omniverse/usd-ci/USD/pxr/usd/usd/stage.cpp -- In </partnet_454b7345c01c404b6d0fc9460109eda7/base/visuals>: Unresolved reference prim path @/home/ubuntu/workspace/physvla_sim/datasets/data_normalized/lamp_urdf/14977/configuration/fitr_info1_physics.usd@</visuals/base> introduced by @/home/ubuntu/workspace/physvla_sim/datasets/data_normalized/lamp_urdf/14977/configuration/fitr_info1_base.usd@</partnet_454b7345c01c404b6d0fc9460109eda7/base/visuals> (recomposing stage on stage @/home/ubuntu/workspace/physvla_sim/datasets/data_normalized/lamp_urdf/14977/fitr_info1.usd@ <0x7a6c232777f0>)

2026-07-15T12:00:12Z [3,707ms] [Warning] [omni.usd] Warning: in _ReportErrors at line 3172 of /builds/omniverse/usd-ci/USD/pxr/usd/usd/stage.cpp -- In </partnet_454b7345c01c404b6d0fc9460109eda7/base/visuals>: Unresolved reference prim path @/home/ubuntu/workspace/physvla_sim/datasets/data_normalized/lamp_urdf/14977/configuration/fitr_info1_physics.usd@</visuals/base> introduced by @/home/ubuntu/workspace/physvla_sim/datasets/data_normalized/lamp_urdf/14977/configuration/fitr_info1_base.usd@</partnet_454b7345c01c404b6d0fc9460109eda7/base/visuals> (recomposing stage on stage @/home/ubuntu/workspace/physvla_sim/datasets/data_normalized/lamp_urdf/14977/fitr_info1.usd@ <0x7a6c23273120>)

2026-07-15T12:00:12Z [3,708ms] [Warning] [omni.usd] Warning: in _ReportErrors at line 3172 of /builds/omniverse/usd-ci/USD/pxr/usd/usd/stage.cpp -- In </partnet_454b7345c01c404b6d0fc9460109eda7/base/visuals>: Unresolved reference prim path @/home/ubuntu/workspace/physvla_sim/datasets/data_normalized/lamp_urdf/14977/configuration/fitr_info1_physics.usd@</visuals/base> introduced by @/home/ubuntu/workspace/physvla_sim/datasets/data_normalized/lamp_urdf/14977/configuration/fitr_info1_base.usd@</partnet_454b7345c01c404b6d0fc9460109eda7/base/visuals> (recomposing stage on stage @/home/ubuntu/workspace/physvla_sim/datasets/data_normalized/lamp_urdf/14977/fitr_info1.usd@ <0x7a6c232777f0>)

2026-07-15T12:00:12Z [3,709ms] [Warning] [omni.usd] Warning: in _ReportErrors at line 3172 of /builds/omniverse/usd-ci/USD/pxr/usd/usd/stage.cpp -- In </partnet_454b7345c01c404b6d0fc9460109eda7/base/visuals>: Unresolved reference prim path @/home/ubuntu/workspace/physvla_sim/datasets/data_normalized/lamp_urdf/14977/configuration/fitr_info1_physics.usd@</visuals/base> introduced by @/home/ubuntu/workspace/physvla_sim/datasets/data_normalized/lamp_urdf/14977/configuration/fitr_info1_base.usd@</partnet_454b7345c01c404b6d0fc9460109eda7/base/visuals> (recomposing stage on stage @/home/ubuntu/workspace/physvla_sim/datasets/data_normalized/lamp_urdf/14977/fitr_info1.usd@ <0x7a6c23273120>)

2026-07-15T12:00:12Z [3,711ms] [Warning] [omni.usd] Warning: in _ReportErrors at line 3172 of /builds/omniverse/usd-ci/USD/pxr/usd/usd/stage.cpp -- In </partnet_454b7345c01c404b6d0fc9460109eda7/base/visuals>: Unresolved reference prim path @/home/ubuntu/workspace/physvla_sim/datasets/data_normalized/lamp_urdf/14977/configuration/fitr_info1_physics.usd@</visuals/base> introduced by @/home/ubuntu/workspace/physvla_sim/datasets/data_normalized/lamp_urdf/14977/configuration/fitr_info1_base.usd@</partnet_454b7345c01c404b6d0fc9460109eda7/base/visuals> (recomposing stage on stage @/home/ubuntu/workspace/physvla_sim/datasets/data_normalized/lamp_urdf/14977/fitr_info1.usd@ <0x7a6c232777f0>)

2026-07-15T12:00:12Z [3,712ms] [Warning] [omni.usd] Warning: in _ReportErrors at line 3172 of /builds/omniverse/usd-ci/USD/pxr/usd/usd/stage.cpp -- In </partnet_454b7345c01c404b6d0fc9460109eda7/base/visuals>: Unresolved reference prim path @/home/ubuntu/workspace/physvla_sim/datasets/data_normalized/lamp_urdf/14977/configuration/fitr_info1_physics.usd@</visuals/base> introduced by @/home/ubuntu/workspace/physvla_sim/datasets/data_normalized/lamp_urdf/14977/configuration/fitr_info1_base.usd@</partnet_454b7345c01c404b6d0fc9460109eda7/base/visuals> (recomposing stage on stage @/home/ubuntu/workspace/physvla_sim/datasets/data_normalized/lamp_urdf/14977/fitr_info1.usd@ <0x7a6c23273120>)

2026-07-15T12:00:12Z [3,713ms] [Warning] [omni.usd] Warning: in _ReportErrors at line 3172 of /builds/omniverse/usd-ci/USD/pxr/usd/usd/stage.cpp -- In </partnet_454b7345c01c404b6d0fc9460109eda7/base/visuals>: Unresolved reference prim path @/home/ubuntu/workspace/physvla_sim/datasets/data_normalized/lamp_urdf/14977/configuration/fitr_info1_physics.usd@</visuals/base> introduced by @/home/ubuntu/workspace/physvla_sim/datasets/data_normalized/lamp_urdf/14977/configuration/fitr_info1_base.usd@</partnet_454b7345c01c404b6d0fc9460109eda7/base/visuals> (recomposing stage on stage @/home/ubuntu/workspace/physvla_sim/datasets/data_normalized/lamp_urdf/14977/fitr_info1.usd@ <0x7a6c232777f0>)

2026-07-15T12:00:12Z [3,714ms] [Warning] [omni.usd] Warning: in _ReportErrors at line 3172 of /builds/omniverse/usd-ci/USD/pxr/usd/usd/stage.cpp -- In </partnet_454b7345c01c404b6d0fc9460109eda7/base/visuals>: Unresolved reference prim path @/home/ubuntu/workspace/physvla_sim/datasets/data_normalized/lamp_urdf/14977/configuration/fitr_info1_physics.usd@</visuals/base> introduced by @/home/ubuntu/workspace/physvla_sim/datasets/data_normalized/lamp_urdf/14977/configuration/fitr_info1_base.usd@</partnet_454b7345c01c404b6d0fc9460109eda7/base/visuals> (recomposing stage on stage @/home/ubuntu/workspace/physvla_sim/datasets/data_normalized/lamp_urdf/14977/fitr_info1.usd@ <0x7a6c23273120>)

Loading user config located at: '/home/ubuntu/isaacsim/kit/data/Kit/Isaac-Sim/5.1/user.config.json'
[Info] [carb] Logging to file: /home/ubuntu/isaacsim/kit/logs/Kit/Isaac-Sim/5.1/kit_20260715_200012.log
2026-07-15T12:00:12Z [0ms] [Warning] [carb.crashreporter-breakpad.plugin] [previous crash] preventing upload of minidump due to user opt-out: '/home/ubuntu/isaacsim/kit/data/Kit/Isaac-Sim/5.1/0d81a4fd-59cb-4157-42d97b80-310afb82.dmp'
2026-07-15T12:00:12Z [0ms] [Warning] [carb.crashreporter-breakpad.plugin] [previous crash] preventing upload of minidump due to user opt-out: '/home/ubuntu/isaacsim/kit/data/Kit/Isaac-Sim/5.1/7efeb785-3cdd-476a-8fc91ca3-38a85c81.dmp'
2026-07-15T12:00:12Z [0ms] [Warning] [carb.crashreporter-breakpad.plugin] [previous crash] preventing upload of minidump due to user opt-out: '/home/ubuntu/isaacsim/kit/data/Kit/Isaac-Sim/5.1/0ec06837-edee-4570-b459bb9b-e409ca73.dmp'
2026-07-15T12:00:12Z [0ms] [Warning] [carb.crashreporter-breakpad.plugin] [previous crash] preventing upload of minidump due to user opt-out: '/home/ubuntu/isaacsim/kit/data/Kit/Isaac-Sim/5.1/846da064-407f-481c-dab18ea9-9788aefc.dmp'
2026-07-15T12:00:12Z [0ms] [Warning] [carb.crashreporter-breakpad.plugin] [previous crash] preventing upload of minidump due to user opt-out: '/home/ubuntu/isaacsim/kit/data/Kit/Isaac-Sim/5.1/7674058d-a5ef-457b-61399da4-1924f871.dmp'
2026-07-15T12:00:12Z [1ms] [Warning] [carb.crashreporter-breakpad.plugin] [previous crash] preventing upload of minidump due to user opt-out: '/home/ubuntu/isaacsim/kit/data/Kit/Isaac-Sim/5.1/0dbca6de-81d5-44e8-85c7eba5-c7ac64b6.dmp'
2026-07-15T12:00:12Z [1ms] [Warning] [carb.crashreporter-breakpad.plugin] [previous crash] preventing upload of minidump due to user opt-out: '/home/ubuntu/isaacsim/kit/data/Kit/Isaac-Sim/5.1/96b6ea33-a47b-4c84-2d7408a6-bc8b64a8.dmp'
2026-07-15T12:00:12Z [185ms] [Warning] [omni.platforminfo.plugin] failed to open the default display.  Can't verify X Server version.
2026-07-15T12:00:12Z [186ms] [Warning] [omni.usd_config.extension] Enable omni.materialx.libs extension to use MaterialX
2026-07-15T12:00:13Z [460ms] [Warning] [carb] Acquiring non optional plugin interface which is not listed as dependency: [omni::physx::IPhysxBenchmarks v1.0] (plugin: <default plugin>), by client: omni.physics.physx.plugin. Add it to CARB_PLUGIN_IMPL_DEPS() macro of a client.
2026-07-15T12:00:13Z [594ms] [Warning] [omni.isaac.dynamic_control] omni.isaac.dynamic_control is deprecated as of Isaac Sim 4.5. No action is needed from end-users.

|---------------------------------------------------------------------------------------------|
| Driver Version: 580.142       | Graphics API: Vulkan
|=============================================================================================|
| GPU | Name                             | Active | LDA | GPU Memory | Vendor-ID | LUID       |
|     |                                  |        |     |            | Device-ID | UUID       |
|     |                                  |        |     |            | Bus-ID    |            |
|---------------------------------------------------------------------------------------------|
| 0   | NVIDIA GeForce RTX 5090 D v2     | Yes: 0 |     | 24701   MB | 10de      | 0          |
|     |                                  |        |     |            | 2b8c      | 5f3d0dc0.. |
|     |                                  |        |     |            | 1         |            |
|=============================================================================================|
| OS: 24.04.3 LTS (Noble Numbat) ubuntu, Version: 24.04.3, Kernel: 6.17.0-1017-oem
| Processor: Intel(R) Core(TM) i9-14900K
| Cores: 24 | Logical Cores: 32
|---------------------------------------------------------------------------------------------|
| Total Memory (MB): 64063 | Free Memory: 53794
| Total Page/Swap (MB): 8191 | Free Page/Swap: 8191
|---------------------------------------------------------------------------------------------|
2026-07-15T12:00:15Z [2,588ms] [Warning] [gpu.foundation.plugin] CPU performance profile is set to powersave. This profile sets the CPU to the lowest frequency reducing performance.
[INFO][AppLauncher]: Using device: cuda:0
[INFO][AppLauncher]: Loading experience file: /home/ubuntu/workspace/IsaacLab/apps/isaaclab.python.headless.kit
{
  "output": "/home/ubuntu/workspace/physvla_sim/datasets/data_normalized/lamp_urdf/14977/fitr_info1.usd",
  "scale": 0.2549602516967605,
  "scale_layer": "/home/ubuntu/workspace/physvla_sim/datasets/data_normalized/lamp_urdf/14977/configuration/fitr_info1_base.usd",
  "joints": [
    {
      "joint": "/partnet_454b7345c01c404b6d0fc9460109eda7/joints/joint_0",
      "drive": "angular",
      "damping": 116.4000015258789,
      "stiffness": 0.0,
      "max_force": 1.4550000429153442
    },
    {
      "joint": "/partnet_454b7345c01c404b6d0fc9460109eda7/joints/joint_1",
      "drive": "angular",
      "damping": 116.4000015258789,
      "stiffness": 0.0,
      "max_force": 1.4550000429153442
    }
  ],
  "dynamics_layer": "/home/ubuntu/workspace/physvla_sim/datasets/data_normalized/lamp_urdf/14977/configuration/fitr_info1_physics.usd",
  "affordance_links": [
    "/partnet_454b7345c01c404b6d0fc9460109eda7/link_0",
    "/partnet_454b7345c01c404b6d0fc9460109eda7/link_1"
  ]
}
2026-07-15T12:00:15Z [2,596ms] [Warning] [gpu.foundation.plugin] IOMMU is enabled.
2026-07-15T12:00:15Z [2,722ms] [Warning] [omni.usd] Warning: in _ReportErrors at line 3172 of /builds/omniverse/usd-ci/USD/pxr/usd/usd/stage.cpp -- In </partnet_454b7345c01c404b6d0fc9460109eda7/base/visuals>: Unresolved reference prim path @/home/ubuntu/workspace/physvla_sim/datasets/data_normalized/lamp_urdf/14977/configuration/fitr_info1_base.usd@</visuals/base> introduced by @/home/ubuntu/workspace/physvla_sim/datasets/data_normalized/lamp_urdf/14977/configuration/fitr_info1_base.usd@</partnet_454b7345c01c404b6d0fc9460109eda7/base/visuals> (instantiating stage on stage @/home/ubuntu/workspace/physvla_sim/datasets/data_normalized/lamp_urdf/14977/configuration/fitr_info1_base.usd@ <0x145dc4b0>)

2026-07-15T12:00:15Z [2,727ms] [Warning] [omni.usd] Warning: in _ReportErrors at line 3172 of /builds/omniverse/usd-ci/USD/pxr/usd/usd/stage.cpp -- In </partnet_454b7345c01c404b6d0fc9460109eda7/base/visuals>: Unresolved reference prim path @/home/ubuntu/workspace/physvla_sim/datasets/data_normalized/lamp_urdf/14977/configuration/fitr_info1_physics.usd@</visuals/base> introduced by @/home/ubuntu/workspace/physvla_sim/datasets/data_normalized/lamp_urdf/14977/configuration/fitr_info1_base.usd@</partnet_454b7345c01c404b6d0fc9460109eda7/base/visuals> (instantiating stage on stage @/home/ubuntu/workspace/physvla_sim/datasets/data_normalized/lamp_urdf/14977/configuration/fitr_info1_physics.usd@ <0x7a1c990>)

2026-07-15T12:00:15Z [2,730ms] [Warning] [omni.usd] Warning: in _ReportErrors at line 3172 of /builds/omniverse/usd-ci/USD/pxr/usd/usd/stage.cpp -- In </partnet_454b7345c01c404b6d0fc9460109eda7/base/visuals>: Unresolved reference prim path @/home/ubuntu/workspace/physvla_sim/datasets/data_normalized/lamp_urdf/14977/configuration/fitr_info1_physics.usd@</visuals/base> introduced by @/home/ubuntu/workspace/physvla_sim/datasets/data_normalized/lamp_urdf/14977/configuration/fitr_info1_base.usd@</partnet_454b7345c01c404b6d0fc9460109eda7/base/visuals> (instantiating stage on stage @/home/ubuntu/workspace/physvla_sim/datasets/data_normalized/lamp_urdf/14977/fitr_info1.usd@ <0x79f4f30>)

[OK] lamp_urdf/14977
[RUN] lamp_urdf/16047
Loading user config located at: '/home/ubuntu/isaacsim/kit/data/Kit/Isaac-Sim/5.1/user.config.json'
[Info] [carb] Logging to file: /home/ubuntu/isaacsim/kit/logs/Kit/Isaac-Sim/5.1/kit_20260715_200015.log
2026-07-15T12:00:15Z [0ms] [Warning] [carb.crashreporter-breakpad.plugin] [previous crash] preventing upload of minidump due to user opt-out: '/home/ubuntu/isaacsim/kit/data/Kit/Isaac-Sim/5.1/0d81a4fd-59cb-4157-42d97b80-310afb82.dmp'
2026-07-15T12:00:15Z [0ms] [Warning] [carb.crashreporter-breakpad.plugin] [previous crash] preventing upload of minidump due to user opt-out: '/home/ubuntu/isaacsim/kit/data/Kit/Isaac-Sim/5.1/7efeb785-3cdd-476a-8fc91ca3-38a85c81.dmp'
2026-07-15T12:00:15Z [0ms] [Warning] [carb.crashreporter-breakpad.plugin] [previous crash] preventing upload of minidump due to user opt-out: '/home/ubuntu/isaacsim/kit/data/Kit/Isaac-Sim/5.1/0ec06837-edee-4570-b459bb9b-e409ca73.dmp'
2026-07-15T12:00:15Z [0ms] [Warning] [carb.crashreporter-breakpad.plugin] [previous crash] preventing upload of minidump due to user opt-out: '/home/ubuntu/isaacsim/kit/data/Kit/Isaac-Sim/5.1/846da064-407f-481c-dab18ea9-9788aefc.dmp'
2026-07-15T12:00:15Z [0ms] [Warning] [carb.crashreporter-breakpad.plugin] [previous crash] preventing upload of minidump due to user opt-out: '/home/ubuntu/isaacsim/kit/data/Kit/Isaac-Sim/5.1/7674058d-a5ef-457b-61399da4-1924f871.dmp'
2026-07-15T12:00:15Z [0ms] [Warning] [carb.crashreporter-breakpad.plugin] [previous crash] preventing upload of minidump due to user opt-out: '/home/ubuntu/isaacsim/kit/data/Kit/Isaac-Sim/5.1/0dbca6de-81d5-44e8-85c7eba5-c7ac64b6.dmp'
2026-07-15T12:00:15Z [1ms] [Warning] [carb.crashreporter-breakpad.plugin] [previous crash] preventing upload of minidump due to user opt-out: '/home/ubuntu/isaacsim/kit/data/Kit/Isaac-Sim/5.1/96b6ea33-a47b-4c84-2d7408a6-bc8b64a8.dmp'
2026-07-15T12:00:15Z [185ms] [Warning] [omni.usd_config.extension] Enable omni.materialx.libs extension to use MaterialX
2026-07-15T12:00:15Z [188ms] [Warning] [omni.platforminfo.plugin] failed to open the default display.  Can't verify X Server version.
2026-07-15T12:00:16Z [459ms] [Warning] [carb] Acquiring non optional plugin interface which is not listed as dependency: [omni::physx::IPhysxBenchmarks v1.0] (plugin: <default plugin>), by client: omni.physics.physx.plugin. Add it to CARB_PLUGIN_IMPL_DEPS() macro of a client.
2026-07-15T12:00:16Z [592ms] [Warning] [omni.isaac.dynamic_control] omni.isaac.dynamic_control is deprecated as of Isaac Sim 4.5. No action is needed from end-users.

|---------------------------------------------------------------------------------------------|
| Driver Version: 580.142       | Graphics API: Vulkan
|=============================================================================================|
| GPU | Name                             | Active | LDA | GPU Memory | Vendor-ID | LUID       |
|     |                                  |        |     |            | Device-ID | UUID       |
|     |                                  |        |     |            | Bus-ID    |            |
|---------------------------------------------------------------------------------------------|
| 0   | NVIDIA GeForce RTX 5090 D v2     | Yes: 0 |     | 24701   MB | 10de      | 0          |
|     |                                  |        |     |            | 2b8c      | 5f3d0dc0.. |
|     |                                  |        |     |            | 1         |            |
|=============================================================================================|
| OS: 24.04.3 LTS (Noble Numbat) ubuntu, Version: 24.04.3, Kernel: 6.17.0-1017-oem
| Processor: Intel(R) Core(TM) i9-14900K
| Cores: 24 | Logical Cores: 32
|---------------------------------------------------------------------------------------------|
| Total Memory (MB): 64063 | Free Memory: 53791
| Total Page/Swap (MB): 8191 | Free Page/Swap: 8191
|---------------------------------------------------------------------------------------------|
2026-07-15T12:00:18Z [2,589ms] [Warning] [gpu.foundation.plugin] CPU performance profile is set to powersave. This profile sets the CPU to the lowest frequency reducing performance.
2026-07-15T12:00:18Z [2,597ms] [Warning] [gpu.foundation.plugin] IOMMU is enabled.
2026-07-15T12:00:18Z [2,732ms] [Warning] [carb.windowing-glfw.plugin] GLFW initialization failed.
2026-07-15T12:00:18Z [2,732ms] [Warning] [carb] Failed to startup plugin carb.windowing-glfw.plugin (interfaces: [carb::windowing::IGLContext v1.0],[carb::windowing::IWindowing v1.5]) (impl: carb.windowing-glfw.plugin)

|---------------------------------------------------------------------------------------------|
| Driver Version: 580.142       | Graphics API: Vulkan
|=============================================================================================|
| GPU | Name                             | Active | LDA | GPU Memory | Vendor-ID | LUID       |
|     |                                  |        |     |            | Device-ID | UUID       |
|     |                                  |        |     |            | Bus-ID    |            |
|---------------------------------------------------------------------------------------------|
| 0   | NVIDIA GeForce RTX 5090 D v2     | Yes: 0 |     | 24701   MB | 10de      | 0          |
|     |                                  |        |     |            | 2b8c      | 5f3d0dc0.. |
|     |                                  |        |     |            | 1         |            |
|=============================================================================================|
| OS: 24.04.3 LTS (Noble Numbat) ubuntu, Version: 24.04.3, Kernel: 6.17.0-1017-oem
| Processor: Intel(R) Core(TM) i9-14900K
| Cores: 24 | Logical Cores: 32
|---------------------------------------------------------------------------------------------|
| Total Memory (MB): 64063 | Free Memory: 53630
| Total Page/Swap (MB): 8191 | Free Page/Swap: 8191
|---------------------------------------------------------------------------------------------|
2026-07-15T12:00:18Z [2,966ms] [Warning] [gpu.foundation.plugin] CPU performance profile is set to powersave. This profile sets the CPU to the lowest frequency reducing performance.
2026-07-15T12:00:18Z [2,967ms] [Warning] [gpu.foundation.plugin] IOMMU is enabled.
2026-07-15T12:00:18Z [3,180ms] [Warning] [carb.windowing-glfw.plugin] GLFW initialization failed.
2026-07-15T12:00:18Z [3,180ms] [Warning] [carb] Failed to startup plugin carb.windowing-glfw.plugin (interfaces: [carb::windowing::IGLContext v1.0],[carb::windowing::IWindowing v1.5]) (impl: carb.windowing-glfw.plugin)
2026-07-15T12:00:18Z [3,192ms] [Warning] [carb.windowing-glfw.plugin] GLFW initialization failed.
2026-07-15T12:00:18Z [3,192ms] [Warning] [carb] Failed to startup plugin carb.windowing-glfw.plugin (interfaces: [carb::windowing::IGLContext v1.0],[carb::windowing::IWindowing v1.5]) (impl: carb.windowing-glfw.plugin)
2026-07-15T12:00:18Z [3,197ms] [Warning] [carb.windowing-glfw.plugin] GLFW initialization failed.
2026-07-15T12:00:18Z [3,197ms] [Warning] [carb] Failed to startup plugin carb.windowing-glfw.plugin (interfaces: [carb::windowing::IGLContext v1.0],[carb::windowing::IWindowing v1.5]) (impl: carb.windowing-glfw.plugin)
2026-07-15T12:00:18Z [3,202ms] [Warning] [carb.windowing-glfw.plugin] GLFW initialization failed.
2026-07-15T12:00:18Z [3,202ms] [Warning] [carb] Failed to startup plugin carb.windowing-glfw.plugin (interfaces: [carb::windowing::IGLContext v1.0],[carb::windowing::IWindowing v1.5]) (impl: carb.windowing-glfw.plugin)
2026-07-15T12:00:18Z [3,203ms] [Warning] [carb.windowing-glfw.plugin] GLFW initialization failed.
2026-07-15T12:00:18Z [3,203ms] [Warning] [carb] Failed to startup plugin carb.windowing-glfw.plugin (interfaces: [carb::windowing::IGLContext v1.0],[carb::windowing::IWindowing v1.5]) (impl: carb.windowing-glfw.plugin)
2026-07-15T12:00:18Z [3,204ms] [Warning] [carb.windowing-glfw.plugin] GLFW initialization failed.
2026-07-15T12:00:18Z [3,204ms] [Warning] [carb] Failed to startup plugin carb.windowing-glfw.plugin (interfaces: [carb::windowing::IGLContext v1.0],[carb::windowing::IWindowing v1.5]) (impl: carb.windowing-glfw.plugin)
2026-07-15T12:00:19Z [3,494ms] [Warning] [omni.graph.visualization.nodes._impl.extension] No Viewport Window to add omni.graph.visualization.nodes-2.1.3 scene to
2026-07-15T12:00:19Z [3,564ms] [Warning] [isaacsim.asset.importer.urdf] The path lamp_shade-14 is not a valid usd path, modifying to lamp_shade_14
2026-07-15T12:00:19Z [3,564ms] [Warning] [isaacsim.asset.importer.urdf] The path lamp_shade-14 is not a valid usd path, modifying to lamp_shade_14
2026-07-15T12:00:19Z [3,564ms] [Warning] [isaacsim.asset.importer.urdf] The path lamp_shade-14 is not a valid usd path, modifying to lamp_shade_14
2026-07-15T12:00:19Z [3,564ms] [Warning] [isaacsim.asset.importer.urdf] The path lamp_shade-14 is not a valid usd path, modifying to lamp_shade_14
2026-07-15T12:00:19Z [3,564ms] [Warning] [isaacsim.asset.importer.urdf] The path lamp_shade-14 is not a valid usd path, modifying to lamp_shade_14
2026-07-15T12:00:19Z [3,564ms] [Warning] [isaacsim.asset.importer.urdf] The path lamp_shade-14 is not a valid usd path, modifying to lamp_shade_14
2026-07-15T12:00:19Z [3,564ms] [Warning] [isaacsim.asset.importer.urdf] The path lamp_shade-14 is not a valid usd path, modifying to lamp_shade_14
2026-07-15T12:00:19Z [3,564ms] [Warning] [isaacsim.asset.importer.urdf] The path lamp_shade-14 is not a valid usd path, modifying to lamp_shade_14
2026-07-15T12:00:19Z [3,564ms] [Warning] [isaacsim.asset.importer.urdf] The path lamp_shade-14 is not a valid usd path, modifying to lamp_shade_14
2026-07-15T12:00:19Z [3,564ms] [Warning] [isaacsim.asset.importer.urdf] The path lamp_shade-14 is not a valid usd path, modifying to lamp_shade_14
2026-07-15T12:00:19Z [3,564ms] [Warning] [isaacsim.asset.importer.urdf] The path lamp_shade-14 is not a valid usd path, modifying to lamp_shade_14
2026-07-15T12:00:19Z [3,564ms] [Warning] [isaacsim.asset.importer.urdf] The path light_socket-12 is not a valid usd path, modifying to light_socket_12
2026-07-15T12:00:19Z [3,564ms] [Warning] [isaacsim.asset.importer.urdf] The path light_bulb-13 is not a valid usd path, modifying to light_bulb_13
2026-07-15T12:00:19Z [3,564ms] [Warning] [isaacsim.asset.importer.urdf] The path lamp_body_curved-15 is not a valid usd path, modifying to lamp_body_curved_15
2026-07-15T12:00:19Z [3,564ms] [Warning] [isaacsim.asset.importer.urdf] The path lamp_body_curved-15 is not a valid usd path, modifying to lamp_body_curved_15
2026-07-15T12:00:19Z [3,564ms] [Warning] [isaacsim.asset.importer.urdf] The path clamp_frame-18 is not a valid usd path, modifying to clamp_frame_18
2026-07-15T12:00:19Z [3,564ms] [Warning] [isaacsim.asset.importer.urdf] The path clamp_screw-19 is not a valid usd path, modifying to clamp_screw_19
2026-07-15T12:00:19Z [3,564ms] [Warning] [isaacsim.asset.importer.urdf] The path clamp_handle-20 is not a valid usd path, modifying to clamp_handle_20
2026-07-15T12:00:19Z [3,564ms] [Warning] [isaacsim.asset.importer.urdf] The path lamp_arm_straight_bar-7 is not a valid usd path, modifying to lamp_arm_straight_bar_7
2026-07-15T12:00:19Z [3,564ms] [Warning] [isaacsim.asset.importer.urdf] The path lamp_arm_straight_bar-8 is not a valid usd path, modifying to lamp_arm_straight_bar_8
2026-07-15T12:00:19Z [3,564ms] [Warning] [isaacsim.asset.importer.urdf] The path lamp_arm_straight_bar-9 is not a valid usd path, modifying to lamp_arm_straight_bar_9
2026-07-15T12:00:19Z [3,564ms] [Warning] [isaacsim.asset.importer.urdf] The path lamp_arm_straight_bar-10 is not a valid usd path, modifying to lamp_arm_straight_bar_10
2026-07-15T12:00:19Z [3,577ms] [Warning] [isaacsim.asset.importer.urdf] No mass specified for link base
2026-07-15T12:00:19Z [3,577ms] [Warning] [omni.usd] Warning: in _ReportErrors at line 3172 of /builds/omniverse/usd-ci/USD/pxr/usd/usd/stage.cpp -- In </partnet_8eee3b5fd2f3abd4bcde6f92ef1f7ee7/base/visuals>: Unresolved reference prim path @/home/ubuntu/workspace/physvla_sim/datasets/data_normalized/lamp_urdf/16047/configuration/fitr_info1_physics.usd@</visuals/base> introduced by @/home/ubuntu/workspace/physvla_sim/datasets/data_normalized/lamp_urdf/16047/configuration/fitr_info1_base.usd@</partnet_8eee3b5fd2f3abd4bcde6f92ef1f7ee7/base/visuals> (recomposing stage on stage @/home/ubuntu/workspace/physvla_sim/datasets/data_normalized/lamp_urdf/16047/configuration/fitr_info1_physics.usd@ <0x777651140670>)

2026-07-15T12:00:19Z [3,577ms] [Warning] [omni.usd] Warning: in _ReportErrors at line 3172 of /builds/omniverse/usd-ci/USD/pxr/usd/usd/stage.cpp -- In </partnet_8eee3b5fd2f3abd4bcde6f92ef1f7ee7/base/visuals>: Unresolved reference prim path @/home/ubuntu/workspace/physvla_sim/datasets/data_normalized/lamp_urdf/16047/fitr_info1.usd@</visuals/base> introduced by @/home/ubuntu/workspace/physvla_sim/datasets/data_normalized/lamp_urdf/16047/configuration/fitr_info1_base.usd@</partnet_8eee3b5fd2f3abd4bcde6f92ef1f7ee7/base/visuals> (recomposing stage on stage @/home/ubuntu/workspace/physvla_sim/datasets/data_normalized/lamp_urdf/16047/fitr_info1.usd@ <0x77765112cba0>)

2026-07-15T12:00:19Z [3,577ms] [Warning] [omni.usd] Warning: in _ReportErrors at line 3172 of /builds/omniverse/usd-ci/USD/pxr/usd/usd/stage.cpp -- In </partnet_8eee3b5fd2f3abd4bcde6f92ef1f7ee7/base/visuals>: Unresolved reference prim path @/home/ubuntu/workspace/physvla_sim/datasets/data_normalized/lamp_urdf/16047/fitr_info1.usd@</visuals/base> introduced by @/home/ubuntu/workspace/physvla_sim/datasets/data_normalized/lamp_urdf/16047/configuration/fitr_info1_base.usd@</partnet_8eee3b5fd2f3abd4bcde6f92ef1f7ee7/base/visuals> (recomposing stage on stage @/home/ubuntu/workspace/physvla_sim/datasets/data_normalized/lamp_urdf/16047/fitr_info1.usd@ <0x777651128ad0>)

2026-07-15T12:00:19Z [3,577ms] [Warning] [omni.usd] Warning: in _ReportErrors at line 3172 of /builds/omniverse/usd-ci/USD/pxr/usd/usd/stage.cpp -- In </partnet_8eee3b5fd2f3abd4bcde6f92ef1f7ee7/base/visuals>: Unresolved reference prim path @/home/ubuntu/workspace/physvla_sim/datasets/data_normalized/lamp_urdf/16047/configuration/fitr_info1_base.usd@</visuals/base> introduced by @/home/ubuntu/workspace/physvla_sim/datasets/data_normalized/lamp_urdf/16047/configuration/fitr_info1_base.usd@</partnet_8eee3b5fd2f3abd4bcde6f92ef1f7ee7/base/visuals> (recomposing stage on stage @/home/ubuntu/workspace/physvla_sim/datasets/data_normalized/lamp_urdf/16047/configuration/fitr_info1_base.usd@ <0x777651149cd0>)

2026-07-15T12:00:19Z [3,577ms] [Warning] [omni.usd] Warning: in _ReportErrors at line 3172 of /builds/omniverse/usd-ci/USD/pxr/usd/usd/stage.cpp -- In </partnet_8eee3b5fd2f3abd4bcde6f92ef1f7ee7/base/visuals>: Unresolved reference prim path @/home/ubuntu/workspace/physvla_sim/datasets/data_normalized/lamp_urdf/16047/configuration/fitr_info1_physics.usd@</visuals/base> introduced by @/home/ubuntu/workspace/physvla_sim/datasets/data_normalized/lamp_urdf/16047/configuration/fitr_info1_base.usd@</partnet_8eee3b5fd2f3abd4bcde6f92ef1f7ee7/base/visuals> (recomposing stage on stage @/home/ubuntu/workspace/physvla_sim/datasets/data_normalized/lamp_urdf/16047/configuration/fitr_info1_physics.usd@ <0x777651140670>)

2026-07-15T12:00:19Z [3,577ms] [Warning] [omni.usd] Warning: in _ReportErrors at line 3172 of /builds/omniverse/usd-ci/USD/pxr/usd/usd/stage.cpp -- In </partnet_8eee3b5fd2f3abd4bcde6f92ef1f7ee7/base/visuals>: Unresolved reference prim path @/home/ubuntu/workspace/physvla_sim/datasets/data_normalized/lamp_urdf/16047/fitr_info1.usd@</visuals/base> introduced by @/home/ubuntu/workspace/physvla_sim/datasets/data_normalized/lamp_urdf/16047/configuration/fitr_info1_base.usd@</partnet_8eee3b5fd2f3abd4bcde6f92ef1f7ee7/base/visuals> (recomposing stage on stage @/home/ubuntu/workspace/physvla_sim/datasets/data_normalized/lamp_urdf/16047/fitr_info1.usd@ <0x77765112cba0>)

2026-07-15T12:00:19Z [3,577ms] [Warning] [omni.usd] Warning: in _ReportErrors at line 3172 of /builds/omniverse/usd-ci/USD/pxr/usd/usd/stage.cpp -- In </partnet_8eee3b5fd2f3abd4bcde6f92ef1f7ee7/base/visuals>: Unresolved reference prim path @/home/ubuntu/workspace/physvla_sim/datasets/data_normalized/lamp_urdf/16047/fitr_info1.usd@</visuals/base> introduced by @/home/ubuntu/workspace/physvla_sim/datasets/data_normalized/lamp_urdf/16047/configuration/fitr_info1_base.usd@</partnet_8eee3b5fd2f3abd4bcde6f92ef1f7ee7/base/visuals> (recomposing stage on stage @/home/ubuntu/workspace/physvla_sim/datasets/data_normalized/lamp_urdf/16047/fitr_info1.usd@ <0x777651128ad0>)

2026-07-15T12:00:19Z [3,577ms] [Warning] [omni.usd] Warning: in _ReportErrors at line 3172 of /builds/omniverse/usd-ci/USD/pxr/usd/usd/stage.cpp -- In </partnet_8eee3b5fd2f3abd4bcde6f92ef1f7ee7/base/visuals>: Unresolved reference prim path @/home/ubuntu/workspace/physvla_sim/datasets/data_normalized/lamp_urdf/16047/configuration/fitr_info1_base.usd@</visuals/base> introduced by @/home/ubuntu/workspace/physvla_sim/datasets/data_normalized/lamp_urdf/16047/configuration/fitr_info1_base.usd@</partnet_8eee3b5fd2f3abd4bcde6f92ef1f7ee7/base/visuals> (recomposing stage on stage @/home/ubuntu/workspace/physvla_sim/datasets/data_normalized/lamp_urdf/16047/configuration/fitr_info1_base.usd@ <0x777651149cd0>)

2026-07-15T12:00:19Z [3,577ms] [Warning] [isaacsim.asset.importer.urdf] Link base has no colliders, and no inertia was imported; assigning a small isotropic inertia matrix
2026-07-15T12:00:19Z [3,578ms] [Warning] [isaacsim.asset.importer.urdf] No mass specified for link link_2
2026-07-15T12:00:19Z [3,595ms] [Warning] [isaacsim.asset.importer.urdf] No mass specified for link link_1
2026-07-15T12:00:19Z [3,630ms] [Warning] [isaacsim.asset.importer.urdf] No mass specified for link link_3
2026-07-15T12:00:19Z [3,670ms] [Warning] [isaacsim.asset.importer.urdf] joint_3: Joint Axis is not body aligned with X, Y or Z primary axis. Adjusting PhysX joint alignment to Axis X and reorienting bodies.
2026-07-15T12:00:19Z [3,671ms] [Warning] [isaacsim.asset.importer.urdf] No mass specified for link link_0
2026-07-15T12:00:19Z [3,814ms] [Warning] [isaacsim.asset.importer.urdf] joint_0: Joint Axis is not body aligned with X, Y or Z primary axis. Adjusting PhysX joint alignment to Axis X and reorienting bodies.
2026-07-15T12:00:19Z [3,824ms] [Warning] [omni.usd] Warning: in _ReportErrors at line 3172 of /builds/omniverse/usd-ci/USD/pxr/usd/usd/stage.cpp -- In </partnet_8eee3b5fd2f3abd4bcde6f92ef1f7ee7/base/visuals>: Unresolved reference prim path @/home/ubuntu/workspace/physvla_sim/datasets/data_normalized/lamp_urdf/16047/configuration/fitr_info1_base.usd@</visuals/base> introduced by @/home/ubuntu/workspace/physvla_sim/datasets/data_normalized/lamp_urdf/16047/configuration/fitr_info1_base.usd@</partnet_8eee3b5fd2f3abd4bcde6f92ef1f7ee7/base/visuals> (recomposing stage on stage @/home/ubuntu/workspace/physvla_sim/datasets/data_normalized/lamp_urdf/16047/fitr_info1.usd@ <0x77765112cba0>)

2026-07-15T12:00:19Z [3,824ms] [Warning] [omni.usd] Warning: in _ReportErrors at line 3172 of /builds/omniverse/usd-ci/USD/pxr/usd/usd/stage.cpp -- In </partnet_8eee3b5fd2f3abd4bcde6f92ef1f7ee7/base/visuals>: Unresolved reference prim path @/home/ubuntu/workspace/physvla_sim/datasets/data_normalized/lamp_urdf/16047/configuration/fitr_info1_base.usd@</visuals/base> introduced by @/home/ubuntu/workspace/physvla_sim/datasets/data_normalized/lamp_urdf/16047/configuration/fitr_info1_base.usd@</partnet_8eee3b5fd2f3abd4bcde6f92ef1f7ee7/base/visuals> (recomposing stage on stage @/home/ubuntu/workspace/physvla_sim/datasets/data_normalized/lamp_urdf/16047/fitr_info1.usd@ <0x777651128ad0>)

2026-07-15T12:00:19Z [3,825ms] [Warning] [omni.usd] Warning: in _ReportErrors at line 3172 of /builds/omniverse/usd-ci/USD/pxr/usd/usd/stage.cpp -- In </partnet_8eee3b5fd2f3abd4bcde6f92ef1f7ee7/base/visuals>: Unresolved reference prim path @/home/ubuntu/workspace/physvla_sim/datasets/data_normalized/lamp_urdf/16047/configuration/fitr_info1_physics.usd@</visuals/base> introduced by @/home/ubuntu/workspace/physvla_sim/datasets/data_normalized/lamp_urdf/16047/configuration/fitr_info1_base.usd@</partnet_8eee3b5fd2f3abd4bcde6f92ef1f7ee7/base/visuals> (recomposing stage on stage @/home/ubuntu/workspace/physvla_sim/datasets/data_normalized/lamp_urdf/16047/fitr_info1.usd@ <0x77765112cba0>)

2026-07-15T12:00:19Z [3,827ms] [Warning] [omni.usd] Warning: in _ReportErrors at line 3172 of /builds/omniverse/usd-ci/USD/pxr/usd/usd/stage.cpp -- In </partnet_8eee3b5fd2f3abd4bcde6f92ef1f7ee7/base/visuals>: Unresolved reference prim path @/home/ubuntu/workspace/physvla_sim/datasets/data_normalized/lamp_urdf/16047/configuration/fitr_info1_physics.usd@</visuals/base> introduced by @/home/ubuntu/workspace/physvla_sim/datasets/data_normalized/lamp_urdf/16047/configuration/fitr_info1_base.usd@</partnet_8eee3b5fd2f3abd4bcde6f92ef1f7ee7/base/visuals> (recomposing stage on stage @/home/ubuntu/workspace/physvla_sim/datasets/data_normalized/lamp_urdf/16047/fitr_info1.usd@ <0x777651128ad0>)

2026-07-15T12:00:19Z [3,829ms] [Warning] [omni.usd] Warning: in _ReportErrors at line 3172 of /builds/omniverse/usd-ci/USD/pxr/usd/usd/stage.cpp -- In </partnet_8eee3b5fd2f3abd4bcde6f92ef1f7ee7/base/visuals>: Unresolved reference prim path @/home/ubuntu/workspace/physvla_sim/datasets/data_normalized/lamp_urdf/16047/configuration/fitr_info1_physics.usd@</visuals/base> introduced by @/home/ubuntu/workspace/physvla_sim/datasets/data_normalized/lamp_urdf/16047/configuration/fitr_info1_base.usd@</partnet_8eee3b5fd2f3abd4bcde6f92ef1f7ee7/base/visuals> (recomposing stage on stage @/home/ubuntu/workspace/physvla_sim/datasets/data_normalized/lamp_urdf/16047/fitr_info1.usd@ <0x77765112cba0>)

2026-07-15T12:00:19Z [3,831ms] [Warning] [omni.usd] Warning: in _ReportErrors at line 3172 of /builds/omniverse/usd-ci/USD/pxr/usd/usd/stage.cpp -- In </partnet_8eee3b5fd2f3abd4bcde6f92ef1f7ee7/base/visuals>: Unresolved reference prim path @/home/ubuntu/workspace/physvla_sim/datasets/data_normalized/lamp_urdf/16047/configuration/fitr_info1_physics.usd@</visuals/base> introduced by @/home/ubuntu/workspace/physvla_sim/datasets/data_normalized/lamp_urdf/16047/configuration/fitr_info1_base.usd@</partnet_8eee3b5fd2f3abd4bcde6f92ef1f7ee7/base/visuals> (recomposing stage on stage @/home/ubuntu/workspace/physvla_sim/datasets/data_normalized/lamp_urdf/16047/fitr_info1.usd@ <0x777651128ad0>)

2026-07-15T12:00:19Z [3,834ms] [Warning] [omni.usd] Warning: in _ReportErrors at line 3172 of /builds/omniverse/usd-ci/USD/pxr/usd/usd/stage.cpp -- In </partnet_8eee3b5fd2f3abd4bcde6f92ef1f7ee7/base/visuals>: Unresolved reference prim path @/home/ubuntu/workspace/physvla_sim/datasets/data_normalized/lamp_urdf/16047/configuration/fitr_info1_physics.usd@</visuals/base> introduced by @/home/ubuntu/workspace/physvla_sim/datasets/data_normalized/lamp_urdf/16047/configuration/fitr_info1_base.usd@</partnet_8eee3b5fd2f3abd4bcde6f92ef1f7ee7/base/visuals> (recomposing stage on stage @/home/ubuntu/workspace/physvla_sim/datasets/data_normalized/lamp_urdf/16047/fitr_info1.usd@ <0x77765112cba0>)

2026-07-15T12:00:19Z [3,835ms] [Warning] [omni.usd] Warning: in _ReportErrors at line 3172 of /builds/omniverse/usd-ci/USD/pxr/usd/usd/stage.cpp -- In </partnet_8eee3b5fd2f3abd4bcde6f92ef1f7ee7/base/visuals>: Unresolved reference prim path @/home/ubuntu/workspace/physvla_sim/datasets/data_normalized/lamp_urdf/16047/configuration/fitr_info1_physics.usd@</visuals/base> introduced by @/home/ubuntu/workspace/physvla_sim/datasets/data_normalized/lamp_urdf/16047/configuration/fitr_info1_base.usd@</partnet_8eee3b5fd2f3abd4bcde6f92ef1f7ee7/base/visuals> (recomposing stage on stage @/home/ubuntu/workspace/physvla_sim/datasets/data_normalized/lamp_urdf/16047/fitr_info1.usd@ <0x777651128ad0>)

2026-07-15T12:00:19Z [3,836ms] [Warning] [omni.usd] Warning: in _ReportErrors at line 3172 of /builds/omniverse/usd-ci/USD/pxr/usd/usd/stage.cpp -- In </partnet_8eee3b5fd2f3abd4bcde6f92ef1f7ee7/base/visuals>: Unresolved reference prim path @/home/ubuntu/workspace/physvla_sim/datasets/data_normalized/lamp_urdf/16047/configuration/fitr_info1_physics.usd@</visuals/base> introduced by @/home/ubuntu/workspace/physvla_sim/datasets/data_normalized/lamp_urdf/16047/configuration/fitr_info1_base.usd@</partnet_8eee3b5fd2f3abd4bcde6f92ef1f7ee7/base/visuals> (recomposing stage on stage @/home/ubuntu/workspace/physvla_sim/datasets/data_normalized/lamp_urdf/16047/fitr_info1.usd@ <0x77765112cba0>)

2026-07-15T12:00:19Z [3,838ms] [Warning] [omni.usd] Warning: in _ReportErrors at line 3172 of /builds/omniverse/usd-ci/USD/pxr/usd/usd/stage.cpp -- In </partnet_8eee3b5fd2f3abd4bcde6f92ef1f7ee7/base/visuals>: Unresolved reference prim path @/home/ubuntu/workspace/physvla_sim/datasets/data_normalized/lamp_urdf/16047/configuration/fitr_info1_physics.usd@</visuals/base> introduced by @/home/ubuntu/workspace/physvla_sim/datasets/data_normalized/lamp_urdf/16047/configuration/fitr_info1_base.usd@</partnet_8eee3b5fd2f3abd4bcde6f92ef1f7ee7/base/visuals> (recomposing stage on stage @/home/ubuntu/workspace/physvla_sim/datasets/data_normalized/lamp_urdf/16047/fitr_info1.usd@ <0x777651128ad0>)

2026-07-15T12:00:19Z [3,839ms] [Warning] [omni.usd] Warning: in _ReportErrors at line 3172 of /builds/omniverse/usd-ci/USD/pxr/usd/usd/stage.cpp -- In </partnet_8eee3b5fd2f3abd4bcde6f92ef1f7ee7/base/visuals>: Unresolved reference prim path @/home/ubuntu/workspace/physvla_sim/datasets/data_normalized/lamp_urdf/16047/configuration/fitr_info1_physics.usd@</visuals/base> introduced by @/home/ubuntu/workspace/physvla_sim/datasets/data_normalized/lamp_urdf/16047/configuration/fitr_info1_base.usd@</partnet_8eee3b5fd2f3abd4bcde6f92ef1f7ee7/base/visuals> (recomposing stage on stage @/home/ubuntu/workspace/physvla_sim/datasets/data_normalized/lamp_urdf/16047/fitr_info1.usd@ <0x77765112cba0>)

2026-07-15T12:00:19Z [3,842ms] [Warning] [omni.usd] Warning: in _ReportErrors at line 3172 of /builds/omniverse/usd-ci/USD/pxr/usd/usd/stage.cpp -- In </partnet_8eee3b5fd2f3abd4bcde6f92ef1f7ee7/base/visuals>: Unresolved reference prim path @/home/ubuntu/workspace/physvla_sim/datasets/data_normalized/lamp_urdf/16047/configuration/fitr_info1_physics.usd@</visuals/base> introduced by @/home/ubuntu/workspace/physvla_sim/datasets/data_normalized/lamp_urdf/16047/configuration/fitr_info1_base.usd@</partnet_8eee3b5fd2f3abd4bcde6f92ef1f7ee7/base/visuals> (recomposing stage on stage @/home/ubuntu/workspace/physvla_sim/datasets/data_normalized/lamp_urdf/16047/fitr_info1.usd@ <0x777651128ad0>)

2026-07-15T12:00:19Z [3,845ms] [Warning] [omni.usd] Warning: in _ReportErrors at line 3172 of /builds/omniverse/usd-ci/USD/pxr/usd/usd/stage.cpp -- In </partnet_8eee3b5fd2f3abd4bcde6f92ef1f7ee7/base/visuals>: Unresolved reference prim path @/home/ubuntu/workspace/physvla_sim/datasets/data_normalized/lamp_urdf/16047/configuration/fitr_info1_physics.usd@</visuals/base> introduced by @/home/ubuntu/workspace/physvla_sim/datasets/data_normalized/lamp_urdf/16047/configuration/fitr_info1_base.usd@</partnet_8eee3b5fd2f3abd4bcde6f92ef1f7ee7/base/visuals> (recomposing stage on stage @/home/ubuntu/workspace/physvla_sim/datasets/data_normalized/lamp_urdf/16047/fitr_info1.usd@ <0x77765112cba0>)

2026-07-15T12:00:19Z [3,846ms] [Warning] [omni.usd] Warning: in _ReportErrors at line 3172 of /builds/omniverse/usd-ci/USD/pxr/usd/usd/stage.cpp -- In </partnet_8eee3b5fd2f3abd4bcde6f92ef1f7ee7/base/visuals>: Unresolved reference prim path @/home/ubuntu/workspace/physvla_sim/datasets/data_normalized/lamp_urdf/16047/configuration/fitr_info1_physics.usd@</visuals/base> introduced by @/home/ubuntu/workspace/physvla_sim/datasets/data_normalized/lamp_urdf/16047/configuration/fitr_info1_base.usd@</partnet_8eee3b5fd2f3abd4bcde6f92ef1f7ee7/base/visuals> (recomposing stage on stage @/home/ubuntu/workspace/physvla_sim/datasets/data_normalized/lamp_urdf/16047/fitr_info1.usd@ <0x777651128ad0>)

2026-07-15T12:00:19Z [3,847ms] [Warning] [omni.usd] Warning: in _ReportErrors at line 3172 of /builds/omniverse/usd-ci/USD/pxr/usd/usd/stage.cpp -- In </partnet_8eee3b5fd2f3abd4bcde6f92ef1f7ee7/base/visuals>: Unresolved reference prim path @/home/ubuntu/workspace/physvla_sim/datasets/data_normalized/lamp_urdf/16047/configuration/fitr_info1_physics.usd@</visuals/base> introduced by @/home/ubuntu/workspace/physvla_sim/datasets/data_normalized/lamp_urdf/16047/configuration/fitr_info1_base.usd@</partnet_8eee3b5fd2f3abd4bcde6f92ef1f7ee7/base/visuals> (recomposing stage on stage @/home/ubuntu/workspace/physvla_sim/datasets/data_normalized/lamp_urdf/16047/fitr_info1.usd@ <0x77765112cba0>)

2026-07-15T12:00:19Z [3,850ms] [Warning] [omni.usd] Warning: in _ReportErrors at line 3172 of /builds/omniverse/usd-ci/USD/pxr/usd/usd/stage.cpp -- In </partnet_8eee3b5fd2f3abd4bcde6f92ef1f7ee7/base/visuals>: Unresolved reference prim path @/home/ubuntu/workspace/physvla_sim/datasets/data_normalized/lamp_urdf/16047/configuration/fitr_info1_physics.usd@</visuals/base> introduced by @/home/ubuntu/workspace/physvla_sim/datasets/data_normalized/lamp_urdf/16047/configuration/fitr_info1_base.usd@</partnet_8eee3b5fd2f3abd4bcde6f92ef1f7ee7/base/visuals> (recomposing stage on stage @/home/ubuntu/workspace/physvla_sim/datasets/data_normalized/lamp_urdf/16047/fitr_info1.usd@ <0x777651128ad0>)

Traceback (most recent call last):
  File "/home/ubuntu/workspace/physvla_sim/Augment_code/dyn/author_info1_usd.py", line 286, in <module>
    main()
  File "/home/ubuntu/workspace/physvla_sim/Augment_code/dyn/author_info1_usd.py", line 216, in main
    joint_name = resolve_joint_name(asset_dir, data)
                 ^^^^^^^^^^^^^^^^^^^^^^^^^^^^^^^^^^^
  File "/home/ubuntu/workspace/physvla_sim/Augment_code/dyn/author_info1_usd.py", line 85, in resolve_joint_name
    raise ValueError(
ValueError: Cannot map info1 joint_2 to one revolute joint for link lamp_arm_straight_bar; candidates=[]
Loading user config located at: '/home/ubuntu/isaacsim/kit/data/Kit/Isaac-Sim/5.1/user.config.json'
[Info] [carb] Logging to file: /home/ubuntu/isaacsim/kit/logs/Kit/Isaac-Sim/5.1/kit_20260715_200019.log
2026-07-15T12:00:19Z [0ms] [Warning] [carb.crashreporter-breakpad.plugin] [previous crash] preventing upload of minidump due to user opt-out: '/home/ubuntu/isaacsim/kit/data/Kit/Isaac-Sim/5.1/0d81a4fd-59cb-4157-42d97b80-310afb82.dmp'
2026-07-15T12:00:19Z [0ms] [Warning] [carb.crashreporter-breakpad.plugin] [previous crash] preventing upload of minidump due to user opt-out: '/home/ubuntu/isaacsim/kit/data/Kit/Isaac-Sim/5.1/7efeb785-3cdd-476a-8fc91ca3-38a85c81.dmp'
2026-07-15T12:00:19Z [0ms] [Warning] [carb.crashreporter-breakpad.plugin] [previous crash] preventing upload of minidump due to user opt-out: '/home/ubuntu/isaacsim/kit/data/Kit/Isaac-Sim/5.1/0ec06837-edee-4570-b459bb9b-e409ca73.dmp'
2026-07-15T12:00:19Z [0ms] [Warning] [carb.crashreporter-breakpad.plugin] [previous crash] preventing upload of minidump due to user opt-out: '/home/ubuntu/isaacsim/kit/data/Kit/Isaac-Sim/5.1/846da064-407f-481c-dab18ea9-9788aefc.dmp'
2026-07-15T12:00:19Z [0ms] [Warning] [carb.crashreporter-breakpad.plugin] [previous crash] preventing upload of minidump due to user opt-out: '/home/ubuntu/isaacsim/kit/data/Kit/Isaac-Sim/5.1/7674058d-a5ef-457b-61399da4-1924f871.dmp'
2026-07-15T12:00:19Z [0ms] [Warning] [carb.crashreporter-breakpad.plugin] [previous crash] preventing upload of minidump due to user opt-out: '/home/ubuntu/isaacsim/kit/data/Kit/Isaac-Sim/5.1/0dbca6de-81d5-44e8-85c7eba5-c7ac64b6.dmp'
2026-07-15T12:00:19Z [1ms] [Warning] [carb.crashreporter-breakpad.plugin] [previous crash] preventing upload of minidump due to user opt-out: '/home/ubuntu/isaacsim/kit/data/Kit/Isaac-Sim/5.1/96b6ea33-a47b-4c84-2d7408a6-bc8b64a8.dmp'
2026-07-15T12:00:20Z [182ms] [Warning] [omni.usd_config.extension] Enable omni.materialx.libs extension to use MaterialX
2026-07-15T12:00:20Z [186ms] [Warning] [omni.platforminfo.plugin] failed to open the default display.  Can't verify X Server version.
2026-07-15T12:00:20Z [464ms] [Warning] [carb] Acquiring non optional plugin interface which is not listed as dependency: [omni::physx::IPhysxBenchmarks v1.0] (plugin: <default plugin>), by client: omni.physics.physx.plugin. Add it to CARB_PLUGIN_IMPL_DEPS() macro of a client.
2026-07-15T12:00:20Z [596ms] [Warning] [omni.isaac.dynamic_control] omni.isaac.dynamic_control is deprecated as of Isaac Sim 4.5. No action is needed from end-users.

|---------------------------------------------------------------------------------------------|
| Driver Version: 580.142       | Graphics API: Vulkan
|=============================================================================================|
| GPU | Name                             | Active | LDA | GPU Memory | Vendor-ID | LUID       |
|     |                                  |        |     |            | Device-ID | UUID       |
|     |                                  |        |     |            | Bus-ID    |            |
|---------------------------------------------------------------------------------------------|
| 0   | NVIDIA GeForce RTX 5090 D v2     | Yes: 0 |     | 24701   MB | 10de      | 0          |
|     |                                  |        |     |            | 2b8c      | 5f3d0dc0.. |
|     |                                  |        |     |            | 1         |            |
|=============================================================================================|
| OS: 24.04.3 LTS (Noble Numbat) ubuntu, Version: 24.04.3, Kernel: 6.17.0-1017-oem
| Processor: Intel(R) Core(TM) i9-14900K
| Cores: 24 | Logical Cores: 32
|---------------------------------------------------------------------------------------------|
| Total Memory (MB): 64063 | Free Memory: 53816
| Total Page/Swap (MB): 8191 | Free Page/Swap: 8191
|---------------------------------------------------------------------------------------------|
2026-07-15T12:00:22Z [2,323ms] [Warning] [gpu.foundation.plugin] CPU performance profile is set to powersave. This profile sets the CPU to the lowest frequency reducing performance.
[INFO][AppLauncher]: Using device: cuda:0
[INFO][AppLauncher]: Loading experience file: /home/ubuntu/workspace/IsaacLab/apps/isaaclab.python.headless.kit
2026-07-15T12:00:22Z [2,331ms] [Warning] [gpu.foundation.plugin] IOMMU is enabled.
2026-07-15T12:00:22Z [2,452ms] [Warning] [omni.usd] Warning: in _ReportErrors at line 3172 of /builds/omniverse/usd-ci/USD/pxr/usd/usd/stage.cpp -- In </partnet_8eee3b5fd2f3abd4bcde6f92ef1f7ee7/base/visuals>: Unresolved reference prim path @/home/ubuntu/workspace/physvla_sim/datasets/data_normalized/lamp_urdf/16047/configuration/fitr_info1_base.usd@</visuals/base> introduced by @/home/ubuntu/workspace/physvla_sim/datasets/data_normalized/lamp_urdf/16047/configuration/fitr_info1_base.usd@</partnet_8eee3b5fd2f3abd4bcde6f92ef1f7ee7/base/visuals> (instantiating stage on stage @/home/ubuntu/workspace/physvla_sim/datasets/data_normalized/lamp_urdf/16047/configuration/fitr_info1_base.usd@ <0x3e1d93a0>)

2026-07-15T12:00:22Z [2,460ms] [Warning] [omni.usd] Warning: in _ReportErrors at line 3172 of /builds/omniverse/usd-ci/USD/pxr/usd/usd/stage.cpp -- In </partnet_8eee3b5fd2f3abd4bcde6f92ef1f7ee7/base/visuals>: Unresolved reference prim path @/home/ubuntu/workspace/physvla_sim/datasets/data_normalized/lamp_urdf/16047/configuration/fitr_info1_physics.usd@</visuals/base> introduced by @/home/ubuntu/workspace/physvla_sim/datasets/data_normalized/lamp_urdf/16047/configuration/fitr_info1_base.usd@</partnet_8eee3b5fd2f3abd4bcde6f92ef1f7ee7/base/visuals> (instantiating stage on stage @/home/ubuntu/workspace/physvla_sim/datasets/data_normalized/lamp_urdf/16047/configuration/fitr_info1_physics.usd@ <0x3c33aa30>)

2026-07-15T12:00:22Z [2,466ms] [Warning] [omni.physx.plugin] USD stage detach not called, holding a loose ptr to a stage!
2026-07-15T12:00:22Z [2,572ms] [Warning] [carb] Recursive unloadAllPlugins() detected!
Traceback (most recent call last):
  File "/home/ubuntu/workspace/physvla_sim/Augment_code/dyn/generate_asset_usd.py", line 197, in <module>
    main()
  File "/home/ubuntu/workspace/physvla_sim/Augment_code/dyn/generate_asset_usd.py", line 190, in main
    validate_author_output(asset_dir, args.output_name, author_result.stdout)
  File "/home/ubuntu/workspace/physvla_sim/Augment_code/dyn/generate_asset_usd.py", line 93, in validate_author_output
    raise RuntimeError("Author did not emit verified joint output")
RuntimeError: Author did not emit verified joint output
[FAILED] lamp_urdf/16047
[RUN] lamp_urdf/16237
Loading user config located at: '/home/ubuntu/isaacsim/kit/data/Kit/Isaac-Sim/5.1/user.config.json'
[Info] [carb] Logging to file: /home/ubuntu/isaacsim/kit/logs/Kit/Isaac-Sim/5.1/kit_20260715_200022.log
2026-07-15T12:00:22Z [0ms] [Warning] [carb.crashreporter-breakpad.plugin] [previous crash] preventing upload of minidump due to user opt-out: '/home/ubuntu/isaacsim/kit/data/Kit/Isaac-Sim/5.1/0d81a4fd-59cb-4157-42d97b80-310afb82.dmp'
2026-07-15T12:00:22Z [0ms] [Warning] [carb.crashreporter-breakpad.plugin] [previous crash] preventing upload of minidump due to user opt-out: '/home/ubuntu/isaacsim/kit/data/Kit/Isaac-Sim/5.1/7efeb785-3cdd-476a-8fc91ca3-38a85c81.dmp'
2026-07-15T12:00:22Z [0ms] [Warning] [carb.crashreporter-breakpad.plugin] [previous crash] preventing upload of minidump due to user opt-out: '/home/ubuntu/isaacsim/kit/data/Kit/Isaac-Sim/5.1/0ec06837-edee-4570-b459bb9b-e409ca73.dmp'
2026-07-15T12:00:22Z [0ms] [Warning] [carb.crashreporter-breakpad.plugin] [previous crash] preventing upload of minidump due to user opt-out: '/home/ubuntu/isaacsim/kit/data/Kit/Isaac-Sim/5.1/846da064-407f-481c-dab18ea9-9788aefc.dmp'
2026-07-15T12:00:22Z [0ms] [Warning] [carb.crashreporter-breakpad.plugin] [previous crash] preventing upload of minidump due to user opt-out: '/home/ubuntu/isaacsim/kit/data/Kit/Isaac-Sim/5.1/7674058d-a5ef-457b-61399da4-1924f871.dmp'
2026-07-15T12:00:22Z [1ms] [Warning] [carb.crashreporter-breakpad.plugin] [previous crash] preventing upload of minidump due to user opt-out: '/home/ubuntu/isaacsim/kit/data/Kit/Isaac-Sim/5.1/0dbca6de-81d5-44e8-85c7eba5-c7ac64b6.dmp'
2026-07-15T12:00:22Z [1ms] [Warning] [carb.crashreporter-breakpad.plugin] [previous crash] preventing upload of minidump due to user opt-out: '/home/ubuntu/isaacsim/kit/data/Kit/Isaac-Sim/5.1/96b6ea33-a47b-4c84-2d7408a6-bc8b64a8.dmp'
2026-07-15T12:00:22Z [184ms] [Warning] [omni.usd_config.extension] Enable omni.materialx.libs extension to use MaterialX
2026-07-15T12:00:22Z [185ms] [Warning] [omni.platforminfo.plugin] failed to open the default display.  Can't verify X Server version.
2026-07-15T12:00:23Z [460ms] [Warning] [carb] Acquiring non optional plugin interface which is not listed as dependency: [omni::physx::IPhysxBenchmarks v1.0] (plugin: <default plugin>), by client: omni.physics.physx.plugin. Add it to CARB_PLUGIN_IMPL_DEPS() macro of a client.
2026-07-15T12:00:23Z [591ms] [Warning] [omni.isaac.dynamic_control] omni.isaac.dynamic_control is deprecated as of Isaac Sim 4.5. No action is needed from end-users.

|---------------------------------------------------------------------------------------------|
| Driver Version: 580.142       | Graphics API: Vulkan
|=============================================================================================|
| GPU | Name                             | Active | LDA | GPU Memory | Vendor-ID | LUID       |
|     |                                  |        |     |            | Device-ID | UUID       |
|     |                                  |        |     |            | Bus-ID    |            |
|---------------------------------------------------------------------------------------------|
| 0   | NVIDIA GeForce RTX 5090 D v2     | Yes: 0 |     | 24701   MB | 10de      | 0          |
|     |                                  |        |     |            | 2b8c      | 5f3d0dc0.. |
|     |                                  |        |     |            | 1         |            |
|=============================================================================================|
| OS: 24.04.3 LTS (Noble Numbat) ubuntu, Version: 24.04.3, Kernel: 6.17.0-1017-oem
| Processor: Intel(R) Core(TM) i9-14900K
| Cores: 24 | Logical Cores: 32
|---------------------------------------------------------------------------------------------|
| Total Memory (MB): 64063 | Free Memory: 53808
| Total Page/Swap (MB): 8191 | Free Page/Swap: 8191
|---------------------------------------------------------------------------------------------|
2026-07-15T12:00:25Z [2,563ms] [Warning] [gpu.foundation.plugin] CPU performance profile is set to powersave. This profile sets the CPU to the lowest frequency reducing performance.
2026-07-15T12:00:25Z [2,571ms] [Warning] [gpu.foundation.plugin] IOMMU is enabled.
2026-07-15T12:00:25Z [2,713ms] [Warning] [carb.windowing-glfw.plugin] GLFW initialization failed.
2026-07-15T12:00:25Z [2,713ms] [Warning] [carb] Failed to startup plugin carb.windowing-glfw.plugin (interfaces: [carb::windowing::IGLContext v1.0],[carb::windowing::IWindowing v1.5]) (impl: carb.windowing-glfw.plugin)

|---------------------------------------------------------------------------------------------|
| Driver Version: 580.142       | Graphics API: Vulkan
|=============================================================================================|
| GPU | Name                             | Active | LDA | GPU Memory | Vendor-ID | LUID       |
|     |                                  |        |     |            | Device-ID | UUID       |
|     |                                  |        |     |            | Bus-ID    |            |
|---------------------------------------------------------------------------------------------|
| 0   | NVIDIA GeForce RTX 5090 D v2     | Yes: 0 |     | 24701   MB | 10de      | 0          |
|     |                                  |        |     |            | 2b8c      | 5f3d0dc0.. |
|     |                                  |        |     |            | 1         |            |
|=============================================================================================|
| OS: 24.04.3 LTS (Noble Numbat) ubuntu, Version: 24.04.3, Kernel: 6.17.0-1017-oem
| Processor: Intel(R) Core(TM) i9-14900K
| Cores: 24 | Logical Cores: 32
|---------------------------------------------------------------------------------------------|
| Total Memory (MB): 64063 | Free Memory: 53639
| Total Page/Swap (MB): 8191 | Free Page/Swap: 8191
|---------------------------------------------------------------------------------------------|
2026-07-15T12:00:25Z [2,960ms] [Warning] [gpu.foundation.plugin] CPU performance profile is set to powersave. This profile sets the CPU to the lowest frequency reducing performance.
2026-07-15T12:00:25Z [2,960ms] [Warning] [gpu.foundation.plugin] IOMMU is enabled.
2026-07-15T12:00:25Z [3,165ms] [Warning] [carb.windowing-glfw.plugin] GLFW initialization failed.
2026-07-15T12:00:25Z [3,165ms] [Warning] [carb] Failed to startup plugin carb.windowing-glfw.plugin (interfaces: [carb::windowing::IGLContext v1.0],[carb::windowing::IWindowing v1.5]) (impl: carb.windowing-glfw.plugin)
2026-07-15T12:00:25Z [3,177ms] [Warning] [carb.windowing-glfw.plugin] GLFW initialization failed.
2026-07-15T12:00:25Z [3,177ms] [Warning] [carb] Failed to startup plugin carb.windowing-glfw.plugin (interfaces: [carb::windowing::IGLContext v1.0],[carb::windowing::IWindowing v1.5]) (impl: carb.windowing-glfw.plugin)
2026-07-15T12:00:25Z [3,182ms] [Warning] [carb.windowing-glfw.plugin] GLFW initialization failed.
2026-07-15T12:00:25Z [3,182ms] [Warning] [carb] Failed to startup plugin carb.windowing-glfw.plugin (interfaces: [carb::windowing::IGLContext v1.0],[carb::windowing::IWindowing v1.5]) (impl: carb.windowing-glfw.plugin)
2026-07-15T12:00:25Z [3,187ms] [Warning] [carb.windowing-glfw.plugin] GLFW initialization failed.
2026-07-15T12:00:25Z [3,187ms] [Warning] [carb] Failed to startup plugin carb.windowing-glfw.plugin (interfaces: [carb::windowing::IGLContext v1.0],[carb::windowing::IWindowing v1.5]) (impl: carb.windowing-glfw.plugin)
2026-07-15T12:00:25Z [3,188ms] [Warning] [carb.windowing-glfw.plugin] GLFW initialization failed.
2026-07-15T12:00:25Z [3,188ms] [Warning] [carb] Failed to startup plugin carb.windowing-glfw.plugin (interfaces: [carb::windowing::IGLContext v1.0],[carb::windowing::IWindowing v1.5]) (impl: carb.windowing-glfw.plugin)
2026-07-15T12:00:25Z [3,189ms] [Warning] [carb.windowing-glfw.plugin] GLFW initialization failed.
2026-07-15T12:00:25Z [3,189ms] [Warning] [carb] Failed to startup plugin carb.windowing-glfw.plugin (interfaces: [carb::windowing::IGLContext v1.0],[carb::windowing::IWindowing v1.5]) (impl: carb.windowing-glfw.plugin)
2026-07-15T12:00:26Z [3,461ms] [Warning] [omni.graph.visualization.nodes._impl.extension] No Viewport Window to add omni.graph.visualization.nodes-2.1.3 scene to
2026-07-15T12:00:26Z [3,542ms] [Warning] [isaacsim.asset.importer.urdf] The path lamp_shade-12 is not a valid usd path, modifying to lamp_shade_12
2026-07-15T12:00:26Z [3,542ms] [Warning] [isaacsim.asset.importer.urdf] The path lamp_base_part-15 is not a valid usd path, modifying to lamp_base_part_15
2026-07-15T12:00:26Z [3,542ms] [Warning] [isaacsim.asset.importer.urdf] The path lamp_pole-13 is not a valid usd path, modifying to lamp_pole_13
2026-07-15T12:00:26Z [3,542ms] [Warning] [isaacsim.asset.importer.urdf] The path lamp_arm_curved_bar-7 is not a valid usd path, modifying to lamp_arm_curved_bar_7
2026-07-15T12:00:26Z [3,542ms] [Warning] [isaacsim.asset.importer.urdf] The path lamp_arm_curved_bar-7 is not a valid usd path, modifying to lamp_arm_curved_bar_7
2026-07-15T12:00:26Z [3,542ms] [Warning] [isaacsim.asset.importer.urdf] The path lamp_arm_curved_bar-7 is not a valid usd path, modifying to lamp_arm_curved_bar_7
2026-07-15T12:00:26Z [3,542ms] [Warning] [isaacsim.asset.importer.urdf] The path connector-9 is not a valid usd path, modifying to connector_9
2026-07-15T12:00:26Z [3,542ms] [Warning] [isaacsim.asset.importer.urdf] The path connector-9 is not a valid usd path, modifying to connector_9
2026-07-15T12:00:26Z [3,542ms] [Warning] [isaacsim.asset.importer.urdf] The path connector-10 is not a valid usd path, modifying to connector_10
2026-07-15T12:00:26Z [3,542ms] [Warning] [isaacsim.asset.importer.urdf] The path connector-10 is not a valid usd path, modifying to connector_10
2026-07-15T12:00:26Z [3,555ms] [Warning] [isaacsim.asset.importer.urdf] No mass specified for link base
2026-07-15T12:00:26Z [3,555ms] [Warning] [omni.usd] Warning: in _ReportErrors at line 3172 of /builds/omniverse/usd-ci/USD/pxr/usd/usd/stage.cpp -- In </partnet_9c3646d9db630e1d6bab719bf4ec73ef/base/visuals>: Unresolved reference prim path @/home/ubuntu/workspace/physvla_sim/datasets/data_normalized/lamp_urdf/16237/configuration/fitr_info1_physics.usd@</visuals/base> introduced by @/home/ubuntu/workspace/physvla_sim/datasets/data_normalized/lamp_urdf/16237/configuration/fitr_info1_base.usd@</partnet_9c3646d9db630e1d6bab719bf4ec73ef/base/visuals> (recomposing stage on stage @/home/ubuntu/workspace/physvla_sim/datasets/data_normalized/lamp_urdf/16237/configuration/fitr_info1_physics.usd@ <0x75e94b4c3d50>)

2026-07-15T12:00:26Z [3,555ms] [Warning] [omni.usd] Warning: in _ReportErrors at line 3172 of /builds/omniverse/usd-ci/USD/pxr/usd/usd/stage.cpp -- In </partnet_9c3646d9db630e1d6bab719bf4ec73ef/base/visuals>: Unresolved reference prim path @/home/ubuntu/workspace/physvla_sim/datasets/data_normalized/lamp_urdf/16237/fitr_info1.usd@</visuals/base> introduced by @/home/ubuntu/workspace/physvla_sim/datasets/data_normalized/lamp_urdf/16237/configuration/fitr_info1_base.usd@</partnet_9c3646d9db630e1d6bab719bf4ec73ef/base/visuals> (recomposing stage on stage @/home/ubuntu/workspace/physvla_sim/datasets/data_normalized/lamp_urdf/16237/fitr_info1.usd@ <0x75e94b4b0b70>)

2026-07-15T12:00:26Z [3,555ms] [Warning] [omni.usd] Warning: in _ReportErrors at line 3172 of /builds/omniverse/usd-ci/USD/pxr/usd/usd/stage.cpp -- In </partnet_9c3646d9db630e1d6bab719bf4ec73ef/base/visuals>: Unresolved reference prim path @/home/ubuntu/workspace/physvla_sim/datasets/data_normalized/lamp_urdf/16237/fitr_info1.usd@</visuals/base> introduced by @/home/ubuntu/workspace/physvla_sim/datasets/data_normalized/lamp_urdf/16237/configuration/fitr_info1_base.usd@</partnet_9c3646d9db630e1d6bab719bf4ec73ef/base/visuals> (recomposing stage on stage @/home/ubuntu/workspace/physvla_sim/datasets/data_normalized/lamp_urdf/16237/fitr_info1.usd@ <0x75e94b4ac9a0>)

2026-07-15T12:00:26Z [3,555ms] [Warning] [omni.usd] Warning: in _ReportErrors at line 3172 of /builds/omniverse/usd-ci/USD/pxr/usd/usd/stage.cpp -- In </partnet_9c3646d9db630e1d6bab719bf4ec73ef/base/visuals>: Unresolved reference prim path @/home/ubuntu/workspace/physvla_sim/datasets/data_normalized/lamp_urdf/16237/configuration/fitr_info1_base.usd@</visuals/base> introduced by @/home/ubuntu/workspace/physvla_sim/datasets/data_normalized/lamp_urdf/16237/configuration/fitr_info1_base.usd@</partnet_9c3646d9db630e1d6bab719bf4ec73ef/base/visuals> (recomposing stage on stage @/home/ubuntu/workspace/physvla_sim/datasets/data_normalized/lamp_urdf/16237/configuration/fitr_info1_base.usd@ <0x75e94b4cd220>)

2026-07-15T12:00:26Z [3,556ms] [Warning] [omni.usd] Warning: in _ReportErrors at line 3172 of /builds/omniverse/usd-ci/USD/pxr/usd/usd/stage.cpp -- In </partnet_9c3646d9db630e1d6bab719bf4ec73ef/base/visuals>: Unresolved reference prim path @/home/ubuntu/workspace/physvla_sim/datasets/data_normalized/lamp_urdf/16237/configuration/fitr_info1_physics.usd@</visuals/base> introduced by @/home/ubuntu/workspace/physvla_sim/datasets/data_normalized/lamp_urdf/16237/configuration/fitr_info1_base.usd@</partnet_9c3646d9db630e1d6bab719bf4ec73ef/base/visuals> (recomposing stage on stage @/home/ubuntu/workspace/physvla_sim/datasets/data_normalized/lamp_urdf/16237/configuration/fitr_info1_physics.usd@ <0x75e94b4c3d50>)

2026-07-15T12:00:26Z [3,556ms] [Warning] [omni.usd] Warning: in _ReportErrors at line 3172 of /builds/omniverse/usd-ci/USD/pxr/usd/usd/stage.cpp -- In </partnet_9c3646d9db630e1d6bab719bf4ec73ef/base/visuals>: Unresolved reference prim path @/home/ubuntu/workspace/physvla_sim/datasets/data_normalized/lamp_urdf/16237/fitr_info1.usd@</visuals/base> introduced by @/home/ubuntu/workspace/physvla_sim/datasets/data_normalized/lamp_urdf/16237/configuration/fitr_info1_base.usd@</partnet_9c3646d9db630e1d6bab719bf4ec73ef/base/visuals> (recomposing stage on stage @/home/ubuntu/workspace/physvla_sim/datasets/data_normalized/lamp_urdf/16237/fitr_info1.usd@ <0x75e94b4b0b70>)

2026-07-15T12:00:26Z [3,556ms] [Warning] [omni.usd] Warning: in _ReportErrors at line 3172 of /builds/omniverse/usd-ci/USD/pxr/usd/usd/stage.cpp -- In </partnet_9c3646d9db630e1d6bab719bf4ec73ef/base/visuals>: Unresolved reference prim path @/home/ubuntu/workspace/physvla_sim/datasets/data_normalized/lamp_urdf/16237/fitr_info1.usd@</visuals/base> introduced by @/home/ubuntu/workspace/physvla_sim/datasets/data_normalized/lamp_urdf/16237/configuration/fitr_info1_base.usd@</partnet_9c3646d9db630e1d6bab719bf4ec73ef/base/visuals> (recomposing stage on stage @/home/ubuntu/workspace/physvla_sim/datasets/data_normalized/lamp_urdf/16237/fitr_info1.usd@ <0x75e94b4ac9a0>)

2026-07-15T12:00:26Z [3,556ms] [Warning] [omni.usd] Warning: in _ReportErrors at line 3172 of /builds/omniverse/usd-ci/USD/pxr/usd/usd/stage.cpp -- In </partnet_9c3646d9db630e1d6bab719bf4ec73ef/base/visuals>: Unresolved reference prim path @/home/ubuntu/workspace/physvla_sim/datasets/data_normalized/lamp_urdf/16237/configuration/fitr_info1_base.usd@</visuals/base> introduced by @/home/ubuntu/workspace/physvla_sim/datasets/data_normalized/lamp_urdf/16237/configuration/fitr_info1_base.usd@</partnet_9c3646d9db630e1d6bab719bf4ec73ef/base/visuals> (recomposing stage on stage @/home/ubuntu/workspace/physvla_sim/datasets/data_normalized/lamp_urdf/16237/configuration/fitr_info1_base.usd@ <0x75e94b4cd220>)

2026-07-15T12:00:26Z [3,556ms] [Warning] [isaacsim.asset.importer.urdf] Link base has no colliders, and no inertia was imported; assigning a small isotropic inertia matrix
2026-07-15T12:00:26Z [3,557ms] [Warning] [isaacsim.asset.importer.urdf] No mass specified for link link_1
2026-07-15T12:00:26Z [3,607ms] [Warning] [isaacsim.asset.importer.urdf] No mass specified for link link_0
2026-07-15T12:00:26Z [3,622ms] [Warning] [omni.usd] Warning: in _ReportErrors at line 3172 of /builds/omniverse/usd-ci/USD/pxr/usd/usd/stage.cpp -- In </partnet_9c3646d9db630e1d6bab719bf4ec73ef/base/visuals>: Unresolved reference prim path @/home/ubuntu/workspace/physvla_sim/datasets/data_normalized/lamp_urdf/16237/configuration/fitr_info1_base.usd@</visuals/base> introduced by @/home/ubuntu/workspace/physvla_sim/datasets/data_normalized/lamp_urdf/16237/configuration/fitr_info1_base.usd@</partnet_9c3646d9db630e1d6bab719bf4ec73ef/base/visuals> (recomposing stage on stage @/home/ubuntu/workspace/physvla_sim/datasets/data_normalized/lamp_urdf/16237/fitr_info1.usd@ <0x75e94b4b0b70>)

2026-07-15T12:00:26Z [3,623ms] [Warning] [omni.usd] Warning: in _ReportErrors at line 3172 of /builds/omniverse/usd-ci/USD/pxr/usd/usd/stage.cpp -- In </partnet_9c3646d9db630e1d6bab719bf4ec73ef/base/visuals>: Unresolved reference prim path @/home/ubuntu/workspace/physvla_sim/datasets/data_normalized/lamp_urdf/16237/configuration/fitr_info1_base.usd@</visuals/base> introduced by @/home/ubuntu/workspace/physvla_sim/datasets/data_normalized/lamp_urdf/16237/configuration/fitr_info1_base.usd@</partnet_9c3646d9db630e1d6bab719bf4ec73ef/base/visuals> (recomposing stage on stage @/home/ubuntu/workspace/physvla_sim/datasets/data_normalized/lamp_urdf/16237/fitr_info1.usd@ <0x75e94b4ac9a0>)

2026-07-15T12:00:26Z [3,624ms] [Warning] [omni.usd] Warning: in _ReportErrors at line 3172 of /builds/omniverse/usd-ci/USD/pxr/usd/usd/stage.cpp -- In </partnet_9c3646d9db630e1d6bab719bf4ec73ef/base/visuals>: Unresolved reference prim path @/home/ubuntu/workspace/physvla_sim/datasets/data_normalized/lamp_urdf/16237/configuration/fitr_info1_physics.usd@</visuals/base> introduced by @/home/ubuntu/workspace/physvla_sim/datasets/data_normalized/lamp_urdf/16237/configuration/fitr_info1_base.usd@</partnet_9c3646d9db630e1d6bab719bf4ec73ef/base/visuals> (recomposing stage on stage @/home/ubuntu/workspace/physvla_sim/datasets/data_normalized/lamp_urdf/16237/fitr_info1.usd@ <0x75e94b4b0b70>)

2026-07-15T12:00:26Z [3,624ms] [Warning] [omni.usd] Warning: in _ReportErrors at line 3172 of /builds/omniverse/usd-ci/USD/pxr/usd/usd/stage.cpp -- In </partnet_9c3646d9db630e1d6bab719bf4ec73ef/base/visuals>: Unresolved reference prim path @/home/ubuntu/workspace/physvla_sim/datasets/data_normalized/lamp_urdf/16237/configuration/fitr_info1_physics.usd@</visuals/base> introduced by @/home/ubuntu/workspace/physvla_sim/datasets/data_normalized/lamp_urdf/16237/configuration/fitr_info1_base.usd@</partnet_9c3646d9db630e1d6bab719bf4ec73ef/base/visuals> (recomposing stage on stage @/home/ubuntu/workspace/physvla_sim/datasets/data_normalized/lamp_urdf/16237/fitr_info1.usd@ <0x75e94b4ac9a0>)

2026-07-15T12:00:26Z [3,625ms] [Warning] [omni.usd] Warning: in _ReportErrors at line 3172 of /builds/omniverse/usd-ci/USD/pxr/usd/usd/stage.cpp -- In </partnet_9c3646d9db630e1d6bab719bf4ec73ef/base/visuals>: Unresolved reference prim path @/home/ubuntu/workspace/physvla_sim/datasets/data_normalized/lamp_urdf/16237/configuration/fitr_info1_physics.usd@</visuals/base> introduced by @/home/ubuntu/workspace/physvla_sim/datasets/data_normalized/lamp_urdf/16237/configuration/fitr_info1_base.usd@</partnet_9c3646d9db630e1d6bab719bf4ec73ef/base/visuals> (recomposing stage on stage @/home/ubuntu/workspace/physvla_sim/datasets/data_normalized/lamp_urdf/16237/fitr_info1.usd@ <0x75e94b4b0b70>)

2026-07-15T12:00:26Z [3,626ms] [Warning] [omni.usd] Warning: in _ReportErrors at line 3172 of /builds/omniverse/usd-ci/USD/pxr/usd/usd/stage.cpp -- In </partnet_9c3646d9db630e1d6bab719bf4ec73ef/base/visuals>: Unresolved reference prim path @/home/ubuntu/workspace/physvla_sim/datasets/data_normalized/lamp_urdf/16237/configuration/fitr_info1_physics.usd@</visuals/base> introduced by @/home/ubuntu/workspace/physvla_sim/datasets/data_normalized/lamp_urdf/16237/configuration/fitr_info1_base.usd@</partnet_9c3646d9db630e1d6bab719bf4ec73ef/base/visuals> (recomposing stage on stage @/home/ubuntu/workspace/physvla_sim/datasets/data_normalized/lamp_urdf/16237/fitr_info1.usd@ <0x75e94b4ac9a0>)

2026-07-15T12:00:26Z [3,627ms] [Warning] [omni.usd] Warning: in _ReportErrors at line 3172 of /builds/omniverse/usd-ci/USD/pxr/usd/usd/stage.cpp -- In </partnet_9c3646d9db630e1d6bab719bf4ec73ef/base/visuals>: Unresolved reference prim path @/home/ubuntu/workspace/physvla_sim/datasets/data_normalized/lamp_urdf/16237/configuration/fitr_info1_physics.usd@</visuals/base> introduced by @/home/ubuntu/workspace/physvla_sim/datasets/data_normalized/lamp_urdf/16237/configuration/fitr_info1_base.usd@</partnet_9c3646d9db630e1d6bab719bf4ec73ef/base/visuals> (recomposing stage on stage @/home/ubuntu/workspace/physvla_sim/datasets/data_normalized/lamp_urdf/16237/fitr_info1.usd@ <0x75e94b4b0b70>)

2026-07-15T12:00:26Z [3,628ms] [Warning] [omni.usd] Warning: in _ReportErrors at line 3172 of /builds/omniverse/usd-ci/USD/pxr/usd/usd/stage.cpp -- In </partnet_9c3646d9db630e1d6bab719bf4ec73ef/base/visuals>: Unresolved reference prim path @/home/ubuntu/workspace/physvla_sim/datasets/data_normalized/lamp_urdf/16237/configuration/fitr_info1_physics.usd@</visuals/base> introduced by @/home/ubuntu/workspace/physvla_sim/datasets/data_normalized/lamp_urdf/16237/configuration/fitr_info1_base.usd@</partnet_9c3646d9db630e1d6bab719bf4ec73ef/base/visuals> (recomposing stage on stage @/home/ubuntu/workspace/physvla_sim/datasets/data_normalized/lamp_urdf/16237/fitr_info1.usd@ <0x75e94b4ac9a0>)

2026-07-15T12:00:26Z [3,629ms] [Warning] [omni.usd] Warning: in _ReportErrors at line 3172 of /builds/omniverse/usd-ci/USD/pxr/usd/usd/stage.cpp -- In </partnet_9c3646d9db630e1d6bab719bf4ec73ef/base/visuals>: Unresolved reference prim path @/home/ubuntu/workspace/physvla_sim/datasets/data_normalized/lamp_urdf/16237/configuration/fitr_info1_physics.usd@</visuals/base> introduced by @/home/ubuntu/workspace/physvla_sim/datasets/data_normalized/lamp_urdf/16237/configuration/fitr_info1_base.usd@</partnet_9c3646d9db630e1d6bab719bf4ec73ef/base/visuals> (recomposing stage on stage @/home/ubuntu/workspace/physvla_sim/datasets/data_normalized/lamp_urdf/16237/fitr_info1.usd@ <0x75e94b4b0b70>)

2026-07-15T12:00:26Z [3,630ms] [Warning] [omni.usd] Warning: in _ReportErrors at line 3172 of /builds/omniverse/usd-ci/USD/pxr/usd/usd/stage.cpp -- In </partnet_9c3646d9db630e1d6bab719bf4ec73ef/base/visuals>: Unresolved reference prim path @/home/ubuntu/workspace/physvla_sim/datasets/data_normalized/lamp_urdf/16237/configuration/fitr_info1_physics.usd@</visuals/base> introduced by @/home/ubuntu/workspace/physvla_sim/datasets/data_normalized/lamp_urdf/16237/configuration/fitr_info1_base.usd@</partnet_9c3646d9db630e1d6bab719bf4ec73ef/base/visuals> (recomposing stage on stage @/home/ubuntu/workspace/physvla_sim/datasets/data_normalized/lamp_urdf/16237/fitr_info1.usd@ <0x75e94b4ac9a0>)

2026-07-15T12:00:26Z [3,631ms] [Warning] [omni.usd] Warning: in _ReportErrors at line 3172 of /builds/omniverse/usd-ci/USD/pxr/usd/usd/stage.cpp -- In </partnet_9c3646d9db630e1d6bab719bf4ec73ef/base/visuals>: Unresolved reference prim path @/home/ubuntu/workspace/physvla_sim/datasets/data_normalized/lamp_urdf/16237/configuration/fitr_info1_physics.usd@</visuals/base> introduced by @/home/ubuntu/workspace/physvla_sim/datasets/data_normalized/lamp_urdf/16237/configuration/fitr_info1_base.usd@</partnet_9c3646d9db630e1d6bab719bf4ec73ef/base/visuals> (recomposing stage on stage @/home/ubuntu/workspace/physvla_sim/datasets/data_normalized/lamp_urdf/16237/fitr_info1.usd@ <0x75e94b4b0b70>)

2026-07-15T12:00:26Z [3,632ms] [Warning] [omni.usd] Warning: in _ReportErrors at line 3172 of /builds/omniverse/usd-ci/USD/pxr/usd/usd/stage.cpp -- In </partnet_9c3646d9db630e1d6bab719bf4ec73ef/base/visuals>: Unresolved reference prim path @/home/ubuntu/workspace/physvla_sim/datasets/data_normalized/lamp_urdf/16237/configuration/fitr_info1_physics.usd@</visuals/base> introduced by @/home/ubuntu/workspace/physvla_sim/datasets/data_normalized/lamp_urdf/16237/configuration/fitr_info1_base.usd@</partnet_9c3646d9db630e1d6bab719bf4ec73ef/base/visuals> (recomposing stage on stage @/home/ubuntu/workspace/physvla_sim/datasets/data_normalized/lamp_urdf/16237/fitr_info1.usd@ <0x75e94b4ac9a0>)

2026-07-15T12:00:26Z [3,633ms] [Warning] [omni.usd] Warning: in _ReportErrors at line 3172 of /builds/omniverse/usd-ci/USD/pxr/usd/usd/stage.cpp -- In </partnet_9c3646d9db630e1d6bab719bf4ec73ef/base/visuals>: Unresolved reference prim path @/home/ubuntu/workspace/physvla_sim/datasets/data_normalized/lamp_urdf/16237/configuration/fitr_info1_physics.usd@</visuals/base> introduced by @/home/ubuntu/workspace/physvla_sim/datasets/data_normalized/lamp_urdf/16237/configuration/fitr_info1_base.usd@</partnet_9c3646d9db630e1d6bab719bf4ec73ef/base/visuals> (recomposing stage on stage @/home/ubuntu/workspace/physvla_sim/datasets/data_normalized/lamp_urdf/16237/fitr_info1.usd@ <0x75e94b4b0b70>)

2026-07-15T12:00:26Z [3,634ms] [Warning] [omni.usd] Warning: in _ReportErrors at line 3172 of /builds/omniverse/usd-ci/USD/pxr/usd/usd/stage.cpp -- In </partnet_9c3646d9db630e1d6bab719bf4ec73ef/base/visuals>: Unresolved reference prim path @/home/ubuntu/workspace/physvla_sim/datasets/data_normalized/lamp_urdf/16237/configuration/fitr_info1_physics.usd@</visuals/base> introduced by @/home/ubuntu/workspace/physvla_sim/datasets/data_normalized/lamp_urdf/16237/configuration/fitr_info1_base.usd@</partnet_9c3646d9db630e1d6bab719bf4ec73ef/base/visuals> (recomposing stage on stage @/home/ubuntu/workspace/physvla_sim/datasets/data_normalized/lamp_urdf/16237/fitr_info1.usd@ <0x75e94b4ac9a0>)

2026-07-15T12:00:26Z [3,635ms] [Warning] [omni.usd] Warning: in _ReportErrors at line 3172 of /builds/omniverse/usd-ci/USD/pxr/usd/usd/stage.cpp -- In </partnet_9c3646d9db630e1d6bab719bf4ec73ef/base/visuals>: Unresolved reference prim path @/home/ubuntu/workspace/physvla_sim/datasets/data_normalized/lamp_urdf/16237/configuration/fitr_info1_physics.usd@</visuals/base> introduced by @/home/ubuntu/workspace/physvla_sim/datasets/data_normalized/lamp_urdf/16237/configuration/fitr_info1_base.usd@</partnet_9c3646d9db630e1d6bab719bf4ec73ef/base/visuals> (recomposing stage on stage @/home/ubuntu/workspace/physvla_sim/datasets/data_normalized/lamp_urdf/16237/fitr_info1.usd@ <0x75e94b4b0b70>)

2026-07-15T12:00:26Z [3,636ms] [Warning] [omni.usd] Warning: in _ReportErrors at line 3172 of /builds/omniverse/usd-ci/USD/pxr/usd/usd/stage.cpp -- In </partnet_9c3646d9db630e1d6bab719bf4ec73ef/base/visuals>: Unresolved reference prim path @/home/ubuntu/workspace/physvla_sim/datasets/data_normalized/lamp_urdf/16237/configuration/fitr_info1_physics.usd@</visuals/base> introduced by @/home/ubuntu/workspace/physvla_sim/datasets/data_normalized/lamp_urdf/16237/configuration/fitr_info1_base.usd@</partnet_9c3646d9db630e1d6bab719bf4ec73ef/base/visuals> (recomposing stage on stage @/home/ubuntu/workspace/physvla_sim/datasets/data_normalized/lamp_urdf/16237/fitr_info1.usd@ <0x75e94b4ac9a0>)

Loading user config located at: '/home/ubuntu/isaacsim/kit/data/Kit/Isaac-Sim/5.1/user.config.json'
[Info] [carb] Logging to file: /home/ubuntu/isaacsim/kit/logs/Kit/Isaac-Sim/5.1/kit_20260715_200026.log
2026-07-15T12:00:26Z [0ms] [Warning] [carb.crashreporter-breakpad.plugin] [previous crash] preventing upload of minidump due to user opt-out: '/home/ubuntu/isaacsim/kit/data/Kit/Isaac-Sim/5.1/0d81a4fd-59cb-4157-42d97b80-310afb82.dmp'
2026-07-15T12:00:26Z [0ms] [Warning] [carb.crashreporter-breakpad.plugin] [previous crash] preventing upload of minidump due to user opt-out: '/home/ubuntu/isaacsim/kit/data/Kit/Isaac-Sim/5.1/7efeb785-3cdd-476a-8fc91ca3-38a85c81.dmp'
2026-07-15T12:00:26Z [0ms] [Warning] [carb.crashreporter-breakpad.plugin] [previous crash] preventing upload of minidump due to user opt-out: '/home/ubuntu/isaacsim/kit/data/Kit/Isaac-Sim/5.1/0ec06837-edee-4570-b459bb9b-e409ca73.dmp'
2026-07-15T12:00:26Z [0ms] [Warning] [carb.crashreporter-breakpad.plugin] [previous crash] preventing upload of minidump due to user opt-out: '/home/ubuntu/isaacsim/kit/data/Kit/Isaac-Sim/5.1/846da064-407f-481c-dab18ea9-9788aefc.dmp'
2026-07-15T12:00:26Z [0ms] [Warning] [carb.crashreporter-breakpad.plugin] [previous crash] preventing upload of minidump due to user opt-out: '/home/ubuntu/isaacsim/kit/data/Kit/Isaac-Sim/5.1/7674058d-a5ef-457b-61399da4-1924f871.dmp'
2026-07-15T12:00:26Z [0ms] [Warning] [carb.crashreporter-breakpad.plugin] [previous crash] preventing upload of minidump due to user opt-out: '/home/ubuntu/isaacsim/kit/data/Kit/Isaac-Sim/5.1/0dbca6de-81d5-44e8-85c7eba5-c7ac64b6.dmp'
2026-07-15T12:00:26Z [0ms] [Warning] [carb.crashreporter-breakpad.plugin] [previous crash] preventing upload of minidump due to user opt-out: '/home/ubuntu/isaacsim/kit/data/Kit/Isaac-Sim/5.1/96b6ea33-a47b-4c84-2d7408a6-bc8b64a8.dmp'
2026-07-15T12:00:26Z [181ms] [Warning] [omni.platforminfo.plugin] failed to open the default display.  Can't verify X Server version.
2026-07-15T12:00:26Z [183ms] [Warning] [omni.usd_config.extension] Enable omni.materialx.libs extension to use MaterialX
2026-07-15T12:00:27Z [466ms] [Warning] [carb] Acquiring non optional plugin interface which is not listed as dependency: [omni::physx::IPhysxBenchmarks v1.0] (plugin: <default plugin>), by client: omni.physics.physx.plugin. Add it to CARB_PLUGIN_IMPL_DEPS() macro of a client.
2026-07-15T12:00:27Z [599ms] [Warning] [omni.isaac.dynamic_control] omni.isaac.dynamic_control is deprecated as of Isaac Sim 4.5. No action is needed from end-users.

|---------------------------------------------------------------------------------------------|
| Driver Version: 580.142       | Graphics API: Vulkan
|=============================================================================================|
| GPU | Name                             | Active | LDA | GPU Memory | Vendor-ID | LUID       |
|     |                                  |        |     |            | Device-ID | UUID       |
|     |                                  |        |     |            | Bus-ID    |            |
|---------------------------------------------------------------------------------------------|
| 0   | NVIDIA GeForce RTX 5090 D v2     | Yes: 0 |     | 24701   MB | 10de      | 0          |
|     |                                  |        |     |            | 2b8c      | 5f3d0dc0.. |
|     |                                  |        |     |            | 1         |            |
|=============================================================================================|
| OS: 24.04.3 LTS (Noble Numbat) ubuntu, Version: 24.04.3, Kernel: 6.17.0-1017-oem
| Processor: Intel(R) Core(TM) i9-14900K
| Cores: 24 | Logical Cores: 32
|---------------------------------------------------------------------------------------------|
| Total Memory (MB): 64063 | Free Memory: 53850
| Total Page/Swap (MB): 8191 | Free Page/Swap: 8191
|---------------------------------------------------------------------------------------------|
2026-07-15T12:00:29Z [2,353ms] [Warning] [gpu.foundation.plugin] CPU performance profile is set to powersave. This profile sets the CPU to the lowest frequency reducing performance.
[INFO][AppLauncher]: Using device: cuda:0
[INFO][AppLauncher]: Loading experience file: /home/ubuntu/workspace/IsaacLab/apps/isaaclab.python.headless.kit
{
  "output": "/home/ubuntu/workspace/physvla_sim/datasets/data_normalized/lamp_urdf/16237/fitr_info1.usd",
  "scale": 0.2176327279827187,
  "scale_layer": "/home/ubuntu/workspace/physvla_sim/datasets/data_normalized/lamp_urdf/16237/configuration/fitr_info1_base.usd",
  "joints": [
    {
      "joint": "/partnet_9c3646d9db630e1d6bab719bf4ec73ef/joints/joint_0",
      "drive": "angular",
      "damping": 116.4000015258789,
      "stiffness": 0.0,
      "max_force": 1.4550000429153442
    }
  ],
  "dynamics_layer": "/home/ubuntu/workspace/physvla_sim/datasets/data_normalized/lamp_urdf/16237/configuration/fitr_info1_physics.usd",
  "affordance_links": [
    "/partnet_9c3646d9db630e1d6bab719bf4ec73ef/link_0"
  ]
}
2026-07-15T12:00:29Z [2,361ms] [Warning] [gpu.foundation.plugin] IOMMU is enabled.
2026-07-15T12:00:29Z [2,482ms] [Warning] [omni.usd] Warning: in _ReportErrors at line 3172 of /builds/omniverse/usd-ci/USD/pxr/usd/usd/stage.cpp -- In </partnet_9c3646d9db630e1d6bab719bf4ec73ef/base/visuals>: Unresolved reference prim path @/home/ubuntu/workspace/physvla_sim/datasets/data_normalized/lamp_urdf/16237/configuration/fitr_info1_base.usd@</visuals/base> introduced by @/home/ubuntu/workspace/physvla_sim/datasets/data_normalized/lamp_urdf/16237/configuration/fitr_info1_base.usd@</partnet_9c3646d9db630e1d6bab719bf4ec73ef/base/visuals> (instantiating stage on stage @/home/ubuntu/workspace/physvla_sim/datasets/data_normalized/lamp_urdf/16237/configuration/fitr_info1_base.usd@ <0x3e3f81c0>)

2026-07-15T12:00:29Z [2,487ms] [Warning] [omni.usd] Warning: in _ReportErrors at line 3172 of /builds/omniverse/usd-ci/USD/pxr/usd/usd/stage.cpp -- In </partnet_9c3646d9db630e1d6bab719bf4ec73ef/base/visuals>: Unresolved reference prim path @/home/ubuntu/workspace/physvla_sim/datasets/data_normalized/lamp_urdf/16237/configuration/fitr_info1_physics.usd@</visuals/base> introduced by @/home/ubuntu/workspace/physvla_sim/datasets/data_normalized/lamp_urdf/16237/configuration/fitr_info1_base.usd@</partnet_9c3646d9db630e1d6bab719bf4ec73ef/base/visuals> (instantiating stage on stage @/home/ubuntu/workspace/physvla_sim/datasets/data_normalized/lamp_urdf/16237/configuration/fitr_info1_physics.usd@ <0x468ede20>)

2026-07-15T12:00:29Z [2,488ms] [Warning] [omni.usd] Warning: in _ReportErrors at line 3172 of /builds/omniverse/usd-ci/USD/pxr/usd/usd/stage.cpp -- In </partnet_9c3646d9db630e1d6bab719bf4ec73ef/base/visuals>: Unresolved reference prim path @/home/ubuntu/workspace/physvla_sim/datasets/data_normalized/lamp_urdf/16237/configuration/fitr_info1_physics.usd@</visuals/base> introduced by @/home/ubuntu/workspace/physvla_sim/datasets/data_normalized/lamp_urdf/16237/configuration/fitr_info1_base.usd@</partnet_9c3646d9db630e1d6bab719bf4ec73ef/base/visuals> (instantiating stage on stage @/home/ubuntu/workspace/physvla_sim/datasets/data_normalized/lamp_urdf/16237/fitr_info1.usd@ <0x3e3c9800>)

[OK] lamp_urdf/16237
[RUN] table_urdf/21467
Loading user config located at: '/home/ubuntu/isaacsim/kit/data/Kit/Isaac-Sim/5.1/user.config.json'
[Info] [carb] Logging to file: /home/ubuntu/isaacsim/kit/logs/Kit/Isaac-Sim/5.1/kit_20260715_200029.log
2026-07-15T12:00:29Z [0ms] [Warning] [carb.crashreporter-breakpad.plugin] [previous crash] preventing upload of minidump due to user opt-out: '/home/ubuntu/isaacsim/kit/data/Kit/Isaac-Sim/5.1/0d81a4fd-59cb-4157-42d97b80-310afb82.dmp'
2026-07-15T12:00:29Z [0ms] [Warning] [carb.crashreporter-breakpad.plugin] [previous crash] preventing upload of minidump due to user opt-out: '/home/ubuntu/isaacsim/kit/data/Kit/Isaac-Sim/5.1/7efeb785-3cdd-476a-8fc91ca3-38a85c81.dmp'
2026-07-15T12:00:29Z [0ms] [Warning] [carb.crashreporter-breakpad.plugin] [previous crash] preventing upload of minidump due to user opt-out: '/home/ubuntu/isaacsim/kit/data/Kit/Isaac-Sim/5.1/0ec06837-edee-4570-b459bb9b-e409ca73.dmp'
2026-07-15T12:00:29Z [0ms] [Warning] [carb.crashreporter-breakpad.plugin] [previous crash] preventing upload of minidump due to user opt-out: '/home/ubuntu/isaacsim/kit/data/Kit/Isaac-Sim/5.1/846da064-407f-481c-dab18ea9-9788aefc.dmp'
2026-07-15T12:00:29Z [0ms] [Warning] [carb.crashreporter-breakpad.plugin] [previous crash] preventing upload of minidump due to user opt-out: '/home/ubuntu/isaacsim/kit/data/Kit/Isaac-Sim/5.1/7674058d-a5ef-457b-61399da4-1924f871.dmp'
2026-07-15T12:00:29Z [1ms] [Warning] [carb.crashreporter-breakpad.plugin] [previous crash] preventing upload of minidump due to user opt-out: '/home/ubuntu/isaacsim/kit/data/Kit/Isaac-Sim/5.1/0dbca6de-81d5-44e8-85c7eba5-c7ac64b6.dmp'
2026-07-15T12:00:29Z [1ms] [Warning] [carb.crashreporter-breakpad.plugin] [previous crash] preventing upload of minidump due to user opt-out: '/home/ubuntu/isaacsim/kit/data/Kit/Isaac-Sim/5.1/96b6ea33-a47b-4c84-2d7408a6-bc8b64a8.dmp'
2026-07-15T12:00:29Z [182ms] [Warning] [omni.usd_config.extension] Enable omni.materialx.libs extension to use MaterialX
2026-07-15T12:00:29Z [185ms] [Warning] [omni.platforminfo.plugin] failed to open the default display.  Can't verify X Server version.
2026-07-15T12:00:30Z [455ms] [Warning] [carb] Acquiring non optional plugin interface which is not listed as dependency: [omni::physx::IPhysxBenchmarks v1.0] (plugin: <default plugin>), by client: omni.physics.physx.plugin. Add it to CARB_PLUGIN_IMPL_DEPS() macro of a client.
2026-07-15T12:00:30Z [589ms] [Warning] [omni.isaac.dynamic_control] omni.isaac.dynamic_control is deprecated as of Isaac Sim 4.5. No action is needed from end-users.

|---------------------------------------------------------------------------------------------|
| Driver Version: 580.142       | Graphics API: Vulkan
|=============================================================================================|
| GPU | Name                             | Active | LDA | GPU Memory | Vendor-ID | LUID       |
|     |                                  |        |     |            | Device-ID | UUID       |
|     |                                  |        |     |            | Bus-ID    |            |
|---------------------------------------------------------------------------------------------|
| 0   | NVIDIA GeForce RTX 5090 D v2     | Yes: 0 |     | 24701   MB | 10de      | 0          |
|     |                                  |        |     |            | 2b8c      | 5f3d0dc0.. |
|     |                                  |        |     |            | 1         |            |
|=============================================================================================|
| OS: 24.04.3 LTS (Noble Numbat) ubuntu, Version: 24.04.3, Kernel: 6.17.0-1017-oem
| Processor: Intel(R) Core(TM) i9-14900K
| Cores: 24 | Logical Cores: 32
|---------------------------------------------------------------------------------------------|
| Total Memory (MB): 64063 | Free Memory: 53879
| Total Page/Swap (MB): 8191 | Free Page/Swap: 8191
|---------------------------------------------------------------------------------------------|
2026-07-15T12:00:32Z [2,606ms] [Warning] [gpu.foundation.plugin] CPU performance profile is set to powersave. This profile sets the CPU to the lowest frequency reducing performance.
2026-07-15T12:00:32Z [2,614ms] [Warning] [gpu.foundation.plugin] IOMMU is enabled.
2026-07-15T12:00:32Z [2,763ms] [Warning] [carb.windowing-glfw.plugin] GLFW initialization failed.
2026-07-15T12:00:32Z [2,763ms] [Warning] [carb] Failed to startup plugin carb.windowing-glfw.plugin (interfaces: [carb::windowing::IGLContext v1.0],[carb::windowing::IWindowing v1.5]) (impl: carb.windowing-glfw.plugin)

|---------------------------------------------------------------------------------------------|
| Driver Version: 580.142       | Graphics API: Vulkan
|=============================================================================================|
| GPU | Name                             | Active | LDA | GPU Memory | Vendor-ID | LUID       |
|     |                                  |        |     |            | Device-ID | UUID       |
|     |                                  |        |     |            | Bus-ID    |            |
|---------------------------------------------------------------------------------------------|
| 0   | NVIDIA GeForce RTX 5090 D v2     | Yes: 0 |     | 24701   MB | 10de      | 0          |
|     |                                  |        |     |            | 2b8c      | 5f3d0dc0.. |
|     |                                  |        |     |            | 1         |            |
|=============================================================================================|
| OS: 24.04.3 LTS (Noble Numbat) ubuntu, Version: 24.04.3, Kernel: 6.17.0-1017-oem
| Processor: Intel(R) Core(TM) i9-14900K
| Cores: 24 | Logical Cores: 32
|---------------------------------------------------------------------------------------------|
| Total Memory (MB): 64063 | Free Memory: 53687
| Total Page/Swap (MB): 8191 | Free Page/Swap: 8191
|---------------------------------------------------------------------------------------------|
2026-07-15T12:00:32Z [2,994ms] [Warning] [gpu.foundation.plugin] CPU performance profile is set to powersave. This profile sets the CPU to the lowest frequency reducing performance.
2026-07-15T12:00:32Z [2,995ms] [Warning] [gpu.foundation.plugin] IOMMU is enabled.
2026-07-15T12:00:32Z [3,208ms] [Warning] [carb.windowing-glfw.plugin] GLFW initialization failed.
2026-07-15T12:00:32Z [3,208ms] [Warning] [carb] Failed to startup plugin carb.windowing-glfw.plugin (interfaces: [carb::windowing::IGLContext v1.0],[carb::windowing::IWindowing v1.5]) (impl: carb.windowing-glfw.plugin)
2026-07-15T12:00:32Z [3,221ms] [Warning] [carb.windowing-glfw.plugin] GLFW initialization failed.
2026-07-15T12:00:32Z [3,221ms] [Warning] [carb] Failed to startup plugin carb.windowing-glfw.plugin (interfaces: [carb::windowing::IGLContext v1.0],[carb::windowing::IWindowing v1.5]) (impl: carb.windowing-glfw.plugin)
2026-07-15T12:00:32Z [3,225ms] [Warning] [carb.windowing-glfw.plugin] GLFW initialization failed.
2026-07-15T12:00:32Z [3,225ms] [Warning] [carb] Failed to startup plugin carb.windowing-glfw.plugin (interfaces: [carb::windowing::IGLContext v1.0],[carb::windowing::IWindowing v1.5]) (impl: carb.windowing-glfw.plugin)
2026-07-15T12:00:32Z [3,230ms] [Warning] [carb.windowing-glfw.plugin] GLFW initialization failed.
2026-07-15T12:00:32Z [3,230ms] [Warning] [carb] Failed to startup plugin carb.windowing-glfw.plugin (interfaces: [carb::windowing::IGLContext v1.0],[carb::windowing::IWindowing v1.5]) (impl: carb.windowing-glfw.plugin)
2026-07-15T12:00:32Z [3,231ms] [Warning] [carb.windowing-glfw.plugin] GLFW initialization failed.
2026-07-15T12:00:32Z [3,231ms] [Warning] [carb] Failed to startup plugin carb.windowing-glfw.plugin (interfaces: [carb::windowing::IGLContext v1.0],[carb::windowing::IWindowing v1.5]) (impl: carb.windowing-glfw.plugin)
2026-07-15T12:00:32Z [3,232ms] [Warning] [carb.windowing-glfw.plugin] GLFW initialization failed.
2026-07-15T12:00:32Z [3,232ms] [Warning] [carb] Failed to startup plugin carb.windowing-glfw.plugin (interfaces: [carb::windowing::IGLContext v1.0],[carb::windowing::IWindowing v1.5]) (impl: carb.windowing-glfw.plugin)
2026-07-15T12:00:33Z [3,476ms] [Warning] [omni.graph.visualization.nodes._impl.extension] No Viewport Window to add omni.graph.visualization.nodes-2.1.3 scene to
2026-07-15T12:00:33Z [3,578ms] [Warning] [isaacsim.asset.importer.urdf] The path handle-45 is not a valid usd path, modifying to handle_45
2026-07-15T12:00:33Z [3,578ms] [Warning] [isaacsim.asset.importer.urdf] The path handle-45 is not a valid usd path, modifying to handle_45
2026-07-15T12:00:33Z [3,578ms] [Warning] [isaacsim.asset.importer.urdf] The path board-24 is not a valid usd path, modifying to board_24
2026-07-15T12:00:33Z [3,578ms] [Warning] [isaacsim.asset.importer.urdf] The path board-24 is not a valid usd path, modifying to board_24
2026-07-15T12:00:33Z [3,578ms] [Warning] [isaacsim.asset.importer.urdf] The path board-24 is not a valid usd path, modifying to board_24
2026-07-15T12:00:33Z [3,578ms] [Warning] [isaacsim.asset.importer.urdf] The path board-24 is not a valid usd path, modifying to board_24
2026-07-15T12:00:33Z [3,578ms] [Warning] [isaacsim.asset.importer.urdf] The path board-24 is not a valid usd path, modifying to board_24
2026-07-15T12:00:33Z [3,578ms] [Warning] [isaacsim.asset.importer.urdf] The path leg-32 is not a valid usd path, modifying to leg_32
2026-07-15T12:00:33Z [3,578ms] [Warning] [isaacsim.asset.importer.urdf] The path leg-33 is not a valid usd path, modifying to leg_33
2026-07-15T12:00:33Z [3,578ms] [Warning] [isaacsim.asset.importer.urdf] The path leg-34 is not a valid usd path, modifying to leg_34
2026-07-15T12:00:33Z [3,578ms] [Warning] [isaacsim.asset.importer.urdf] The path leg-35 is not a valid usd path, modifying to leg_35
2026-07-15T12:00:33Z [3,578ms] [Warning] [isaacsim.asset.importer.urdf] The path vertical_side_panel-38 is not a valid usd path, modifying to vertical_side_panel_38
2026-07-15T12:00:33Z [3,578ms] [Warning] [isaacsim.asset.importer.urdf] The path vertical_side_panel-39 is not a valid usd path, modifying to vertical_side_panel_39
2026-07-15T12:00:33Z [3,578ms] [Warning] [isaacsim.asset.importer.urdf] The path bar_stretcher-41 is not a valid usd path, modifying to bar_stretcher_41
2026-07-15T12:00:33Z [3,578ms] [Warning] [isaacsim.asset.importer.urdf] The path bar_stretcher-42 is not a valid usd path, modifying to bar_stretcher_42
2026-07-15T12:00:33Z [3,578ms] [Warning] [isaacsim.asset.importer.urdf] The path bar_stretcher-43 is not a valid usd path, modifying to bar_stretcher_43
2026-07-15T12:00:33Z [3,578ms] [Warning] [isaacsim.asset.importer.urdf] The path back_panel-53 is not a valid usd path, modifying to back_panel_53
2026-07-15T12:00:33Z [3,578ms] [Warning] [isaacsim.asset.importer.urdf] The path bar_stretcher-57 is not a valid usd path, modifying to bar_stretcher_57
2026-07-15T12:00:33Z [3,578ms] [Warning] [isaacsim.asset.importer.urdf] The path drawer_rails-55 is not a valid usd path, modifying to drawer_rails_55
2026-07-15T12:00:33Z [3,578ms] [Warning] [isaacsim.asset.importer.urdf] The path drawer_rails-55 is not a valid usd path, modifying to drawer_rails_55
2026-07-15T12:00:33Z [3,578ms] [Warning] [isaacsim.asset.importer.urdf] The path drawer_rails-56 is not a valid usd path, modifying to drawer_rails_56
2026-07-15T12:00:33Z [3,578ms] [Warning] [isaacsim.asset.importer.urdf] The path drawer_rails-56 is not a valid usd path, modifying to drawer_rails_56
2026-07-15T12:00:33Z [3,578ms] [Warning] [isaacsim.asset.importer.urdf] The path drawer_front-46 is not a valid usd path, modifying to drawer_front_46
2026-07-15T12:00:33Z [3,578ms] [Warning] [isaacsim.asset.importer.urdf] The path drawer_side-47 is not a valid usd path, modifying to drawer_side_47
2026-07-15T12:00:33Z [3,578ms] [Warning] [isaacsim.asset.importer.urdf] The path drawer_side-48 is not a valid usd path, modifying to drawer_side_48
2026-07-15T12:00:33Z [3,578ms] [Warning] [isaacsim.asset.importer.urdf] The path drawer_back-49 is not a valid usd path, modifying to drawer_back_49
2026-07-15T12:00:33Z [3,578ms] [Warning] [isaacsim.asset.importer.urdf] The path drawer_bottom-50 is not a valid usd path, modifying to drawer_bottom_50
2026-07-15T12:00:33Z [3,590ms] [Warning] [isaacsim.asset.importer.urdf] No mass specified for link base
2026-07-15T12:00:33Z [3,590ms] [Warning] [omni.usd] Warning: in _ReportErrors at line 3172 of /builds/omniverse/usd-ci/USD/pxr/usd/usd/stage.cpp -- In </partnet_37c932b30ce507c6510e28eb1584c355/base/visuals>: Unresolved reference prim path @/home/ubuntu/workspace/physvla_sim/datasets/data_normalized/table_urdf/21467/configuration/fitr_info1_physics.usd@</visuals/base> introduced by @/home/ubuntu/workspace/physvla_sim/datasets/data_normalized/table_urdf/21467/configuration/fitr_info1_base.usd@</partnet_37c932b30ce507c6510e28eb1584c355/base/visuals> (recomposing stage on stage @/home/ubuntu/workspace/physvla_sim/datasets/data_normalized/table_urdf/21467/configuration/fitr_info1_physics.usd@ <0x3db19b30>)

2026-07-15T12:00:33Z [3,590ms] [Warning] [omni.usd] Warning: in _ReportErrors at line 3172 of /builds/omniverse/usd-ci/USD/pxr/usd/usd/stage.cpp -- In </partnet_37c932b30ce507c6510e28eb1584c355/base/visuals>: Unresolved reference prim path @/home/ubuntu/workspace/physvla_sim/datasets/data_normalized/table_urdf/21467/fitr_info1.usd@</visuals/base> introduced by @/home/ubuntu/workspace/physvla_sim/datasets/data_normalized/table_urdf/21467/configuration/fitr_info1_base.usd@</partnet_37c932b30ce507c6510e28eb1584c355/base/visuals> (recomposing stage on stage @/home/ubuntu/workspace/physvla_sim/datasets/data_normalized/table_urdf/21467/fitr_info1.usd@ <0x3db05960>)

2026-07-15T12:00:33Z [3,590ms] [Warning] [omni.usd] Warning: in _ReportErrors at line 3172 of /builds/omniverse/usd-ci/USD/pxr/usd/usd/stage.cpp -- In </partnet_37c932b30ce507c6510e28eb1584c355/base/visuals>: Unresolved reference prim path @/home/ubuntu/workspace/physvla_sim/datasets/data_normalized/table_urdf/21467/fitr_info1.usd@</visuals/base> introduced by @/home/ubuntu/workspace/physvla_sim/datasets/data_normalized/table_urdf/21467/configuration/fitr_info1_base.usd@</partnet_37c932b30ce507c6510e28eb1584c355/base/visuals> (recomposing stage on stage @/home/ubuntu/workspace/physvla_sim/datasets/data_normalized/table_urdf/21467/fitr_info1.usd@ <0x3db01800>)

2026-07-15T12:00:33Z [3,590ms] [Warning] [omni.usd] Warning: in _ReportErrors at line 3172 of /builds/omniverse/usd-ci/USD/pxr/usd/usd/stage.cpp -- In </partnet_37c932b30ce507c6510e28eb1584c355/base/visuals>: Unresolved reference prim path @/home/ubuntu/workspace/physvla_sim/datasets/data_normalized/table_urdf/21467/configuration/fitr_info1_base.usd@</visuals/base> introduced by @/home/ubuntu/workspace/physvla_sim/datasets/data_normalized/table_urdf/21467/configuration/fitr_info1_base.usd@</partnet_37c932b30ce507c6510e28eb1584c355/base/visuals> (recomposing stage on stage @/home/ubuntu/workspace/physvla_sim/datasets/data_normalized/table_urdf/21467/configuration/fitr_info1_base.usd@ <0x3db22de0>)

2026-07-15T12:00:33Z [3,590ms] [Warning] [omni.usd] Warning: in _ReportErrors at line 3172 of /builds/omniverse/usd-ci/USD/pxr/usd/usd/stage.cpp -- In </partnet_37c932b30ce507c6510e28eb1584c355/base/visuals>: Unresolved reference prim path @/home/ubuntu/workspace/physvla_sim/datasets/data_normalized/table_urdf/21467/configuration/fitr_info1_physics.usd@</visuals/base> introduced by @/home/ubuntu/workspace/physvla_sim/datasets/data_normalized/table_urdf/21467/configuration/fitr_info1_base.usd@</partnet_37c932b30ce507c6510e28eb1584c355/base/visuals> (recomposing stage on stage @/home/ubuntu/workspace/physvla_sim/datasets/data_normalized/table_urdf/21467/configuration/fitr_info1_physics.usd@ <0x3db19b30>)

2026-07-15T12:00:33Z [3,590ms] [Warning] [omni.usd] Warning: in _ReportErrors at line 3172 of /builds/omniverse/usd-ci/USD/pxr/usd/usd/stage.cpp -- In </partnet_37c932b30ce507c6510e28eb1584c355/base/visuals>: Unresolved reference prim path @/home/ubuntu/workspace/physvla_sim/datasets/data_normalized/table_urdf/21467/fitr_info1.usd@</visuals/base> introduced by @/home/ubuntu/workspace/physvla_sim/datasets/data_normalized/table_urdf/21467/configuration/fitr_info1_base.usd@</partnet_37c932b30ce507c6510e28eb1584c355/base/visuals> (recomposing stage on stage @/home/ubuntu/workspace/physvla_sim/datasets/data_normalized/table_urdf/21467/fitr_info1.usd@ <0x3db05960>)

2026-07-15T12:00:33Z [3,590ms] [Warning] [omni.usd] Warning: in _ReportErrors at line 3172 of /builds/omniverse/usd-ci/USD/pxr/usd/usd/stage.cpp -- In </partnet_37c932b30ce507c6510e28eb1584c355/base/visuals>: Unresolved reference prim path @/home/ubuntu/workspace/physvla_sim/datasets/data_normalized/table_urdf/21467/fitr_info1.usd@</visuals/base> introduced by @/home/ubuntu/workspace/physvla_sim/datasets/data_normalized/table_urdf/21467/configuration/fitr_info1_base.usd@</partnet_37c932b30ce507c6510e28eb1584c355/base/visuals> (recomposing stage on stage @/home/ubuntu/workspace/physvla_sim/datasets/data_normalized/table_urdf/21467/fitr_info1.usd@ <0x3db01800>)

2026-07-15T12:00:33Z [3,590ms] [Warning] [omni.usd] Warning: in _ReportErrors at line 3172 of /builds/omniverse/usd-ci/USD/pxr/usd/usd/stage.cpp -- In </partnet_37c932b30ce507c6510e28eb1584c355/base/visuals>: Unresolved reference prim path @/home/ubuntu/workspace/physvla_sim/datasets/data_normalized/table_urdf/21467/configuration/fitr_info1_base.usd@</visuals/base> introduced by @/home/ubuntu/workspace/physvla_sim/datasets/data_normalized/table_urdf/21467/configuration/fitr_info1_base.usd@</partnet_37c932b30ce507c6510e28eb1584c355/base/visuals> (recomposing stage on stage @/home/ubuntu/workspace/physvla_sim/datasets/data_normalized/table_urdf/21467/configuration/fitr_info1_base.usd@ <0x3db22de0>)

2026-07-15T12:00:33Z [3,590ms] [Warning] [isaacsim.asset.importer.urdf] Link base has no colliders, and no inertia was imported; assigning a small isotropic inertia matrix
2026-07-15T12:00:33Z [3,591ms] [Warning] [isaacsim.asset.importer.urdf] No mass specified for link link_1
2026-07-15T12:00:33Z [3,823ms] [Warning] [isaacsim.asset.importer.urdf] No mass specified for link link_2
2026-07-15T12:00:33Z [3,874ms] [Warning] [isaacsim.asset.importer.urdf] No mass specified for link link_0
2026-07-15T12:00:33Z [3,910ms] [Warning] [omni.usd] Warning: in _ReportErrors at line 3172 of /builds/omniverse/usd-ci/USD/pxr/usd/usd/stage.cpp -- In </partnet_37c932b30ce507c6510e28eb1584c355/base/visuals>: Unresolved reference prim path @/home/ubuntu/workspace/physvla_sim/datasets/data_normalized/table_urdf/21467/configuration/fitr_info1_base.usd@</visuals/base> introduced by @/home/ubuntu/workspace/physvla_sim/datasets/data_normalized/table_urdf/21467/configuration/fitr_info1_base.usd@</partnet_37c932b30ce507c6510e28eb1584c355/base/visuals> (recomposing stage on stage @/home/ubuntu/workspace/physvla_sim/datasets/data_normalized/table_urdf/21467/fitr_info1.usd@ <0x3db05960>)

2026-07-15T12:00:33Z [3,911ms] [Warning] [omni.usd] Warning: in _ReportErrors at line 3172 of /builds/omniverse/usd-ci/USD/pxr/usd/usd/stage.cpp -- In </partnet_37c932b30ce507c6510e28eb1584c355/base/visuals>: Unresolved reference prim path @/home/ubuntu/workspace/physvla_sim/datasets/data_normalized/table_urdf/21467/configuration/fitr_info1_base.usd@</visuals/base> introduced by @/home/ubuntu/workspace/physvla_sim/datasets/data_normalized/table_urdf/21467/configuration/fitr_info1_base.usd@</partnet_37c932b30ce507c6510e28eb1584c355/base/visuals> (recomposing stage on stage @/home/ubuntu/workspace/physvla_sim/datasets/data_normalized/table_urdf/21467/fitr_info1.usd@ <0x3db01800>)

2026-07-15T12:00:33Z [3,913ms] [Warning] [omni.usd] Warning: in _ReportErrors at line 3172 of /builds/omniverse/usd-ci/USD/pxr/usd/usd/stage.cpp -- In </partnet_37c932b30ce507c6510e28eb1584c355/base/visuals>: Unresolved reference prim path @/home/ubuntu/workspace/physvla_sim/datasets/data_normalized/table_urdf/21467/configuration/fitr_info1_physics.usd@</visuals/base> introduced by @/home/ubuntu/workspace/physvla_sim/datasets/data_normalized/table_urdf/21467/configuration/fitr_info1_base.usd@</partnet_37c932b30ce507c6510e28eb1584c355/base/visuals> (recomposing stage on stage @/home/ubuntu/workspace/physvla_sim/datasets/data_normalized/table_urdf/21467/fitr_info1.usd@ <0x3db05960>)

2026-07-15T12:00:33Z [3,914ms] [Warning] [omni.usd] Warning: in _ReportErrors at line 3172 of /builds/omniverse/usd-ci/USD/pxr/usd/usd/stage.cpp -- In </partnet_37c932b30ce507c6510e28eb1584c355/base/visuals>: Unresolved reference prim path @/home/ubuntu/workspace/physvla_sim/datasets/data_normalized/table_urdf/21467/configuration/fitr_info1_physics.usd@</visuals/base> introduced by @/home/ubuntu/workspace/physvla_sim/datasets/data_normalized/table_urdf/21467/configuration/fitr_info1_base.usd@</partnet_37c932b30ce507c6510e28eb1584c355/base/visuals> (recomposing stage on stage @/home/ubuntu/workspace/physvla_sim/datasets/data_normalized/table_urdf/21467/fitr_info1.usd@ <0x3db01800>)

2026-07-15T12:00:33Z [3,915ms] [Warning] [omni.usd] Warning: in _ReportErrors at line 3172 of /builds/omniverse/usd-ci/USD/pxr/usd/usd/stage.cpp -- In </partnet_37c932b30ce507c6510e28eb1584c355/base/visuals>: Unresolved reference prim path @/home/ubuntu/workspace/physvla_sim/datasets/data_normalized/table_urdf/21467/configuration/fitr_info1_physics.usd@</visuals/base> introduced by @/home/ubuntu/workspace/physvla_sim/datasets/data_normalized/table_urdf/21467/configuration/fitr_info1_base.usd@</partnet_37c932b30ce507c6510e28eb1584c355/base/visuals> (recomposing stage on stage @/home/ubuntu/workspace/physvla_sim/datasets/data_normalized/table_urdf/21467/fitr_info1.usd@ <0x3db05960>)

2026-07-15T12:00:33Z [3,917ms] [Warning] [omni.usd] Warning: in _ReportErrors at line 3172 of /builds/omniverse/usd-ci/USD/pxr/usd/usd/stage.cpp -- In </partnet_37c932b30ce507c6510e28eb1584c355/base/visuals>: Unresolved reference prim path @/home/ubuntu/workspace/physvla_sim/datasets/data_normalized/table_urdf/21467/configuration/fitr_info1_physics.usd@</visuals/base> introduced by @/home/ubuntu/workspace/physvla_sim/datasets/data_normalized/table_urdf/21467/configuration/fitr_info1_base.usd@</partnet_37c932b30ce507c6510e28eb1584c355/base/visuals> (recomposing stage on stage @/home/ubuntu/workspace/physvla_sim/datasets/data_normalized/table_urdf/21467/fitr_info1.usd@ <0x3db01800>)

2026-07-15T12:00:33Z [3,918ms] [Warning] [omni.usd] Warning: in _ReportErrors at line 3172 of /builds/omniverse/usd-ci/USD/pxr/usd/usd/stage.cpp -- In </partnet_37c932b30ce507c6510e28eb1584c355/base/visuals>: Unresolved reference prim path @/home/ubuntu/workspace/physvla_sim/datasets/data_normalized/table_urdf/21467/configuration/fitr_info1_physics.usd@</visuals/base> introduced by @/home/ubuntu/workspace/physvla_sim/datasets/data_normalized/table_urdf/21467/configuration/fitr_info1_base.usd@</partnet_37c932b30ce507c6510e28eb1584c355/base/visuals> (recomposing stage on stage @/home/ubuntu/workspace/physvla_sim/datasets/data_normalized/table_urdf/21467/fitr_info1.usd@ <0x3db05960>)

2026-07-15T12:00:33Z [3,920ms] [Warning] [omni.usd] Warning: in _ReportErrors at line 3172 of /builds/omniverse/usd-ci/USD/pxr/usd/usd/stage.cpp -- In </partnet_37c932b30ce507c6510e28eb1584c355/base/visuals>: Unresolved reference prim path @/home/ubuntu/workspace/physvla_sim/datasets/data_normalized/table_urdf/21467/configuration/fitr_info1_physics.usd@</visuals/base> introduced by @/home/ubuntu/workspace/physvla_sim/datasets/data_normalized/table_urdf/21467/configuration/fitr_info1_base.usd@</partnet_37c932b30ce507c6510e28eb1584c355/base/visuals> (recomposing stage on stage @/home/ubuntu/workspace/physvla_sim/datasets/data_normalized/table_urdf/21467/fitr_info1.usd@ <0x3db01800>)

2026-07-15T12:00:33Z [3,921ms] [Warning] [omni.usd] Warning: in _ReportErrors at line 3172 of /builds/omniverse/usd-ci/USD/pxr/usd/usd/stage.cpp -- In </partnet_37c932b30ce507c6510e28eb1584c355/base/visuals>: Unresolved reference prim path @/home/ubuntu/workspace/physvla_sim/datasets/data_normalized/table_urdf/21467/configuration/fitr_info1_physics.usd@</visuals/base> introduced by @/home/ubuntu/workspace/physvla_sim/datasets/data_normalized/table_urdf/21467/configuration/fitr_info1_base.usd@</partnet_37c932b30ce507c6510e28eb1584c355/base/visuals> (recomposing stage on stage @/home/ubuntu/workspace/physvla_sim/datasets/data_normalized/table_urdf/21467/fitr_info1.usd@ <0x3db05960>)

2026-07-15T12:00:33Z [3,922ms] [Warning] [omni.usd] Warning: in _ReportErrors at line 3172 of /builds/omniverse/usd-ci/USD/pxr/usd/usd/stage.cpp -- In </partnet_37c932b30ce507c6510e28eb1584c355/base/visuals>: Unresolved reference prim path @/home/ubuntu/workspace/physvla_sim/datasets/data_normalized/table_urdf/21467/configuration/fitr_info1_physics.usd@</visuals/base> introduced by @/home/ubuntu/workspace/physvla_sim/datasets/data_normalized/table_urdf/21467/configuration/fitr_info1_base.usd@</partnet_37c932b30ce507c6510e28eb1584c355/base/visuals> (recomposing stage on stage @/home/ubuntu/workspace/physvla_sim/datasets/data_normalized/table_urdf/21467/fitr_info1.usd@ <0x3db01800>)

2026-07-15T12:00:33Z [3,924ms] [Warning] [omni.usd] Warning: in _ReportErrors at line 3172 of /builds/omniverse/usd-ci/USD/pxr/usd/usd/stage.cpp -- In </partnet_37c932b30ce507c6510e28eb1584c355/base/visuals>: Unresolved reference prim path @/home/ubuntu/workspace/physvla_sim/datasets/data_normalized/table_urdf/21467/configuration/fitr_info1_physics.usd@</visuals/base> introduced by @/home/ubuntu/workspace/physvla_sim/datasets/data_normalized/table_urdf/21467/configuration/fitr_info1_base.usd@</partnet_37c932b30ce507c6510e28eb1584c355/base/visuals> (recomposing stage on stage @/home/ubuntu/workspace/physvla_sim/datasets/data_normalized/table_urdf/21467/fitr_info1.usd@ <0x3db05960>)

2026-07-15T12:00:33Z [3,925ms] [Warning] [omni.usd] Warning: in _ReportErrors at line 3172 of /builds/omniverse/usd-ci/USD/pxr/usd/usd/stage.cpp -- In </partnet_37c932b30ce507c6510e28eb1584c355/base/visuals>: Unresolved reference prim path @/home/ubuntu/workspace/physvla_sim/datasets/data_normalized/table_urdf/21467/configuration/fitr_info1_physics.usd@</visuals/base> introduced by @/home/ubuntu/workspace/physvla_sim/datasets/data_normalized/table_urdf/21467/configuration/fitr_info1_base.usd@</partnet_37c932b30ce507c6510e28eb1584c355/base/visuals> (recomposing stage on stage @/home/ubuntu/workspace/physvla_sim/datasets/data_normalized/table_urdf/21467/fitr_info1.usd@ <0x3db01800>)

2026-07-15T12:00:33Z [3,927ms] [Warning] [omni.usd] Warning: in _ReportErrors at line 3172 of /builds/omniverse/usd-ci/USD/pxr/usd/usd/stage.cpp -- In </partnet_37c932b30ce507c6510e28eb1584c355/base/visuals>: Unresolved reference prim path @/home/ubuntu/workspace/physvla_sim/datasets/data_normalized/table_urdf/21467/configuration/fitr_info1_physics.usd@</visuals/base> introduced by @/home/ubuntu/workspace/physvla_sim/datasets/data_normalized/table_urdf/21467/configuration/fitr_info1_base.usd@</partnet_37c932b30ce507c6510e28eb1584c355/base/visuals> (recomposing stage on stage @/home/ubuntu/workspace/physvla_sim/datasets/data_normalized/table_urdf/21467/fitr_info1.usd@ <0x3db05960>)

2026-07-15T12:00:33Z [3,928ms] [Warning] [omni.usd] Warning: in _ReportErrors at line 3172 of /builds/omniverse/usd-ci/USD/pxr/usd/usd/stage.cpp -- In </partnet_37c932b30ce507c6510e28eb1584c355/base/visuals>: Unresolved reference prim path @/home/ubuntu/workspace/physvla_sim/datasets/data_normalized/table_urdf/21467/configuration/fitr_info1_physics.usd@</visuals/base> introduced by @/home/ubuntu/workspace/physvla_sim/datasets/data_normalized/table_urdf/21467/configuration/fitr_info1_base.usd@</partnet_37c932b30ce507c6510e28eb1584c355/base/visuals> (recomposing stage on stage @/home/ubuntu/workspace/physvla_sim/datasets/data_normalized/table_urdf/21467/fitr_info1.usd@ <0x3db01800>)

2026-07-15T12:00:33Z [3,930ms] [Warning] [omni.usd] Warning: in _ReportErrors at line 3172 of /builds/omniverse/usd-ci/USD/pxr/usd/usd/stage.cpp -- In </partnet_37c932b30ce507c6510e28eb1584c355/base/visuals>: Unresolved reference prim path @/home/ubuntu/workspace/physvla_sim/datasets/data_normalized/table_urdf/21467/configuration/fitr_info1_physics.usd@</visuals/base> introduced by @/home/ubuntu/workspace/physvla_sim/datasets/data_normalized/table_urdf/21467/configuration/fitr_info1_base.usd@</partnet_37c932b30ce507c6510e28eb1584c355/base/visuals> (recomposing stage on stage @/home/ubuntu/workspace/physvla_sim/datasets/data_normalized/table_urdf/21467/fitr_info1.usd@ <0x3db05960>)

2026-07-15T12:00:33Z [3,931ms] [Warning] [omni.usd] Warning: in _ReportErrors at line 3172 of /builds/omniverse/usd-ci/USD/pxr/usd/usd/stage.cpp -- In </partnet_37c932b30ce507c6510e28eb1584c355/base/visuals>: Unresolved reference prim path @/home/ubuntu/workspace/physvla_sim/datasets/data_normalized/table_urdf/21467/configuration/fitr_info1_physics.usd@</visuals/base> introduced by @/home/ubuntu/workspace/physvla_sim/datasets/data_normalized/table_urdf/21467/configuration/fitr_info1_base.usd@</partnet_37c932b30ce507c6510e28eb1584c355/base/visuals> (recomposing stage on stage @/home/ubuntu/workspace/physvla_sim/datasets/data_normalized/table_urdf/21467/fitr_info1.usd@ <0x3db01800>)

Traceback (most recent call last):
  File "/home/ubuntu/workspace/physvla_sim/Augment_code/dyn/author_info1_usd.py", line 286, in <module>
    main()
  File "/home/ubuntu/workspace/physvla_sim/Augment_code/dyn/author_info1_usd.py", line 216, in main
    joint_name = resolve_joint_name(asset_dir, data)
                 ^^^^^^^^^^^^^^^^^^^^^^^^^^^^^^^^^^^
  File "/home/ubuntu/workspace/physvla_sim/Augment_code/dyn/author_info1_usd.py", line 85, in resolve_joint_name
    raise ValueError(
ValueError: Cannot map info1 joint_1 to one prismatic joint for link drawer_front; candidates=[]
Loading user config located at: '/home/ubuntu/isaacsim/kit/data/Kit/Isaac-Sim/5.1/user.config.json'
[Info] [carb] Logging to file: /home/ubuntu/isaacsim/kit/logs/Kit/Isaac-Sim/5.1/kit_20260715_200034.log
2026-07-15T12:00:34Z [0ms] [Warning] [carb.crashreporter-breakpad.plugin] [previous crash] preventing upload of minidump due to user opt-out: '/home/ubuntu/isaacsim/kit/data/Kit/Isaac-Sim/5.1/0d81a4fd-59cb-4157-42d97b80-310afb82.dmp'
2026-07-15T12:00:34Z [0ms] [Warning] [carb.crashreporter-breakpad.plugin] [previous crash] preventing upload of minidump due to user opt-out: '/home/ubuntu/isaacsim/kit/data/Kit/Isaac-Sim/5.1/7efeb785-3cdd-476a-8fc91ca3-38a85c81.dmp'
2026-07-15T12:00:34Z [0ms] [Warning] [carb.crashreporter-breakpad.plugin] [previous crash] preventing upload of minidump due to user opt-out: '/home/ubuntu/isaacsim/kit/data/Kit/Isaac-Sim/5.1/0ec06837-edee-4570-b459bb9b-e409ca73.dmp'
2026-07-15T12:00:34Z [0ms] [Warning] [carb.crashreporter-breakpad.plugin] [previous crash] preventing upload of minidump due to user opt-out: '/home/ubuntu/isaacsim/kit/data/Kit/Isaac-Sim/5.1/846da064-407f-481c-dab18ea9-9788aefc.dmp'
2026-07-15T12:00:34Z [1ms] [Warning] [carb.crashreporter-breakpad.plugin] [previous crash] preventing upload of minidump due to user opt-out: '/home/ubuntu/isaacsim/kit/data/Kit/Isaac-Sim/5.1/7674058d-a5ef-457b-61399da4-1924f871.dmp'
2026-07-15T12:00:34Z [1ms] [Warning] [carb.crashreporter-breakpad.plugin] [previous crash] preventing upload of minidump due to user opt-out: '/home/ubuntu/isaacsim/kit/data/Kit/Isaac-Sim/5.1/0dbca6de-81d5-44e8-85c7eba5-c7ac64b6.dmp'
2026-07-15T12:00:34Z [1ms] [Warning] [carb.crashreporter-breakpad.plugin] [previous crash] preventing upload of minidump due to user opt-out: '/home/ubuntu/isaacsim/kit/data/Kit/Isaac-Sim/5.1/96b6ea33-a47b-4c84-2d7408a6-bc8b64a8.dmp'
2026-07-15T12:00:34Z [184ms] [Warning] [omni.platforminfo.plugin] failed to open the default display.  Can't verify X Server version.
2026-07-15T12:00:34Z [185ms] [Warning] [omni.usd_config.extension] Enable omni.materialx.libs extension to use MaterialX
2026-07-15T12:00:34Z [460ms] [Warning] [carb] Acquiring non optional plugin interface which is not listed as dependency: [omni::physx::IPhysxBenchmarks v1.0] (plugin: <default plugin>), by client: omni.physics.physx.plugin. Add it to CARB_PLUGIN_IMPL_DEPS() macro of a client.
2026-07-15T12:00:34Z [592ms] [Warning] [omni.isaac.dynamic_control] omni.isaac.dynamic_control is deprecated as of Isaac Sim 4.5. No action is needed from end-users.

|---------------------------------------------------------------------------------------------|
| Driver Version: 580.142       | Graphics API: Vulkan
|=============================================================================================|
| GPU | Name                             | Active | LDA | GPU Memory | Vendor-ID | LUID       |
|     |                                  |        |     |            | Device-ID | UUID       |
|     |                                  |        |     |            | Bus-ID    |            |
|---------------------------------------------------------------------------------------------|
| 0   | NVIDIA GeForce RTX 5090 D v2     | Yes: 0 |     | 24701   MB | 10de      | 0          |
|     |                                  |        |     |            | 2b8c      | 5f3d0dc0.. |
|     |                                  |        |     |            | 1         |            |
|=============================================================================================|
| OS: 24.04.3 LTS (Noble Numbat) ubuntu, Version: 24.04.3, Kernel: 6.17.0-1017-oem
| Processor: Intel(R) Core(TM) i9-14900K
| Cores: 24 | Logical Cores: 32
|---------------------------------------------------------------------------------------------|
| Total Memory (MB): 64063 | Free Memory: 53859
| Total Page/Swap (MB): 8191 | Free Page/Swap: 8191
|---------------------------------------------------------------------------------------------|
2026-07-15T12:00:36Z [2,584ms] [Warning] [gpu.foundation.plugin] CPU performance profile is set to powersave. This profile sets the CPU to the lowest frequency reducing performance.
[INFO][AppLauncher]: Using device: cuda:0
[INFO][AppLauncher]: Loading experience file: /home/ubuntu/workspace/IsaacLab/apps/isaaclab.python.headless.kit
2026-07-15T12:00:36Z [2,592ms] [Warning] [gpu.foundation.plugin] IOMMU is enabled.
2026-07-15T12:00:36Z [2,715ms] [Warning] [omni.usd] Warning: in _ReportErrors at line 3172 of /builds/omniverse/usd-ci/USD/pxr/usd/usd/stage.cpp -- In </partnet_37c932b30ce507c6510e28eb1584c355/base/visuals>: Unresolved reference prim path @/home/ubuntu/workspace/physvla_sim/datasets/data_normalized/table_urdf/21467/configuration/fitr_info1_base.usd@</visuals/base> introduced by @/home/ubuntu/workspace/physvla_sim/datasets/data_normalized/table_urdf/21467/configuration/fitr_info1_base.usd@</partnet_37c932b30ce507c6510e28eb1584c355/base/visuals> (instantiating stage on stage @/home/ubuntu/workspace/physvla_sim/datasets/data_normalized/table_urdf/21467/configuration/fitr_info1_base.usd@ <0x301f7340>)

2026-07-15T12:00:36Z [2,721ms] [Warning] [omni.usd] Warning: in _ReportErrors at line 3172 of /builds/omniverse/usd-ci/USD/pxr/usd/usd/stage.cpp -- In </partnet_37c932b30ce507c6510e28eb1584c355/base/visuals>: Unresolved reference prim path @/home/ubuntu/workspace/physvla_sim/datasets/data_normalized/table_urdf/21467/configuration/fitr_info1_physics.usd@</visuals/base> introduced by @/home/ubuntu/workspace/physvla_sim/datasets/data_normalized/table_urdf/21467/configuration/fitr_info1_base.usd@</partnet_37c932b30ce507c6510e28eb1584c355/base/visuals> (instantiating stage on stage @/home/ubuntu/workspace/physvla_sim/datasets/data_normalized/table_urdf/21467/configuration/fitr_info1_physics.usd@ <0x21776020>)

2026-07-15T12:00:36Z [2,727ms] [Warning] [omni.physx.plugin] USD stage detach not called, holding a loose ptr to a stage!
2026-07-15T12:00:36Z [2,880ms] [Warning] [carb] Recursive unloadAllPlugins() detected!
Traceback (most recent call last):
  File "/home/ubuntu/workspace/physvla_sim/Augment_code/dyn/generate_asset_usd.py", line 197, in <module>
    main()
  File "/home/ubuntu/workspace/physvla_sim/Augment_code/dyn/generate_asset_usd.py", line 190, in main
    validate_author_output(asset_dir, args.output_name, author_result.stdout)
  File "/home/ubuntu/workspace/physvla_sim/Augment_code/dyn/generate_asset_usd.py", line 93, in validate_author_output
    raise RuntimeError("Author did not emit verified joint output")
RuntimeError: Author did not emit verified joint output
[FAILED] table_urdf/21467
[RUN] table_urdf/23372
Loading user config located at: '/home/ubuntu/isaacsim/kit/data/Kit/Isaac-Sim/5.1/user.config.json'
[Info] [carb] Logging to file: /home/ubuntu/isaacsim/kit/logs/Kit/Isaac-Sim/5.1/kit_20260715_200037.log
2026-07-15T12:00:37Z [0ms] [Warning] [carb.crashreporter-breakpad.plugin] [previous crash] preventing upload of minidump due to user opt-out: '/home/ubuntu/isaacsim/kit/data/Kit/Isaac-Sim/5.1/0d81a4fd-59cb-4157-42d97b80-310afb82.dmp'
2026-07-15T12:00:37Z [0ms] [Warning] [carb.crashreporter-breakpad.plugin] [previous crash] preventing upload of minidump due to user opt-out: '/home/ubuntu/isaacsim/kit/data/Kit/Isaac-Sim/5.1/7efeb785-3cdd-476a-8fc91ca3-38a85c81.dmp'
2026-07-15T12:00:37Z [0ms] [Warning] [carb.crashreporter-breakpad.plugin] [previous crash] preventing upload of minidump due to user opt-out: '/home/ubuntu/isaacsim/kit/data/Kit/Isaac-Sim/5.1/0ec06837-edee-4570-b459bb9b-e409ca73.dmp'
2026-07-15T12:00:37Z [0ms] [Warning] [carb.crashreporter-breakpad.plugin] [previous crash] preventing upload of minidump due to user opt-out: '/home/ubuntu/isaacsim/kit/data/Kit/Isaac-Sim/5.1/846da064-407f-481c-dab18ea9-9788aefc.dmp'
2026-07-15T12:00:37Z [0ms] [Warning] [carb.crashreporter-breakpad.plugin] [previous crash] preventing upload of minidump due to user opt-out: '/home/ubuntu/isaacsim/kit/data/Kit/Isaac-Sim/5.1/7674058d-a5ef-457b-61399da4-1924f871.dmp'
2026-07-15T12:00:37Z [1ms] [Warning] [carb.crashreporter-breakpad.plugin] [previous crash] preventing upload of minidump due to user opt-out: '/home/ubuntu/isaacsim/kit/data/Kit/Isaac-Sim/5.1/0dbca6de-81d5-44e8-85c7eba5-c7ac64b6.dmp'
2026-07-15T12:00:37Z [1ms] [Warning] [carb.crashreporter-breakpad.plugin] [previous crash] preventing upload of minidump due to user opt-out: '/home/ubuntu/isaacsim/kit/data/Kit/Isaac-Sim/5.1/96b6ea33-a47b-4c84-2d7408a6-bc8b64a8.dmp'
2026-07-15T12:00:37Z [183ms] [Warning] [omni.usd_config.extension] Enable omni.materialx.libs extension to use MaterialX
2026-07-15T12:00:37Z [191ms] [Warning] [omni.platforminfo.plugin] failed to open the default display.  Can't verify X Server version.
2026-07-15T12:00:37Z [462ms] [Warning] [carb] Acquiring non optional plugin interface which is not listed as dependency: [omni::physx::IPhysxBenchmarks v1.0] (plugin: <default plugin>), by client: omni.physics.physx.plugin. Add it to CARB_PLUGIN_IMPL_DEPS() macro of a client.
2026-07-15T12:00:37Z [598ms] [Warning] [omni.isaac.dynamic_control] omni.isaac.dynamic_control is deprecated as of Isaac Sim 4.5. No action is needed from end-users.

|---------------------------------------------------------------------------------------------|
| Driver Version: 580.142       | Graphics API: Vulkan
|=============================================================================================|
| GPU | Name                             | Active | LDA | GPU Memory | Vendor-ID | LUID       |
|     |                                  |        |     |            | Device-ID | UUID       |
|     |                                  |        |     |            | Bus-ID    |            |
|---------------------------------------------------------------------------------------------|
| 0   | NVIDIA GeForce RTX 5090 D v2     | Yes: 0 |     | 24701   MB | 10de      | 0          |
|     |                                  |        |     |            | 2b8c      | 5f3d0dc0.. |
|     |                                  |        |     |            | 1         |            |
|=============================================================================================|
| OS: 24.04.3 LTS (Noble Numbat) ubuntu, Version: 24.04.3, Kernel: 6.17.0-1017-oem
| Processor: Intel(R) Core(TM) i9-14900K
| Cores: 24 | Logical Cores: 32
|---------------------------------------------------------------------------------------------|
| Total Memory (MB): 64063 | Free Memory: 53874
| Total Page/Swap (MB): 8191 | Free Page/Swap: 8191
|---------------------------------------------------------------------------------------------|
2026-07-15T12:00:39Z [2,580ms] [Warning] [gpu.foundation.plugin] CPU performance profile is set to powersave. This profile sets the CPU to the lowest frequency reducing performance.
2026-07-15T12:00:39Z [2,588ms] [Warning] [gpu.foundation.plugin] IOMMU is enabled.
2026-07-15T12:00:39Z [2,721ms] [Warning] [carb.windowing-glfw.plugin] GLFW initialization failed.
2026-07-15T12:00:39Z [2,721ms] [Warning] [carb] Failed to startup plugin carb.windowing-glfw.plugin (interfaces: [carb::windowing::IGLContext v1.0],[carb::windowing::IWindowing v1.5]) (impl: carb.windowing-glfw.plugin)

|---------------------------------------------------------------------------------------------|
| Driver Version: 580.142       | Graphics API: Vulkan
|=============================================================================================|
| GPU | Name                             | Active | LDA | GPU Memory | Vendor-ID | LUID       |
|     |                                  |        |     |            | Device-ID | UUID       |
|     |                                  |        |     |            | Bus-ID    |            |
|---------------------------------------------------------------------------------------------|
| 0   | NVIDIA GeForce RTX 5090 D v2     | Yes: 0 |     | 24701   MB | 10de      | 0          |
|     |                                  |        |     |            | 2b8c      | 5f3d0dc0.. |
|     |                                  |        |     |            | 1         |            |
|=============================================================================================|
| OS: 24.04.3 LTS (Noble Numbat) ubuntu, Version: 24.04.3, Kernel: 6.17.0-1017-oem
| Processor: Intel(R) Core(TM) i9-14900K
| Cores: 24 | Logical Cores: 32
|---------------------------------------------------------------------------------------------|
| Total Memory (MB): 64063 | Free Memory: 53644
| Total Page/Swap (MB): 8191 | Free Page/Swap: 8191
|---------------------------------------------------------------------------------------------|
2026-07-15T12:00:40Z [2,952ms] [Warning] [gpu.foundation.plugin] CPU performance profile is set to powersave. This profile sets the CPU to the lowest frequency reducing performance.
2026-07-15T12:00:40Z [2,952ms] [Warning] [gpu.foundation.plugin] IOMMU is enabled.
2026-07-15T12:00:40Z [3,156ms] [Warning] [carb.windowing-glfw.plugin] GLFW initialization failed.
2026-07-15T12:00:40Z [3,156ms] [Warning] [carb] Failed to startup plugin carb.windowing-glfw.plugin (interfaces: [carb::windowing::IGLContext v1.0],[carb::windowing::IWindowing v1.5]) (impl: carb.windowing-glfw.plugin)
2026-07-15T12:00:40Z [3,168ms] [Warning] [carb.windowing-glfw.plugin] GLFW initialization failed.
2026-07-15T12:00:40Z [3,168ms] [Warning] [carb] Failed to startup plugin carb.windowing-glfw.plugin (interfaces: [carb::windowing::IGLContext v1.0],[carb::windowing::IWindowing v1.5]) (impl: carb.windowing-glfw.plugin)
2026-07-15T12:00:40Z [3,173ms] [Warning] [carb.windowing-glfw.plugin] GLFW initialization failed.
2026-07-15T12:00:40Z [3,173ms] [Warning] [carb] Failed to startup plugin carb.windowing-glfw.plugin (interfaces: [carb::windowing::IGLContext v1.0],[carb::windowing::IWindowing v1.5]) (impl: carb.windowing-glfw.plugin)
2026-07-15T12:00:40Z [3,177ms] [Warning] [carb.windowing-glfw.plugin] GLFW initialization failed.
2026-07-15T12:00:40Z [3,177ms] [Warning] [carb] Failed to startup plugin carb.windowing-glfw.plugin (interfaces: [carb::windowing::IGLContext v1.0],[carb::windowing::IWindowing v1.5]) (impl: carb.windowing-glfw.plugin)
2026-07-15T12:00:40Z [3,178ms] [Warning] [carb.windowing-glfw.plugin] GLFW initialization failed.
2026-07-15T12:00:40Z [3,178ms] [Warning] [carb] Failed to startup plugin carb.windowing-glfw.plugin (interfaces: [carb::windowing::IGLContext v1.0],[carb::windowing::IWindowing v1.5]) (impl: carb.windowing-glfw.plugin)
2026-07-15T12:00:40Z [3,179ms] [Warning] [carb.windowing-glfw.plugin] GLFW initialization failed.
2026-07-15T12:00:40Z [3,179ms] [Warning] [carb] Failed to startup plugin carb.windowing-glfw.plugin (interfaces: [carb::windowing::IGLContext v1.0],[carb::windowing::IWindowing v1.5]) (impl: carb.windowing-glfw.plugin)
2026-07-15T12:00:40Z [3,423ms] [Warning] [omni.graph.visualization.nodes._impl.extension] No Viewport Window to add omni.graph.visualization.nodes-2.1.3 scene to
2026-07-15T12:00:40Z [3,501ms] [Warning] [isaacsim.asset.importer.urdf] The path drawer_front-52 is not a valid usd path, modifying to drawer_front_52
2026-07-15T12:00:40Z [3,501ms] [Warning] [isaacsim.asset.importer.urdf] The path drawer_side-53 is not a valid usd path, modifying to drawer_side_53
2026-07-15T12:00:40Z [3,501ms] [Warning] [isaacsim.asset.importer.urdf] The path drawer_side-54 is not a valid usd path, modifying to drawer_side_54
2026-07-15T12:00:40Z [3,501ms] [Warning] [isaacsim.asset.importer.urdf] The path drawer_back-55 is not a valid usd path, modifying to drawer_back_55
2026-07-15T12:00:40Z [3,501ms] [Warning] [isaacsim.asset.importer.urdf] The path drawer_bottom-56 is not a valid usd path, modifying to drawer_bottom_56
2026-07-15T12:00:40Z [3,501ms] [Warning] [isaacsim.asset.importer.urdf] The path handle-51 is not a valid usd path, modifying to handle_51
2026-07-15T12:00:40Z [3,501ms] [Warning] [isaacsim.asset.importer.urdf] The path drawer_front-45 is not a valid usd path, modifying to drawer_front_45
2026-07-15T12:00:40Z [3,501ms] [Warning] [isaacsim.asset.importer.urdf] The path drawer_side-46 is not a valid usd path, modifying to drawer_side_46
2026-07-15T12:00:40Z [3,501ms] [Warning] [isaacsim.asset.importer.urdf] The path drawer_side-47 is not a valid usd path, modifying to drawer_side_47
2026-07-15T12:00:40Z [3,501ms] [Warning] [isaacsim.asset.importer.urdf] The path drawer_back-48 is not a valid usd path, modifying to drawer_back_48
2026-07-15T12:00:40Z [3,501ms] [Warning] [isaacsim.asset.importer.urdf] The path drawer_bottom-49 is not a valid usd path, modifying to drawer_bottom_49
2026-07-15T12:00:40Z [3,501ms] [Warning] [isaacsim.asset.importer.urdf] The path handle-44 is not a valid usd path, modifying to handle_44
2026-07-15T12:00:40Z [3,501ms] [Warning] [isaacsim.asset.importer.urdf] The path cabinet_door_surface-19 is not a valid usd path, modifying to cabinet_door_surface_19
2026-07-15T12:00:40Z [3,501ms] [Warning] [isaacsim.asset.importer.urdf] The path cabinet_door_surface-19 is not a valid usd path, modifying to cabinet_door_surface_19
2026-07-15T12:00:40Z [3,501ms] [Warning] [isaacsim.asset.importer.urdf] The path cabinet_door_surface-19 is not a valid usd path, modifying to cabinet_door_surface_19
2026-07-15T12:00:40Z [3,501ms] [Warning] [isaacsim.asset.importer.urdf] The path cabinet_door_surface-19 is not a valid usd path, modifying to cabinet_door_surface_19
2026-07-15T12:00:40Z [3,501ms] [Warning] [isaacsim.asset.importer.urdf] The path cabinet_door_surface-19 is not a valid usd path, modifying to cabinet_door_surface_19
2026-07-15T12:00:40Z [3,501ms] [Warning] [isaacsim.asset.importer.urdf] The path handle-20 is not a valid usd path, modifying to handle_20
2026-07-15T12:00:40Z [3,501ms] [Warning] [isaacsim.asset.importer.urdf] The path hinge-57 is not a valid usd path, modifying to hinge_57
2026-07-15T12:00:40Z [3,501ms] [Warning] [isaacsim.asset.importer.urdf] The path hinge-57 is not a valid usd path, modifying to hinge_57
2026-07-15T12:00:40Z [3,501ms] [Warning] [isaacsim.asset.importer.urdf] The path hinge-57 is not a valid usd path, modifying to hinge_57
2026-07-15T12:00:40Z [3,501ms] [Warning] [isaacsim.asset.importer.urdf] The path hinge-57 is not a valid usd path, modifying to hinge_57
2026-07-15T12:00:40Z [3,501ms] [Warning] [isaacsim.asset.importer.urdf] The path hinge-58 is not a valid usd path, modifying to hinge_58
2026-07-15T12:00:40Z [3,501ms] [Warning] [isaacsim.asset.importer.urdf] The path hinge-58 is not a valid usd path, modifying to hinge_58
2026-07-15T12:00:40Z [3,501ms] [Warning] [isaacsim.asset.importer.urdf] The path hinge-58 is not a valid usd path, modifying to hinge_58
2026-07-15T12:00:40Z [3,501ms] [Warning] [isaacsim.asset.importer.urdf] The path hinge-58 is not a valid usd path, modifying to hinge_58
2026-07-15T12:00:40Z [3,501ms] [Warning] [isaacsim.asset.importer.urdf] The path cabinet_door_surface-17 is not a valid usd path, modifying to cabinet_door_surface_17
2026-07-15T12:00:40Z [3,501ms] [Warning] [isaacsim.asset.importer.urdf] The path cabinet_door_surface-17 is not a valid usd path, modifying to cabinet_door_surface_17
2026-07-15T12:00:40Z [3,501ms] [Warning] [isaacsim.asset.importer.urdf] The path cabinet_door_surface-17 is not a valid usd path, modifying to cabinet_door_surface_17
2026-07-15T12:00:40Z [3,501ms] [Warning] [isaacsim.asset.importer.urdf] The path cabinet_door_surface-17 is not a valid usd path, modifying to cabinet_door_surface_17
2026-07-15T12:00:40Z [3,501ms] [Warning] [isaacsim.asset.importer.urdf] The path cabinet_door_surface-17 is not a valid usd path, modifying to cabinet_door_surface_17
2026-07-15T12:00:40Z [3,501ms] [Warning] [isaacsim.asset.importer.urdf] The path handle-18 is not a valid usd path, modifying to handle_18
2026-07-15T12:00:40Z [3,501ms] [Warning] [isaacsim.asset.importer.urdf] The path hinge-60 is not a valid usd path, modifying to hinge_60
2026-07-15T12:00:40Z [3,501ms] [Warning] [isaacsim.asset.importer.urdf] The path hinge-60 is not a valid usd path, modifying to hinge_60
2026-07-15T12:00:40Z [3,501ms] [Warning] [isaacsim.asset.importer.urdf] The path hinge-60 is not a valid usd path, modifying to hinge_60
2026-07-15T12:00:40Z [3,501ms] [Warning] [isaacsim.asset.importer.urdf] The path hinge-60 is not a valid usd path, modifying to hinge_60
2026-07-15T12:00:40Z [3,501ms] [Warning] [isaacsim.asset.importer.urdf] The path hinge-61 is not a valid usd path, modifying to hinge_61
2026-07-15T12:00:40Z [3,501ms] [Warning] [isaacsim.asset.importer.urdf] The path hinge-61 is not a valid usd path, modifying to hinge_61
2026-07-15T12:00:40Z [3,501ms] [Warning] [isaacsim.asset.importer.urdf] The path hinge-61 is not a valid usd path, modifying to hinge_61
2026-07-15T12:00:40Z [3,501ms] [Warning] [isaacsim.asset.importer.urdf] The path hinge-61 is not a valid usd path, modifying to hinge_61
2026-07-15T12:00:40Z [3,501ms] [Warning] [isaacsim.asset.importer.urdf] The path board-34 is not a valid usd path, modifying to board_34
2026-07-15T12:00:40Z [3,501ms] [Warning] [isaacsim.asset.importer.urdf] The path board-34 is not a valid usd path, modifying to board_34
2026-07-15T12:00:40Z [3,501ms] [Warning] [isaacsim.asset.importer.urdf] The path back_panel-9 is not a valid usd path, modifying to back_panel_9
2026-07-15T12:00:40Z [3,501ms] [Warning] [isaacsim.asset.importer.urdf] The path back_panel-9 is not a valid usd path, modifying to back_panel_9
2026-07-15T12:00:40Z [3,501ms] [Warning] [isaacsim.asset.importer.urdf] The path back_panel-9 is not a valid usd path, modifying to back_panel_9
2026-07-15T12:00:40Z [3,501ms] [Warning] [isaacsim.asset.importer.urdf] The path vertical_side_panel-10 is not a valid usd path, modifying to vertical_side_panel_10
2026-07-15T12:00:40Z [3,501ms] [Warning] [isaacsim.asset.importer.urdf] The path vertical_side_panel-10 is not a valid usd path, modifying to vertical_side_panel_10
2026-07-15T12:00:40Z [3,501ms] [Warning] [isaacsim.asset.importer.urdf] The path vertical_side_panel-10 is not a valid usd path, modifying to vertical_side_panel_10
2026-07-15T12:00:40Z [3,501ms] [Warning] [isaacsim.asset.importer.urdf] The path vertical_side_panel-11 is not a valid usd path, modifying to vertical_side_panel_11
2026-07-15T12:00:40Z [3,501ms] [Warning] [isaacsim.asset.importer.urdf] The path vertical_side_panel-11 is not a valid usd path, modifying to vertical_side_panel_11
2026-07-15T12:00:40Z [3,501ms] [Warning] [isaacsim.asset.importer.urdf] The path vertical_side_panel-11 is not a valid usd path, modifying to vertical_side_panel_11
2026-07-15T12:00:40Z [3,501ms] [Warning] [isaacsim.asset.importer.urdf] The path bottom_panel-12 is not a valid usd path, modifying to bottom_panel_12
2026-07-15T12:00:40Z [3,501ms] [Warning] [isaacsim.asset.importer.urdf] The path bottom_panel-12 is not a valid usd path, modifying to bottom_panel_12
2026-07-15T12:00:40Z [3,501ms] [Warning] [isaacsim.asset.importer.urdf] The path bottom_panel-12 is not a valid usd path, modifying to bottom_panel_12
2026-07-15T12:00:40Z [3,501ms] [Warning] [isaacsim.asset.importer.urdf] The path bottom_panel-12 is not a valid usd path, modifying to bottom_panel_12
2026-07-15T12:00:40Z [3,501ms] [Warning] [isaacsim.asset.importer.urdf] The path bottom_panel-12 is not a valid usd path, modifying to bottom_panel_12
2026-07-15T12:00:40Z [3,501ms] [Warning] [isaacsim.asset.importer.urdf] The path leg-13 is not a valid usd path, modifying to leg_13
2026-07-15T12:00:40Z [3,501ms] [Warning] [isaacsim.asset.importer.urdf] The path leg-14 is not a valid usd path, modifying to leg_14
2026-07-15T12:00:40Z [3,501ms] [Warning] [isaacsim.asset.importer.urdf] The path leg-15 is not a valid usd path, modifying to leg_15
2026-07-15T12:00:40Z [3,501ms] [Warning] [isaacsim.asset.importer.urdf] The path leg-16 is not a valid usd path, modifying to leg_16
2026-07-15T12:00:40Z [3,501ms] [Warning] [isaacsim.asset.importer.urdf] The path bar_stretcher-27 is not a valid usd path, modifying to bar_stretcher_27
2026-07-15T12:00:40Z [3,501ms] [Warning] [isaacsim.asset.importer.urdf] The path bar_stretcher-28 is not a valid usd path, modifying to bar_stretcher_28
2026-07-15T12:00:40Z [3,501ms] [Warning] [isaacsim.asset.importer.urdf] The path bar_stretcher-29 is not a valid usd path, modifying to bar_stretcher_29
2026-07-15T12:00:40Z [3,501ms] [Warning] [isaacsim.asset.importer.urdf] The path bar_stretcher-30 is not a valid usd path, modifying to bar_stretcher_30
2026-07-15T12:00:40Z [3,501ms] [Warning] [isaacsim.asset.importer.urdf] The path vertical_side_panel-35 is not a valid usd path, modifying to vertical_side_panel_35
2026-07-15T12:00:40Z [3,501ms] [Warning] [isaacsim.asset.importer.urdf] The path vertical_side_panel-36 is not a valid usd path, modifying to vertical_side_panel_36
2026-07-15T12:00:40Z [3,501ms] [Warning] [isaacsim.asset.importer.urdf] The path bottom_panel-37 is not a valid usd path, modifying to bottom_panel_37
2026-07-15T12:00:40Z [3,501ms] [Warning] [isaacsim.asset.importer.urdf] The path bottom_panel-38 is not a valid usd path, modifying to bottom_panel_38
2026-07-15T12:00:40Z [3,515ms] [Warning] [isaacsim.asset.importer.urdf] No mass specified for link base
2026-07-15T12:00:40Z [3,515ms] [Warning] [omni.usd] Warning: in _ReportErrors at line 3172 of /builds/omniverse/usd-ci/USD/pxr/usd/usd/stage.cpp -- In </partnet_594a7dedea7abb21f77e460087130a90/base/visuals>: Unresolved reference prim path @/home/ubuntu/workspace/physvla_sim/datasets/data_normalized/table_urdf/23372/configuration/fitr_info1_physics.usd@</visuals/base> introduced by @/home/ubuntu/workspace/physvla_sim/datasets/data_normalized/table_urdf/23372/configuration/fitr_info1_base.usd@</partnet_594a7dedea7abb21f77e460087130a90/base/visuals> (recomposing stage on stage @/home/ubuntu/workspace/physvla_sim/datasets/data_normalized/table_urdf/23372/configuration/fitr_info1_physics.usd@ <0x2dc8b5b0>)

2026-07-15T12:00:40Z [3,515ms] [Warning] [omni.usd] Warning: in _ReportErrors at line 3172 of /builds/omniverse/usd-ci/USD/pxr/usd/usd/stage.cpp -- In </partnet_594a7dedea7abb21f77e460087130a90/base/visuals>: Unresolved reference prim path @/home/ubuntu/workspace/physvla_sim/datasets/data_normalized/table_urdf/23372/fitr_info1.usd@</visuals/base> introduced by @/home/ubuntu/workspace/physvla_sim/datasets/data_normalized/table_urdf/23372/configuration/fitr_info1_base.usd@</partnet_594a7dedea7abb21f77e460087130a90/base/visuals> (recomposing stage on stage @/home/ubuntu/workspace/physvla_sim/datasets/data_normalized/table_urdf/23372/fitr_info1.usd@ <0x2dc78060>)

2026-07-15T12:00:40Z [3,515ms] [Warning] [omni.usd] Warning: in _ReportErrors at line 3172 of /builds/omniverse/usd-ci/USD/pxr/usd/usd/stage.cpp -- In </partnet_594a7dedea7abb21f77e460087130a90/base/visuals>: Unresolved reference prim path @/home/ubuntu/workspace/physvla_sim/datasets/data_normalized/table_urdf/23372/fitr_info1.usd@</visuals/base> introduced by @/home/ubuntu/workspace/physvla_sim/datasets/data_normalized/table_urdf/23372/configuration/fitr_info1_base.usd@</partnet_594a7dedea7abb21f77e460087130a90/base/visuals> (recomposing stage on stage @/home/ubuntu/workspace/physvla_sim/datasets/data_normalized/table_urdf/23372/fitr_info1.usd@ <0x2dc73e00>)

2026-07-15T12:00:40Z [3,515ms] [Warning] [omni.usd] Warning: in _ReportErrors at line 3172 of /builds/omniverse/usd-ci/USD/pxr/usd/usd/stage.cpp -- In </partnet_594a7dedea7abb21f77e460087130a90/base/visuals>: Unresolved reference prim path @/home/ubuntu/workspace/physvla_sim/datasets/data_normalized/table_urdf/23372/configuration/fitr_info1_base.usd@</visuals/base> introduced by @/home/ubuntu/workspace/physvla_sim/datasets/data_normalized/table_urdf/23372/configuration/fitr_info1_base.usd@</partnet_594a7dedea7abb21f77e460087130a90/base/visuals> (recomposing stage on stage @/home/ubuntu/workspace/physvla_sim/datasets/data_normalized/table_urdf/23372/configuration/fitr_info1_base.usd@ <0x2dc94e80>)

2026-07-15T12:00:40Z [3,515ms] [Warning] [omni.usd] Warning: in _ReportErrors at line 3172 of /builds/omniverse/usd-ci/USD/pxr/usd/usd/stage.cpp -- In </partnet_594a7dedea7abb21f77e460087130a90/base/visuals>: Unresolved reference prim path @/home/ubuntu/workspace/physvla_sim/datasets/data_normalized/table_urdf/23372/configuration/fitr_info1_physics.usd@</visuals/base> introduced by @/home/ubuntu/workspace/physvla_sim/datasets/data_normalized/table_urdf/23372/configuration/fitr_info1_base.usd@</partnet_594a7dedea7abb21f77e460087130a90/base/visuals> (recomposing stage on stage @/home/ubuntu/workspace/physvla_sim/datasets/data_normalized/table_urdf/23372/configuration/fitr_info1_physics.usd@ <0x2dc8b5b0>)

2026-07-15T12:00:40Z [3,515ms] [Warning] [omni.usd] Warning: in _ReportErrors at line 3172 of /builds/omniverse/usd-ci/USD/pxr/usd/usd/stage.cpp -- In </partnet_594a7dedea7abb21f77e460087130a90/base/visuals>: Unresolved reference prim path @/home/ubuntu/workspace/physvla_sim/datasets/data_normalized/table_urdf/23372/fitr_info1.usd@</visuals/base> introduced by @/home/ubuntu/workspace/physvla_sim/datasets/data_normalized/table_urdf/23372/configuration/fitr_info1_base.usd@</partnet_594a7dedea7abb21f77e460087130a90/base/visuals> (recomposing stage on stage @/home/ubuntu/workspace/physvla_sim/datasets/data_normalized/table_urdf/23372/fitr_info1.usd@ <0x2dc78060>)

2026-07-15T12:00:40Z [3,515ms] [Warning] [omni.usd] Warning: in _ReportErrors at line 3172 of /builds/omniverse/usd-ci/USD/pxr/usd/usd/stage.cpp -- In </partnet_594a7dedea7abb21f77e460087130a90/base/visuals>: Unresolved reference prim path @/home/ubuntu/workspace/physvla_sim/datasets/data_normalized/table_urdf/23372/fitr_info1.usd@</visuals/base> introduced by @/home/ubuntu/workspace/physvla_sim/datasets/data_normalized/table_urdf/23372/configuration/fitr_info1_base.usd@</partnet_594a7dedea7abb21f77e460087130a90/base/visuals> (recomposing stage on stage @/home/ubuntu/workspace/physvla_sim/datasets/data_normalized/table_urdf/23372/fitr_info1.usd@ <0x2dc73e00>)

2026-07-15T12:00:40Z [3,515ms] [Warning] [omni.usd] Warning: in _ReportErrors at line 3172 of /builds/omniverse/usd-ci/USD/pxr/usd/usd/stage.cpp -- In </partnet_594a7dedea7abb21f77e460087130a90/base/visuals>: Unresolved reference prim path @/home/ubuntu/workspace/physvla_sim/datasets/data_normalized/table_urdf/23372/configuration/fitr_info1_base.usd@</visuals/base> introduced by @/home/ubuntu/workspace/physvla_sim/datasets/data_normalized/table_urdf/23372/configuration/fitr_info1_base.usd@</partnet_594a7dedea7abb21f77e460087130a90/base/visuals> (recomposing stage on stage @/home/ubuntu/workspace/physvla_sim/datasets/data_normalized/table_urdf/23372/configuration/fitr_info1_base.usd@ <0x2dc94e80>)

2026-07-15T12:00:40Z [3,515ms] [Warning] [isaacsim.asset.importer.urdf] Link base has no colliders, and no inertia was imported; assigning a small isotropic inertia matrix
2026-07-15T12:00:40Z [3,516ms] [Warning] [isaacsim.asset.importer.urdf] No mass specified for link link_4
2026-07-15T12:00:41Z [3,848ms] [Warning] [isaacsim.asset.importer.urdf] No mass specified for link link_0
2026-07-15T12:00:41Z [3,911ms] [Warning] [isaacsim.asset.importer.urdf] No mass specified for link link_1
2026-07-15T12:00:41Z [3,973ms] [Warning] [isaacsim.asset.importer.urdf] No mass specified for link link_2
2026-07-15T12:00:41Z [4,148ms] [Warning] [isaacsim.asset.importer.urdf] No mass specified for link link_3
2026-07-15T12:00:41Z [4,324ms] [Warning] [omni.usd] Warning: in _ReportErrors at line 3172 of /builds/omniverse/usd-ci/USD/pxr/usd/usd/stage.cpp -- In </partnet_594a7dedea7abb21f77e460087130a90/base/visuals>: Unresolved reference prim path @/home/ubuntu/workspace/physvla_sim/datasets/data_normalized/table_urdf/23372/configuration/fitr_info1_base.usd@</visuals/base> introduced by @/home/ubuntu/workspace/physvla_sim/datasets/data_normalized/table_urdf/23372/configuration/fitr_info1_base.usd@</partnet_594a7dedea7abb21f77e460087130a90/base/visuals> (recomposing stage on stage @/home/ubuntu/workspace/physvla_sim/datasets/data_normalized/table_urdf/23372/fitr_info1.usd@ <0x2dc78060>)

2026-07-15T12:00:41Z [4,324ms] [Warning] [omni.usd] Warning: in _ReportErrors at line 3172 of /builds/omniverse/usd-ci/USD/pxr/usd/usd/stage.cpp -- In </partnet_594a7dedea7abb21f77e460087130a90/base/visuals>: Unresolved reference prim path @/home/ubuntu/workspace/physvla_sim/datasets/data_normalized/table_urdf/23372/configuration/fitr_info1_base.usd@</visuals/base> introduced by @/home/ubuntu/workspace/physvla_sim/datasets/data_normalized/table_urdf/23372/configuration/fitr_info1_base.usd@</partnet_594a7dedea7abb21f77e460087130a90/base/visuals> (recomposing stage on stage @/home/ubuntu/workspace/physvla_sim/datasets/data_normalized/table_urdf/23372/fitr_info1.usd@ <0x2dc73e00>)

2026-07-15T12:00:41Z [4,328ms] [Warning] [omni.usd] Warning: in _ReportErrors at line 3172 of /builds/omniverse/usd-ci/USD/pxr/usd/usd/stage.cpp -- In </partnet_594a7dedea7abb21f77e460087130a90/base/visuals>: Unresolved reference prim path @/home/ubuntu/workspace/physvla_sim/datasets/data_normalized/table_urdf/23372/configuration/fitr_info1_physics.usd@</visuals/base> introduced by @/home/ubuntu/workspace/physvla_sim/datasets/data_normalized/table_urdf/23372/configuration/fitr_info1_base.usd@</partnet_594a7dedea7abb21f77e460087130a90/base/visuals> (recomposing stage on stage @/home/ubuntu/workspace/physvla_sim/datasets/data_normalized/table_urdf/23372/fitr_info1.usd@ <0x2dc78060>)

2026-07-15T12:00:41Z [4,329ms] [Warning] [omni.usd] Warning: in _ReportErrors at line 3172 of /builds/omniverse/usd-ci/USD/pxr/usd/usd/stage.cpp -- In </partnet_594a7dedea7abb21f77e460087130a90/base/visuals>: Unresolved reference prim path @/home/ubuntu/workspace/physvla_sim/datasets/data_normalized/table_urdf/23372/configuration/fitr_info1_physics.usd@</visuals/base> introduced by @/home/ubuntu/workspace/physvla_sim/datasets/data_normalized/table_urdf/23372/configuration/fitr_info1_base.usd@</partnet_594a7dedea7abb21f77e460087130a90/base/visuals> (recomposing stage on stage @/home/ubuntu/workspace/physvla_sim/datasets/data_normalized/table_urdf/23372/fitr_info1.usd@ <0x2dc73e00>)

2026-07-15T12:00:41Z [4,331ms] [Warning] [omni.usd] Warning: in _ReportErrors at line 3172 of /builds/omniverse/usd-ci/USD/pxr/usd/usd/stage.cpp -- In </partnet_594a7dedea7abb21f77e460087130a90/base/visuals>: Unresolved reference prim path @/home/ubuntu/workspace/physvla_sim/datasets/data_normalized/table_urdf/23372/configuration/fitr_info1_physics.usd@</visuals/base> introduced by @/home/ubuntu/workspace/physvla_sim/datasets/data_normalized/table_urdf/23372/configuration/fitr_info1_base.usd@</partnet_594a7dedea7abb21f77e460087130a90/base/visuals> (recomposing stage on stage @/home/ubuntu/workspace/physvla_sim/datasets/data_normalized/table_urdf/23372/fitr_info1.usd@ <0x2dc78060>)

2026-07-15T12:00:41Z [4,334ms] [Warning] [omni.usd] Warning: in _ReportErrors at line 3172 of /builds/omniverse/usd-ci/USD/pxr/usd/usd/stage.cpp -- In </partnet_594a7dedea7abb21f77e460087130a90/base/visuals>: Unresolved reference prim path @/home/ubuntu/workspace/physvla_sim/datasets/data_normalized/table_urdf/23372/configuration/fitr_info1_physics.usd@</visuals/base> introduced by @/home/ubuntu/workspace/physvla_sim/datasets/data_normalized/table_urdf/23372/configuration/fitr_info1_base.usd@</partnet_594a7dedea7abb21f77e460087130a90/base/visuals> (recomposing stage on stage @/home/ubuntu/workspace/physvla_sim/datasets/data_normalized/table_urdf/23372/fitr_info1.usd@ <0x2dc73e00>)

2026-07-15T12:00:41Z [4,337ms] [Warning] [omni.usd] Warning: in _ReportErrors at line 3172 of /builds/omniverse/usd-ci/USD/pxr/usd/usd/stage.cpp -- In </partnet_594a7dedea7abb21f77e460087130a90/base/visuals>: Unresolved reference prim path @/home/ubuntu/workspace/physvla_sim/datasets/data_normalized/table_urdf/23372/configuration/fitr_info1_physics.usd@</visuals/base> introduced by @/home/ubuntu/workspace/physvla_sim/datasets/data_normalized/table_urdf/23372/configuration/fitr_info1_base.usd@</partnet_594a7dedea7abb21f77e460087130a90/base/visuals> (recomposing stage on stage @/home/ubuntu/workspace/physvla_sim/datasets/data_normalized/table_urdf/23372/fitr_info1.usd@ <0x2dc78060>)

2026-07-15T12:00:41Z [4,340ms] [Warning] [omni.usd] Warning: in _ReportErrors at line 3172 of /builds/omniverse/usd-ci/USD/pxr/usd/usd/stage.cpp -- In </partnet_594a7dedea7abb21f77e460087130a90/base/visuals>: Unresolved reference prim path @/home/ubuntu/workspace/physvla_sim/datasets/data_normalized/table_urdf/23372/configuration/fitr_info1_physics.usd@</visuals/base> introduced by @/home/ubuntu/workspace/physvla_sim/datasets/data_normalized/table_urdf/23372/configuration/fitr_info1_base.usd@</partnet_594a7dedea7abb21f77e460087130a90/base/visuals> (recomposing stage on stage @/home/ubuntu/workspace/physvla_sim/datasets/data_normalized/table_urdf/23372/fitr_info1.usd@ <0x2dc73e00>)

2026-07-15T12:00:41Z [4,343ms] [Warning] [omni.usd] Warning: in _ReportErrors at line 3172 of /builds/omniverse/usd-ci/USD/pxr/usd/usd/stage.cpp -- In </partnet_594a7dedea7abb21f77e460087130a90/base/visuals>: Unresolved reference prim path @/home/ubuntu/workspace/physvla_sim/datasets/data_normalized/table_urdf/23372/configuration/fitr_info1_physics.usd@</visuals/base> introduced by @/home/ubuntu/workspace/physvla_sim/datasets/data_normalized/table_urdf/23372/configuration/fitr_info1_base.usd@</partnet_594a7dedea7abb21f77e460087130a90/base/visuals> (recomposing stage on stage @/home/ubuntu/workspace/physvla_sim/datasets/data_normalized/table_urdf/23372/fitr_info1.usd@ <0x2dc78060>)

2026-07-15T12:00:41Z [4,346ms] [Warning] [omni.usd] Warning: in _ReportErrors at line 3172 of /builds/omniverse/usd-ci/USD/pxr/usd/usd/stage.cpp -- In </partnet_594a7dedea7abb21f77e460087130a90/base/visuals>: Unresolved reference prim path @/home/ubuntu/workspace/physvla_sim/datasets/data_normalized/table_urdf/23372/configuration/fitr_info1_physics.usd@</visuals/base> introduced by @/home/ubuntu/workspace/physvla_sim/datasets/data_normalized/table_urdf/23372/configuration/fitr_info1_base.usd@</partnet_594a7dedea7abb21f77e460087130a90/base/visuals> (recomposing stage on stage @/home/ubuntu/workspace/physvla_sim/datasets/data_normalized/table_urdf/23372/fitr_info1.usd@ <0x2dc73e00>)

2026-07-15T12:00:41Z [4,350ms] [Warning] [omni.usd] Warning: in _ReportErrors at line 3172 of /builds/omniverse/usd-ci/USD/pxr/usd/usd/stage.cpp -- In </partnet_594a7dedea7abb21f77e460087130a90/base/visuals>: Unresolved reference prim path @/home/ubuntu/workspace/physvla_sim/datasets/data_normalized/table_urdf/23372/configuration/fitr_info1_physics.usd@</visuals/base> introduced by @/home/ubuntu/workspace/physvla_sim/datasets/data_normalized/table_urdf/23372/configuration/fitr_info1_base.usd@</partnet_594a7dedea7abb21f77e460087130a90/base/visuals> (recomposing stage on stage @/home/ubuntu/workspace/physvla_sim/datasets/data_normalized/table_urdf/23372/fitr_info1.usd@ <0x2dc78060>)

2026-07-15T12:00:41Z [4,352ms] [Warning] [omni.usd] Warning: in _ReportErrors at line 3172 of /builds/omniverse/usd-ci/USD/pxr/usd/usd/stage.cpp -- In </partnet_594a7dedea7abb21f77e460087130a90/base/visuals>: Unresolved reference prim path @/home/ubuntu/workspace/physvla_sim/datasets/data_normalized/table_urdf/23372/configuration/fitr_info1_physics.usd@</visuals/base> introduced by @/home/ubuntu/workspace/physvla_sim/datasets/data_normalized/table_urdf/23372/configuration/fitr_info1_base.usd@</partnet_594a7dedea7abb21f77e460087130a90/base/visuals> (recomposing stage on stage @/home/ubuntu/workspace/physvla_sim/datasets/data_normalized/table_urdf/23372/fitr_info1.usd@ <0x2dc73e00>)

2026-07-15T12:00:41Z [4,356ms] [Warning] [omni.usd] Warning: in _ReportErrors at line 3172 of /builds/omniverse/usd-ci/USD/pxr/usd/usd/stage.cpp -- In </partnet_594a7dedea7abb21f77e460087130a90/base/visuals>: Unresolved reference prim path @/home/ubuntu/workspace/physvla_sim/datasets/data_normalized/table_urdf/23372/configuration/fitr_info1_physics.usd@</visuals/base> introduced by @/home/ubuntu/workspace/physvla_sim/datasets/data_normalized/table_urdf/23372/configuration/fitr_info1_base.usd@</partnet_594a7dedea7abb21f77e460087130a90/base/visuals> (recomposing stage on stage @/home/ubuntu/workspace/physvla_sim/datasets/data_normalized/table_urdf/23372/fitr_info1.usd@ <0x2dc78060>)

2026-07-15T12:00:41Z [4,358ms] [Warning] [omni.usd] Warning: in _ReportErrors at line 3172 of /builds/omniverse/usd-ci/USD/pxr/usd/usd/stage.cpp -- In </partnet_594a7dedea7abb21f77e460087130a90/base/visuals>: Unresolved reference prim path @/home/ubuntu/workspace/physvla_sim/datasets/data_normalized/table_urdf/23372/configuration/fitr_info1_physics.usd@</visuals/base> introduced by @/home/ubuntu/workspace/physvla_sim/datasets/data_normalized/table_urdf/23372/configuration/fitr_info1_base.usd@</partnet_594a7dedea7abb21f77e460087130a90/base/visuals> (recomposing stage on stage @/home/ubuntu/workspace/physvla_sim/datasets/data_normalized/table_urdf/23372/fitr_info1.usd@ <0x2dc73e00>)

2026-07-15T12:00:41Z [4,362ms] [Warning] [omni.usd] Warning: in _ReportErrors at line 3172 of /builds/omniverse/usd-ci/USD/pxr/usd/usd/stage.cpp -- In </partnet_594a7dedea7abb21f77e460087130a90/base/visuals>: Unresolved reference prim path @/home/ubuntu/workspace/physvla_sim/datasets/data_normalized/table_urdf/23372/configuration/fitr_info1_physics.usd@</visuals/base> introduced by @/home/ubuntu/workspace/physvla_sim/datasets/data_normalized/table_urdf/23372/configuration/fitr_info1_base.usd@</partnet_594a7dedea7abb21f77e460087130a90/base/visuals> (recomposing stage on stage @/home/ubuntu/workspace/physvla_sim/datasets/data_normalized/table_urdf/23372/fitr_info1.usd@ <0x2dc78060>)

2026-07-15T12:00:41Z [4,365ms] [Warning] [omni.usd] Warning: in _ReportErrors at line 3172 of /builds/omniverse/usd-ci/USD/pxr/usd/usd/stage.cpp -- In </partnet_594a7dedea7abb21f77e460087130a90/base/visuals>: Unresolved reference prim path @/home/ubuntu/workspace/physvla_sim/datasets/data_normalized/table_urdf/23372/configuration/fitr_info1_physics.usd@</visuals/base> introduced by @/home/ubuntu/workspace/physvla_sim/datasets/data_normalized/table_urdf/23372/configuration/fitr_info1_base.usd@</partnet_594a7dedea7abb21f77e460087130a90/base/visuals> (recomposing stage on stage @/home/ubuntu/workspace/physvla_sim/datasets/data_normalized/table_urdf/23372/fitr_info1.usd@ <0x2dc73e00>)

Loading user config located at: '/home/ubuntu/isaacsim/kit/data/Kit/Isaac-Sim/5.1/user.config.json'
[Info] [carb] Logging to file: /home/ubuntu/isaacsim/kit/logs/Kit/Isaac-Sim/5.1/kit_20260715_200042.log
2026-07-15T12:00:42Z [0ms] [Warning] [carb.crashreporter-breakpad.plugin] [previous crash] preventing upload of minidump due to user opt-out: '/home/ubuntu/isaacsim/kit/data/Kit/Isaac-Sim/5.1/0d81a4fd-59cb-4157-42d97b80-310afb82.dmp'
2026-07-15T12:00:42Z [0ms] [Warning] [carb.crashreporter-breakpad.plugin] [previous crash] preventing upload of minidump due to user opt-out: '/home/ubuntu/isaacsim/kit/data/Kit/Isaac-Sim/5.1/7efeb785-3cdd-476a-8fc91ca3-38a85c81.dmp'
2026-07-15T12:00:42Z [1ms] [Warning] [carb.crashreporter-breakpad.plugin] [previous crash] preventing upload of minidump due to user opt-out: '/home/ubuntu/isaacsim/kit/data/Kit/Isaac-Sim/5.1/0ec06837-edee-4570-b459bb9b-e409ca73.dmp'
2026-07-15T12:00:42Z [1ms] [Warning] [carb.crashreporter-breakpad.plugin] [previous crash] preventing upload of minidump due to user opt-out: '/home/ubuntu/isaacsim/kit/data/Kit/Isaac-Sim/5.1/846da064-407f-481c-dab18ea9-9788aefc.dmp'
2026-07-15T12:00:42Z [1ms] [Warning] [carb.crashreporter-breakpad.plugin] [previous crash] preventing upload of minidump due to user opt-out: '/home/ubuntu/isaacsim/kit/data/Kit/Isaac-Sim/5.1/7674058d-a5ef-457b-61399da4-1924f871.dmp'
2026-07-15T12:00:42Z [1ms] [Warning] [carb.crashreporter-breakpad.plugin] [previous crash] preventing upload of minidump due to user opt-out: '/home/ubuntu/isaacsim/kit/data/Kit/Isaac-Sim/5.1/0dbca6de-81d5-44e8-85c7eba5-c7ac64b6.dmp'
2026-07-15T12:00:42Z [1ms] [Warning] [carb.crashreporter-breakpad.plugin] [previous crash] preventing upload of minidump due to user opt-out: '/home/ubuntu/isaacsim/kit/data/Kit/Isaac-Sim/5.1/96b6ea33-a47b-4c84-2d7408a6-bc8b64a8.dmp'
2026-07-15T12:00:42Z [184ms] [Warning] [omni.usd_config.extension] Enable omni.materialx.libs extension to use MaterialX
2026-07-15T12:00:42Z [187ms] [Warning] [omni.platforminfo.plugin] failed to open the default display.  Can't verify X Server version.
2026-07-15T12:00:42Z [457ms] [Warning] [carb] Acquiring non optional plugin interface which is not listed as dependency: [omni::physx::IPhysxBenchmarks v1.0] (plugin: <default plugin>), by client: omni.physics.physx.plugin. Add it to CARB_PLUGIN_IMPL_DEPS() macro of a client.
2026-07-15T12:00:42Z [591ms] [Warning] [omni.isaac.dynamic_control] omni.isaac.dynamic_control is deprecated as of Isaac Sim 4.5. No action is needed from end-users.

|---------------------------------------------------------------------------------------------|
| Driver Version: 580.142       | Graphics API: Vulkan
|=============================================================================================|
| GPU | Name                             | Active | LDA | GPU Memory | Vendor-ID | LUID       |
|     |                                  |        |     |            | Device-ID | UUID       |
|     |                                  |        |     |            | Bus-ID    |            |
|---------------------------------------------------------------------------------------------|
| 0   | NVIDIA GeForce RTX 5090 D v2     | Yes: 0 |     | 24701   MB | 10de      | 0          |
|     |                                  |        |     |            | 2b8c      | 5f3d0dc0.. |
|     |                                  |        |     |            | 1         |            |
|=============================================================================================|
| OS: 24.04.3 LTS (Noble Numbat) ubuntu, Version: 24.04.3, Kernel: 6.17.0-1017-oem
| Processor: Intel(R) Core(TM) i9-14900K
| Cores: 24 | Logical Cores: 32
|---------------------------------------------------------------------------------------------|
| Total Memory (MB): 64063 | Free Memory: 53813
| Total Page/Swap (MB): 8191 | Free Page/Swap: 8191
|---------------------------------------------------------------------------------------------|
2026-07-15T12:00:44Z [2,579ms] [Warning] [gpu.foundation.plugin] CPU performance profile is set to powersave. This profile sets the CPU to the lowest frequency reducing performance.
[INFO][AppLauncher]: Using device: cuda:0
[INFO][AppLauncher]: Loading experience file: /home/ubuntu/workspace/IsaacLab/apps/isaaclab.python.headless.kit
{
  "output": "/home/ubuntu/workspace/physvla_sim/datasets/data_normalized/table_urdf/23372/fitr_info1.usd",
  "scale": 0.1714916544106667,
  "scale_layer": "/home/ubuntu/workspace/physvla_sim/datasets/data_normalized/table_urdf/23372/configuration/fitr_info1_base.usd",
  "joints": [
    {
      "joint": "/partnet_594a7dedea7abb21f77e460087130a90/joints/joint_0",
      "drive": "linear",
      "damping": 29.399999618530273,
      "stiffness": 0.0,
      "max_force": 0.9700000286102295
    },
    {
      "joint": "/partnet_594a7dedea7abb21f77e460087130a90/joints/joint_1",
      "drive": "linear",
      "damping": 29.399999618530273,
      "stiffness": 0.0,
      "max_force": 0.9700000286102295
    },
    {
      "joint": "/partnet_594a7dedea7abb21f77e460087130a90/joints/joint_2",
      "drive": "angular",
      "damping": 68.9000015258789,
      "stiffness": 0.0,
      "max_force": 1.7599999904632568
    },
    {
      "joint": "/partnet_594a7dedea7abb21f77e460087130a90/joints/joint_3",
      "drive": "angular",
      "damping": 68.9000015258789,
      "stiffness": 0.0,
      "max_force": 1.7599999904632568
    }
  ],
  "dynamics_layer": "/home/ubuntu/workspace/physvla_sim/datasets/data_normalized/table_urdf/23372/configuration/fitr_info1_physics.usd",
  "affordance_links": [
    "/partnet_594a7dedea7abb21f77e460087130a90/link_0",
    "/partnet_594a7dedea7abb21f77e460087130a90/link_1",
    "/partnet_594a7dedea7abb21f77e460087130a90/link_2",
    "/partnet_594a7dedea7abb21f77e460087130a90/link_3"
  ]
}
2026-07-15T12:00:44Z [2,587ms] [Warning] [gpu.foundation.plugin] IOMMU is enabled.
2026-07-15T12:00:44Z [2,717ms] [Warning] [omni.usd] Warning: in _ReportErrors at line 3172 of /builds/omniverse/usd-ci/USD/pxr/usd/usd/stage.cpp -- In </partnet_594a7dedea7abb21f77e460087130a90/base/visuals>: Unresolved reference prim path @/home/ubuntu/workspace/physvla_sim/datasets/data_normalized/table_urdf/23372/configuration/fitr_info1_base.usd@</visuals/base> introduced by @/home/ubuntu/workspace/physvla_sim/datasets/data_normalized/table_urdf/23372/configuration/fitr_info1_base.usd@</partnet_594a7dedea7abb21f77e460087130a90/base/visuals> (instantiating stage on stage @/home/ubuntu/workspace/physvla_sim/datasets/data_normalized/table_urdf/23372/configuration/fitr_info1_base.usd@ <0x4847a4c0>)

2026-07-15T12:00:44Z [2,798ms] [Warning] [omni.usd] Warning: in _ReportErrors at line 3172 of /builds/omniverse/usd-ci/USD/pxr/usd/usd/stage.cpp -- In </partnet_594a7dedea7abb21f77e460087130a90/base/visuals>: Unresolved reference prim path @/home/ubuntu/workspace/physvla_sim/datasets/data_normalized/table_urdf/23372/configuration/fitr_info1_physics.usd@</visuals/base> introduced by @/home/ubuntu/workspace/physvla_sim/datasets/data_normalized/table_urdf/23372/configuration/fitr_info1_base.usd@</partnet_594a7dedea7abb21f77e460087130a90/base/visuals> (instantiating stage on stage @/home/ubuntu/workspace/physvla_sim/datasets/data_normalized/table_urdf/23372/configuration/fitr_info1_physics.usd@ <0x451fbb20>)

2026-07-15T12:00:44Z [2,803ms] [Warning] [omni.usd] Warning: in _ReportErrors at line 3172 of /builds/omniverse/usd-ci/USD/pxr/usd/usd/stage.cpp -- In </partnet_594a7dedea7abb21f77e460087130a90/base/visuals>: Unresolved reference prim path @/home/ubuntu/workspace/physvla_sim/datasets/data_normalized/table_urdf/23372/configuration/fitr_info1_physics.usd@</visuals/base> introduced by @/home/ubuntu/workspace/physvla_sim/datasets/data_normalized/table_urdf/23372/configuration/fitr_info1_base.usd@</partnet_594a7dedea7abb21f77e460087130a90/base/visuals> (instantiating stage on stage @/home/ubuntu/workspace/physvla_sim/datasets/data_normalized/table_urdf/23372/fitr_info1.usd@ <0x3ce31f90>)

[OK] table_urdf/23372
[RUN] table_urdf/27267
Loading user config located at: '/home/ubuntu/isaacsim/kit/data/Kit/Isaac-Sim/5.1/user.config.json'
[Info] [carb] Logging to file: /home/ubuntu/isaacsim/kit/logs/Kit/Isaac-Sim/5.1/kit_20260715_200045.log
2026-07-15T12:00:45Z [0ms] [Warning] [carb.crashreporter-breakpad.plugin] [previous crash] preventing upload of minidump due to user opt-out: '/home/ubuntu/isaacsim/kit/data/Kit/Isaac-Sim/5.1/0d81a4fd-59cb-4157-42d97b80-310afb82.dmp'
2026-07-15T12:00:45Z [0ms] [Warning] [carb.crashreporter-breakpad.plugin] [previous crash] preventing upload of minidump due to user opt-out: '/home/ubuntu/isaacsim/kit/data/Kit/Isaac-Sim/5.1/7efeb785-3cdd-476a-8fc91ca3-38a85c81.dmp'
2026-07-15T12:00:45Z [0ms] [Warning] [carb.crashreporter-breakpad.plugin] [previous crash] preventing upload of minidump due to user opt-out: '/home/ubuntu/isaacsim/kit/data/Kit/Isaac-Sim/5.1/0ec06837-edee-4570-b459bb9b-e409ca73.dmp'
2026-07-15T12:00:45Z [0ms] [Warning] [carb.crashreporter-breakpad.plugin] [previous crash] preventing upload of minidump due to user opt-out: '/home/ubuntu/isaacsim/kit/data/Kit/Isaac-Sim/5.1/846da064-407f-481c-dab18ea9-9788aefc.dmp'
2026-07-15T12:00:45Z [0ms] [Warning] [carb.crashreporter-breakpad.plugin] [previous crash] preventing upload of minidump due to user opt-out: '/home/ubuntu/isaacsim/kit/data/Kit/Isaac-Sim/5.1/7674058d-a5ef-457b-61399da4-1924f871.dmp'
2026-07-15T12:00:45Z [0ms] [Warning] [carb.crashreporter-breakpad.plugin] [previous crash] preventing upload of minidump due to user opt-out: '/home/ubuntu/isaacsim/kit/data/Kit/Isaac-Sim/5.1/0dbca6de-81d5-44e8-85c7eba5-c7ac64b6.dmp'
2026-07-15T12:00:45Z [1ms] [Warning] [carb.crashreporter-breakpad.plugin] [previous crash] preventing upload of minidump due to user opt-out: '/home/ubuntu/isaacsim/kit/data/Kit/Isaac-Sim/5.1/96b6ea33-a47b-4c84-2d7408a6-bc8b64a8.dmp'
2026-07-15T12:00:45Z [186ms] [Warning] [omni.usd_config.extension] Enable omni.materialx.libs extension to use MaterialX
2026-07-15T12:00:45Z [189ms] [Warning] [omni.platforminfo.plugin] failed to open the default display.  Can't verify X Server version.
2026-07-15T12:00:45Z [462ms] [Warning] [carb] Acquiring non optional plugin interface which is not listed as dependency: [omni::physx::IPhysxBenchmarks v1.0] (plugin: <default plugin>), by client: omni.physics.physx.plugin. Add it to CARB_PLUGIN_IMPL_DEPS() macro of a client.
2026-07-15T12:00:45Z [595ms] [Warning] [omni.isaac.dynamic_control] omni.isaac.dynamic_control is deprecated as of Isaac Sim 4.5. No action is needed from end-users.

|---------------------------------------------------------------------------------------------|
| Driver Version: 580.142       | Graphics API: Vulkan
|=============================================================================================|
| GPU | Name                             | Active | LDA | GPU Memory | Vendor-ID | LUID       |
|     |                                  |        |     |            | Device-ID | UUID       |
|     |                                  |        |     |            | Bus-ID    |            |
|---------------------------------------------------------------------------------------------|
| 0   | NVIDIA GeForce RTX 5090 D v2     | Yes: 0 |     | 24701   MB | 10de      | 0          |
|     |                                  |        |     |            | 2b8c      | 5f3d0dc0.. |
|     |                                  |        |     |            | 1         |            |
|=============================================================================================|
| OS: 24.04.3 LTS (Noble Numbat) ubuntu, Version: 24.04.3, Kernel: 6.17.0-1017-oem
| Processor: Intel(R) Core(TM) i9-14900K
| Cores: 24 | Logical Cores: 32
|---------------------------------------------------------------------------------------------|
| Total Memory (MB): 64063 | Free Memory: 53811
| Total Page/Swap (MB): 8191 | Free Page/Swap: 8191
|---------------------------------------------------------------------------------------------|
2026-07-15T12:00:47Z [2,608ms] [Warning] [gpu.foundation.plugin] CPU performance profile is set to powersave. This profile sets the CPU to the lowest frequency reducing performance.
2026-07-15T12:00:47Z [2,616ms] [Warning] [gpu.foundation.plugin] IOMMU is enabled.
2026-07-15T12:00:47Z [2,761ms] [Warning] [carb.windowing-glfw.plugin] GLFW initialization failed.
2026-07-15T12:00:47Z [2,761ms] [Warning] [carb] Failed to startup plugin carb.windowing-glfw.plugin (interfaces: [carb::windowing::IGLContext v1.0],[carb::windowing::IWindowing v1.5]) (impl: carb.windowing-glfw.plugin)

|---------------------------------------------------------------------------------------------|
| Driver Version: 580.142       | Graphics API: Vulkan
|=============================================================================================|
| GPU | Name                             | Active | LDA | GPU Memory | Vendor-ID | LUID       |
|     |                                  |        |     |            | Device-ID | UUID       |
|     |                                  |        |     |            | Bus-ID    |            |
|---------------------------------------------------------------------------------------------|
| 0   | NVIDIA GeForce RTX 5090 D v2     | Yes: 0 |     | 24701   MB | 10de      | 0          |
|     |                                  |        |     |            | 2b8c      | 5f3d0dc0.. |
|     |                                  |        |     |            | 1         |            |
|=============================================================================================|
| OS: 24.04.3 LTS (Noble Numbat) ubuntu, Version: 24.04.3, Kernel: 6.17.0-1017-oem
| Processor: Intel(R) Core(TM) i9-14900K
| Cores: 24 | Logical Cores: 32
|---------------------------------------------------------------------------------------------|
| Total Memory (MB): 64063 | Free Memory: 53647
| Total Page/Swap (MB): 8191 | Free Page/Swap: 8191
|---------------------------------------------------------------------------------------------|
2026-07-15T12:00:48Z [3,010ms] [Warning] [gpu.foundation.plugin] CPU performance profile is set to powersave. This profile sets the CPU to the lowest frequency reducing performance.
2026-07-15T12:00:48Z [3,010ms] [Warning] [gpu.foundation.plugin] IOMMU is enabled.
2026-07-15T12:00:48Z [3,210ms] [Warning] [carb.windowing-glfw.plugin] GLFW initialization failed.
2026-07-15T12:00:48Z [3,210ms] [Warning] [carb] Failed to startup plugin carb.windowing-glfw.plugin (interfaces: [carb::windowing::IGLContext v1.0],[carb::windowing::IWindowing v1.5]) (impl: carb.windowing-glfw.plugin)
2026-07-15T12:00:48Z [3,222ms] [Warning] [carb.windowing-glfw.plugin] GLFW initialization failed.
2026-07-15T12:00:48Z [3,222ms] [Warning] [carb] Failed to startup plugin carb.windowing-glfw.plugin (interfaces: [carb::windowing::IGLContext v1.0],[carb::windowing::IWindowing v1.5]) (impl: carb.windowing-glfw.plugin)
2026-07-15T12:00:48Z [3,227ms] [Warning] [carb.windowing-glfw.plugin] GLFW initialization failed.
2026-07-15T12:00:48Z [3,227ms] [Warning] [carb] Failed to startup plugin carb.windowing-glfw.plugin (interfaces: [carb::windowing::IGLContext v1.0],[carb::windowing::IWindowing v1.5]) (impl: carb.windowing-glfw.plugin)
2026-07-15T12:00:48Z [3,232ms] [Warning] [carb.windowing-glfw.plugin] GLFW initialization failed.
2026-07-15T12:00:48Z [3,232ms] [Warning] [carb] Failed to startup plugin carb.windowing-glfw.plugin (interfaces: [carb::windowing::IGLContext v1.0],[carb::windowing::IWindowing v1.5]) (impl: carb.windowing-glfw.plugin)
2026-07-15T12:00:48Z [3,233ms] [Warning] [carb.windowing-glfw.plugin] GLFW initialization failed.
2026-07-15T12:00:48Z [3,233ms] [Warning] [carb] Failed to startup plugin carb.windowing-glfw.plugin (interfaces: [carb::windowing::IGLContext v1.0],[carb::windowing::IWindowing v1.5]) (impl: carb.windowing-glfw.plugin)
2026-07-15T12:00:48Z [3,233ms] [Warning] [carb.windowing-glfw.plugin] GLFW initialization failed.
2026-07-15T12:00:48Z [3,233ms] [Warning] [carb] Failed to startup plugin carb.windowing-glfw.plugin (interfaces: [carb::windowing::IGLContext v1.0],[carb::windowing::IWindowing v1.5]) (impl: carb.windowing-glfw.plugin)
2026-07-15T12:00:48Z [3,477ms] [Warning] [omni.graph.visualization.nodes._impl.extension] No Viewport Window to add omni.graph.visualization.nodes-2.1.3 scene to
2026-07-15T12:00:48Z [3,558ms] [Warning] [isaacsim.asset.importer.urdf] The path cabinet_door_surface-44 is not a valid usd path, modifying to cabinet_door_surface_44
2026-07-15T12:00:48Z [3,559ms] [Warning] [isaacsim.asset.importer.urdf] The path board-62 is not a valid usd path, modifying to board_62
2026-07-15T12:00:48Z [3,559ms] [Warning] [isaacsim.asset.importer.urdf] The path shelf-25 is not a valid usd path, modifying to shelf_25
2026-07-15T12:00:48Z [3,559ms] [Warning] [isaacsim.asset.importer.urdf] The path shelf-26 is not a valid usd path, modifying to shelf_26
2026-07-15T12:00:48Z [3,559ms] [Warning] [isaacsim.asset.importer.urdf] The path shelf-27 is not a valid usd path, modifying to shelf_27
2026-07-15T12:00:48Z [3,559ms] [Warning] [isaacsim.asset.importer.urdf] The path shelf-28 is not a valid usd path, modifying to shelf_28
2026-07-15T12:00:48Z [3,559ms] [Warning] [isaacsim.asset.importer.urdf] The path shelf-29 is not a valid usd path, modifying to shelf_29
2026-07-15T12:00:48Z [3,559ms] [Warning] [isaacsim.asset.importer.urdf] The path vertical_side_panel-30 is not a valid usd path, modifying to vertical_side_panel_30
2026-07-15T12:00:48Z [3,559ms] [Warning] [isaacsim.asset.importer.urdf] The path vertical_side_panel-31 is not a valid usd path, modifying to vertical_side_panel_31
2026-07-15T12:00:48Z [3,559ms] [Warning] [isaacsim.asset.importer.urdf] The path leg-32 is not a valid usd path, modifying to leg_32
2026-07-15T12:00:48Z [3,559ms] [Warning] [isaacsim.asset.importer.urdf] The path leg-33 is not a valid usd path, modifying to leg_33
2026-07-15T12:00:48Z [3,559ms] [Warning] [isaacsim.asset.importer.urdf] The path leg-34 is not a valid usd path, modifying to leg_34
2026-07-15T12:00:48Z [3,559ms] [Warning] [isaacsim.asset.importer.urdf] The path leg-35 is not a valid usd path, modifying to leg_35
2026-07-15T12:00:48Z [3,559ms] [Warning] [isaacsim.asset.importer.urdf] The path bar_stretcher-40 is not a valid usd path, modifying to bar_stretcher_40
2026-07-15T12:00:48Z [3,559ms] [Warning] [isaacsim.asset.importer.urdf] The path bar_stretcher-41 is not a valid usd path, modifying to bar_stretcher_41
2026-07-15T12:00:48Z [3,559ms] [Warning] [isaacsim.asset.importer.urdf] The path tabletop_connector-58 is not a valid usd path, modifying to tabletop_connector_58
2026-07-15T12:00:48Z [3,559ms] [Warning] [isaacsim.asset.importer.urdf] The path tabletop_connector-59 is not a valid usd path, modifying to tabletop_connector_59
2026-07-15T12:00:48Z [3,559ms] [Warning] [isaacsim.asset.importer.urdf] The path drawer_rails-50 is not a valid usd path, modifying to drawer_rails_50
2026-07-15T12:00:48Z [3,559ms] [Warning] [isaacsim.asset.importer.urdf] The path drawer_rails-51 is not a valid usd path, modifying to drawer_rails_51
2026-07-15T12:00:48Z [3,559ms] [Warning] [isaacsim.asset.importer.urdf] The path handle-49 is not a valid usd path, modifying to handle_49
2026-07-15T12:00:48Z [3,559ms] [Warning] [isaacsim.asset.importer.urdf] The path handle-49 is not a valid usd path, modifying to handle_49
2026-07-15T12:00:48Z [3,559ms] [Warning] [isaacsim.asset.importer.urdf] The path drawer_front-52 is not a valid usd path, modifying to drawer_front_52
2026-07-15T12:00:48Z [3,559ms] [Warning] [isaacsim.asset.importer.urdf] The path drawer_front-52 is not a valid usd path, modifying to drawer_front_52
2026-07-15T12:00:48Z [3,559ms] [Warning] [isaacsim.asset.importer.urdf] The path drawer_side-53 is not a valid usd path, modifying to drawer_side_53
2026-07-15T12:00:48Z [3,559ms] [Warning] [isaacsim.asset.importer.urdf] The path drawer_back-54 is not a valid usd path, modifying to drawer_back_54
2026-07-15T12:00:48Z [3,559ms] [Warning] [isaacsim.asset.importer.urdf] The path drawer_bottom-55 is not a valid usd path, modifying to drawer_bottom_55
2026-07-15T12:00:48Z [3,559ms] [Warning] [isaacsim.asset.importer.urdf] The path drawer_side-60 is not a valid usd path, modifying to drawer_side_60
2026-07-15T12:00:48Z [3,574ms] [Warning] [isaacsim.asset.importer.urdf] No mass specified for link base
2026-07-15T12:00:48Z [3,574ms] [Warning] [omni.usd] Warning: in _ReportErrors at line 3172 of /builds/omniverse/usd-ci/USD/pxr/usd/usd/stage.cpp -- In </partnet_a7164d4766ff0e1b4ff124faf2d8d947/base/visuals>: Unresolved reference prim path @/home/ubuntu/workspace/physvla_sim/datasets/data_normalized/table_urdf/27267/configuration/fitr_info1_physics.usd@</visuals/base> introduced by @/home/ubuntu/workspace/physvla_sim/datasets/data_normalized/table_urdf/27267/configuration/fitr_info1_base.usd@</partnet_a7164d4766ff0e1b4ff124faf2d8d947/base/visuals> (recomposing stage on stage @/home/ubuntu/workspace/physvla_sim/datasets/data_normalized/table_urdf/27267/configuration/fitr_info1_physics.usd@ <0x74d6e0e41570>)

2026-07-15T12:00:48Z [3,574ms] [Warning] [omni.usd] Warning: in _ReportErrors at line 3172 of /builds/omniverse/usd-ci/USD/pxr/usd/usd/stage.cpp -- In </partnet_a7164d4766ff0e1b4ff124faf2d8d947/base/visuals>: Unresolved reference prim path @/home/ubuntu/workspace/physvla_sim/datasets/data_normalized/table_urdf/27267/fitr_info1.usd@</visuals/base> introduced by @/home/ubuntu/workspace/physvla_sim/datasets/data_normalized/table_urdf/27267/configuration/fitr_info1_base.usd@</partnet_a7164d4766ff0e1b4ff124faf2d8d947/base/visuals> (recomposing stage on stage @/home/ubuntu/workspace/physvla_sim/datasets/data_normalized/table_urdf/27267/fitr_info1.usd@ <0x74d6e0e2dc70>)

2026-07-15T12:00:48Z [3,574ms] [Warning] [omni.usd] Warning: in _ReportErrors at line 3172 of /builds/omniverse/usd-ci/USD/pxr/usd/usd/stage.cpp -- In </partnet_a7164d4766ff0e1b4ff124faf2d8d947/base/visuals>: Unresolved reference prim path @/home/ubuntu/workspace/physvla_sim/datasets/data_normalized/table_urdf/27267/fitr_info1.usd@</visuals/base> introduced by @/home/ubuntu/workspace/physvla_sim/datasets/data_normalized/table_urdf/27267/configuration/fitr_info1_base.usd@</partnet_a7164d4766ff0e1b4ff124faf2d8d947/base/visuals> (recomposing stage on stage @/home/ubuntu/workspace/physvla_sim/datasets/data_normalized/table_urdf/27267/fitr_info1.usd@ <0x74d6e0e293d0>)

2026-07-15T12:00:48Z [3,574ms] [Warning] [omni.usd] Warning: in _ReportErrors at line 3172 of /builds/omniverse/usd-ci/USD/pxr/usd/usd/stage.cpp -- In </partnet_a7164d4766ff0e1b4ff124faf2d8d947/base/visuals>: Unresolved reference prim path @/home/ubuntu/workspace/physvla_sim/datasets/data_normalized/table_urdf/27267/configuration/fitr_info1_base.usd@</visuals/base> introduced by @/home/ubuntu/workspace/physvla_sim/datasets/data_normalized/table_urdf/27267/configuration/fitr_info1_base.usd@</partnet_a7164d4766ff0e1b4ff124faf2d8d947/base/visuals> (recomposing stage on stage @/home/ubuntu/workspace/physvla_sim/datasets/data_normalized/table_urdf/27267/configuration/fitr_info1_base.usd@ <0x74d6e0e4ac10>)

2026-07-15T12:00:48Z [3,574ms] [Warning] [omni.usd] Warning: in _ReportErrors at line 3172 of /builds/omniverse/usd-ci/USD/pxr/usd/usd/stage.cpp -- In </partnet_a7164d4766ff0e1b4ff124faf2d8d947/base/visuals>: Unresolved reference prim path @/home/ubuntu/workspace/physvla_sim/datasets/data_normalized/table_urdf/27267/configuration/fitr_info1_physics.usd@</visuals/base> introduced by @/home/ubuntu/workspace/physvla_sim/datasets/data_normalized/table_urdf/27267/configuration/fitr_info1_base.usd@</partnet_a7164d4766ff0e1b4ff124faf2d8d947/base/visuals> (recomposing stage on stage @/home/ubuntu/workspace/physvla_sim/datasets/data_normalized/table_urdf/27267/configuration/fitr_info1_physics.usd@ <0x74d6e0e41570>)

2026-07-15T12:00:48Z [3,575ms] [Warning] [omni.usd] Warning: in _ReportErrors at line 3172 of /builds/omniverse/usd-ci/USD/pxr/usd/usd/stage.cpp -- In </partnet_a7164d4766ff0e1b4ff124faf2d8d947/base/visuals>: Unresolved reference prim path @/home/ubuntu/workspace/physvla_sim/datasets/data_normalized/table_urdf/27267/fitr_info1.usd@</visuals/base> introduced by @/home/ubuntu/workspace/physvla_sim/datasets/data_normalized/table_urdf/27267/configuration/fitr_info1_base.usd@</partnet_a7164d4766ff0e1b4ff124faf2d8d947/base/visuals> (recomposing stage on stage @/home/ubuntu/workspace/physvla_sim/datasets/data_normalized/table_urdf/27267/fitr_info1.usd@ <0x74d6e0e2dc70>)

2026-07-15T12:00:48Z [3,575ms] [Warning] [omni.usd] Warning: in _ReportErrors at line 3172 of /builds/omniverse/usd-ci/USD/pxr/usd/usd/stage.cpp -- In </partnet_a7164d4766ff0e1b4ff124faf2d8d947/base/visuals>: Unresolved reference prim path @/home/ubuntu/workspace/physvla_sim/datasets/data_normalized/table_urdf/27267/fitr_info1.usd@</visuals/base> introduced by @/home/ubuntu/workspace/physvla_sim/datasets/data_normalized/table_urdf/27267/configuration/fitr_info1_base.usd@</partnet_a7164d4766ff0e1b4ff124faf2d8d947/base/visuals> (recomposing stage on stage @/home/ubuntu/workspace/physvla_sim/datasets/data_normalized/table_urdf/27267/fitr_info1.usd@ <0x74d6e0e293d0>)

2026-07-15T12:00:48Z [3,575ms] [Warning] [omni.usd] Warning: in _ReportErrors at line 3172 of /builds/omniverse/usd-ci/USD/pxr/usd/usd/stage.cpp -- In </partnet_a7164d4766ff0e1b4ff124faf2d8d947/base/visuals>: Unresolved reference prim path @/home/ubuntu/workspace/physvla_sim/datasets/data_normalized/table_urdf/27267/configuration/fitr_info1_base.usd@</visuals/base> introduced by @/home/ubuntu/workspace/physvla_sim/datasets/data_normalized/table_urdf/27267/configuration/fitr_info1_base.usd@</partnet_a7164d4766ff0e1b4ff124faf2d8d947/base/visuals> (recomposing stage on stage @/home/ubuntu/workspace/physvla_sim/datasets/data_normalized/table_urdf/27267/configuration/fitr_info1_base.usd@ <0x74d6e0e4ac10>)

2026-07-15T12:00:48Z [3,575ms] [Warning] [isaacsim.asset.importer.urdf] Link base has no colliders, and no inertia was imported; assigning a small isotropic inertia matrix
2026-07-15T12:00:48Z [3,576ms] [Warning] [isaacsim.asset.importer.urdf] No mass specified for link link_1
2026-07-15T12:00:48Z [3,768ms] [Warning] [isaacsim.asset.importer.urdf] No mass specified for link link_0
2026-07-15T12:00:48Z [3,787ms] [Warning] [isaacsim.asset.importer.urdf] No mass specified for link link_2
2026-07-15T12:00:49Z [3,871ms] [Warning] [omni.usd] Warning: in _ReportErrors at line 3172 of /builds/omniverse/usd-ci/USD/pxr/usd/usd/stage.cpp -- In </partnet_a7164d4766ff0e1b4ff124faf2d8d947/base/visuals>: Unresolved reference prim path @/home/ubuntu/workspace/physvla_sim/datasets/data_normalized/table_urdf/27267/configuration/fitr_info1_base.usd@</visuals/base> introduced by @/home/ubuntu/workspace/physvla_sim/datasets/data_normalized/table_urdf/27267/configuration/fitr_info1_base.usd@</partnet_a7164d4766ff0e1b4ff124faf2d8d947/base/visuals> (recomposing stage on stage @/home/ubuntu/workspace/physvla_sim/datasets/data_normalized/table_urdf/27267/fitr_info1.usd@ <0x74d6e0e2dc70>)

2026-07-15T12:00:49Z [3,871ms] [Warning] [omni.usd] Warning: in _ReportErrors at line 3172 of /builds/omniverse/usd-ci/USD/pxr/usd/usd/stage.cpp -- In </partnet_a7164d4766ff0e1b4ff124faf2d8d947/base/visuals>: Unresolved reference prim path @/home/ubuntu/workspace/physvla_sim/datasets/data_normalized/table_urdf/27267/configuration/fitr_info1_base.usd@</visuals/base> introduced by @/home/ubuntu/workspace/physvla_sim/datasets/data_normalized/table_urdf/27267/configuration/fitr_info1_base.usd@</partnet_a7164d4766ff0e1b4ff124faf2d8d947/base/visuals> (recomposing stage on stage @/home/ubuntu/workspace/physvla_sim/datasets/data_normalized/table_urdf/27267/fitr_info1.usd@ <0x74d6e0e293d0>)

2026-07-15T12:00:49Z [3,872ms] [Warning] [omni.usd] Warning: in _ReportErrors at line 3172 of /builds/omniverse/usd-ci/USD/pxr/usd/usd/stage.cpp -- In </partnet_a7164d4766ff0e1b4ff124faf2d8d947/base/visuals>: Unresolved reference prim path @/home/ubuntu/workspace/physvla_sim/datasets/data_normalized/table_urdf/27267/configuration/fitr_info1_physics.usd@</visuals/base> introduced by @/home/ubuntu/workspace/physvla_sim/datasets/data_normalized/table_urdf/27267/configuration/fitr_info1_base.usd@</partnet_a7164d4766ff0e1b4ff124faf2d8d947/base/visuals> (recomposing stage on stage @/home/ubuntu/workspace/physvla_sim/datasets/data_normalized/table_urdf/27267/fitr_info1.usd@ <0x74d6e0e2dc70>)

2026-07-15T12:00:49Z [3,872ms] [Warning] [omni.usd] Warning: in _ReportErrors at line 3172 of /builds/omniverse/usd-ci/USD/pxr/usd/usd/stage.cpp -- In </partnet_a7164d4766ff0e1b4ff124faf2d8d947/base/visuals>: Unresolved reference prim path @/home/ubuntu/workspace/physvla_sim/datasets/data_normalized/table_urdf/27267/configuration/fitr_info1_physics.usd@</visuals/base> introduced by @/home/ubuntu/workspace/physvla_sim/datasets/data_normalized/table_urdf/27267/configuration/fitr_info1_base.usd@</partnet_a7164d4766ff0e1b4ff124faf2d8d947/base/visuals> (recomposing stage on stage @/home/ubuntu/workspace/physvla_sim/datasets/data_normalized/table_urdf/27267/fitr_info1.usd@ <0x74d6e0e293d0>)

2026-07-15T12:00:49Z [3,873ms] [Warning] [omni.usd] Warning: in _ReportErrors at line 3172 of /builds/omniverse/usd-ci/USD/pxr/usd/usd/stage.cpp -- In </partnet_a7164d4766ff0e1b4ff124faf2d8d947/base/visuals>: Unresolved reference prim path @/home/ubuntu/workspace/physvla_sim/datasets/data_normalized/table_urdf/27267/configuration/fitr_info1_physics.usd@</visuals/base> introduced by @/home/ubuntu/workspace/physvla_sim/datasets/data_normalized/table_urdf/27267/configuration/fitr_info1_base.usd@</partnet_a7164d4766ff0e1b4ff124faf2d8d947/base/visuals> (recomposing stage on stage @/home/ubuntu/workspace/physvla_sim/datasets/data_normalized/table_urdf/27267/fitr_info1.usd@ <0x74d6e0e2dc70>)

2026-07-15T12:00:49Z [3,873ms] [Warning] [omni.usd] Warning: in _ReportErrors at line 3172 of /builds/omniverse/usd-ci/USD/pxr/usd/usd/stage.cpp -- In </partnet_a7164d4766ff0e1b4ff124faf2d8d947/base/visuals>: Unresolved reference prim path @/home/ubuntu/workspace/physvla_sim/datasets/data_normalized/table_urdf/27267/configuration/fitr_info1_physics.usd@</visuals/base> introduced by @/home/ubuntu/workspace/physvla_sim/datasets/data_normalized/table_urdf/27267/configuration/fitr_info1_base.usd@</partnet_a7164d4766ff0e1b4ff124faf2d8d947/base/visuals> (recomposing stage on stage @/home/ubuntu/workspace/physvla_sim/datasets/data_normalized/table_urdf/27267/fitr_info1.usd@ <0x74d6e0e293d0>)

2026-07-15T12:00:49Z [3,875ms] [Warning] [omni.usd] Warning: in _ReportErrors at line 3172 of /builds/omniverse/usd-ci/USD/pxr/usd/usd/stage.cpp -- In </partnet_a7164d4766ff0e1b4ff124faf2d8d947/base/visuals>: Unresolved reference prim path @/home/ubuntu/workspace/physvla_sim/datasets/data_normalized/table_urdf/27267/configuration/fitr_info1_physics.usd@</visuals/base> introduced by @/home/ubuntu/workspace/physvla_sim/datasets/data_normalized/table_urdf/27267/configuration/fitr_info1_base.usd@</partnet_a7164d4766ff0e1b4ff124faf2d8d947/base/visuals> (recomposing stage on stage @/home/ubuntu/workspace/physvla_sim/datasets/data_normalized/table_urdf/27267/fitr_info1.usd@ <0x74d6e0e2dc70>)

2026-07-15T12:00:49Z [3,876ms] [Warning] [omni.usd] Warning: in _ReportErrors at line 3172 of /builds/omniverse/usd-ci/USD/pxr/usd/usd/stage.cpp -- In </partnet_a7164d4766ff0e1b4ff124faf2d8d947/base/visuals>: Unresolved reference prim path @/home/ubuntu/workspace/physvla_sim/datasets/data_normalized/table_urdf/27267/configuration/fitr_info1_physics.usd@</visuals/base> introduced by @/home/ubuntu/workspace/physvla_sim/datasets/data_normalized/table_urdf/27267/configuration/fitr_info1_base.usd@</partnet_a7164d4766ff0e1b4ff124faf2d8d947/base/visuals> (recomposing stage on stage @/home/ubuntu/workspace/physvla_sim/datasets/data_normalized/table_urdf/27267/fitr_info1.usd@ <0x74d6e0e293d0>)

2026-07-15T12:00:49Z [3,877ms] [Warning] [omni.usd] Warning: in _ReportErrors at line 3172 of /builds/omniverse/usd-ci/USD/pxr/usd/usd/stage.cpp -- In </partnet_a7164d4766ff0e1b4ff124faf2d8d947/base/visuals>: Unresolved reference prim path @/home/ubuntu/workspace/physvla_sim/datasets/data_normalized/table_urdf/27267/configuration/fitr_info1_physics.usd@</visuals/base> introduced by @/home/ubuntu/workspace/physvla_sim/datasets/data_normalized/table_urdf/27267/configuration/fitr_info1_base.usd@</partnet_a7164d4766ff0e1b4ff124faf2d8d947/base/visuals> (recomposing stage on stage @/home/ubuntu/workspace/physvla_sim/datasets/data_normalized/table_urdf/27267/fitr_info1.usd@ <0x74d6e0e2dc70>)

2026-07-15T12:00:49Z [3,879ms] [Warning] [omni.usd] Warning: in _ReportErrors at line 3172 of /builds/omniverse/usd-ci/USD/pxr/usd/usd/stage.cpp -- In </partnet_a7164d4766ff0e1b4ff124faf2d8d947/base/visuals>: Unresolved reference prim path @/home/ubuntu/workspace/physvla_sim/datasets/data_normalized/table_urdf/27267/configuration/fitr_info1_physics.usd@</visuals/base> introduced by @/home/ubuntu/workspace/physvla_sim/datasets/data_normalized/table_urdf/27267/configuration/fitr_info1_base.usd@</partnet_a7164d4766ff0e1b4ff124faf2d8d947/base/visuals> (recomposing stage on stage @/home/ubuntu/workspace/physvla_sim/datasets/data_normalized/table_urdf/27267/fitr_info1.usd@ <0x74d6e0e293d0>)

2026-07-15T12:00:49Z [3,880ms] [Warning] [omni.usd] Warning: in _ReportErrors at line 3172 of /builds/omniverse/usd-ci/USD/pxr/usd/usd/stage.cpp -- In </partnet_a7164d4766ff0e1b4ff124faf2d8d947/base/visuals>: Unresolved reference prim path @/home/ubuntu/workspace/physvla_sim/datasets/data_normalized/table_urdf/27267/configuration/fitr_info1_physics.usd@</visuals/base> introduced by @/home/ubuntu/workspace/physvla_sim/datasets/data_normalized/table_urdf/27267/configuration/fitr_info1_base.usd@</partnet_a7164d4766ff0e1b4ff124faf2d8d947/base/visuals> (recomposing stage on stage @/home/ubuntu/workspace/physvla_sim/datasets/data_normalized/table_urdf/27267/fitr_info1.usd@ <0x74d6e0e2dc70>)

2026-07-15T12:00:49Z [3,882ms] [Warning] [omni.usd] Warning: in _ReportErrors at line 3172 of /builds/omniverse/usd-ci/USD/pxr/usd/usd/stage.cpp -- In </partnet_a7164d4766ff0e1b4ff124faf2d8d947/base/visuals>: Unresolved reference prim path @/home/ubuntu/workspace/physvla_sim/datasets/data_normalized/table_urdf/27267/configuration/fitr_info1_physics.usd@</visuals/base> introduced by @/home/ubuntu/workspace/physvla_sim/datasets/data_normalized/table_urdf/27267/configuration/fitr_info1_base.usd@</partnet_a7164d4766ff0e1b4ff124faf2d8d947/base/visuals> (recomposing stage on stage @/home/ubuntu/workspace/physvla_sim/datasets/data_normalized/table_urdf/27267/fitr_info1.usd@ <0x74d6e0e293d0>)

2026-07-15T12:00:49Z [3,884ms] [Warning] [omni.usd] Warning: in _ReportErrors at line 3172 of /builds/omniverse/usd-ci/USD/pxr/usd/usd/stage.cpp -- In </partnet_a7164d4766ff0e1b4ff124faf2d8d947/base/visuals>: Unresolved reference prim path @/home/ubuntu/workspace/physvla_sim/datasets/data_normalized/table_urdf/27267/configuration/fitr_info1_physics.usd@</visuals/base> introduced by @/home/ubuntu/workspace/physvla_sim/datasets/data_normalized/table_urdf/27267/configuration/fitr_info1_base.usd@</partnet_a7164d4766ff0e1b4ff124faf2d8d947/base/visuals> (recomposing stage on stage @/home/ubuntu/workspace/physvla_sim/datasets/data_normalized/table_urdf/27267/fitr_info1.usd@ <0x74d6e0e2dc70>)

2026-07-15T12:00:49Z [3,885ms] [Warning] [omni.usd] Warning: in _ReportErrors at line 3172 of /builds/omniverse/usd-ci/USD/pxr/usd/usd/stage.cpp -- In </partnet_a7164d4766ff0e1b4ff124faf2d8d947/base/visuals>: Unresolved reference prim path @/home/ubuntu/workspace/physvla_sim/datasets/data_normalized/table_urdf/27267/configuration/fitr_info1_physics.usd@</visuals/base> introduced by @/home/ubuntu/workspace/physvla_sim/datasets/data_normalized/table_urdf/27267/configuration/fitr_info1_base.usd@</partnet_a7164d4766ff0e1b4ff124faf2d8d947/base/visuals> (recomposing stage on stage @/home/ubuntu/workspace/physvla_sim/datasets/data_normalized/table_urdf/27267/fitr_info1.usd@ <0x74d6e0e293d0>)

2026-07-15T12:00:49Z [3,887ms] [Warning] [omni.usd] Warning: in _ReportErrors at line 3172 of /builds/omniverse/usd-ci/USD/pxr/usd/usd/stage.cpp -- In </partnet_a7164d4766ff0e1b4ff124faf2d8d947/base/visuals>: Unresolved reference prim path @/home/ubuntu/workspace/physvla_sim/datasets/data_normalized/table_urdf/27267/configuration/fitr_info1_physics.usd@</visuals/base> introduced by @/home/ubuntu/workspace/physvla_sim/datasets/data_normalized/table_urdf/27267/configuration/fitr_info1_base.usd@</partnet_a7164d4766ff0e1b4ff124faf2d8d947/base/visuals> (recomposing stage on stage @/home/ubuntu/workspace/physvla_sim/datasets/data_normalized/table_urdf/27267/fitr_info1.usd@ <0x74d6e0e2dc70>)

2026-07-15T12:00:49Z [3,889ms] [Warning] [omni.usd] Warning: in _ReportErrors at line 3172 of /builds/omniverse/usd-ci/USD/pxr/usd/usd/stage.cpp -- In </partnet_a7164d4766ff0e1b4ff124faf2d8d947/base/visuals>: Unresolved reference prim path @/home/ubuntu/workspace/physvla_sim/datasets/data_normalized/table_urdf/27267/configuration/fitr_info1_physics.usd@</visuals/base> introduced by @/home/ubuntu/workspace/physvla_sim/datasets/data_normalized/table_urdf/27267/configuration/fitr_info1_base.usd@</partnet_a7164d4766ff0e1b4ff124faf2d8d947/base/visuals> (recomposing stage on stage @/home/ubuntu/workspace/physvla_sim/datasets/data_normalized/table_urdf/27267/fitr_info1.usd@ <0x74d6e0e293d0>)

Traceback (most recent call last):
  File "/home/ubuntu/workspace/physvla_sim/Augment_code/dyn/author_info1_usd.py", line 286, in <module>
    main()
  File "/home/ubuntu/workspace/physvla_sim/Augment_code/dyn/author_info1_usd.py", line 216, in main
    joint_name = resolve_joint_name(asset_dir, data)
                 ^^^^^^^^^^^^^^^^^^^^^^^^^^^^^^^^^^^
  File "/home/ubuntu/workspace/physvla_sim/Augment_code/dyn/author_info1_usd.py", line 85, in resolve_joint_name
    raise ValueError(
ValueError: Cannot map info1 joint_1 to one prismatic joint for link handle; candidates=[]
Loading user config located at: '/home/ubuntu/isaacsim/kit/data/Kit/Isaac-Sim/5.1/user.config.json'
[Info] [carb] Logging to file: /home/ubuntu/isaacsim/kit/logs/Kit/Isaac-Sim/5.1/kit_20260715_200049.log
2026-07-15T12:00:49Z [0ms] [Warning] [carb.crashreporter-breakpad.plugin] [previous crash] preventing upload of minidump due to user opt-out: '/home/ubuntu/isaacsim/kit/data/Kit/Isaac-Sim/5.1/0d81a4fd-59cb-4157-42d97b80-310afb82.dmp'
2026-07-15T12:00:49Z [0ms] [Warning] [carb.crashreporter-breakpad.plugin] [previous crash] preventing upload of minidump due to user opt-out: '/home/ubuntu/isaacsim/kit/data/Kit/Isaac-Sim/5.1/7efeb785-3cdd-476a-8fc91ca3-38a85c81.dmp'
2026-07-15T12:00:49Z [0ms] [Warning] [carb.crashreporter-breakpad.plugin] [previous crash] preventing upload of minidump due to user opt-out: '/home/ubuntu/isaacsim/kit/data/Kit/Isaac-Sim/5.1/0ec06837-edee-4570-b459bb9b-e409ca73.dmp'
2026-07-15T12:00:49Z [0ms] [Warning] [carb.crashreporter-breakpad.plugin] [previous crash] preventing upload of minidump due to user opt-out: '/home/ubuntu/isaacsim/kit/data/Kit/Isaac-Sim/5.1/846da064-407f-481c-dab18ea9-9788aefc.dmp'
2026-07-15T12:00:49Z [0ms] [Warning] [carb.crashreporter-breakpad.plugin] [previous crash] preventing upload of minidump due to user opt-out: '/home/ubuntu/isaacsim/kit/data/Kit/Isaac-Sim/5.1/7674058d-a5ef-457b-61399da4-1924f871.dmp'
2026-07-15T12:00:49Z [0ms] [Warning] [carb.crashreporter-breakpad.plugin] [previous crash] preventing upload of minidump due to user opt-out: '/home/ubuntu/isaacsim/kit/data/Kit/Isaac-Sim/5.1/0dbca6de-81d5-44e8-85c7eba5-c7ac64b6.dmp'
2026-07-15T12:00:49Z [0ms] [Warning] [carb.crashreporter-breakpad.plugin] [previous crash] preventing upload of minidump due to user opt-out: '/home/ubuntu/isaacsim/kit/data/Kit/Isaac-Sim/5.1/96b6ea33-a47b-4c84-2d7408a6-bc8b64a8.dmp'
2026-07-15T12:00:49Z [181ms] [Warning] [omni.usd_config.extension] Enable omni.materialx.libs extension to use MaterialX
2026-07-15T12:00:49Z [184ms] [Warning] [omni.platforminfo.plugin] failed to open the default display.  Can't verify X Server version.
2026-07-15T12:00:50Z [454ms] [Warning] [carb] Acquiring non optional plugin interface which is not listed as dependency: [omni::physx::IPhysxBenchmarks v1.0] (plugin: <default plugin>), by client: omni.physics.physx.plugin. Add it to CARB_PLUGIN_IMPL_DEPS() macro of a client.
2026-07-15T12:00:50Z [587ms] [Warning] [omni.isaac.dynamic_control] omni.isaac.dynamic_control is deprecated as of Isaac Sim 4.5. No action is needed from end-users.

|---------------------------------------------------------------------------------------------|
| Driver Version: 580.142       | Graphics API: Vulkan
|=============================================================================================|
| GPU | Name                             | Active | LDA | GPU Memory | Vendor-ID | LUID       |
|     |                                  |        |     |            | Device-ID | UUID       |
|     |                                  |        |     |            | Bus-ID    |            |
|---------------------------------------------------------------------------------------------|
| 0   | NVIDIA GeForce RTX 5090 D v2     | Yes: 0 |     | 24701   MB | 10de      | 0          |
|     |                                  |        |     |            | 2b8c      | 5f3d0dc0.. |
|     |                                  |        |     |            | 1         |            |
|=============================================================================================|
| OS: 24.04.3 LTS (Noble Numbat) ubuntu, Version: 24.04.3, Kernel: 6.17.0-1017-oem
| Processor: Intel(R) Core(TM) i9-14900K
| Cores: 24 | Logical Cores: 32
|---------------------------------------------------------------------------------------------|
| Total Memory (MB): 64063 | Free Memory: 53867
| Total Page/Swap (MB): 8191 | Free Page/Swap: 8191
|---------------------------------------------------------------------------------------------|
2026-07-15T12:00:51Z [2,336ms] [Warning] [gpu.foundation.plugin] CPU performance profile is set to powersave. This profile sets the CPU to the lowest frequency reducing performance.
[INFO][AppLauncher]: Using device: cuda:0
[INFO][AppLauncher]: Loading experience file: /home/ubuntu/workspace/IsaacLab/apps/isaaclab.python.headless.kit
2026-07-15T12:00:51Z [2,344ms] [Warning] [gpu.foundation.plugin] IOMMU is enabled.
2026-07-15T12:00:52Z [2,488ms] [Warning] [omni.usd] Warning: in _ReportErrors at line 3172 of /builds/omniverse/usd-ci/USD/pxr/usd/usd/stage.cpp -- In </partnet_a7164d4766ff0e1b4ff124faf2d8d947/base/visuals>: Unresolved reference prim path @/home/ubuntu/workspace/physvla_sim/datasets/data_normalized/table_urdf/27267/configuration/fitr_info1_base.usd@</visuals/base> introduced by @/home/ubuntu/workspace/physvla_sim/datasets/data_normalized/table_urdf/27267/configuration/fitr_info1_base.usd@</partnet_a7164d4766ff0e1b4ff124faf2d8d947/base/visuals> (instantiating stage on stage @/home/ubuntu/workspace/physvla_sim/datasets/data_normalized/table_urdf/27267/configuration/fitr_info1_base.usd@ <0xf0fcac0>)

2026-07-15T12:00:52Z [2,494ms] [Warning] [omni.usd] Warning: in _ReportErrors at line 3172 of /builds/omniverse/usd-ci/USD/pxr/usd/usd/stage.cpp -- In </partnet_a7164d4766ff0e1b4ff124faf2d8d947/base/visuals>: Unresolved reference prim path @/home/ubuntu/workspace/physvla_sim/datasets/data_normalized/table_urdf/27267/configuration/fitr_info1_physics.usd@</visuals/base> introduced by @/home/ubuntu/workspace/physvla_sim/datasets/data_normalized/table_urdf/27267/configuration/fitr_info1_base.usd@</partnet_a7164d4766ff0e1b4ff124faf2d8d947/base/visuals> (instantiating stage on stage @/home/ubuntu/workspace/physvla_sim/datasets/data_normalized/table_urdf/27267/configuration/fitr_info1_physics.usd@ <0xd2640d0>)

2026-07-15T12:00:52Z [2,500ms] [Warning] [omni.physx.plugin] USD stage detach not called, holding a loose ptr to a stage!
2026-07-15T12:00:52Z [2,675ms] [Warning] [carb] Recursive unloadAllPlugins() detected!
Traceback (most recent call last):
  File "/home/ubuntu/workspace/physvla_sim/Augment_code/dyn/generate_asset_usd.py", line 238, in <module>
    main()
  File "/home/ubuntu/workspace/physvla_sim/Augment_code/dyn/generate_asset_usd.py", line 231, in main
    validate_author_output(asset_dir, args.output_name, author_result.stdout)
  File "/home/ubuntu/workspace/physvla_sim/Augment_code/dyn/generate_asset_usd.py", line 133, in validate_author_output
    raise RuntimeError("Author did not emit verified joint output")
RuntimeError: Author did not emit verified joint output
[FAILED] table_urdf/27267
[RUN] table_urdf/31249
Loading user config located at: '/home/ubuntu/isaacsim/kit/data/Kit/Isaac-Sim/5.1/user.config.json'
[Info] [carb] Logging to file: /home/ubuntu/isaacsim/kit/logs/Kit/Isaac-Sim/5.1/kit_20260715_200052.log
2026-07-15T12:00:52Z [0ms] [Warning] [carb.crashreporter-breakpad.plugin] [previous crash] preventing upload of minidump due to user opt-out: '/home/ubuntu/isaacsim/kit/data/Kit/Isaac-Sim/5.1/0d81a4fd-59cb-4157-42d97b80-310afb82.dmp'
2026-07-15T12:00:52Z [0ms] [Warning] [carb.crashreporter-breakpad.plugin] [previous crash] preventing upload of minidump due to user opt-out: '/home/ubuntu/isaacsim/kit/data/Kit/Isaac-Sim/5.1/7efeb785-3cdd-476a-8fc91ca3-38a85c81.dmp'
2026-07-15T12:00:52Z [0ms] [Warning] [carb.crashreporter-breakpad.plugin] [previous crash] preventing upload of minidump due to user opt-out: '/home/ubuntu/isaacsim/kit/data/Kit/Isaac-Sim/5.1/0ec06837-edee-4570-b459bb9b-e409ca73.dmp'
2026-07-15T12:00:52Z [0ms] [Warning] [carb.crashreporter-breakpad.plugin] [previous crash] preventing upload of minidump due to user opt-out: '/home/ubuntu/isaacsim/kit/data/Kit/Isaac-Sim/5.1/846da064-407f-481c-dab18ea9-9788aefc.dmp'
2026-07-15T12:00:52Z [0ms] [Warning] [carb.crashreporter-breakpad.plugin] [previous crash] preventing upload of minidump due to user opt-out: '/home/ubuntu/isaacsim/kit/data/Kit/Isaac-Sim/5.1/7674058d-a5ef-457b-61399da4-1924f871.dmp'
2026-07-15T12:00:52Z [1ms] [Warning] [carb.crashreporter-breakpad.plugin] [previous crash] preventing upload of minidump due to user opt-out: '/home/ubuntu/isaacsim/kit/data/Kit/Isaac-Sim/5.1/0dbca6de-81d5-44e8-85c7eba5-c7ac64b6.dmp'
2026-07-15T12:00:52Z [1ms] [Warning] [carb.crashreporter-breakpad.plugin] [previous crash] preventing upload of minidump due to user opt-out: '/home/ubuntu/isaacsim/kit/data/Kit/Isaac-Sim/5.1/96b6ea33-a47b-4c84-2d7408a6-bc8b64a8.dmp'
2026-07-15T12:00:52Z [182ms] [Warning] [omni.usd_config.extension] Enable omni.materialx.libs extension to use MaterialX
2026-07-15T12:00:52Z [183ms] [Warning] [omni.platforminfo.plugin] failed to open the default display.  Can't verify X Server version.
2026-07-15T12:00:52Z [466ms] [Warning] [carb] Acquiring non optional plugin interface which is not listed as dependency: [omni::physx::IPhysxBenchmarks v1.0] (plugin: <default plugin>), by client: omni.physics.physx.plugin. Add it to CARB_PLUGIN_IMPL_DEPS() macro of a client.
2026-07-15T12:00:53Z [600ms] [Warning] [omni.isaac.dynamic_control] omni.isaac.dynamic_control is deprecated as of Isaac Sim 4.5. No action is needed from end-users.

|---------------------------------------------------------------------------------------------|
| Driver Version: 580.142       | Graphics API: Vulkan
|=============================================================================================|
| GPU | Name                             | Active | LDA | GPU Memory | Vendor-ID | LUID       |
|     |                                  |        |     |            | Device-ID | UUID       |
|     |                                  |        |     |            | Bus-ID    |            |
|---------------------------------------------------------------------------------------------|
| 0   | NVIDIA GeForce RTX 5090 D v2     | Yes: 0 |     | 24701   MB | 10de      | 0          |
|     |                                  |        |     |            | 2b8c      | 5f3d0dc0.. |
|     |                                  |        |     |            | 1         |            |
|=============================================================================================|
| OS: 24.04.3 LTS (Noble Numbat) ubuntu, Version: 24.04.3, Kernel: 6.17.0-1017-oem
| Processor: Intel(R) Core(TM) i9-14900K
| Cores: 24 | Logical Cores: 32
|---------------------------------------------------------------------------------------------|
| Total Memory (MB): 64063 | Free Memory: 53857
| Total Page/Swap (MB): 8191 | Free Page/Swap: 8191
|---------------------------------------------------------------------------------------------|
2026-07-15T12:00:55Z [2,580ms] [Warning] [gpu.foundation.plugin] CPU performance profile is set to powersave. This profile sets the CPU to the lowest frequency reducing performance.
2026-07-15T12:00:55Z [2,588ms] [Warning] [gpu.foundation.plugin] IOMMU is enabled.
2026-07-15T12:00:55Z [2,737ms] [Warning] [carb.windowing-glfw.plugin] GLFW initialization failed.
2026-07-15T12:00:55Z [2,737ms] [Warning] [carb] Failed to startup plugin carb.windowing-glfw.plugin (interfaces: [carb::windowing::IGLContext v1.0],[carb::windowing::IWindowing v1.5]) (impl: carb.windowing-glfw.plugin)

|---------------------------------------------------------------------------------------------|
| Driver Version: 580.142       | Graphics API: Vulkan
|=============================================================================================|
| GPU | Name                             | Active | LDA | GPU Memory | Vendor-ID | LUID       |
|     |                                  |        |     |            | Device-ID | UUID       |
|     |                                  |        |     |            | Bus-ID    |            |
|---------------------------------------------------------------------------------------------|
| 0   | NVIDIA GeForce RTX 5090 D v2     | Yes: 0 |     | 24701   MB | 10de      | 0          |
|     |                                  |        |     |            | 2b8c      | 5f3d0dc0.. |
|     |                                  |        |     |            | 1         |            |
|=============================================================================================|
| OS: 24.04.3 LTS (Noble Numbat) ubuntu, Version: 24.04.3, Kernel: 6.17.0-1017-oem
| Processor: Intel(R) Core(TM) i9-14900K
| Cores: 24 | Logical Cores: 32
|---------------------------------------------------------------------------------------------|
| Total Memory (MB): 64063 | Free Memory: 53646
| Total Page/Swap (MB): 8191 | Free Page/Swap: 8191
|---------------------------------------------------------------------------------------------|
2026-07-15T12:00:55Z [2,963ms] [Warning] [gpu.foundation.plugin] CPU performance profile is set to powersave. This profile sets the CPU to the lowest frequency reducing performance.
2026-07-15T12:00:55Z [2,964ms] [Warning] [gpu.foundation.plugin] IOMMU is enabled.
2026-07-15T12:00:55Z [3,169ms] [Warning] [carb.windowing-glfw.plugin] GLFW initialization failed.
2026-07-15T12:00:55Z [3,169ms] [Warning] [carb] Failed to startup plugin carb.windowing-glfw.plugin (interfaces: [carb::windowing::IGLContext v1.0],[carb::windowing::IWindowing v1.5]) (impl: carb.windowing-glfw.plugin)
2026-07-15T12:00:55Z [3,182ms] [Warning] [carb.windowing-glfw.plugin] GLFW initialization failed.
2026-07-15T12:00:55Z [3,182ms] [Warning] [carb] Failed to startup plugin carb.windowing-glfw.plugin (interfaces: [carb::windowing::IGLContext v1.0],[carb::windowing::IWindowing v1.5]) (impl: carb.windowing-glfw.plugin)
2026-07-15T12:00:55Z [3,187ms] [Warning] [carb.windowing-glfw.plugin] GLFW initialization failed.
2026-07-15T12:00:55Z [3,187ms] [Warning] [carb] Failed to startup plugin carb.windowing-glfw.plugin (interfaces: [carb::windowing::IGLContext v1.0],[carb::windowing::IWindowing v1.5]) (impl: carb.windowing-glfw.plugin)
2026-07-15T12:00:55Z [3,192ms] [Warning] [carb.windowing-glfw.plugin] GLFW initialization failed.
2026-07-15T12:00:55Z [3,192ms] [Warning] [carb] Failed to startup plugin carb.windowing-glfw.plugin (interfaces: [carb::windowing::IGLContext v1.0],[carb::windowing::IWindowing v1.5]) (impl: carb.windowing-glfw.plugin)
2026-07-15T12:00:55Z [3,193ms] [Warning] [carb.windowing-glfw.plugin] GLFW initialization failed.
2026-07-15T12:00:55Z [3,193ms] [Warning] [carb] Failed to startup plugin carb.windowing-glfw.plugin (interfaces: [carb::windowing::IGLContext v1.0],[carb::windowing::IWindowing v1.5]) (impl: carb.windowing-glfw.plugin)
2026-07-15T12:00:55Z [3,193ms] [Warning] [carb.windowing-glfw.plugin] GLFW initialization failed.
2026-07-15T12:00:55Z [3,193ms] [Warning] [carb] Failed to startup plugin carb.windowing-glfw.plugin (interfaces: [carb::windowing::IGLContext v1.0],[carb::windowing::IWindowing v1.5]) (impl: carb.windowing-glfw.plugin)
2026-07-15T12:00:55Z [3,446ms] [Warning] [omni.graph.visualization.nodes._impl.extension] No Viewport Window to add omni.graph.visualization.nodes-2.1.3 scene to
2026-07-15T12:00:56Z [3,539ms] [Warning] [isaacsim.asset.importer.urdf] The path drawer_front-82 is not a valid usd path, modifying to drawer_front_82
2026-07-15T12:00:56Z [3,539ms] [Warning] [isaacsim.asset.importer.urdf] The path drawer_side-83 is not a valid usd path, modifying to drawer_side_83
2026-07-15T12:00:56Z [3,539ms] [Warning] [isaacsim.asset.importer.urdf] The path drawer_side-83 is not a valid usd path, modifying to drawer_side_83
2026-07-15T12:00:56Z [3,539ms] [Warning] [isaacsim.asset.importer.urdf] The path drawer_side-84 is not a valid usd path, modifying to drawer_side_84
2026-07-15T12:00:56Z [3,539ms] [Warning] [isaacsim.asset.importer.urdf] The path drawer_back-85 is not a valid usd path, modifying to drawer_back_85
2026-07-15T12:00:56Z [3,539ms] [Warning] [isaacsim.asset.importer.urdf] The path drawer_back-85 is not a valid usd path, modifying to drawer_back_85
2026-07-15T12:00:56Z [3,539ms] [Warning] [isaacsim.asset.importer.urdf] The path drawer_bottom-86 is not a valid usd path, modifying to drawer_bottom_86
2026-07-15T12:00:56Z [3,539ms] [Warning] [isaacsim.asset.importer.urdf] The path drawer_bottom-86 is not a valid usd path, modifying to drawer_bottom_86
2026-07-15T12:00:56Z [3,539ms] [Warning] [isaacsim.asset.importer.urdf] The path handle-47 is not a valid usd path, modifying to handle_47
2026-07-15T12:00:56Z [3,539ms] [Warning] [isaacsim.asset.importer.urdf] The path handle-47 is not a valid usd path, modifying to handle_47
2026-07-15T12:00:56Z [3,539ms] [Warning] [isaacsim.asset.importer.urdf] The path handle-47 is not a valid usd path, modifying to handle_47
2026-07-15T12:00:56Z [3,539ms] [Warning] [isaacsim.asset.importer.urdf] The path handle-47 is not a valid usd path, modifying to handle_47
2026-07-15T12:00:56Z [3,539ms] [Warning] [isaacsim.asset.importer.urdf] The path drawer_front-87 is not a valid usd path, modifying to drawer_front_87
2026-07-15T12:00:56Z [3,539ms] [Warning] [isaacsim.asset.importer.urdf] The path drawer_side-88 is not a valid usd path, modifying to drawer_side_88
2026-07-15T12:00:56Z [3,539ms] [Warning] [isaacsim.asset.importer.urdf] The path drawer_side-89 is not a valid usd path, modifying to drawer_side_89
2026-07-15T12:00:56Z [3,539ms] [Warning] [isaacsim.asset.importer.urdf] The path drawer_side-89 is not a valid usd path, modifying to drawer_side_89
2026-07-15T12:00:56Z [3,539ms] [Warning] [isaacsim.asset.importer.urdf] The path drawer_back-90 is not a valid usd path, modifying to drawer_back_90
2026-07-15T12:00:56Z [3,539ms] [Warning] [isaacsim.asset.importer.urdf] The path drawer_back-90 is not a valid usd path, modifying to drawer_back_90
2026-07-15T12:00:56Z [3,539ms] [Warning] [isaacsim.asset.importer.urdf] The path drawer_bottom-91 is not a valid usd path, modifying to drawer_bottom_91
2026-07-15T12:00:56Z [3,539ms] [Warning] [isaacsim.asset.importer.urdf] The path drawer_bottom-91 is not a valid usd path, modifying to drawer_bottom_91
2026-07-15T12:00:56Z [3,539ms] [Warning] [isaacsim.asset.importer.urdf] The path handle-40 is not a valid usd path, modifying to handle_40
2026-07-15T12:00:56Z [3,539ms] [Warning] [isaacsim.asset.importer.urdf] The path handle-40 is not a valid usd path, modifying to handle_40
2026-07-15T12:00:56Z [3,539ms] [Warning] [isaacsim.asset.importer.urdf] The path handle-40 is not a valid usd path, modifying to handle_40
2026-07-15T12:00:56Z [3,539ms] [Warning] [isaacsim.asset.importer.urdf] The path handle-40 is not a valid usd path, modifying to handle_40
2026-07-15T12:00:56Z [3,540ms] [Warning] [isaacsim.asset.importer.urdf] The path board-28 is not a valid usd path, modifying to board_28
2026-07-15T12:00:56Z [3,540ms] [Warning] [isaacsim.asset.importer.urdf] The path vertical_side_panel-16 is not a valid usd path, modifying to vertical_side_panel_16
2026-07-15T12:00:56Z [3,540ms] [Warning] [isaacsim.asset.importer.urdf] The path vertical_side_panel-17 is not a valid usd path, modifying to vertical_side_panel_17
2026-07-15T12:00:56Z [3,540ms] [Warning] [isaacsim.asset.importer.urdf] The path vertical_side_panel-18 is not a valid usd path, modifying to vertical_side_panel_18
2026-07-15T12:00:56Z [3,540ms] [Warning] [isaacsim.asset.importer.urdf] The path vertical_side_panel-19 is not a valid usd path, modifying to vertical_side_panel_19
2026-07-15T12:00:56Z [3,540ms] [Warning] [isaacsim.asset.importer.urdf] The path bottom_panel-20 is not a valid usd path, modifying to bottom_panel_20
2026-07-15T12:00:56Z [3,540ms] [Warning] [isaacsim.asset.importer.urdf] The path leg-21 is not a valid usd path, modifying to leg_21
2026-07-15T12:00:56Z [3,540ms] [Warning] [isaacsim.asset.importer.urdf] The path leg-21 is not a valid usd path, modifying to leg_21
2026-07-15T12:00:56Z [3,540ms] [Warning] [isaacsim.asset.importer.urdf] The path leg-21 is not a valid usd path, modifying to leg_21
2026-07-15T12:00:56Z [3,540ms] [Warning] [isaacsim.asset.importer.urdf] The path leg-21 is not a valid usd path, modifying to leg_21
2026-07-15T12:00:56Z [3,540ms] [Warning] [isaacsim.asset.importer.urdf] The path leg-22 is not a valid usd path, modifying to leg_22
2026-07-15T12:00:56Z [3,540ms] [Warning] [isaacsim.asset.importer.urdf] The path leg-22 is not a valid usd path, modifying to leg_22
2026-07-15T12:00:56Z [3,540ms] [Warning] [isaacsim.asset.importer.urdf] The path leg-22 is not a valid usd path, modifying to leg_22
2026-07-15T12:00:56Z [3,540ms] [Warning] [isaacsim.asset.importer.urdf] The path leg-22 is not a valid usd path, modifying to leg_22
2026-07-15T12:00:56Z [3,540ms] [Warning] [isaacsim.asset.importer.urdf] The path leg-23 is not a valid usd path, modifying to leg_23
2026-07-15T12:00:56Z [3,540ms] [Warning] [isaacsim.asset.importer.urdf] The path leg-23 is not a valid usd path, modifying to leg_23
2026-07-15T12:00:56Z [3,540ms] [Warning] [isaacsim.asset.importer.urdf] The path leg-23 is not a valid usd path, modifying to leg_23
2026-07-15T12:00:56Z [3,540ms] [Warning] [isaacsim.asset.importer.urdf] The path leg-23 is not a valid usd path, modifying to leg_23
2026-07-15T12:00:56Z [3,540ms] [Warning] [isaacsim.asset.importer.urdf] The path leg-24 is not a valid usd path, modifying to leg_24
2026-07-15T12:00:56Z [3,540ms] [Warning] [isaacsim.asset.importer.urdf] The path leg-24 is not a valid usd path, modifying to leg_24
2026-07-15T12:00:56Z [3,540ms] [Warning] [isaacsim.asset.importer.urdf] The path leg-24 is not a valid usd path, modifying to leg_24
2026-07-15T12:00:56Z [3,540ms] [Warning] [isaacsim.asset.importer.urdf] The path leg-24 is not a valid usd path, modifying to leg_24
2026-07-15T12:00:56Z [3,540ms] [Warning] [isaacsim.asset.importer.urdf] The path shelf-32 is not a valid usd path, modifying to shelf_32
2026-07-15T12:00:56Z [3,540ms] [Warning] [isaacsim.asset.importer.urdf] The path back_panel-53 is not a valid usd path, modifying to back_panel_53
2026-07-15T12:00:56Z [3,540ms] [Warning] [isaacsim.asset.importer.urdf] The path bottom_panel-54 is not a valid usd path, modifying to bottom_panel_54
2026-07-15T12:00:56Z [3,540ms] [Warning] [isaacsim.asset.importer.urdf] The path shelf-55 is not a valid usd path, modifying to shelf_55
2026-07-15T12:00:56Z [3,540ms] [Warning] [isaacsim.asset.importer.urdf] The path shelf-56 is not a valid usd path, modifying to shelf_56
2026-07-15T12:00:56Z [3,540ms] [Warning] [isaacsim.asset.importer.urdf] The path shelf-57 is not a valid usd path, modifying to shelf_57
2026-07-15T12:00:56Z [3,540ms] [Warning] [isaacsim.asset.importer.urdf] The path shelf-58 is not a valid usd path, modifying to shelf_58
2026-07-15T12:00:56Z [3,540ms] [Warning] [isaacsim.asset.importer.urdf] The path bar_stretcher-59 is not a valid usd path, modifying to bar_stretcher_59
2026-07-15T12:00:56Z [3,540ms] [Warning] [isaacsim.asset.importer.urdf] The path bar_stretcher-60 is not a valid usd path, modifying to bar_stretcher_60
2026-07-15T12:00:56Z [3,540ms] [Warning] [isaacsim.asset.importer.urdf] The path hinge-69 is not a valid usd path, modifying to hinge_69
2026-07-15T12:00:56Z [3,540ms] [Warning] [isaacsim.asset.importer.urdf] The path hinge-70 is not a valid usd path, modifying to hinge_70
2026-07-15T12:00:56Z [3,540ms] [Warning] [isaacsim.asset.importer.urdf] The path hinge-71 is not a valid usd path, modifying to hinge_71
2026-07-15T12:00:56Z [3,540ms] [Warning] [isaacsim.asset.importer.urdf] The path hinge-72 is not a valid usd path, modifying to hinge_72
2026-07-15T12:00:56Z [3,540ms] [Warning] [isaacsim.asset.importer.urdf] The path other_leaf-74 is not a valid usd path, modifying to other_leaf_74
2026-07-15T12:00:56Z [3,540ms] [Warning] [isaacsim.asset.importer.urdf] The path other_leaf-75 is not a valid usd path, modifying to other_leaf_75
2026-07-15T12:00:56Z [3,540ms] [Warning] [isaacsim.asset.importer.urdf] The path other_leaf-76 is not a valid usd path, modifying to other_leaf_76
2026-07-15T12:00:56Z [3,540ms] [Warning] [isaacsim.asset.importer.urdf] The path other_leaf-77 is not a valid usd path, modifying to other_leaf_77
2026-07-15T12:00:56Z [3,540ms] [Warning] [isaacsim.asset.importer.urdf] The path other_leaf-78 is not a valid usd path, modifying to other_leaf_78
2026-07-15T12:00:56Z [3,540ms] [Warning] [isaacsim.asset.importer.urdf] The path other_leaf-79 is not a valid usd path, modifying to other_leaf_79
2026-07-15T12:00:56Z [3,540ms] [Warning] [isaacsim.asset.importer.urdf] The path other_leaf-80 is not a valid usd path, modifying to other_leaf_80
2026-07-15T12:00:56Z [3,540ms] [Warning] [isaacsim.asset.importer.urdf] The path other_leaf-81 is not a valid usd path, modifying to other_leaf_81
2026-07-15T12:00:56Z [3,540ms] [Warning] [isaacsim.asset.importer.urdf] The path cabinet_door_surface-35 is not a valid usd path, modifying to cabinet_door_surface_35
2026-07-15T12:00:56Z [3,540ms] [Warning] [isaacsim.asset.importer.urdf] The path cabinet_door_surface-35 is not a valid usd path, modifying to cabinet_door_surface_35
2026-07-15T12:00:56Z [3,540ms] [Warning] [isaacsim.asset.importer.urdf] The path cabinet_door_surface-35 is not a valid usd path, modifying to cabinet_door_surface_35
2026-07-15T12:00:56Z [3,540ms] [Warning] [isaacsim.asset.importer.urdf] The path cabinet_door_surface-35 is not a valid usd path, modifying to cabinet_door_surface_35
2026-07-15T12:00:56Z [3,540ms] [Warning] [isaacsim.asset.importer.urdf] The path cabinet_door_surface-35 is not a valid usd path, modifying to cabinet_door_surface_35
2026-07-15T12:00:56Z [3,540ms] [Warning] [isaacsim.asset.importer.urdf] The path handle-36 is not a valid usd path, modifying to handle_36
2026-07-15T12:00:56Z [3,540ms] [Warning] [isaacsim.asset.importer.urdf] The path handle-36 is not a valid usd path, modifying to handle_36
2026-07-15T12:00:56Z [3,540ms] [Warning] [isaacsim.asset.importer.urdf] The path handle-36 is not a valid usd path, modifying to handle_36
2026-07-15T12:00:56Z [3,540ms] [Warning] [isaacsim.asset.importer.urdf] The path handle-36 is not a valid usd path, modifying to handle_36
2026-07-15T12:00:56Z [3,540ms] [Warning] [isaacsim.asset.importer.urdf] The path cabinet_door_surface-37 is not a valid usd path, modifying to cabinet_door_surface_37
2026-07-15T12:00:56Z [3,540ms] [Warning] [isaacsim.asset.importer.urdf] The path cabinet_door_surface-37 is not a valid usd path, modifying to cabinet_door_surface_37
2026-07-15T12:00:56Z [3,540ms] [Warning] [isaacsim.asset.importer.urdf] The path cabinet_door_surface-37 is not a valid usd path, modifying to cabinet_door_surface_37
2026-07-15T12:00:56Z [3,540ms] [Warning] [isaacsim.asset.importer.urdf] The path cabinet_door_surface-37 is not a valid usd path, modifying to cabinet_door_surface_37
2026-07-15T12:00:56Z [3,540ms] [Warning] [isaacsim.asset.importer.urdf] The path cabinet_door_surface-37 is not a valid usd path, modifying to cabinet_door_surface_37
2026-07-15T12:00:56Z [3,540ms] [Warning] [isaacsim.asset.importer.urdf] The path handle-38 is not a valid usd path, modifying to handle_38
2026-07-15T12:00:56Z [3,540ms] [Warning] [isaacsim.asset.importer.urdf] The path handle-38 is not a valid usd path, modifying to handle_38
2026-07-15T12:00:56Z [3,540ms] [Warning] [isaacsim.asset.importer.urdf] The path handle-38 is not a valid usd path, modifying to handle_38
2026-07-15T12:00:56Z [3,540ms] [Warning] [isaacsim.asset.importer.urdf] The path handle-38 is not a valid usd path, modifying to handle_38
2026-07-15T12:00:56Z [3,553ms] [Warning] [isaacsim.asset.importer.urdf] No mass specified for link base
2026-07-15T12:00:56Z [3,553ms] [Warning] [omni.usd] Warning: in _ReportErrors at line 3172 of /builds/omniverse/usd-ci/USD/pxr/usd/usd/stage.cpp -- In </partnet_77b83ff0d0eeb34e6349f6b5431fb3d1/base/visuals>: Unresolved reference prim path @/home/ubuntu/workspace/physvla_sim/datasets/data_normalized/table_urdf/31249/configuration/fitr_info1_physics.usd@</visuals/base> introduced by @/home/ubuntu/workspace/physvla_sim/datasets/data_normalized/table_urdf/31249/configuration/fitr_info1_base.usd@</partnet_77b83ff0d0eeb34e6349f6b5431fb3d1/base/visuals> (recomposing stage on stage @/home/ubuntu/workspace/physvla_sim/datasets/data_normalized/table_urdf/31249/configuration/fitr_info1_physics.usd@ <0x77e31d058210>)

2026-07-15T12:00:56Z [3,554ms] [Warning] [omni.usd] Warning: in _ReportErrors at line 3172 of /builds/omniverse/usd-ci/USD/pxr/usd/usd/stage.cpp -- In </partnet_77b83ff0d0eeb34e6349f6b5431fb3d1/base/visuals>: Unresolved reference prim path @/home/ubuntu/workspace/physvla_sim/datasets/data_normalized/table_urdf/31249/fitr_info1.usd@</visuals/base> introduced by @/home/ubuntu/workspace/physvla_sim/datasets/data_normalized/table_urdf/31249/configuration/fitr_info1_base.usd@</partnet_77b83ff0d0eeb34e6349f6b5431fb3d1/base/visuals> (recomposing stage on stage @/home/ubuntu/workspace/physvla_sim/datasets/data_normalized/table_urdf/31249/fitr_info1.usd@ <0x77e31d044ea0>)

2026-07-15T12:00:56Z [3,554ms] [Warning] [omni.usd] Warning: in _ReportErrors at line 3172 of /builds/omniverse/usd-ci/USD/pxr/usd/usd/stage.cpp -- In </partnet_77b83ff0d0eeb34e6349f6b5431fb3d1/base/visuals>: Unresolved reference prim path @/home/ubuntu/workspace/physvla_sim/datasets/data_normalized/table_urdf/31249/fitr_info1.usd@</visuals/base> introduced by @/home/ubuntu/workspace/physvla_sim/datasets/data_normalized/table_urdf/31249/configuration/fitr_info1_base.usd@</partnet_77b83ff0d0eeb34e6349f6b5431fb3d1/base/visuals> (recomposing stage on stage @/home/ubuntu/workspace/physvla_sim/datasets/data_normalized/table_urdf/31249/fitr_info1.usd@ <0x77e31d040890>)

2026-07-15T12:00:56Z [3,554ms] [Warning] [omni.usd] Warning: in _ReportErrors at line 3172 of /builds/omniverse/usd-ci/USD/pxr/usd/usd/stage.cpp -- In </partnet_77b83ff0d0eeb34e6349f6b5431fb3d1/base/visuals>: Unresolved reference prim path @/home/ubuntu/workspace/physvla_sim/datasets/data_normalized/table_urdf/31249/configuration/fitr_info1_base.usd@</visuals/base> introduced by @/home/ubuntu/workspace/physvla_sim/datasets/data_normalized/table_urdf/31249/configuration/fitr_info1_base.usd@</partnet_77b83ff0d0eeb34e6349f6b5431fb3d1/base/visuals> (recomposing stage on stage @/home/ubuntu/workspace/physvla_sim/datasets/data_normalized/table_urdf/31249/configuration/fitr_info1_base.usd@ <0x77e31d061740>)

2026-07-15T12:00:56Z [3,554ms] [Warning] [omni.usd] Warning: in _ReportErrors at line 3172 of /builds/omniverse/usd-ci/USD/pxr/usd/usd/stage.cpp -- In </partnet_77b83ff0d0eeb34e6349f6b5431fb3d1/base/visuals>: Unresolved reference prim path @/home/ubuntu/workspace/physvla_sim/datasets/data_normalized/table_urdf/31249/configuration/fitr_info1_physics.usd@</visuals/base> introduced by @/home/ubuntu/workspace/physvla_sim/datasets/data_normalized/table_urdf/31249/configuration/fitr_info1_base.usd@</partnet_77b83ff0d0eeb34e6349f6b5431fb3d1/base/visuals> (recomposing stage on stage @/home/ubuntu/workspace/physvla_sim/datasets/data_normalized/table_urdf/31249/configuration/fitr_info1_physics.usd@ <0x77e31d058210>)

2026-07-15T12:00:56Z [3,554ms] [Warning] [omni.usd] Warning: in _ReportErrors at line 3172 of /builds/omniverse/usd-ci/USD/pxr/usd/usd/stage.cpp -- In </partnet_77b83ff0d0eeb34e6349f6b5431fb3d1/base/visuals>: Unresolved reference prim path @/home/ubuntu/workspace/physvla_sim/datasets/data_normalized/table_urdf/31249/fitr_info1.usd@</visuals/base> introduced by @/home/ubuntu/workspace/physvla_sim/datasets/data_normalized/table_urdf/31249/configuration/fitr_info1_base.usd@</partnet_77b83ff0d0eeb34e6349f6b5431fb3d1/base/visuals> (recomposing stage on stage @/home/ubuntu/workspace/physvla_sim/datasets/data_normalized/table_urdf/31249/fitr_info1.usd@ <0x77e31d044ea0>)

2026-07-15T12:00:56Z [3,554ms] [Warning] [omni.usd] Warning: in _ReportErrors at line 3172 of /builds/omniverse/usd-ci/USD/pxr/usd/usd/stage.cpp -- In </partnet_77b83ff0d0eeb34e6349f6b5431fb3d1/base/visuals>: Unresolved reference prim path @/home/ubuntu/workspace/physvla_sim/datasets/data_normalized/table_urdf/31249/fitr_info1.usd@</visuals/base> introduced by @/home/ubuntu/workspace/physvla_sim/datasets/data_normalized/table_urdf/31249/configuration/fitr_info1_base.usd@</partnet_77b83ff0d0eeb34e6349f6b5431fb3d1/base/visuals> (recomposing stage on stage @/home/ubuntu/workspace/physvla_sim/datasets/data_normalized/table_urdf/31249/fitr_info1.usd@ <0x77e31d040890>)

2026-07-15T12:00:56Z [3,554ms] [Warning] [omni.usd] Warning: in _ReportErrors at line 3172 of /builds/omniverse/usd-ci/USD/pxr/usd/usd/stage.cpp -- In </partnet_77b83ff0d0eeb34e6349f6b5431fb3d1/base/visuals>: Unresolved reference prim path @/home/ubuntu/workspace/physvla_sim/datasets/data_normalized/table_urdf/31249/configuration/fitr_info1_base.usd@</visuals/base> introduced by @/home/ubuntu/workspace/physvla_sim/datasets/data_normalized/table_urdf/31249/configuration/fitr_info1_base.usd@</partnet_77b83ff0d0eeb34e6349f6b5431fb3d1/base/visuals> (recomposing stage on stage @/home/ubuntu/workspace/physvla_sim/datasets/data_normalized/table_urdf/31249/configuration/fitr_info1_base.usd@ <0x77e31d061740>)

2026-07-15T12:00:56Z [3,554ms] [Warning] [isaacsim.asset.importer.urdf] Link base has no colliders, and no inertia was imported; assigning a small isotropic inertia matrix
2026-07-15T12:00:56Z [3,555ms] [Warning] [isaacsim.asset.importer.urdf] No mass specified for link link_2
2026-07-15T12:00:56Z [3,969ms] [Warning] [isaacsim.asset.importer.urdf] No mass specified for link link_0
2026-07-15T12:00:56Z [4,094ms] [Warning] [isaacsim.asset.importer.urdf] No mass specified for link link_1
2026-07-15T12:00:56Z [4,194ms] [Warning] [isaacsim.asset.importer.urdf] No mass specified for link link_3
2026-07-15T12:00:56Z [4,286ms] [Warning] [isaacsim.asset.importer.urdf] No mass specified for link link_4
2026-07-15T12:00:56Z [4,395ms] [Warning] [omni.usd] Warning: in _ReportErrors at line 3172 of /builds/omniverse/usd-ci/USD/pxr/usd/usd/stage.cpp -- In </partnet_77b83ff0d0eeb34e6349f6b5431fb3d1/base/visuals>: Unresolved reference prim path @/home/ubuntu/workspace/physvla_sim/datasets/data_normalized/table_urdf/31249/configuration/fitr_info1_base.usd@</visuals/base> introduced by @/home/ubuntu/workspace/physvla_sim/datasets/data_normalized/table_urdf/31249/configuration/fitr_info1_base.usd@</partnet_77b83ff0d0eeb34e6349f6b5431fb3d1/base/visuals> (recomposing stage on stage @/home/ubuntu/workspace/physvla_sim/datasets/data_normalized/table_urdf/31249/fitr_info1.usd@ <0x77e31d044ea0>)

2026-07-15T12:00:56Z [4,396ms] [Warning] [omni.usd] Warning: in _ReportErrors at line 3172 of /builds/omniverse/usd-ci/USD/pxr/usd/usd/stage.cpp -- In </partnet_77b83ff0d0eeb34e6349f6b5431fb3d1/base/visuals>: Unresolved reference prim path @/home/ubuntu/workspace/physvla_sim/datasets/data_normalized/table_urdf/31249/configuration/fitr_info1_base.usd@</visuals/base> introduced by @/home/ubuntu/workspace/physvla_sim/datasets/data_normalized/table_urdf/31249/configuration/fitr_info1_base.usd@</partnet_77b83ff0d0eeb34e6349f6b5431fb3d1/base/visuals> (recomposing stage on stage @/home/ubuntu/workspace/physvla_sim/datasets/data_normalized/table_urdf/31249/fitr_info1.usd@ <0x77e31d040890>)

2026-07-15T12:00:56Z [4,401ms] [Warning] [omni.usd] Warning: in _ReportErrors at line 3172 of /builds/omniverse/usd-ci/USD/pxr/usd/usd/stage.cpp -- In </partnet_77b83ff0d0eeb34e6349f6b5431fb3d1/base/visuals>: Unresolved reference prim path @/home/ubuntu/workspace/physvla_sim/datasets/data_normalized/table_urdf/31249/configuration/fitr_info1_physics.usd@</visuals/base> introduced by @/home/ubuntu/workspace/physvla_sim/datasets/data_normalized/table_urdf/31249/configuration/fitr_info1_base.usd@</partnet_77b83ff0d0eeb34e6349f6b5431fb3d1/base/visuals> (recomposing stage on stage @/home/ubuntu/workspace/physvla_sim/datasets/data_normalized/table_urdf/31249/fitr_info1.usd@ <0x77e31d044ea0>)

2026-07-15T12:00:56Z [4,403ms] [Warning] [omni.usd] Warning: in _ReportErrors at line 3172 of /builds/omniverse/usd-ci/USD/pxr/usd/usd/stage.cpp -- In </partnet_77b83ff0d0eeb34e6349f6b5431fb3d1/base/visuals>: Unresolved reference prim path @/home/ubuntu/workspace/physvla_sim/datasets/data_normalized/table_urdf/31249/configuration/fitr_info1_physics.usd@</visuals/base> introduced by @/home/ubuntu/workspace/physvla_sim/datasets/data_normalized/table_urdf/31249/configuration/fitr_info1_base.usd@</partnet_77b83ff0d0eeb34e6349f6b5431fb3d1/base/visuals> (recomposing stage on stage @/home/ubuntu/workspace/physvla_sim/datasets/data_normalized/table_urdf/31249/fitr_info1.usd@ <0x77e31d040890>)

2026-07-15T12:00:56Z [4,407ms] [Warning] [omni.usd] Warning: in _ReportErrors at line 3172 of /builds/omniverse/usd-ci/USD/pxr/usd/usd/stage.cpp -- In </partnet_77b83ff0d0eeb34e6349f6b5431fb3d1/base/visuals>: Unresolved reference prim path @/home/ubuntu/workspace/physvla_sim/datasets/data_normalized/table_urdf/31249/configuration/fitr_info1_physics.usd@</visuals/base> introduced by @/home/ubuntu/workspace/physvla_sim/datasets/data_normalized/table_urdf/31249/configuration/fitr_info1_base.usd@</partnet_77b83ff0d0eeb34e6349f6b5431fb3d1/base/visuals> (recomposing stage on stage @/home/ubuntu/workspace/physvla_sim/datasets/data_normalized/table_urdf/31249/fitr_info1.usd@ <0x77e31d044ea0>)

2026-07-15T12:00:56Z [4,409ms] [Warning] [omni.usd] Warning: in _ReportErrors at line 3172 of /builds/omniverse/usd-ci/USD/pxr/usd/usd/stage.cpp -- In </partnet_77b83ff0d0eeb34e6349f6b5431fb3d1/base/visuals>: Unresolved reference prim path @/home/ubuntu/workspace/physvla_sim/datasets/data_normalized/table_urdf/31249/configuration/fitr_info1_physics.usd@</visuals/base> introduced by @/home/ubuntu/workspace/physvla_sim/datasets/data_normalized/table_urdf/31249/configuration/fitr_info1_base.usd@</partnet_77b83ff0d0eeb34e6349f6b5431fb3d1/base/visuals> (recomposing stage on stage @/home/ubuntu/workspace/physvla_sim/datasets/data_normalized/table_urdf/31249/fitr_info1.usd@ <0x77e31d040890>)

2026-07-15T12:00:56Z [4,413ms] [Warning] [omni.usd] Warning: in _ReportErrors at line 3172 of /builds/omniverse/usd-ci/USD/pxr/usd/usd/stage.cpp -- In </partnet_77b83ff0d0eeb34e6349f6b5431fb3d1/base/visuals>: Unresolved reference prim path @/home/ubuntu/workspace/physvla_sim/datasets/data_normalized/table_urdf/31249/configuration/fitr_info1_physics.usd@</visuals/base> introduced by @/home/ubuntu/workspace/physvla_sim/datasets/data_normalized/table_urdf/31249/configuration/fitr_info1_base.usd@</partnet_77b83ff0d0eeb34e6349f6b5431fb3d1/base/visuals> (recomposing stage on stage @/home/ubuntu/workspace/physvla_sim/datasets/data_normalized/table_urdf/31249/fitr_info1.usd@ <0x77e31d044ea0>)

2026-07-15T12:00:56Z [4,417ms] [Warning] [omni.usd] Warning: in _ReportErrors at line 3172 of /builds/omniverse/usd-ci/USD/pxr/usd/usd/stage.cpp -- In </partnet_77b83ff0d0eeb34e6349f6b5431fb3d1/base/visuals>: Unresolved reference prim path @/home/ubuntu/workspace/physvla_sim/datasets/data_normalized/table_urdf/31249/configuration/fitr_info1_physics.usd@</visuals/base> introduced by @/home/ubuntu/workspace/physvla_sim/datasets/data_normalized/table_urdf/31249/configuration/fitr_info1_base.usd@</partnet_77b83ff0d0eeb34e6349f6b5431fb3d1/base/visuals> (recomposing stage on stage @/home/ubuntu/workspace/physvla_sim/datasets/data_normalized/table_urdf/31249/fitr_info1.usd@ <0x77e31d040890>)

2026-07-15T12:00:56Z [4,421ms] [Warning] [omni.usd] Warning: in _ReportErrors at line 3172 of /builds/omniverse/usd-ci/USD/pxr/usd/usd/stage.cpp -- In </partnet_77b83ff0d0eeb34e6349f6b5431fb3d1/base/visuals>: Unresolved reference prim path @/home/ubuntu/workspace/physvla_sim/datasets/data_normalized/table_urdf/31249/configuration/fitr_info1_physics.usd@</visuals/base> introduced by @/home/ubuntu/workspace/physvla_sim/datasets/data_normalized/table_urdf/31249/configuration/fitr_info1_base.usd@</partnet_77b83ff0d0eeb34e6349f6b5431fb3d1/base/visuals> (recomposing stage on stage @/home/ubuntu/workspace/physvla_sim/datasets/data_normalized/table_urdf/31249/fitr_info1.usd@ <0x77e31d044ea0>)

2026-07-15T12:00:56Z [4,424ms] [Warning] [omni.usd] Warning: in _ReportErrors at line 3172 of /builds/omniverse/usd-ci/USD/pxr/usd/usd/stage.cpp -- In </partnet_77b83ff0d0eeb34e6349f6b5431fb3d1/base/visuals>: Unresolved reference prim path @/home/ubuntu/workspace/physvla_sim/datasets/data_normalized/table_urdf/31249/configuration/fitr_info1_physics.usd@</visuals/base> introduced by @/home/ubuntu/workspace/physvla_sim/datasets/data_normalized/table_urdf/31249/configuration/fitr_info1_base.usd@</partnet_77b83ff0d0eeb34e6349f6b5431fb3d1/base/visuals> (recomposing stage on stage @/home/ubuntu/workspace/physvla_sim/datasets/data_normalized/table_urdf/31249/fitr_info1.usd@ <0x77e31d040890>)

2026-07-15T12:00:56Z [4,428ms] [Warning] [omni.usd] Warning: in _ReportErrors at line 3172 of /builds/omniverse/usd-ci/USD/pxr/usd/usd/stage.cpp -- In </partnet_77b83ff0d0eeb34e6349f6b5431fb3d1/base/visuals>: Unresolved reference prim path @/home/ubuntu/workspace/physvla_sim/datasets/data_normalized/table_urdf/31249/configuration/fitr_info1_physics.usd@</visuals/base> introduced by @/home/ubuntu/workspace/physvla_sim/datasets/data_normalized/table_urdf/31249/configuration/fitr_info1_base.usd@</partnet_77b83ff0d0eeb34e6349f6b5431fb3d1/base/visuals> (recomposing stage on stage @/home/ubuntu/workspace/physvla_sim/datasets/data_normalized/table_urdf/31249/fitr_info1.usd@ <0x77e31d044ea0>)

2026-07-15T12:00:56Z [4,431ms] [Warning] [omni.usd] Warning: in _ReportErrors at line 3172 of /builds/omniverse/usd-ci/USD/pxr/usd/usd/stage.cpp -- In </partnet_77b83ff0d0eeb34e6349f6b5431fb3d1/base/visuals>: Unresolved reference prim path @/home/ubuntu/workspace/physvla_sim/datasets/data_normalized/table_urdf/31249/configuration/fitr_info1_physics.usd@</visuals/base> introduced by @/home/ubuntu/workspace/physvla_sim/datasets/data_normalized/table_urdf/31249/configuration/fitr_info1_base.usd@</partnet_77b83ff0d0eeb34e6349f6b5431fb3d1/base/visuals> (recomposing stage on stage @/home/ubuntu/workspace/physvla_sim/datasets/data_normalized/table_urdf/31249/fitr_info1.usd@ <0x77e31d040890>)

2026-07-15T12:00:56Z [4,436ms] [Warning] [omni.usd] Warning: in _ReportErrors at line 3172 of /builds/omniverse/usd-ci/USD/pxr/usd/usd/stage.cpp -- In </partnet_77b83ff0d0eeb34e6349f6b5431fb3d1/base/visuals>: Unresolved reference prim path @/home/ubuntu/workspace/physvla_sim/datasets/data_normalized/table_urdf/31249/configuration/fitr_info1_physics.usd@</visuals/base> introduced by @/home/ubuntu/workspace/physvla_sim/datasets/data_normalized/table_urdf/31249/configuration/fitr_info1_base.usd@</partnet_77b83ff0d0eeb34e6349f6b5431fb3d1/base/visuals> (recomposing stage on stage @/home/ubuntu/workspace/physvla_sim/datasets/data_normalized/table_urdf/31249/fitr_info1.usd@ <0x77e31d044ea0>)

2026-07-15T12:00:56Z [4,442ms] [Warning] [omni.usd] Warning: in _ReportErrors at line 3172 of /builds/omniverse/usd-ci/USD/pxr/usd/usd/stage.cpp -- In </partnet_77b83ff0d0eeb34e6349f6b5431fb3d1/base/visuals>: Unresolved reference prim path @/home/ubuntu/workspace/physvla_sim/datasets/data_normalized/table_urdf/31249/configuration/fitr_info1_physics.usd@</visuals/base> introduced by @/home/ubuntu/workspace/physvla_sim/datasets/data_normalized/table_urdf/31249/configuration/fitr_info1_base.usd@</partnet_77b83ff0d0eeb34e6349f6b5431fb3d1/base/visuals> (recomposing stage on stage @/home/ubuntu/workspace/physvla_sim/datasets/data_normalized/table_urdf/31249/fitr_info1.usd@ <0x77e31d040890>)

2026-07-15T12:00:56Z [4,446ms] [Warning] [omni.usd] Warning: in _ReportErrors at line 3172 of /builds/omniverse/usd-ci/USD/pxr/usd/usd/stage.cpp -- In </partnet_77b83ff0d0eeb34e6349f6b5431fb3d1/base/visuals>: Unresolved reference prim path @/home/ubuntu/workspace/physvla_sim/datasets/data_normalized/table_urdf/31249/configuration/fitr_info1_physics.usd@</visuals/base> introduced by @/home/ubuntu/workspace/physvla_sim/datasets/data_normalized/table_urdf/31249/configuration/fitr_info1_base.usd@</partnet_77b83ff0d0eeb34e6349f6b5431fb3d1/base/visuals> (recomposing stage on stage @/home/ubuntu/workspace/physvla_sim/datasets/data_normalized/table_urdf/31249/fitr_info1.usd@ <0x77e31d044ea0>)

2026-07-15T12:00:56Z [4,452ms] [Warning] [omni.usd] Warning: in _ReportErrors at line 3172 of /builds/omniverse/usd-ci/USD/pxr/usd/usd/stage.cpp -- In </partnet_77b83ff0d0eeb34e6349f6b5431fb3d1/base/visuals>: Unresolved reference prim path @/home/ubuntu/workspace/physvla_sim/datasets/data_normalized/table_urdf/31249/configuration/fitr_info1_physics.usd@</visuals/base> introduced by @/home/ubuntu/workspace/physvla_sim/datasets/data_normalized/table_urdf/31249/configuration/fitr_info1_base.usd@</partnet_77b83ff0d0eeb34e6349f6b5431fb3d1/base/visuals> (recomposing stage on stage @/home/ubuntu/workspace/physvla_sim/datasets/data_normalized/table_urdf/31249/fitr_info1.usd@ <0x77e31d040890>)

Traceback (most recent call last):
  File "/home/ubuntu/workspace/physvla_sim/Augment_code/dyn/author_info1_usd.py", line 312, in <module>
    main()
  File "/home/ubuntu/workspace/physvla_sim/Augment_code/dyn/author_info1_usd.py", line 235, in main
    root, scale_m, link_paths = author_root_and_affordances(base_stage, info)
                                ^^^^^^^^^^^^^^^^^^^^^^^^^^^^^^^^^^^^^^^^^^^^^
  File "/home/ubuntu/workspace/physvla_sim/Augment_code/dyn/author_info1_usd.py", line 184, in author_root_and_affordances
    link_name = resolve_link_name(args.asset_dir, affordance)
                ^^^^^^^^^^^^^^^^^^^^^^^^^^^^^^^^^^^^^^^^^^^^^
  File "/home/ubuntu/workspace/physvla_sim/Augment_code/dyn/author_info1_usd.py", line 132, in resolve_link_name
    joint_name = resolve_joint_name(asset_dir, data)
                 ^^^^^^^^^^^^^^^^^^^^^^^^^^^^^^^^^^^
  File "/home/ubuntu/workspace/physvla_sim/Augment_code/dyn/author_info1_usd.py", line 119, in resolve_joint_name
    raise ValueError(
ValueError: Cannot map info1 joint_2 to one revolute joint for link cabinet_door_surface; candidates=['joint_3', 'joint_4']
Loading user config located at: '/home/ubuntu/isaacsim/kit/data/Kit/Isaac-Sim/5.1/user.config.json'
[Info] [carb] Logging to file: /home/ubuntu/isaacsim/kit/logs/Kit/Isaac-Sim/5.1/kit_20260715_200057.log
2026-07-15T12:00:57Z [0ms] [Warning] [carb.crashreporter-breakpad.plugin] [previous crash] preventing upload of minidump due to user opt-out: '/home/ubuntu/isaacsim/kit/data/Kit/Isaac-Sim/5.1/0d81a4fd-59cb-4157-42d97b80-310afb82.dmp'
2026-07-15T12:00:57Z [0ms] [Warning] [carb.crashreporter-breakpad.plugin] [previous crash] preventing upload of minidump due to user opt-out: '/home/ubuntu/isaacsim/kit/data/Kit/Isaac-Sim/5.1/7efeb785-3cdd-476a-8fc91ca3-38a85c81.dmp'
2026-07-15T12:00:57Z [0ms] [Warning] [carb.crashreporter-breakpad.plugin] [previous crash] preventing upload of minidump due to user opt-out: '/home/ubuntu/isaacsim/kit/data/Kit/Isaac-Sim/5.1/0ec06837-edee-4570-b459bb9b-e409ca73.dmp'
2026-07-15T12:00:57Z [0ms] [Warning] [carb.crashreporter-breakpad.plugin] [previous crash] preventing upload of minidump due to user opt-out: '/home/ubuntu/isaacsim/kit/data/Kit/Isaac-Sim/5.1/846da064-407f-481c-dab18ea9-9788aefc.dmp'
2026-07-15T12:00:57Z [0ms] [Warning] [carb.crashreporter-breakpad.plugin] [previous crash] preventing upload of minidump due to user opt-out: '/home/ubuntu/isaacsim/kit/data/Kit/Isaac-Sim/5.1/7674058d-a5ef-457b-61399da4-1924f871.dmp'
2026-07-15T12:00:57Z [1ms] [Warning] [carb.crashreporter-breakpad.plugin] [previous crash] preventing upload of minidump due to user opt-out: '/home/ubuntu/isaacsim/kit/data/Kit/Isaac-Sim/5.1/0dbca6de-81d5-44e8-85c7eba5-c7ac64b6.dmp'
2026-07-15T12:00:57Z [1ms] [Warning] [carb.crashreporter-breakpad.plugin] [previous crash] preventing upload of minidump due to user opt-out: '/home/ubuntu/isaacsim/kit/data/Kit/Isaac-Sim/5.1/96b6ea33-a47b-4c84-2d7408a6-bc8b64a8.dmp'
2026-07-15T12:00:57Z [196ms] [Warning] [omni.platforminfo.plugin] failed to open the default display.  Can't verify X Server version.
2026-07-15T12:00:57Z [196ms] [Warning] [omni.usd_config.extension] Enable omni.materialx.libs extension to use MaterialX
2026-07-15T12:00:57Z [483ms] [Warning] [carb] Acquiring non optional plugin interface which is not listed as dependency: [omni::physx::IPhysxBenchmarks v1.0] (plugin: <default plugin>), by client: omni.physics.physx.plugin. Add it to CARB_PLUGIN_IMPL_DEPS() macro of a client.
2026-07-15T12:00:58Z [618ms] [Warning] [omni.isaac.dynamic_control] omni.isaac.dynamic_control is deprecated as of Isaac Sim 4.5. No action is needed from end-users.

|---------------------------------------------------------------------------------------------|
| Driver Version: 580.142       | Graphics API: Vulkan
|=============================================================================================|
| GPU | Name                             | Active | LDA | GPU Memory | Vendor-ID | LUID       |
|     |                                  |        |     |            | Device-ID | UUID       |
|     |                                  |        |     |            | Bus-ID    |            |
|---------------------------------------------------------------------------------------------|
| 0   | NVIDIA GeForce RTX 5090 D v2     | Yes: 0 |     | 24701   MB | 10de      | 0          |
|     |                                  |        |     |            | 2b8c      | 5f3d0dc0.. |
|     |                                  |        |     |            | 1         |            |
|=============================================================================================|
| OS: 24.04.3 LTS (Noble Numbat) ubuntu, Version: 24.04.3, Kernel: 6.17.0-1017-oem
| Processor: Intel(R) Core(TM) i9-14900K
| Cores: 24 | Logical Cores: 32
|---------------------------------------------------------------------------------------------|
| Total Memory (MB): 64063 | Free Memory: 53832
| Total Page/Swap (MB): 8191 | Free Page/Swap: 8191
|---------------------------------------------------------------------------------------------|
2026-07-15T12:01:00Z [2,635ms] [Warning] [gpu.foundation.plugin] CPU performance profile is set to powersave. This profile sets the CPU to the lowest frequency reducing performance.
[INFO][AppLauncher]: Using device: cuda:0
[INFO][AppLauncher]: Loading experience file: /home/ubuntu/workspace/IsaacLab/apps/isaaclab.python.headless.kit
2026-07-15T12:01:00Z [2,643ms] [Warning] [gpu.foundation.plugin] IOMMU is enabled.
2026-07-15T12:01:00Z [2,770ms] [Warning] [omni.usd] Warning: in _ReportErrors at line 3172 of /builds/omniverse/usd-ci/USD/pxr/usd/usd/stage.cpp -- In </partnet_77b83ff0d0eeb34e6349f6b5431fb3d1/base/visuals>: Unresolved reference prim path @/home/ubuntu/workspace/physvla_sim/datasets/data_normalized/table_urdf/31249/configuration/fitr_info1_base.usd@</visuals/base> introduced by @/home/ubuntu/workspace/physvla_sim/datasets/data_normalized/table_urdf/31249/configuration/fitr_info1_base.usd@</partnet_77b83ff0d0eeb34e6349f6b5431fb3d1/base/visuals> (instantiating stage on stage @/home/ubuntu/workspace/physvla_sim/datasets/data_normalized/table_urdf/31249/configuration/fitr_info1_base.usd@ <0x2e7124d0>)

2026-07-15T12:01:00Z [2,844ms] [Warning] [omni.physx.plugin] USD stage detach not called, holding a loose ptr to a stage!
2026-07-15T12:01:00Z [2,980ms] [Warning] [carb] Recursive unloadAllPlugins() detected!
Traceback (most recent call last):
  File "/home/ubuntu/workspace/physvla_sim/Augment_code/dyn/generate_asset_usd.py", line 238, in <module>
    main()
  File "/home/ubuntu/workspace/physvla_sim/Augment_code/dyn/generate_asset_usd.py", line 231, in main
    validate_author_output(asset_dir, args.output_name, author_result.stdout)
  File "/home/ubuntu/workspace/physvla_sim/Augment_code/dyn/generate_asset_usd.py", line 133, in validate_author_output
    raise RuntimeError("Author did not emit verified joint output")
RuntimeError: Author did not emit verified joint output
[FAILED] table_urdf/31249
SUMMARY failed=['Dishwasher_urdf/12085', 'Dishwasher_urdf/12349', 'Dishwasher_urdf/12414', 'Dishwasher_urdf/12428', 'Dishwasher_urdf/12484', 'Dishwasher_urdf/12542', 'Dishwasher_urdf/12553', 'Dishwasher_urdf/12578', 'Dishwasher_urdf/12583', 'Dishwasher_urdf/12597', 'lamp_urdf/14314', 'lamp_urdf/16047', 'table_urdf/21467', 'table_urdf/27267', 'table_urdf/31249']
