[RUN] Dishwasher_urdf/12085
Loading user config located at: '/home/ubuntu/isaacsim/kit/data/Kit/Isaac-Sim/5.1/user.config.json'
[Info] [carb] Logging to file: /home/ubuntu/isaacsim/kit/logs/Kit/Isaac-Sim/5.1/kit_20260715_200140.log
2026-07-15T12:01:40Z [0ms] [Warning] [carb.crashreporter-breakpad.plugin] [previous crash] preventing upload of minidump due to user opt-out: '/home/ubuntu/isaacsim/kit/data/Kit/Isaac-Sim/5.1/0d81a4fd-59cb-4157-42d97b80-310afb82.dmp'
2026-07-15T12:01:40Z [0ms] [Warning] [carb.crashreporter-breakpad.plugin] [previous crash] preventing upload of minidump due to user opt-out: '/home/ubuntu/isaacsim/kit/data/Kit/Isaac-Sim/5.1/7efeb785-3cdd-476a-8fc91ca3-38a85c81.dmp'
2026-07-15T12:01:40Z [0ms] [Warning] [carb.crashreporter-breakpad.plugin] [previous crash] preventing upload of minidump due to user opt-out: '/home/ubuntu/isaacsim/kit/data/Kit/Isaac-Sim/5.1/0ec06837-edee-4570-b459bb9b-e409ca73.dmp'
2026-07-15T12:01:40Z [0ms] [Warning] [carb.crashreporter-breakpad.plugin] [previous crash] preventing upload of minidump due to user opt-out: '/home/ubuntu/isaacsim/kit/data/Kit/Isaac-Sim/5.1/846da064-407f-481c-dab18ea9-9788aefc.dmp'
2026-07-15T12:01:40Z [0ms] [Warning] [carb.crashreporter-breakpad.plugin] [previous crash] preventing upload of minidump due to user opt-out: '/home/ubuntu/isaacsim/kit/data/Kit/Isaac-Sim/5.1/7674058d-a5ef-457b-61399da4-1924f871.dmp'
2026-07-15T12:01:40Z [1ms] [Warning] [carb.crashreporter-breakpad.plugin] [previous crash] preventing upload of minidump due to user opt-out: '/home/ubuntu/isaacsim/kit/data/Kit/Isaac-Sim/5.1/0dbca6de-81d5-44e8-85c7eba5-c7ac64b6.dmp'
2026-07-15T12:01:40Z [1ms] [Warning] [carb.crashreporter-breakpad.plugin] [previous crash] preventing upload of minidump due to user opt-out: '/home/ubuntu/isaacsim/kit/data/Kit/Isaac-Sim/5.1/96b6ea33-a47b-4c84-2d7408a6-bc8b64a8.dmp'
2026-07-15T12:01:40Z [185ms] [Warning] [omni.usd_config.extension] Enable omni.materialx.libs extension to use MaterialX
2026-07-15T12:01:40Z [188ms] [Warning] [omni.platforminfo.plugin] failed to open the default display.  Can't verify X Server version.
2026-07-15T12:01:40Z [474ms] [Warning] [carb] Acquiring non optional plugin interface which is not listed as dependency: [omni::physx::IPhysxBenchmarks v1.0] (plugin: <default plugin>), by client: omni.physics.physx.plugin. Add it to CARB_PLUGIN_IMPL_DEPS() macro of a client.
2026-07-15T12:01:40Z [609ms] [Warning] [omni.isaac.dynamic_control] omni.isaac.dynamic_control is deprecated as of Isaac Sim 4.5. No action is needed from end-users.

|---------------------------------------------------------------------------------------------|
| Driver Version: 580.142       | Graphics API: Vulkan
|=============================================================================================|
| GPU | Name                             | Active | LDA | GPU Memory | Vendor-ID | LUID       |
|     |                                  |        |     |            | Device-ID | UUID       |
|     |                                  |        |     |            | Bus-ID    |            |
|---------------------------------------------------------------------------------------------|
| 0   | NVIDIA GeForce RTX 5090 D v2     | Yes: 0 |     | 24701   MB | 10de      | 0          |
|     |                                  |        |     |            | 2b8c      | 5f3d0dc0.. |
|     |                                  |        |     |            | 1         |            |
|=============================================================================================|
| OS: 24.04.3 LTS (Noble Numbat) ubuntu, Version: 24.04.3, Kernel: 6.17.0-1017-oem
| Processor: Intel(R) Core(TM) i9-14900K
| Cores: 24 | Logical Cores: 32
|---------------------------------------------------------------------------------------------|
| Total Memory (MB): 64063 | Free Memory: 53910
| Total Page/Swap (MB): 8191 | Free Page/Swap: 8191
|---------------------------------------------------------------------------------------------|
2026-07-15T12:01:42Z [2,733ms] [Warning] [gpu.foundation.plugin] CPU performance profile is set to powersave. This profile sets the CPU to the lowest frequency reducing performance.
2026-07-15T12:01:42Z [2,741ms] [Warning] [gpu.foundation.plugin] IOMMU is enabled.
2026-07-15T12:01:42Z [2,881ms] [Warning] [carb.windowing-glfw.plugin] GLFW initialization failed.
2026-07-15T12:01:42Z [2,881ms] [Warning] [carb] Failed to startup plugin carb.windowing-glfw.plugin (interfaces: [carb::windowing::IGLContext v1.0],[carb::windowing::IWindowing v1.5]) (impl: carb.windowing-glfw.plugin)

|---------------------------------------------------------------------------------------------|
| Driver Version: 580.142       | Graphics API: Vulkan
|=============================================================================================|
| GPU | Name                             | Active | LDA | GPU Memory | Vendor-ID | LUID       |
|     |                                  |        |     |            | Device-ID | UUID       |
|     |                                  |        |     |            | Bus-ID    |            |
|---------------------------------------------------------------------------------------------|
| 0   | NVIDIA GeForce RTX 5090 D v2     | Yes: 0 |     | 24701   MB | 10de      | 0          |
|     |                                  |        |     |            | 2b8c      | 5f3d0dc0.. |
|     |                                  |        |     |            | 1         |            |
|=============================================================================================|
| OS: 24.04.3 LTS (Noble Numbat) ubuntu, Version: 24.04.3, Kernel: 6.17.0-1017-oem
| Processor: Intel(R) Core(TM) i9-14900K
| Cores: 24 | Logical Cores: 32
|---------------------------------------------------------------------------------------------|
| Total Memory (MB): 64063 | Free Memory: 53690
| Total Page/Swap (MB): 8191 | Free Page/Swap: 8191
|---------------------------------------------------------------------------------------------|
2026-07-15T12:01:43Z [3,108ms] [Warning] [gpu.foundation.plugin] CPU performance profile is set to powersave. This profile sets the CPU to the lowest frequency reducing performance.
2026-07-15T12:01:43Z [3,109ms] [Warning] [gpu.foundation.plugin] IOMMU is enabled.
2026-07-15T12:01:43Z [3,311ms] [Warning] [carb.windowing-glfw.plugin] GLFW initialization failed.
2026-07-15T12:01:43Z [3,311ms] [Warning] [carb] Failed to startup plugin carb.windowing-glfw.plugin (interfaces: [carb::windowing::IGLContext v1.0],[carb::windowing::IWindowing v1.5]) (impl: carb.windowing-glfw.plugin)
2026-07-15T12:01:43Z [3,329ms] [Warning] [carb.windowing-glfw.plugin] GLFW initialization failed.
2026-07-15T12:01:43Z [3,329ms] [Warning] [carb] Failed to startup plugin carb.windowing-glfw.plugin (interfaces: [carb::windowing::IGLContext v1.0],[carb::windowing::IWindowing v1.5]) (impl: carb.windowing-glfw.plugin)
2026-07-15T12:01:43Z [3,334ms] [Warning] [carb.windowing-glfw.plugin] GLFW initialization failed.
2026-07-15T12:01:43Z [3,334ms] [Warning] [carb] Failed to startup plugin carb.windowing-glfw.plugin (interfaces: [carb::windowing::IGLContext v1.0],[carb::windowing::IWindowing v1.5]) (impl: carb.windowing-glfw.plugin)
2026-07-15T12:01:43Z [3,339ms] [Warning] [carb.windowing-glfw.plugin] GLFW initialization failed.
2026-07-15T12:01:43Z [3,339ms] [Warning] [carb] Failed to startup plugin carb.windowing-glfw.plugin (interfaces: [carb::windowing::IGLContext v1.0],[carb::windowing::IWindowing v1.5]) (impl: carb.windowing-glfw.plugin)
2026-07-15T12:01:43Z [3,340ms] [Warning] [carb.windowing-glfw.plugin] GLFW initialization failed.
2026-07-15T12:01:43Z [3,340ms] [Warning] [carb] Failed to startup plugin carb.windowing-glfw.plugin (interfaces: [carb::windowing::IGLContext v1.0],[carb::windowing::IWindowing v1.5]) (impl: carb.windowing-glfw.plugin)
2026-07-15T12:01:43Z [3,341ms] [Warning] [carb.windowing-glfw.plugin] GLFW initialization failed.
2026-07-15T12:01:43Z [3,341ms] [Warning] [carb] Failed to startup plugin carb.windowing-glfw.plugin (interfaces: [carb::windowing::IGLContext v1.0],[carb::windowing::IWindowing v1.5]) (impl: carb.windowing-glfw.plugin)
2026-07-15T12:01:43Z [3,583ms] [Warning] [omni.graph.visualization.nodes._impl.extension] No Viewport Window to add omni.graph.visualization.nodes-2.1.3 scene to
2026-07-15T12:01:43Z [3,678ms] [Warning] [isaacsim.asset.importer.urdf] No mass specified for link base
2026-07-15T12:01:43Z [3,679ms] [Warning] [omni.usd] Warning: in _ReportErrors at line 3172 of /builds/omniverse/usd-ci/USD/pxr/usd/usd/stage.cpp -- In </partnet_185cf76909e948f0fa80fb391ee7ccee/base/visuals>: Unresolved reference prim path @/home/ubuntu/workspace/physvla_sim/datasets/data_normalized/Dishwasher_urdf/12085/configuration/fitr_info1_physics.usd@</visuals/base> introduced by @/home/ubuntu/workspace/physvla_sim/datasets/data_normalized/Dishwasher_urdf/12085/configuration/fitr_info1_base.usd@</partnet_185cf76909e948f0fa80fb391ee7ccee/base/visuals> (recomposing stage on stage @/home/ubuntu/workspace/physvla_sim/datasets/data_normalized/Dishwasher_urdf/12085/configuration/fitr_info1_physics.usd@ <0x2f8012e0>)

2026-07-15T12:01:43Z [3,679ms] [Warning] [omni.usd] Warning: in _ReportErrors at line 3172 of /builds/omniverse/usd-ci/USD/pxr/usd/usd/stage.cpp -- In </partnet_185cf76909e948f0fa80fb391ee7ccee/base/visuals>: Unresolved reference prim path @/home/ubuntu/workspace/physvla_sim/datasets/data_normalized/Dishwasher_urdf/12085/fitr_info1.usd@</visuals/base> introduced by @/home/ubuntu/workspace/physvla_sim/datasets/data_normalized/Dishwasher_urdf/12085/configuration/fitr_info1_base.usd@</partnet_185cf76909e948f0fa80fb391ee7ccee/base/visuals> (recomposing stage on stage @/home/ubuntu/workspace/physvla_sim/datasets/data_normalized/Dishwasher_urdf/12085/fitr_info1.usd@ <0x2f7edc70>)

2026-07-15T12:01:43Z [3,679ms] [Warning] [omni.usd] Warning: in _ReportErrors at line 3172 of /builds/omniverse/usd-ci/USD/pxr/usd/usd/stage.cpp -- In </partnet_185cf76909e948f0fa80fb391ee7ccee/base/visuals>: Unresolved reference prim path @/home/ubuntu/workspace/physvla_sim/datasets/data_normalized/Dishwasher_urdf/12085/fitr_info1.usd@</visuals/base> introduced by @/home/ubuntu/workspace/physvla_sim/datasets/data_normalized/Dishwasher_urdf/12085/configuration/fitr_info1_base.usd@</partnet_185cf76909e948f0fa80fb391ee7ccee/base/visuals> (recomposing stage on stage @/home/ubuntu/workspace/physvla_sim/datasets/data_normalized/Dishwasher_urdf/12085/fitr_info1.usd@ <0x2f7e97f0>)

2026-07-15T12:01:43Z [3,679ms] [Warning] [omni.usd] Warning: in _ReportErrors at line 3172 of /builds/omniverse/usd-ci/USD/pxr/usd/usd/stage.cpp -- In </partnet_185cf76909e948f0fa80fb391ee7ccee/base/visuals>: Unresolved reference prim path @/home/ubuntu/workspace/physvla_sim/datasets/data_normalized/Dishwasher_urdf/12085/configuration/fitr_info1_base.usd@</visuals/base> introduced by @/home/ubuntu/workspace/physvla_sim/datasets/data_normalized/Dishwasher_urdf/12085/configuration/fitr_info1_base.usd@</partnet_185cf76909e948f0fa80fb391ee7ccee/base/visuals> (recomposing stage on stage @/home/ubuntu/workspace/physvla_sim/datasets/data_normalized/Dishwasher_urdf/12085/configuration/fitr_info1_base.usd@ <0x2f80aad0>)

2026-07-15T12:01:43Z [3,679ms] [Warning] [omni.usd] Warning: in _ReportErrors at line 3172 of /builds/omniverse/usd-ci/USD/pxr/usd/usd/stage.cpp -- In </partnet_185cf76909e948f0fa80fb391ee7ccee/base/visuals>: Unresolved reference prim path @/home/ubuntu/workspace/physvla_sim/datasets/data_normalized/Dishwasher_urdf/12085/configuration/fitr_info1_physics.usd@</visuals/base> introduced by @/home/ubuntu/workspace/physvla_sim/datasets/data_normalized/Dishwasher_urdf/12085/configuration/fitr_info1_base.usd@</partnet_185cf76909e948f0fa80fb391ee7ccee/base/visuals> (recomposing stage on stage @/home/ubuntu/workspace/physvla_sim/datasets/data_normalized/Dishwasher_urdf/12085/configuration/fitr_info1_physics.usd@ <0x2f8012e0>)

2026-07-15T12:01:43Z [3,679ms] [Warning] [omni.usd] Warning: in _ReportErrors at line 3172 of /builds/omniverse/usd-ci/USD/pxr/usd/usd/stage.cpp -- In </partnet_185cf76909e948f0fa80fb391ee7ccee/base/visuals>: Unresolved reference prim path @/home/ubuntu/workspace/physvla_sim/datasets/data_normalized/Dishwasher_urdf/12085/fitr_info1.usd@</visuals/base> introduced by @/home/ubuntu/workspace/physvla_sim/datasets/data_normalized/Dishwasher_urdf/12085/configuration/fitr_info1_base.usd@</partnet_185cf76909e948f0fa80fb391ee7ccee/base/visuals> (recomposing stage on stage @/home/ubuntu/workspace/physvla_sim/datasets/data_normalized/Dishwasher_urdf/12085/fitr_info1.usd@ <0x2f7edc70>)

2026-07-15T12:01:43Z [3,679ms] [Warning] [omni.usd] Warning: in _ReportErrors at line 3172 of /builds/omniverse/usd-ci/USD/pxr/usd/usd/stage.cpp -- In </partnet_185cf76909e948f0fa80fb391ee7ccee/base/visuals>: Unresolved reference prim path @/home/ubuntu/workspace/physvla_sim/datasets/data_normalized/Dishwasher_urdf/12085/fitr_info1.usd@</visuals/base> introduced by @/home/ubuntu/workspace/physvla_sim/datasets/data_normalized/Dishwasher_urdf/12085/configuration/fitr_info1_base.usd@</partnet_185cf76909e948f0fa80fb391ee7ccee/base/visuals> (recomposing stage on stage @/home/ubuntu/workspace/physvla_sim/datasets/data_normalized/Dishwasher_urdf/12085/fitr_info1.usd@ <0x2f7e97f0>)

2026-07-15T12:01:43Z [3,679ms] [Warning] [omni.usd] Warning: in _ReportErrors at line 3172 of /builds/omniverse/usd-ci/USD/pxr/usd/usd/stage.cpp -- In </partnet_185cf76909e948f0fa80fb391ee7ccee/base/visuals>: Unresolved reference prim path @/home/ubuntu/workspace/physvla_sim/datasets/data_normalized/Dishwasher_urdf/12085/configuration/fitr_info1_base.usd@</visuals/base> introduced by @/home/ubuntu/workspace/physvla_sim/datasets/data_normalized/Dishwasher_urdf/12085/configuration/fitr_info1_base.usd@</partnet_185cf76909e948f0fa80fb391ee7ccee/base/visuals> (recomposing stage on stage @/home/ubuntu/workspace/physvla_sim/datasets/data_normalized/Dishwasher_urdf/12085/configuration/fitr_info1_base.usd@ <0x2f80aad0>)

2026-07-15T12:01:43Z [3,680ms] [Warning] [isaacsim.asset.importer.urdf] Link base has no colliders, and no inertia was imported; assigning a small isotropic inertia matrix
2026-07-15T12:01:43Z [3,681ms] [Warning] [isaacsim.asset.importer.urdf] No mass specified for link body
2026-07-15T12:01:43Z [3,719ms] [Warning] [isaacsim.asset.importer.urdf] No mass specified for link body__dup1
2026-07-15T12:01:43Z [3,731ms] [Warning] [omni.usd] Warning: in _ReportErrors at line 3172 of /builds/omniverse/usd-ci/USD/pxr/usd/usd/stage.cpp -- In </partnet_185cf76909e948f0fa80fb391ee7ccee/base/visuals>: Unresolved reference prim path @/home/ubuntu/workspace/physvla_sim/datasets/data_normalized/Dishwasher_urdf/12085/configuration/fitr_info1_base.usd@</visuals/base> introduced by @/home/ubuntu/workspace/physvla_sim/datasets/data_normalized/Dishwasher_urdf/12085/configuration/fitr_info1_base.usd@</partnet_185cf76909e948f0fa80fb391ee7ccee/base/visuals> (recomposing stage on stage @/home/ubuntu/workspace/physvla_sim/datasets/data_normalized/Dishwasher_urdf/12085/fitr_info1.usd@ <0x2f7edc70>)

2026-07-15T12:01:43Z [3,731ms] [Warning] [omni.usd] Warning: in _ReportErrors at line 3172 of /builds/omniverse/usd-ci/USD/pxr/usd/usd/stage.cpp -- In </partnet_185cf76909e948f0fa80fb391ee7ccee/base/visuals>: Unresolved reference prim path @/home/ubuntu/workspace/physvla_sim/datasets/data_normalized/Dishwasher_urdf/12085/configuration/fitr_info1_base.usd@</visuals/base> introduced by @/home/ubuntu/workspace/physvla_sim/datasets/data_normalized/Dishwasher_urdf/12085/configuration/fitr_info1_base.usd@</partnet_185cf76909e948f0fa80fb391ee7ccee/base/visuals> (recomposing stage on stage @/home/ubuntu/workspace/physvla_sim/datasets/data_normalized/Dishwasher_urdf/12085/fitr_info1.usd@ <0x2f7e97f0>)

2026-07-15T12:01:43Z [3,732ms] [Warning] [omni.usd] Warning: in _ReportErrors at line 3172 of /builds/omniverse/usd-ci/USD/pxr/usd/usd/stage.cpp -- In </partnet_185cf76909e948f0fa80fb391ee7ccee/base/visuals>: Unresolved reference prim path @/home/ubuntu/workspace/physvla_sim/datasets/data_normalized/Dishwasher_urdf/12085/configuration/fitr_info1_physics.usd@</visuals/base> introduced by @/home/ubuntu/workspace/physvla_sim/datasets/data_normalized/Dishwasher_urdf/12085/configuration/fitr_info1_base.usd@</partnet_185cf76909e948f0fa80fb391ee7ccee/base/visuals> (recomposing stage on stage @/home/ubuntu/workspace/physvla_sim/datasets/data_normalized/Dishwasher_urdf/12085/fitr_info1.usd@ <0x2f7edc70>)

2026-07-15T12:01:43Z [3,733ms] [Warning] [omni.usd] Warning: in _ReportErrors at line 3172 of /builds/omniverse/usd-ci/USD/pxr/usd/usd/stage.cpp -- In </partnet_185cf76909e948f0fa80fb391ee7ccee/base/visuals>: Unresolved reference prim path @/home/ubuntu/workspace/physvla_sim/datasets/data_normalized/Dishwasher_urdf/12085/configuration/fitr_info1_physics.usd@</visuals/base> introduced by @/home/ubuntu/workspace/physvla_sim/datasets/data_normalized/Dishwasher_urdf/12085/configuration/fitr_info1_base.usd@</partnet_185cf76909e948f0fa80fb391ee7ccee/base/visuals> (recomposing stage on stage @/home/ubuntu/workspace/physvla_sim/datasets/data_normalized/Dishwasher_urdf/12085/fitr_info1.usd@ <0x2f7e97f0>)

2026-07-15T12:01:43Z [3,733ms] [Warning] [omni.usd] Warning: in _ReportErrors at line 3172 of /builds/omniverse/usd-ci/USD/pxr/usd/usd/stage.cpp -- In </partnet_185cf76909e948f0fa80fb391ee7ccee/base/visuals>: Unresolved reference prim path @/home/ubuntu/workspace/physvla_sim/datasets/data_normalized/Dishwasher_urdf/12085/configuration/fitr_info1_physics.usd@</visuals/base> introduced by @/home/ubuntu/workspace/physvla_sim/datasets/data_normalized/Dishwasher_urdf/12085/configuration/fitr_info1_base.usd@</partnet_185cf76909e948f0fa80fb391ee7ccee/base/visuals> (recomposing stage on stage @/home/ubuntu/workspace/physvla_sim/datasets/data_normalized/Dishwasher_urdf/12085/fitr_info1.usd@ <0x2f7edc70>)

2026-07-15T12:01:43Z [3,733ms] [Warning] [omni.usd] Warning: in _ReportErrors at line 3172 of /builds/omniverse/usd-ci/USD/pxr/usd/usd/stage.cpp -- In </partnet_185cf76909e948f0fa80fb391ee7ccee/base/visuals>: Unresolved reference prim path @/home/ubuntu/workspace/physvla_sim/datasets/data_normalized/Dishwasher_urdf/12085/configuration/fitr_info1_physics.usd@</visuals/base> introduced by @/home/ubuntu/workspace/physvla_sim/datasets/data_normalized/Dishwasher_urdf/12085/configuration/fitr_info1_base.usd@</partnet_185cf76909e948f0fa80fb391ee7ccee/base/visuals> (recomposing stage on stage @/home/ubuntu/workspace/physvla_sim/datasets/data_normalized/Dishwasher_urdf/12085/fitr_info1.usd@ <0x2f7e97f0>)

2026-07-15T12:01:43Z [3,734ms] [Warning] [omni.usd] Warning: in _ReportErrors at line 3172 of /builds/omniverse/usd-ci/USD/pxr/usd/usd/stage.cpp -- In </partnet_185cf76909e948f0fa80fb391ee7ccee/base/visuals>: Unresolved reference prim path @/home/ubuntu/workspace/physvla_sim/datasets/data_normalized/Dishwasher_urdf/12085/configuration/fitr_info1_physics.usd@</visuals/base> introduced by @/home/ubuntu/workspace/physvla_sim/datasets/data_normalized/Dishwasher_urdf/12085/configuration/fitr_info1_base.usd@</partnet_185cf76909e948f0fa80fb391ee7ccee/base/visuals> (recomposing stage on stage @/home/ubuntu/workspace/physvla_sim/datasets/data_normalized/Dishwasher_urdf/12085/fitr_info1.usd@ <0x2f7edc70>)

2026-07-15T12:01:43Z [3,734ms] [Warning] [omni.usd] Warning: in _ReportErrors at line 3172 of /builds/omniverse/usd-ci/USD/pxr/usd/usd/stage.cpp -- In </partnet_185cf76909e948f0fa80fb391ee7ccee/base/visuals>: Unresolved reference prim path @/home/ubuntu/workspace/physvla_sim/datasets/data_normalized/Dishwasher_urdf/12085/configuration/fitr_info1_physics.usd@</visuals/base> introduced by @/home/ubuntu/workspace/physvla_sim/datasets/data_normalized/Dishwasher_urdf/12085/configuration/fitr_info1_base.usd@</partnet_185cf76909e948f0fa80fb391ee7ccee/base/visuals> (recomposing stage on stage @/home/ubuntu/workspace/physvla_sim/datasets/data_normalized/Dishwasher_urdf/12085/fitr_info1.usd@ <0x2f7e97f0>)

2026-07-15T12:01:43Z [3,735ms] [Warning] [omni.usd] Warning: in _ReportErrors at line 3172 of /builds/omniverse/usd-ci/USD/pxr/usd/usd/stage.cpp -- In </partnet_185cf76909e948f0fa80fb391ee7ccee/base/visuals>: Unresolved reference prim path @/home/ubuntu/workspace/physvla_sim/datasets/data_normalized/Dishwasher_urdf/12085/configuration/fitr_info1_physics.usd@</visuals/base> introduced by @/home/ubuntu/workspace/physvla_sim/datasets/data_normalized/Dishwasher_urdf/12085/configuration/fitr_info1_base.usd@</partnet_185cf76909e948f0fa80fb391ee7ccee/base/visuals> (recomposing stage on stage @/home/ubuntu/workspace/physvla_sim/datasets/data_normalized/Dishwasher_urdf/12085/fitr_info1.usd@ <0x2f7edc70>)

2026-07-15T12:01:43Z [3,735ms] [Warning] [omni.usd] Warning: in _ReportErrors at line 3172 of /builds/omniverse/usd-ci/USD/pxr/usd/usd/stage.cpp -- In </partnet_185cf76909e948f0fa80fb391ee7ccee/base/visuals>: Unresolved reference prim path @/home/ubuntu/workspace/physvla_sim/datasets/data_normalized/Dishwasher_urdf/12085/configuration/fitr_info1_physics.usd@</visuals/base> introduced by @/home/ubuntu/workspace/physvla_sim/datasets/data_normalized/Dishwasher_urdf/12085/configuration/fitr_info1_base.usd@</partnet_185cf76909e948f0fa80fb391ee7ccee/base/visuals> (recomposing stage on stage @/home/ubuntu/workspace/physvla_sim/datasets/data_normalized/Dishwasher_urdf/12085/fitr_info1.usd@ <0x2f7e97f0>)

2026-07-15T12:01:43Z [3,735ms] [Warning] [omni.usd] Warning: in _ReportErrors at line 3172 of /builds/omniverse/usd-ci/USD/pxr/usd/usd/stage.cpp -- In </partnet_185cf76909e948f0fa80fb391ee7ccee/base/visuals>: Unresolved reference prim path @/home/ubuntu/workspace/physvla_sim/datasets/data_normalized/Dishwasher_urdf/12085/configuration/fitr_info1_physics.usd@</visuals/base> introduced by @/home/ubuntu/workspace/physvla_sim/datasets/data_normalized/Dishwasher_urdf/12085/configuration/fitr_info1_base.usd@</partnet_185cf76909e948f0fa80fb391ee7ccee/base/visuals> (recomposing stage on stage @/home/ubuntu/workspace/physvla_sim/datasets/data_normalized/Dishwasher_urdf/12085/fitr_info1.usd@ <0x2f7edc70>)

2026-07-15T12:01:43Z [3,736ms] [Warning] [omni.usd] Warning: in _ReportErrors at line 3172 of /builds/omniverse/usd-ci/USD/pxr/usd/usd/stage.cpp -- In </partnet_185cf76909e948f0fa80fb391ee7ccee/base/visuals>: Unresolved reference prim path @/home/ubuntu/workspace/physvla_sim/datasets/data_normalized/Dishwasher_urdf/12085/configuration/fitr_info1_physics.usd@</visuals/base> introduced by @/home/ubuntu/workspace/physvla_sim/datasets/data_normalized/Dishwasher_urdf/12085/configuration/fitr_info1_base.usd@</partnet_185cf76909e948f0fa80fb391ee7ccee/base/visuals> (recomposing stage on stage @/home/ubuntu/workspace/physvla_sim/datasets/data_normalized/Dishwasher_urdf/12085/fitr_info1.usd@ <0x2f7e97f0>)

2026-07-15T12:01:43Z [3,736ms] [Warning] [omni.usd] Warning: in _ReportErrors at line 3172 of /builds/omniverse/usd-ci/USD/pxr/usd/usd/stage.cpp -- In </partnet_185cf76909e948f0fa80fb391ee7ccee/base/visuals>: Unresolved reference prim path @/home/ubuntu/workspace/physvla_sim/datasets/data_normalized/Dishwasher_urdf/12085/configuration/fitr_info1_physics.usd@</visuals/base> introduced by @/home/ubuntu/workspace/physvla_sim/datasets/data_normalized/Dishwasher_urdf/12085/configuration/fitr_info1_base.usd@</partnet_185cf76909e948f0fa80fb391ee7ccee/base/visuals> (recomposing stage on stage @/home/ubuntu/workspace/physvla_sim/datasets/data_normalized/Dishwasher_urdf/12085/fitr_info1.usd@ <0x2f7edc70>)

2026-07-15T12:01:43Z [3,736ms] [Warning] [omni.usd] Warning: in _ReportErrors at line 3172 of /builds/omniverse/usd-ci/USD/pxr/usd/usd/stage.cpp -- In </partnet_185cf76909e948f0fa80fb391ee7ccee/base/visuals>: Unresolved reference prim path @/home/ubuntu/workspace/physvla_sim/datasets/data_normalized/Dishwasher_urdf/12085/configuration/fitr_info1_physics.usd@</visuals/base> introduced by @/home/ubuntu/workspace/physvla_sim/datasets/data_normalized/Dishwasher_urdf/12085/configuration/fitr_info1_base.usd@</partnet_185cf76909e948f0fa80fb391ee7ccee/base/visuals> (recomposing stage on stage @/home/ubuntu/workspace/physvla_sim/datasets/data_normalized/Dishwasher_urdf/12085/fitr_info1.usd@ <0x2f7e97f0>)

2026-07-15T12:01:43Z [3,737ms] [Warning] [omni.usd] Warning: in _ReportErrors at line 3172 of /builds/omniverse/usd-ci/USD/pxr/usd/usd/stage.cpp -- In </partnet_185cf76909e948f0fa80fb391ee7ccee/base/visuals>: Unresolved reference prim path @/home/ubuntu/workspace/physvla_sim/datasets/data_normalized/Dishwasher_urdf/12085/configuration/fitr_info1_physics.usd@</visuals/base> introduced by @/home/ubuntu/workspace/physvla_sim/datasets/data_normalized/Dishwasher_urdf/12085/configuration/fitr_info1_base.usd@</partnet_185cf76909e948f0fa80fb391ee7ccee/base/visuals> (recomposing stage on stage @/home/ubuntu/workspace/physvla_sim/datasets/data_normalized/Dishwasher_urdf/12085/fitr_info1.usd@ <0x2f7edc70>)

2026-07-15T12:01:43Z [3,737ms] [Warning] [omni.usd] Warning: in _ReportErrors at line 3172 of /builds/omniverse/usd-ci/USD/pxr/usd/usd/stage.cpp -- In </partnet_185cf76909e948f0fa80fb391ee7ccee/base/visuals>: Unresolved reference prim path @/home/ubuntu/workspace/physvla_sim/datasets/data_normalized/Dishwasher_urdf/12085/configuration/fitr_info1_physics.usd@</visuals/base> introduced by @/home/ubuntu/workspace/physvla_sim/datasets/data_normalized/Dishwasher_urdf/12085/configuration/fitr_info1_base.usd@</partnet_185cf76909e948f0fa80fb391ee7ccee/base/visuals> (recomposing stage on stage @/home/ubuntu/workspace/physvla_sim/datasets/data_normalized/Dishwasher_urdf/12085/fitr_info1.usd@ <0x2f7e97f0>)

Loading user config located at: '/home/ubuntu/isaacsim/kit/data/Kit/Isaac-Sim/5.1/user.config.json'
[Info] [carb] Logging to file: /home/ubuntu/isaacsim/kit/logs/Kit/Isaac-Sim/5.1/kit_20260715_200144.log
2026-07-15T12:01:44Z [0ms] [Warning] [carb.crashreporter-breakpad.plugin] [previous crash] preventing upload of minidump due to user opt-out: '/home/ubuntu/isaacsim/kit/data/Kit/Isaac-Sim/5.1/0d81a4fd-59cb-4157-42d97b80-310afb82.dmp'
2026-07-15T12:01:44Z [0ms] [Warning] [carb.crashreporter-breakpad.plugin] [previous crash] preventing upload of minidump due to user opt-out: '/home/ubuntu/isaacsim/kit/data/Kit/Isaac-Sim/5.1/7efeb785-3cdd-476a-8fc91ca3-38a85c81.dmp'
2026-07-15T12:01:44Z [0ms] [Warning] [carb.crashreporter-breakpad.plugin] [previous crash] preventing upload of minidump due to user opt-out: '/home/ubuntu/isaacsim/kit/data/Kit/Isaac-Sim/5.1/0ec06837-edee-4570-b459bb9b-e409ca73.dmp'
2026-07-15T12:01:44Z [0ms] [Warning] [carb.crashreporter-breakpad.plugin] [previous crash] preventing upload of minidump due to user opt-out: '/home/ubuntu/isaacsim/kit/data/Kit/Isaac-Sim/5.1/846da064-407f-481c-dab18ea9-9788aefc.dmp'
2026-07-15T12:01:44Z [0ms] [Warning] [carb.crashreporter-breakpad.plugin] [previous crash] preventing upload of minidump due to user opt-out: '/home/ubuntu/isaacsim/kit/data/Kit/Isaac-Sim/5.1/7674058d-a5ef-457b-61399da4-1924f871.dmp'
2026-07-15T12:01:44Z [1ms] [Warning] [carb.crashreporter-breakpad.plugin] [previous crash] preventing upload of minidump due to user opt-out: '/home/ubuntu/isaacsim/kit/data/Kit/Isaac-Sim/5.1/0dbca6de-81d5-44e8-85c7eba5-c7ac64b6.dmp'
2026-07-15T12:01:44Z [1ms] [Warning] [carb.crashreporter-breakpad.plugin] [previous crash] preventing upload of minidump due to user opt-out: '/home/ubuntu/isaacsim/kit/data/Kit/Isaac-Sim/5.1/96b6ea33-a47b-4c84-2d7408a6-bc8b64a8.dmp'
2026-07-15T12:01:44Z [182ms] [Warning] [omni.platforminfo.plugin] failed to open the default display.  Can't verify X Server version.
2026-07-15T12:01:44Z [183ms] [Warning] [omni.usd_config.extension] Enable omni.materialx.libs extension to use MaterialX
2026-07-15T12:01:44Z [458ms] [Warning] [carb] Acquiring non optional plugin interface which is not listed as dependency: [omni::physx::IPhysxBenchmarks v1.0] (plugin: <default plugin>), by client: omni.physics.physx.plugin. Add it to CARB_PLUGIN_IMPL_DEPS() macro of a client.
2026-07-15T12:01:44Z [591ms] [Warning] [omni.isaac.dynamic_control] omni.isaac.dynamic_control is deprecated as of Isaac Sim 4.5. No action is needed from end-users.

|---------------------------------------------------------------------------------------------|
| Driver Version: 580.142       | Graphics API: Vulkan
|=============================================================================================|
| GPU | Name                             | Active | LDA | GPU Memory | Vendor-ID | LUID       |
|     |                                  |        |     |            | Device-ID | UUID       |
|     |                                  |        |     |            | Bus-ID    |            |
|---------------------------------------------------------------------------------------------|
| 0   | NVIDIA GeForce RTX 5090 D v2     | Yes: 0 |     | 24701   MB | 10de      | 0          |
|     |                                  |        |     |            | 2b8c      | 5f3d0dc0.. |
|     |                                  |        |     |            | 1         |            |
|=============================================================================================|
| OS: 24.04.3 LTS (Noble Numbat) ubuntu, Version: 24.04.3, Kernel: 6.17.0-1017-oem
| Processor: Intel(R) Core(TM) i9-14900K
| Cores: 24 | Logical Cores: 32
|---------------------------------------------------------------------------------------------|
| Total Memory (MB): 64063 | Free Memory: 53896
| Total Page/Swap (MB): 8191 | Free Page/Swap: 8191
|---------------------------------------------------------------------------------------------|
2026-07-15T12:01:46Z [2,565ms] [Warning] [gpu.foundation.plugin] CPU performance profile is set to powersave. This profile sets the CPU to the lowest frequency reducing performance.
[INFO][AppLauncher]: Using device: cuda:0
[INFO][AppLauncher]: Loading experience file: /home/ubuntu/workspace/IsaacLab/apps/isaaclab.python.headless.kit
{
  "output": "/home/ubuntu/workspace/physvla_sim/datasets/data_normalized/Dishwasher_urdf/12085/fitr_info1.usd",
  "scale": 0.4168588048380483,
  "scale_layer": "/home/ubuntu/workspace/physvla_sim/datasets/data_normalized/Dishwasher_urdf/12085/configuration/fitr_info1_base.usd",
  "joints": [
    {
      "joint": "/partnet_185cf76909e948f0fa80fb391ee7ccee/joints/joint_1",
      "drive": "linear",
      "damping": 700.0,
      "stiffness": 0.0,
      "max_force": 11.25
    }
  ],
  "dynamics_layer": "/home/ubuntu/workspace/physvla_sim/datasets/data_normalized/Dishwasher_urdf/12085/configuration/fitr_info1_physics.usd",
  "affordance_links": []
}
2026-07-15T12:01:46Z [2,573ms] [Warning] [gpu.foundation.plugin] IOMMU is enabled.
2026-07-15T12:01:46Z [2,715ms] [Warning] [omni.usd] Warning: in _ReportErrors at line 3172 of /builds/omniverse/usd-ci/USD/pxr/usd/usd/stage.cpp -- In </partnet_185cf76909e948f0fa80fb391ee7ccee/base/visuals>: Unresolved reference prim path @/home/ubuntu/workspace/physvla_sim/datasets/data_normalized/Dishwasher_urdf/12085/configuration/fitr_info1_base.usd@</visuals/base> introduced by @/home/ubuntu/workspace/physvla_sim/datasets/data_normalized/Dishwasher_urdf/12085/configuration/fitr_info1_base.usd@</partnet_185cf76909e948f0fa80fb391ee7ccee/base/visuals> (instantiating stage on stage @/home/ubuntu/workspace/physvla_sim/datasets/data_normalized/Dishwasher_urdf/12085/configuration/fitr_info1_base.usd@ <0x1c7117f0>)

2026-07-15T12:01:46Z [2,719ms] [Warning] [omni.usd] Warning: in _ReportErrors at line 3172 of /builds/omniverse/usd-ci/USD/pxr/usd/usd/stage.cpp -- In </partnet_185cf76909e948f0fa80fb391ee7ccee/base/visuals>: Unresolved reference prim path @/home/ubuntu/workspace/physvla_sim/datasets/data_normalized/Dishwasher_urdf/12085/configuration/fitr_info1_physics.usd@</visuals/base> introduced by @/home/ubuntu/workspace/physvla_sim/datasets/data_normalized/Dishwasher_urdf/12085/configuration/fitr_info1_base.usd@</partnet_185cf76909e948f0fa80fb391ee7ccee/base/visuals> (instantiating stage on stage @/home/ubuntu/workspace/physvla_sim/datasets/data_normalized/Dishwasher_urdf/12085/configuration/fitr_info1_physics.usd@ <0x24b088f0>)

2026-07-15T12:01:46Z [2,721ms] [Warning] [omni.usd] Warning: in _ReportErrors at line 3172 of /builds/omniverse/usd-ci/USD/pxr/usd/usd/stage.cpp -- In </partnet_185cf76909e948f0fa80fb391ee7ccee/base/visuals>: Unresolved reference prim path @/home/ubuntu/workspace/physvla_sim/datasets/data_normalized/Dishwasher_urdf/12085/configuration/fitr_info1_physics.usd@</visuals/base> introduced by @/home/ubuntu/workspace/physvla_sim/datasets/data_normalized/Dishwasher_urdf/12085/configuration/fitr_info1_base.usd@</partnet_185cf76909e948f0fa80fb391ee7ccee/base/visuals> (instantiating stage on stage @/home/ubuntu/workspace/physvla_sim/datasets/data_normalized/Dishwasher_urdf/12085/fitr_info1.usd@ <0x1c6e2e30>)

[OK] Dishwasher_urdf/12085
[RUN] Dishwasher_urdf/12349
Loading user config located at: '/home/ubuntu/isaacsim/kit/data/Kit/Isaac-Sim/5.1/user.config.json'
[Info] [carb] Logging to file: /home/ubuntu/isaacsim/kit/logs/Kit/Isaac-Sim/5.1/kit_20260715_200147.log
2026-07-15T12:01:47Z [0ms] [Warning] [carb.crashreporter-breakpad.plugin] [previous crash] preventing upload of minidump due to user opt-out: '/home/ubuntu/isaacsim/kit/data/Kit/Isaac-Sim/5.1/0d81a4fd-59cb-4157-42d97b80-310afb82.dmp'
2026-07-15T12:01:47Z [0ms] [Warning] [carb.crashreporter-breakpad.plugin] [previous crash] preventing upload of minidump due to user opt-out: '/home/ubuntu/isaacsim/kit/data/Kit/Isaac-Sim/5.1/7efeb785-3cdd-476a-8fc91ca3-38a85c81.dmp'
2026-07-15T12:01:47Z [0ms] [Warning] [carb.crashreporter-breakpad.plugin] [previous crash] preventing upload of minidump due to user opt-out: '/home/ubuntu/isaacsim/kit/data/Kit/Isaac-Sim/5.1/0ec06837-edee-4570-b459bb9b-e409ca73.dmp'
2026-07-15T12:01:47Z [0ms] [Warning] [carb.crashreporter-breakpad.plugin] [previous crash] preventing upload of minidump due to user opt-out: '/home/ubuntu/isaacsim/kit/data/Kit/Isaac-Sim/5.1/846da064-407f-481c-dab18ea9-9788aefc.dmp'
2026-07-15T12:01:47Z [0ms] [Warning] [carb.crashreporter-breakpad.plugin] [previous crash] preventing upload of minidump due to user opt-out: '/home/ubuntu/isaacsim/kit/data/Kit/Isaac-Sim/5.1/7674058d-a5ef-457b-61399da4-1924f871.dmp'
2026-07-15T12:01:47Z [1ms] [Warning] [carb.crashreporter-breakpad.plugin] [previous crash] preventing upload of minidump due to user opt-out: '/home/ubuntu/isaacsim/kit/data/Kit/Isaac-Sim/5.1/0dbca6de-81d5-44e8-85c7eba5-c7ac64b6.dmp'
2026-07-15T12:01:47Z [1ms] [Warning] [carb.crashreporter-breakpad.plugin] [previous crash] preventing upload of minidump due to user opt-out: '/home/ubuntu/isaacsim/kit/data/Kit/Isaac-Sim/5.1/96b6ea33-a47b-4c84-2d7408a6-bc8b64a8.dmp'
2026-07-15T12:01:47Z [181ms] [Warning] [omni.platforminfo.plugin] failed to open the default display.  Can't verify X Server version.
2026-07-15T12:01:47Z [183ms] [Warning] [omni.usd_config.extension] Enable omni.materialx.libs extension to use MaterialX
2026-07-15T12:01:47Z [464ms] [Warning] [carb] Acquiring non optional plugin interface which is not listed as dependency: [omni::physx::IPhysxBenchmarks v1.0] (plugin: <default plugin>), by client: omni.physics.physx.plugin. Add it to CARB_PLUGIN_IMPL_DEPS() macro of a client.
2026-07-15T12:01:47Z [596ms] [Warning] [omni.isaac.dynamic_control] omni.isaac.dynamic_control is deprecated as of Isaac Sim 4.5. No action is needed from end-users.

|---------------------------------------------------------------------------------------------|
| Driver Version: 580.142       | Graphics API: Vulkan
|=============================================================================================|
| GPU | Name                             | Active | LDA | GPU Memory | Vendor-ID | LUID       |
|     |                                  |        |     |            | Device-ID | UUID       |
|     |                                  |        |     |            | Bus-ID    |            |
|---------------------------------------------------------------------------------------------|
| 0   | NVIDIA GeForce RTX 5090 D v2     | Yes: 0 |     | 24701   MB | 10de      | 0          |
|     |                                  |        |     |            | 2b8c      | 5f3d0dc0.. |
|     |                                  |        |     |            | 1         |            |
|=============================================================================================|
| OS: 24.04.3 LTS (Noble Numbat) ubuntu, Version: 24.04.3, Kernel: 6.17.0-1017-oem
| Processor: Intel(R) Core(TM) i9-14900K
| Cores: 24 | Logical Cores: 32
|---------------------------------------------------------------------------------------------|
| Total Memory (MB): 64063 | Free Memory: 53891
| Total Page/Swap (MB): 8191 | Free Page/Swap: 8191
|---------------------------------------------------------------------------------------------|
2026-07-15T12:01:49Z [2,587ms] [Warning] [gpu.foundation.plugin] CPU performance profile is set to powersave. This profile sets the CPU to the lowest frequency reducing performance.
2026-07-15T12:01:49Z [2,595ms] [Warning] [gpu.foundation.plugin] IOMMU is enabled.
2026-07-15T12:01:49Z [2,722ms] [Warning] [carb.windowing-glfw.plugin] GLFW initialization failed.
2026-07-15T12:01:49Z [2,722ms] [Warning] [carb] Failed to startup plugin carb.windowing-glfw.plugin (interfaces: [carb::windowing::IGLContext v1.0],[carb::windowing::IWindowing v1.5]) (impl: carb.windowing-glfw.plugin)

|---------------------------------------------------------------------------------------------|
| Driver Version: 580.142       | Graphics API: Vulkan
|=============================================================================================|
| GPU | Name                             | Active | LDA | GPU Memory | Vendor-ID | LUID       |
|     |                                  |        |     |            | Device-ID | UUID       |
|     |                                  |        |     |            | Bus-ID    |            |
|---------------------------------------------------------------------------------------------|
| 0   | NVIDIA GeForce RTX 5090 D v2     | Yes: 0 |     | 24701   MB | 10de      | 0          |
|     |                                  |        |     |            | 2b8c      | 5f3d0dc0.. |
|     |                                  |        |     |            | 1         |            |
|=============================================================================================|
| OS: 24.04.3 LTS (Noble Numbat) ubuntu, Version: 24.04.3, Kernel: 6.17.0-1017-oem
| Processor: Intel(R) Core(TM) i9-14900K
| Cores: 24 | Logical Cores: 32
|---------------------------------------------------------------------------------------------|
| Total Memory (MB): 64063 | Free Memory: 53691
| Total Page/Swap (MB): 8191 | Free Page/Swap: 8191
|---------------------------------------------------------------------------------------------|
2026-07-15T12:01:50Z [2,955ms] [Warning] [gpu.foundation.plugin] CPU performance profile is set to powersave. This profile sets the CPU to the lowest frequency reducing performance.
2026-07-15T12:01:50Z [2,955ms] [Warning] [gpu.foundation.plugin] IOMMU is enabled.
2026-07-15T12:01:50Z [3,160ms] [Warning] [carb.windowing-glfw.plugin] GLFW initialization failed.
2026-07-15T12:01:50Z [3,160ms] [Warning] [carb] Failed to startup plugin carb.windowing-glfw.plugin (interfaces: [carb::windowing::IGLContext v1.0],[carb::windowing::IWindowing v1.5]) (impl: carb.windowing-glfw.plugin)
2026-07-15T12:01:50Z [3,172ms] [Warning] [carb.windowing-glfw.plugin] GLFW initialization failed.
2026-07-15T12:01:50Z [3,172ms] [Warning] [carb] Failed to startup plugin carb.windowing-glfw.plugin (interfaces: [carb::windowing::IGLContext v1.0],[carb::windowing::IWindowing v1.5]) (impl: carb.windowing-glfw.plugin)
2026-07-15T12:01:50Z [3,177ms] [Warning] [carb.windowing-glfw.plugin] GLFW initialization failed.
2026-07-15T12:01:50Z [3,177ms] [Warning] [carb] Failed to startup plugin carb.windowing-glfw.plugin (interfaces: [carb::windowing::IGLContext v1.0],[carb::windowing::IWindowing v1.5]) (impl: carb.windowing-glfw.plugin)
2026-07-15T12:01:50Z [3,181ms] [Warning] [carb.windowing-glfw.plugin] GLFW initialization failed.
2026-07-15T12:01:50Z [3,181ms] [Warning] [carb] Failed to startup plugin carb.windowing-glfw.plugin (interfaces: [carb::windowing::IGLContext v1.0],[carb::windowing::IWindowing v1.5]) (impl: carb.windowing-glfw.plugin)
2026-07-15T12:01:50Z [3,182ms] [Warning] [carb.windowing-glfw.plugin] GLFW initialization failed.
2026-07-15T12:01:50Z [3,182ms] [Warning] [carb] Failed to startup plugin carb.windowing-glfw.plugin (interfaces: [carb::windowing::IGLContext v1.0],[carb::windowing::IWindowing v1.5]) (impl: carb.windowing-glfw.plugin)
2026-07-15T12:01:50Z [3,183ms] [Warning] [carb.windowing-glfw.plugin] GLFW initialization failed.
2026-07-15T12:01:50Z [3,183ms] [Warning] [carb] Failed to startup plugin carb.windowing-glfw.plugin (interfaces: [carb::windowing::IGLContext v1.0],[carb::windowing::IWindowing v1.5]) (impl: carb.windowing-glfw.plugin)
2026-07-15T12:01:50Z [3,428ms] [Warning] [omni.graph.visualization.nodes._impl.extension] No Viewport Window to add omni.graph.visualization.nodes-2.1.3 scene to
2026-07-15T12:01:50Z [3,508ms] [Warning] [isaacsim.asset.importer.urdf] The path partnet_2817bcd9-856b-4f3c-8208-c10884d5f206 is not a valid usd path, modifying to partnet_2817bcd9_856b_4f3c_8208_c10884d5f206
2026-07-15T12:01:50Z [3,522ms] [Warning] [isaacsim.asset.importer.urdf] No mass specified for link base
2026-07-15T12:01:50Z [3,522ms] [Warning] [omni.usd] Warning: in _ReportErrors at line 3172 of /builds/omniverse/usd-ci/USD/pxr/usd/usd/stage.cpp -- In </partnet_2817bcd9_856b_4f3c_8208_c10884d5f206/base/visuals>: Unresolved reference prim path @/home/ubuntu/workspace/physvla_sim/datasets/data_normalized/Dishwasher_urdf/12349/configuration/fitr_info1_physics.usd@</visuals/base> introduced by @/home/ubuntu/workspace/physvla_sim/datasets/data_normalized/Dishwasher_urdf/12349/configuration/fitr_info1_base.usd@</partnet_2817bcd9_856b_4f3c_8208_c10884d5f206/base/visuals> (recomposing stage on stage @/home/ubuntu/workspace/physvla_sim/datasets/data_normalized/Dishwasher_urdf/12349/configuration/fitr_info1_physics.usd@ <0x2ef9f9a0>)

2026-07-15T12:01:50Z [3,522ms] [Warning] [omni.usd] Warning: in _ReportErrors at line 3172 of /builds/omniverse/usd-ci/USD/pxr/usd/usd/stage.cpp -- In </partnet_2817bcd9_856b_4f3c_8208_c10884d5f206/base/visuals>: Unresolved reference prim path @/home/ubuntu/workspace/physvla_sim/datasets/data_normalized/Dishwasher_urdf/12349/fitr_info1.usd@</visuals/base> introduced by @/home/ubuntu/workspace/physvla_sim/datasets/data_normalized/Dishwasher_urdf/12349/configuration/fitr_info1_base.usd@</partnet_2817bcd9_856b_4f3c_8208_c10884d5f206/base/visuals> (recomposing stage on stage @/home/ubuntu/workspace/physvla_sim/datasets/data_normalized/Dishwasher_urdf/12349/fitr_info1.usd@ <0x2ef8c110>)

2026-07-15T12:01:50Z [3,522ms] [Warning] [omni.usd] Warning: in _ReportErrors at line 3172 of /builds/omniverse/usd-ci/USD/pxr/usd/usd/stage.cpp -- In </partnet_2817bcd9_856b_4f3c_8208_c10884d5f206/base/visuals>: Unresolved reference prim path @/home/ubuntu/workspace/physvla_sim/datasets/data_normalized/Dishwasher_urdf/12349/fitr_info1.usd@</visuals/base> introduced by @/home/ubuntu/workspace/physvla_sim/datasets/data_normalized/Dishwasher_urdf/12349/configuration/fitr_info1_base.usd@</partnet_2817bcd9_856b_4f3c_8208_c10884d5f206/base/visuals> (recomposing stage on stage @/home/ubuntu/workspace/physvla_sim/datasets/data_normalized/Dishwasher_urdf/12349/fitr_info1.usd@ <0x2ef87810>)

2026-07-15T12:01:50Z [3,523ms] [Warning] [omni.usd] Warning: in _ReportErrors at line 3172 of /builds/omniverse/usd-ci/USD/pxr/usd/usd/stage.cpp -- In </partnet_2817bcd9_856b_4f3c_8208_c10884d5f206/base/visuals>: Unresolved reference prim path @/home/ubuntu/workspace/physvla_sim/datasets/data_normalized/Dishwasher_urdf/12349/configuration/fitr_info1_base.usd@</visuals/base> introduced by @/home/ubuntu/workspace/physvla_sim/datasets/data_normalized/Dishwasher_urdf/12349/configuration/fitr_info1_base.usd@</partnet_2817bcd9_856b_4f3c_8208_c10884d5f206/base/visuals> (recomposing stage on stage @/home/ubuntu/workspace/physvla_sim/datasets/data_normalized/Dishwasher_urdf/12349/configuration/fitr_info1_base.usd@ <0x2efa8a60>)

2026-07-15T12:01:50Z [3,523ms] [Warning] [omni.usd] Warning: in _ReportErrors at line 3172 of /builds/omniverse/usd-ci/USD/pxr/usd/usd/stage.cpp -- In </partnet_2817bcd9_856b_4f3c_8208_c10884d5f206/base/visuals>: Unresolved reference prim path @/home/ubuntu/workspace/physvla_sim/datasets/data_normalized/Dishwasher_urdf/12349/configuration/fitr_info1_physics.usd@</visuals/base> introduced by @/home/ubuntu/workspace/physvla_sim/datasets/data_normalized/Dishwasher_urdf/12349/configuration/fitr_info1_base.usd@</partnet_2817bcd9_856b_4f3c_8208_c10884d5f206/base/visuals> (recomposing stage on stage @/home/ubuntu/workspace/physvla_sim/datasets/data_normalized/Dishwasher_urdf/12349/configuration/fitr_info1_physics.usd@ <0x2ef9f9a0>)

2026-07-15T12:01:50Z [3,523ms] [Warning] [omni.usd] Warning: in _ReportErrors at line 3172 of /builds/omniverse/usd-ci/USD/pxr/usd/usd/stage.cpp -- In </partnet_2817bcd9_856b_4f3c_8208_c10884d5f206/base/visuals>: Unresolved reference prim path @/home/ubuntu/workspace/physvla_sim/datasets/data_normalized/Dishwasher_urdf/12349/fitr_info1.usd@</visuals/base> introduced by @/home/ubuntu/workspace/physvla_sim/datasets/data_normalized/Dishwasher_urdf/12349/configuration/fitr_info1_base.usd@</partnet_2817bcd9_856b_4f3c_8208_c10884d5f206/base/visuals> (recomposing stage on stage @/home/ubuntu/workspace/physvla_sim/datasets/data_normalized/Dishwasher_urdf/12349/fitr_info1.usd@ <0x2ef8c110>)

2026-07-15T12:01:50Z [3,523ms] [Warning] [omni.usd] Warning: in _ReportErrors at line 3172 of /builds/omniverse/usd-ci/USD/pxr/usd/usd/stage.cpp -- In </partnet_2817bcd9_856b_4f3c_8208_c10884d5f206/base/visuals>: Unresolved reference prim path @/home/ubuntu/workspace/physvla_sim/datasets/data_normalized/Dishwasher_urdf/12349/fitr_info1.usd@</visuals/base> introduced by @/home/ubuntu/workspace/physvla_sim/datasets/data_normalized/Dishwasher_urdf/12349/configuration/fitr_info1_base.usd@</partnet_2817bcd9_856b_4f3c_8208_c10884d5f206/base/visuals> (recomposing stage on stage @/home/ubuntu/workspace/physvla_sim/datasets/data_normalized/Dishwasher_urdf/12349/fitr_info1.usd@ <0x2ef87810>)

2026-07-15T12:01:50Z [3,523ms] [Warning] [omni.usd] Warning: in _ReportErrors at line 3172 of /builds/omniverse/usd-ci/USD/pxr/usd/usd/stage.cpp -- In </partnet_2817bcd9_856b_4f3c_8208_c10884d5f206/base/visuals>: Unresolved reference prim path @/home/ubuntu/workspace/physvla_sim/datasets/data_normalized/Dishwasher_urdf/12349/configuration/fitr_info1_base.usd@</visuals/base> introduced by @/home/ubuntu/workspace/physvla_sim/datasets/data_normalized/Dishwasher_urdf/12349/configuration/fitr_info1_base.usd@</partnet_2817bcd9_856b_4f3c_8208_c10884d5f206/base/visuals> (recomposing stage on stage @/home/ubuntu/workspace/physvla_sim/datasets/data_normalized/Dishwasher_urdf/12349/configuration/fitr_info1_base.usd@ <0x2efa8a60>)

2026-07-15T12:01:50Z [3,523ms] [Warning] [isaacsim.asset.importer.urdf] Link base has no colliders, and no inertia was imported; assigning a small isotropic inertia matrix
2026-07-15T12:01:50Z [3,524ms] [Warning] [isaacsim.asset.importer.urdf] No mass specified for link body
2026-07-15T12:01:50Z [3,538ms] [Warning] [isaacsim.asset.importer.urdf] No mass specified for link door_1
2026-07-15T12:01:50Z [3,547ms] [Warning] [isaacsim.asset.importer.urdf] No mass specified for link body__dup1
2026-07-15T12:01:50Z [3,551ms] [Warning] [isaacsim.asset.importer.urdf] No mass specified for link body__dup2
2026-07-15T12:01:50Z [3,563ms] [Warning] [omni.usd] Warning: in _ReportErrors at line 3172 of /builds/omniverse/usd-ci/USD/pxr/usd/usd/stage.cpp -- In </partnet_2817bcd9_856b_4f3c_8208_c10884d5f206/base/visuals>: Unresolved reference prim path @/home/ubuntu/workspace/physvla_sim/datasets/data_normalized/Dishwasher_urdf/12349/configuration/fitr_info1_base.usd@</visuals/base> introduced by @/home/ubuntu/workspace/physvla_sim/datasets/data_normalized/Dishwasher_urdf/12349/configuration/fitr_info1_base.usd@</partnet_2817bcd9_856b_4f3c_8208_c10884d5f206/base/visuals> (recomposing stage on stage @/home/ubuntu/workspace/physvla_sim/datasets/data_normalized/Dishwasher_urdf/12349/fitr_info1.usd@ <0x2ef8c110>)

2026-07-15T12:01:50Z [3,564ms] [Warning] [omni.usd] Warning: in _ReportErrors at line 3172 of /builds/omniverse/usd-ci/USD/pxr/usd/usd/stage.cpp -- In </partnet_2817bcd9_856b_4f3c_8208_c10884d5f206/base/visuals>: Unresolved reference prim path @/home/ubuntu/workspace/physvla_sim/datasets/data_normalized/Dishwasher_urdf/12349/configuration/fitr_info1_base.usd@</visuals/base> introduced by @/home/ubuntu/workspace/physvla_sim/datasets/data_normalized/Dishwasher_urdf/12349/configuration/fitr_info1_base.usd@</partnet_2817bcd9_856b_4f3c_8208_c10884d5f206/base/visuals> (recomposing stage on stage @/home/ubuntu/workspace/physvla_sim/datasets/data_normalized/Dishwasher_urdf/12349/fitr_info1.usd@ <0x2ef87810>)

2026-07-15T12:01:50Z [3,566ms] [Warning] [omni.usd] Warning: in _ReportErrors at line 3172 of /builds/omniverse/usd-ci/USD/pxr/usd/usd/stage.cpp -- In </partnet_2817bcd9_856b_4f3c_8208_c10884d5f206/base/visuals>: Unresolved reference prim path @/home/ubuntu/workspace/physvla_sim/datasets/data_normalized/Dishwasher_urdf/12349/configuration/fitr_info1_physics.usd@</visuals/base> introduced by @/home/ubuntu/workspace/physvla_sim/datasets/data_normalized/Dishwasher_urdf/12349/configuration/fitr_info1_base.usd@</partnet_2817bcd9_856b_4f3c_8208_c10884d5f206/base/visuals> (recomposing stage on stage @/home/ubuntu/workspace/physvla_sim/datasets/data_normalized/Dishwasher_urdf/12349/fitr_info1.usd@ <0x2ef8c110>)

2026-07-15T12:01:50Z [3,568ms] [Warning] [omni.usd] Warning: in _ReportErrors at line 3172 of /builds/omniverse/usd-ci/USD/pxr/usd/usd/stage.cpp -- In </partnet_2817bcd9_856b_4f3c_8208_c10884d5f206/base/visuals>: Unresolved reference prim path @/home/ubuntu/workspace/physvla_sim/datasets/data_normalized/Dishwasher_urdf/12349/configuration/fitr_info1_physics.usd@</visuals/base> introduced by @/home/ubuntu/workspace/physvla_sim/datasets/data_normalized/Dishwasher_urdf/12349/configuration/fitr_info1_base.usd@</partnet_2817bcd9_856b_4f3c_8208_c10884d5f206/base/visuals> (recomposing stage on stage @/home/ubuntu/workspace/physvla_sim/datasets/data_normalized/Dishwasher_urdf/12349/fitr_info1.usd@ <0x2ef87810>)

2026-07-15T12:01:50Z [3,569ms] [Warning] [omni.usd] Warning: in _ReportErrors at line 3172 of /builds/omniverse/usd-ci/USD/pxr/usd/usd/stage.cpp -- In </partnet_2817bcd9_856b_4f3c_8208_c10884d5f206/base/visuals>: Unresolved reference prim path @/home/ubuntu/workspace/physvla_sim/datasets/data_normalized/Dishwasher_urdf/12349/configuration/fitr_info1_physics.usd@</visuals/base> introduced by @/home/ubuntu/workspace/physvla_sim/datasets/data_normalized/Dishwasher_urdf/12349/configuration/fitr_info1_base.usd@</partnet_2817bcd9_856b_4f3c_8208_c10884d5f206/base/visuals> (recomposing stage on stage @/home/ubuntu/workspace/physvla_sim/datasets/data_normalized/Dishwasher_urdf/12349/fitr_info1.usd@ <0x2ef8c110>)

2026-07-15T12:01:50Z [3,570ms] [Warning] [omni.usd] Warning: in _ReportErrors at line 3172 of /builds/omniverse/usd-ci/USD/pxr/usd/usd/stage.cpp -- In </partnet_2817bcd9_856b_4f3c_8208_c10884d5f206/base/visuals>: Unresolved reference prim path @/home/ubuntu/workspace/physvla_sim/datasets/data_normalized/Dishwasher_urdf/12349/configuration/fitr_info1_physics.usd@</visuals/base> introduced by @/home/ubuntu/workspace/physvla_sim/datasets/data_normalized/Dishwasher_urdf/12349/configuration/fitr_info1_base.usd@</partnet_2817bcd9_856b_4f3c_8208_c10884d5f206/base/visuals> (recomposing stage on stage @/home/ubuntu/workspace/physvla_sim/datasets/data_normalized/Dishwasher_urdf/12349/fitr_info1.usd@ <0x2ef87810>)

2026-07-15T12:01:50Z [3,571ms] [Warning] [omni.usd] Warning: in _ReportErrors at line 3172 of /builds/omniverse/usd-ci/USD/pxr/usd/usd/stage.cpp -- In </partnet_2817bcd9_856b_4f3c_8208_c10884d5f206/base/visuals>: Unresolved reference prim path @/home/ubuntu/workspace/physvla_sim/datasets/data_normalized/Dishwasher_urdf/12349/configuration/fitr_info1_physics.usd@</visuals/base> introduced by @/home/ubuntu/workspace/physvla_sim/datasets/data_normalized/Dishwasher_urdf/12349/configuration/fitr_info1_base.usd@</partnet_2817bcd9_856b_4f3c_8208_c10884d5f206/base/visuals> (recomposing stage on stage @/home/ubuntu/workspace/physvla_sim/datasets/data_normalized/Dishwasher_urdf/12349/fitr_info1.usd@ <0x2ef8c110>)

2026-07-15T12:01:50Z [3,572ms] [Warning] [omni.usd] Warning: in _ReportErrors at line 3172 of /builds/omniverse/usd-ci/USD/pxr/usd/usd/stage.cpp -- In </partnet_2817bcd9_856b_4f3c_8208_c10884d5f206/base/visuals>: Unresolved reference prim path @/home/ubuntu/workspace/physvla_sim/datasets/data_normalized/Dishwasher_urdf/12349/configuration/fitr_info1_physics.usd@</visuals/base> introduced by @/home/ubuntu/workspace/physvla_sim/datasets/data_normalized/Dishwasher_urdf/12349/configuration/fitr_info1_base.usd@</partnet_2817bcd9_856b_4f3c_8208_c10884d5f206/base/visuals> (recomposing stage on stage @/home/ubuntu/workspace/physvla_sim/datasets/data_normalized/Dishwasher_urdf/12349/fitr_info1.usd@ <0x2ef87810>)

2026-07-15T12:01:50Z [3,574ms] [Warning] [omni.usd] Warning: in _ReportErrors at line 3172 of /builds/omniverse/usd-ci/USD/pxr/usd/usd/stage.cpp -- In </partnet_2817bcd9_856b_4f3c_8208_c10884d5f206/base/visuals>: Unresolved reference prim path @/home/ubuntu/workspace/physvla_sim/datasets/data_normalized/Dishwasher_urdf/12349/configuration/fitr_info1_physics.usd@</visuals/base> introduced by @/home/ubuntu/workspace/physvla_sim/datasets/data_normalized/Dishwasher_urdf/12349/configuration/fitr_info1_base.usd@</partnet_2817bcd9_856b_4f3c_8208_c10884d5f206/base/visuals> (recomposing stage on stage @/home/ubuntu/workspace/physvla_sim/datasets/data_normalized/Dishwasher_urdf/12349/fitr_info1.usd@ <0x2ef8c110>)

2026-07-15T12:01:50Z [3,575ms] [Warning] [omni.usd] Warning: in _ReportErrors at line 3172 of /builds/omniverse/usd-ci/USD/pxr/usd/usd/stage.cpp -- In </partnet_2817bcd9_856b_4f3c_8208_c10884d5f206/base/visuals>: Unresolved reference prim path @/home/ubuntu/workspace/physvla_sim/datasets/data_normalized/Dishwasher_urdf/12349/configuration/fitr_info1_physics.usd@</visuals/base> introduced by @/home/ubuntu/workspace/physvla_sim/datasets/data_normalized/Dishwasher_urdf/12349/configuration/fitr_info1_base.usd@</partnet_2817bcd9_856b_4f3c_8208_c10884d5f206/base/visuals> (recomposing stage on stage @/home/ubuntu/workspace/physvla_sim/datasets/data_normalized/Dishwasher_urdf/12349/fitr_info1.usd@ <0x2ef87810>)

2026-07-15T12:01:50Z [3,577ms] [Warning] [omni.usd] Warning: in _ReportErrors at line 3172 of /builds/omniverse/usd-ci/USD/pxr/usd/usd/stage.cpp -- In </partnet_2817bcd9_856b_4f3c_8208_c10884d5f206/base/visuals>: Unresolved reference prim path @/home/ubuntu/workspace/physvla_sim/datasets/data_normalized/Dishwasher_urdf/12349/configuration/fitr_info1_physics.usd@</visuals/base> introduced by @/home/ubuntu/workspace/physvla_sim/datasets/data_normalized/Dishwasher_urdf/12349/configuration/fitr_info1_base.usd@</partnet_2817bcd9_856b_4f3c_8208_c10884d5f206/base/visuals> (recomposing stage on stage @/home/ubuntu/workspace/physvla_sim/datasets/data_normalized/Dishwasher_urdf/12349/fitr_info1.usd@ <0x2ef8c110>)

2026-07-15T12:01:50Z [3,578ms] [Warning] [omni.usd] Warning: in _ReportErrors at line 3172 of /builds/omniverse/usd-ci/USD/pxr/usd/usd/stage.cpp -- In </partnet_2817bcd9_856b_4f3c_8208_c10884d5f206/base/visuals>: Unresolved reference prim path @/home/ubuntu/workspace/physvla_sim/datasets/data_normalized/Dishwasher_urdf/12349/configuration/fitr_info1_physics.usd@</visuals/base> introduced by @/home/ubuntu/workspace/physvla_sim/datasets/data_normalized/Dishwasher_urdf/12349/configuration/fitr_info1_base.usd@</partnet_2817bcd9_856b_4f3c_8208_c10884d5f206/base/visuals> (recomposing stage on stage @/home/ubuntu/workspace/physvla_sim/datasets/data_normalized/Dishwasher_urdf/12349/fitr_info1.usd@ <0x2ef87810>)

2026-07-15T12:01:50Z [3,580ms] [Warning] [omni.usd] Warning: in _ReportErrors at line 3172 of /builds/omniverse/usd-ci/USD/pxr/usd/usd/stage.cpp -- In </partnet_2817bcd9_856b_4f3c_8208_c10884d5f206/base/visuals>: Unresolved reference prim path @/home/ubuntu/workspace/physvla_sim/datasets/data_normalized/Dishwasher_urdf/12349/configuration/fitr_info1_physics.usd@</visuals/base> introduced by @/home/ubuntu/workspace/physvla_sim/datasets/data_normalized/Dishwasher_urdf/12349/configuration/fitr_info1_base.usd@</partnet_2817bcd9_856b_4f3c_8208_c10884d5f206/base/visuals> (recomposing stage on stage @/home/ubuntu/workspace/physvla_sim/datasets/data_normalized/Dishwasher_urdf/12349/fitr_info1.usd@ <0x2ef8c110>)

2026-07-15T12:01:50Z [3,581ms] [Warning] [omni.usd] Warning: in _ReportErrors at line 3172 of /builds/omniverse/usd-ci/USD/pxr/usd/usd/stage.cpp -- In </partnet_2817bcd9_856b_4f3c_8208_c10884d5f206/base/visuals>: Unresolved reference prim path @/home/ubuntu/workspace/physvla_sim/datasets/data_normalized/Dishwasher_urdf/12349/configuration/fitr_info1_physics.usd@</visuals/base> introduced by @/home/ubuntu/workspace/physvla_sim/datasets/data_normalized/Dishwasher_urdf/12349/configuration/fitr_info1_base.usd@</partnet_2817bcd9_856b_4f3c_8208_c10884d5f206/base/visuals> (recomposing stage on stage @/home/ubuntu/workspace/physvla_sim/datasets/data_normalized/Dishwasher_urdf/12349/fitr_info1.usd@ <0x2ef87810>)

2026-07-15T12:01:50Z [3,583ms] [Warning] [omni.usd] Warning: in _ReportErrors at line 3172 of /builds/omniverse/usd-ci/USD/pxr/usd/usd/stage.cpp -- In </partnet_2817bcd9_856b_4f3c_8208_c10884d5f206/base/visuals>: Unresolved reference prim path @/home/ubuntu/workspace/physvla_sim/datasets/data_normalized/Dishwasher_urdf/12349/configuration/fitr_info1_physics.usd@</visuals/base> introduced by @/home/ubuntu/workspace/physvla_sim/datasets/data_normalized/Dishwasher_urdf/12349/configuration/fitr_info1_base.usd@</partnet_2817bcd9_856b_4f3c_8208_c10884d5f206/base/visuals> (recomposing stage on stage @/home/ubuntu/workspace/physvla_sim/datasets/data_normalized/Dishwasher_urdf/12349/fitr_info1.usd@ <0x2ef8c110>)

2026-07-15T12:01:50Z [3,584ms] [Warning] [omni.usd] Warning: in _ReportErrors at line 3172 of /builds/omniverse/usd-ci/USD/pxr/usd/usd/stage.cpp -- In </partnet_2817bcd9_856b_4f3c_8208_c10884d5f206/base/visuals>: Unresolved reference prim path @/home/ubuntu/workspace/physvla_sim/datasets/data_normalized/Dishwasher_urdf/12349/configuration/fitr_info1_physics.usd@</visuals/base> introduced by @/home/ubuntu/workspace/physvla_sim/datasets/data_normalized/Dishwasher_urdf/12349/configuration/fitr_info1_base.usd@</partnet_2817bcd9_856b_4f3c_8208_c10884d5f206/base/visuals> (recomposing stage on stage @/home/ubuntu/workspace/physvla_sim/datasets/data_normalized/Dishwasher_urdf/12349/fitr_info1.usd@ <0x2ef87810>)

Loading user config located at: '/home/ubuntu/isaacsim/kit/data/Kit/Isaac-Sim/5.1/user.config.json'
[Info] [carb] Logging to file: /home/ubuntu/isaacsim/kit/logs/Kit/Isaac-Sim/5.1/kit_20260715_200151.log
2026-07-15T12:01:51Z [0ms] [Warning] [carb.crashreporter-breakpad.plugin] [previous crash] preventing upload of minidump due to user opt-out: '/home/ubuntu/isaacsim/kit/data/Kit/Isaac-Sim/5.1/0d81a4fd-59cb-4157-42d97b80-310afb82.dmp'
2026-07-15T12:01:51Z [0ms] [Warning] [carb.crashreporter-breakpad.plugin] [previous crash] preventing upload of minidump due to user opt-out: '/home/ubuntu/isaacsim/kit/data/Kit/Isaac-Sim/5.1/7efeb785-3cdd-476a-8fc91ca3-38a85c81.dmp'
2026-07-15T12:01:51Z [0ms] [Warning] [carb.crashreporter-breakpad.plugin] [previous crash] preventing upload of minidump due to user opt-out: '/home/ubuntu/isaacsim/kit/data/Kit/Isaac-Sim/5.1/0ec06837-edee-4570-b459bb9b-e409ca73.dmp'
2026-07-15T12:01:51Z [0ms] [Warning] [carb.crashreporter-breakpad.plugin] [previous crash] preventing upload of minidump due to user opt-out: '/home/ubuntu/isaacsim/kit/data/Kit/Isaac-Sim/5.1/846da064-407f-481c-dab18ea9-9788aefc.dmp'
2026-07-15T12:01:51Z [0ms] [Warning] [carb.crashreporter-breakpad.plugin] [previous crash] preventing upload of minidump due to user opt-out: '/home/ubuntu/isaacsim/kit/data/Kit/Isaac-Sim/5.1/7674058d-a5ef-457b-61399da4-1924f871.dmp'
2026-07-15T12:01:51Z [1ms] [Warning] [carb.crashreporter-breakpad.plugin] [previous crash] preventing upload of minidump due to user opt-out: '/home/ubuntu/isaacsim/kit/data/Kit/Isaac-Sim/5.1/0dbca6de-81d5-44e8-85c7eba5-c7ac64b6.dmp'
2026-07-15T12:01:51Z [1ms] [Warning] [carb.crashreporter-breakpad.plugin] [previous crash] preventing upload of minidump due to user opt-out: '/home/ubuntu/isaacsim/kit/data/Kit/Isaac-Sim/5.1/96b6ea33-a47b-4c84-2d7408a6-bc8b64a8.dmp'
2026-07-15T12:01:51Z [185ms] [Warning] [omni.usd_config.extension] Enable omni.materialx.libs extension to use MaterialX
2026-07-15T12:01:51Z [187ms] [Warning] [omni.platforminfo.plugin] failed to open the default display.  Can't verify X Server version.
2026-07-15T12:01:51Z [460ms] [Warning] [carb] Acquiring non optional plugin interface which is not listed as dependency: [omni::physx::IPhysxBenchmarks v1.0] (plugin: <default plugin>), by client: omni.physics.physx.plugin. Add it to CARB_PLUGIN_IMPL_DEPS() macro of a client.
2026-07-15T12:01:51Z [593ms] [Warning] [omni.isaac.dynamic_control] omni.isaac.dynamic_control is deprecated as of Isaac Sim 4.5. No action is needed from end-users.

|---------------------------------------------------------------------------------------------|
| Driver Version: 580.142       | Graphics API: Vulkan
|=============================================================================================|
| GPU | Name                             | Active | LDA | GPU Memory | Vendor-ID | LUID       |
|     |                                  |        |     |            | Device-ID | UUID       |
|     |                                  |        |     |            | Bus-ID    |            |
|---------------------------------------------------------------------------------------------|
| 0   | NVIDIA GeForce RTX 5090 D v2     | Yes: 0 |     | 24701   MB | 10de      | 0          |
|     |                                  |        |     |            | 2b8c      | 5f3d0dc0.. |
|     |                                  |        |     |            | 1         |            |
|=============================================================================================|
| OS: 24.04.3 LTS (Noble Numbat) ubuntu, Version: 24.04.3, Kernel: 6.17.0-1017-oem
| Processor: Intel(R) Core(TM) i9-14900K
| Cores: 24 | Logical Cores: 32
|---------------------------------------------------------------------------------------------|
| Total Memory (MB): 64063 | Free Memory: 53892
| Total Page/Swap (MB): 8191 | Free Page/Swap: 8191
|---------------------------------------------------------------------------------------------|
2026-07-15T12:01:53Z [2,589ms] [Warning] [gpu.foundation.plugin] CPU performance profile is set to powersave. This profile sets the CPU to the lowest frequency reducing performance.
[INFO][AppLauncher]: Using device: cuda:0
[INFO][AppLauncher]: Loading experience file: /home/ubuntu/workspace/IsaacLab/apps/isaaclab.python.headless.kit
{
  "output": "/home/ubuntu/workspace/physvla_sim/datasets/data_normalized/Dishwasher_urdf/12349/fitr_info1.usd",
  "scale": 0.24926743798687984,
  "scale_layer": "/home/ubuntu/workspace/physvla_sim/datasets/data_normalized/Dishwasher_urdf/12349/configuration/fitr_info1_base.usd",
  "joints": [
    {
      "joint": "/partnet_2817bcd9_856b_4f3c_8208_c10884d5f206/joints/joint_0",
      "drive": "angular",
      "damping": 418.5,
      "stiffness": 0.0,
      "max_force": 6.273749828338623
    }
  ],
  "dynamics_layer": "/home/ubuntu/workspace/physvla_sim/datasets/data_normalized/Dishwasher_urdf/12349/configuration/fitr_info1_physics.usd",
  "affordance_links": [
    "/partnet_2817bcd9_856b_4f3c_8208_c10884d5f206/door_1"
  ]
}
2026-07-15T12:01:53Z [2,597ms] [Warning] [gpu.foundation.plugin] IOMMU is enabled.
2026-07-15T12:01:53Z [2,723ms] [Warning] [omni.usd] Warning: in _ReportErrors at line 3172 of /builds/omniverse/usd-ci/USD/pxr/usd/usd/stage.cpp -- In </partnet_2817bcd9_856b_4f3c_8208_c10884d5f206/base/visuals>: Unresolved reference prim path @/home/ubuntu/workspace/physvla_sim/datasets/data_normalized/Dishwasher_urdf/12349/configuration/fitr_info1_base.usd@</visuals/base> introduced by @/home/ubuntu/workspace/physvla_sim/datasets/data_normalized/Dishwasher_urdf/12349/configuration/fitr_info1_base.usd@</partnet_2817bcd9_856b_4f3c_8208_c10884d5f206/base/visuals> (instantiating stage on stage @/home/ubuntu/workspace/physvla_sim/datasets/data_normalized/Dishwasher_urdf/12349/configuration/fitr_info1_base.usd@ <0x36569140>)

2026-07-15T12:01:53Z [2,726ms] [Warning] [omni.usd] Warning: in _ReportErrors at line 3172 of /builds/omniverse/usd-ci/USD/pxr/usd/usd/stage.cpp -- In </partnet_2817bcd9_856b_4f3c_8208_c10884d5f206/base/visuals>: Unresolved reference prim path @/home/ubuntu/workspace/physvla_sim/datasets/data_normalized/Dishwasher_urdf/12349/configuration/fitr_info1_physics.usd@</visuals/base> introduced by @/home/ubuntu/workspace/physvla_sim/datasets/data_normalized/Dishwasher_urdf/12349/configuration/fitr_info1_base.usd@</partnet_2817bcd9_856b_4f3c_8208_c10884d5f206/base/visuals> (instantiating stage on stage @/home/ubuntu/workspace/physvla_sim/datasets/data_normalized/Dishwasher_urdf/12349/configuration/fitr_info1_physics.usd@ <0x27aed890>)

2026-07-15T12:01:53Z [2,729ms] [Warning] [omni.usd] Warning: in _ReportErrors at line 3172 of /builds/omniverse/usd-ci/USD/pxr/usd/usd/stage.cpp -- In </partnet_2817bcd9_856b_4f3c_8208_c10884d5f206/base/visuals>: Unresolved reference prim path @/home/ubuntu/workspace/physvla_sim/datasets/data_normalized/Dishwasher_urdf/12349/configuration/fitr_info1_physics.usd@</visuals/base> introduced by @/home/ubuntu/workspace/physvla_sim/datasets/data_normalized/Dishwasher_urdf/12349/configuration/fitr_info1_base.usd@</partnet_2817bcd9_856b_4f3c_8208_c10884d5f206/base/visuals> (instantiating stage on stage @/home/ubuntu/workspace/physvla_sim/datasets/data_normalized/Dishwasher_urdf/12349/fitr_info1.usd@ <0x2997d250>)

[OK] Dishwasher_urdf/12349
[RUN] Dishwasher_urdf/12414
Loading user config located at: '/home/ubuntu/isaacsim/kit/data/Kit/Isaac-Sim/5.1/user.config.json'
[Info] [carb] Logging to file: /home/ubuntu/isaacsim/kit/logs/Kit/Isaac-Sim/5.1/kit_20260715_200154.log
2026-07-15T12:01:54Z [0ms] [Warning] [carb.crashreporter-breakpad.plugin] [previous crash] preventing upload of minidump due to user opt-out: '/home/ubuntu/isaacsim/kit/data/Kit/Isaac-Sim/5.1/0d81a4fd-59cb-4157-42d97b80-310afb82.dmp'
2026-07-15T12:01:54Z [0ms] [Warning] [carb.crashreporter-breakpad.plugin] [previous crash] preventing upload of minidump due to user opt-out: '/home/ubuntu/isaacsim/kit/data/Kit/Isaac-Sim/5.1/7efeb785-3cdd-476a-8fc91ca3-38a85c81.dmp'
2026-07-15T12:01:54Z [0ms] [Warning] [carb.crashreporter-breakpad.plugin] [previous crash] preventing upload of minidump due to user opt-out: '/home/ubuntu/isaacsim/kit/data/Kit/Isaac-Sim/5.1/0ec06837-edee-4570-b459bb9b-e409ca73.dmp'
2026-07-15T12:01:54Z [0ms] [Warning] [carb.crashreporter-breakpad.plugin] [previous crash] preventing upload of minidump due to user opt-out: '/home/ubuntu/isaacsim/kit/data/Kit/Isaac-Sim/5.1/846da064-407f-481c-dab18ea9-9788aefc.dmp'
2026-07-15T12:01:54Z [0ms] [Warning] [carb.crashreporter-breakpad.plugin] [previous crash] preventing upload of minidump due to user opt-out: '/home/ubuntu/isaacsim/kit/data/Kit/Isaac-Sim/5.1/7674058d-a5ef-457b-61399da4-1924f871.dmp'
2026-07-15T12:01:54Z [1ms] [Warning] [carb.crashreporter-breakpad.plugin] [previous crash] preventing upload of minidump due to user opt-out: '/home/ubuntu/isaacsim/kit/data/Kit/Isaac-Sim/5.1/0dbca6de-81d5-44e8-85c7eba5-c7ac64b6.dmp'
2026-07-15T12:01:54Z [1ms] [Warning] [carb.crashreporter-breakpad.plugin] [previous crash] preventing upload of minidump due to user opt-out: '/home/ubuntu/isaacsim/kit/data/Kit/Isaac-Sim/5.1/96b6ea33-a47b-4c84-2d7408a6-bc8b64a8.dmp'
2026-07-15T12:01:54Z [184ms] [Warning] [omni.usd_config.extension] Enable omni.materialx.libs extension to use MaterialX
2026-07-15T12:01:54Z [188ms] [Warning] [omni.platforminfo.plugin] failed to open the default display.  Can't verify X Server version.
2026-07-15T12:01:54Z [459ms] [Warning] [carb] Acquiring non optional plugin interface which is not listed as dependency: [omni::physx::IPhysxBenchmarks v1.0] (plugin: <default plugin>), by client: omni.physics.physx.plugin. Add it to CARB_PLUGIN_IMPL_DEPS() macro of a client.
2026-07-15T12:01:54Z [597ms] [Warning] [omni.isaac.dynamic_control] omni.isaac.dynamic_control is deprecated as of Isaac Sim 4.5. No action is needed from end-users.

|---------------------------------------------------------------------------------------------|
| Driver Version: 580.142       | Graphics API: Vulkan
|=============================================================================================|
| GPU | Name                             | Active | LDA | GPU Memory | Vendor-ID | LUID       |
|     |                                  |        |     |            | Device-ID | UUID       |
|     |                                  |        |     |            | Bus-ID    |            |
|---------------------------------------------------------------------------------------------|
| 0   | NVIDIA GeForce RTX 5090 D v2     | Yes: 0 |     | 24701   MB | 10de      | 0          |
|     |                                  |        |     |            | 2b8c      | 5f3d0dc0.. |
|     |                                  |        |     |            | 1         |            |
|=============================================================================================|
| OS: 24.04.3 LTS (Noble Numbat) ubuntu, Version: 24.04.3, Kernel: 6.17.0-1017-oem
| Processor: Intel(R) Core(TM) i9-14900K
| Cores: 24 | Logical Cores: 32
|---------------------------------------------------------------------------------------------|
| Total Memory (MB): 64063 | Free Memory: 53875
| Total Page/Swap (MB): 8191 | Free Page/Swap: 8191
|---------------------------------------------------------------------------------------------|
2026-07-15T12:01:56Z [2,621ms] [Warning] [gpu.foundation.plugin] CPU performance profile is set to powersave. This profile sets the CPU to the lowest frequency reducing performance.
2026-07-15T12:01:56Z [2,629ms] [Warning] [gpu.foundation.plugin] IOMMU is enabled.
2026-07-15T12:01:57Z [2,776ms] [Warning] [carb.windowing-glfw.plugin] GLFW initialization failed.
2026-07-15T12:01:57Z [2,776ms] [Warning] [carb] Failed to startup plugin carb.windowing-glfw.plugin (interfaces: [carb::windowing::IGLContext v1.0],[carb::windowing::IWindowing v1.5]) (impl: carb.windowing-glfw.plugin)

|---------------------------------------------------------------------------------------------|
| Driver Version: 580.142       | Graphics API: Vulkan
|=============================================================================================|
| GPU | Name                             | Active | LDA | GPU Memory | Vendor-ID | LUID       |
|     |                                  |        |     |            | Device-ID | UUID       |
|     |                                  |        |     |            | Bus-ID    |            |
|---------------------------------------------------------------------------------------------|
| 0   | NVIDIA GeForce RTX 5090 D v2     | Yes: 0 |     | 24701   MB | 10de      | 0          |
|     |                                  |        |     |            | 2b8c      | 5f3d0dc0.. |
|     |                                  |        |     |            | 1         |            |
|=============================================================================================|
| OS: 24.04.3 LTS (Noble Numbat) ubuntu, Version: 24.04.3, Kernel: 6.17.0-1017-oem
| Processor: Intel(R) Core(TM) i9-14900K
| Cores: 24 | Logical Cores: 32
|---------------------------------------------------------------------------------------------|
| Total Memory (MB): 64063 | Free Memory: 53695
| Total Page/Swap (MB): 8191 | Free Page/Swap: 8191
|---------------------------------------------------------------------------------------------|
2026-07-15T12:01:57Z [3,009ms] [Warning] [gpu.foundation.plugin] CPU performance profile is set to powersave. This profile sets the CPU to the lowest frequency reducing performance.
2026-07-15T12:01:57Z [3,009ms] [Warning] [gpu.foundation.plugin] IOMMU is enabled.
2026-07-15T12:01:57Z [3,214ms] [Warning] [carb.windowing-glfw.plugin] GLFW initialization failed.
2026-07-15T12:01:57Z [3,214ms] [Warning] [carb] Failed to startup plugin carb.windowing-glfw.plugin (interfaces: [carb::windowing::IGLContext v1.0],[carb::windowing::IWindowing v1.5]) (impl: carb.windowing-glfw.plugin)
2026-07-15T12:01:57Z [3,226ms] [Warning] [carb.windowing-glfw.plugin] GLFW initialization failed.
2026-07-15T12:01:57Z [3,226ms] [Warning] [carb] Failed to startup plugin carb.windowing-glfw.plugin (interfaces: [carb::windowing::IGLContext v1.0],[carb::windowing::IWindowing v1.5]) (impl: carb.windowing-glfw.plugin)
2026-07-15T12:01:57Z [3,231ms] [Warning] [carb.windowing-glfw.plugin] GLFW initialization failed.
2026-07-15T12:01:57Z [3,231ms] [Warning] [carb] Failed to startup plugin carb.windowing-glfw.plugin (interfaces: [carb::windowing::IGLContext v1.0],[carb::windowing::IWindowing v1.5]) (impl: carb.windowing-glfw.plugin)
2026-07-15T12:01:57Z [3,236ms] [Warning] [carb.windowing-glfw.plugin] GLFW initialization failed.
2026-07-15T12:01:57Z [3,236ms] [Warning] [carb] Failed to startup plugin carb.windowing-glfw.plugin (interfaces: [carb::windowing::IGLContext v1.0],[carb::windowing::IWindowing v1.5]) (impl: carb.windowing-glfw.plugin)
2026-07-15T12:01:57Z [3,237ms] [Warning] [carb.windowing-glfw.plugin] GLFW initialization failed.
2026-07-15T12:01:57Z [3,237ms] [Warning] [carb] Failed to startup plugin carb.windowing-glfw.plugin (interfaces: [carb::windowing::IGLContext v1.0],[carb::windowing::IWindowing v1.5]) (impl: carb.windowing-glfw.plugin)
2026-07-15T12:01:57Z [3,237ms] [Warning] [carb.windowing-glfw.plugin] GLFW initialization failed.
2026-07-15T12:01:57Z [3,237ms] [Warning] [carb] Failed to startup plugin carb.windowing-glfw.plugin (interfaces: [carb::windowing::IGLContext v1.0],[carb::windowing::IWindowing v1.5]) (impl: carb.windowing-glfw.plugin)
2026-07-15T12:01:57Z [3,482ms] [Warning] [omni.graph.visualization.nodes._impl.extension] No Viewport Window to add omni.graph.visualization.nodes-2.1.3 scene to
2026-07-15T12:01:57Z [3,609ms] [Warning] [isaacsim.asset.importer.urdf] The path partnet_uc96ccf13-0360-49f7-885b-0efdae244728 is not a valid usd path, modifying to partnet_uc96ccf13_0360_49f7_885b_0efdae244728
2026-07-15T12:01:57Z [3,624ms] [Warning] [isaacsim.asset.importer.urdf] No mass specified for link base
2026-07-15T12:01:57Z [3,624ms] [Warning] [omni.usd] Warning: in _ReportErrors at line 3172 of /builds/omniverse/usd-ci/USD/pxr/usd/usd/stage.cpp -- In </partnet_uc96ccf13_0360_49f7_885b_0efdae244728/base/visuals>: Unresolved reference prim path @/home/ubuntu/workspace/physvla_sim/datasets/data_normalized/Dishwasher_urdf/12414/configuration/fitr_info1_physics.usd@</visuals/base> introduced by @/home/ubuntu/workspace/physvla_sim/datasets/data_normalized/Dishwasher_urdf/12414/configuration/fitr_info1_base.usd@</partnet_uc96ccf13_0360_49f7_885b_0efdae244728/base/visuals> (recomposing stage on stage @/home/ubuntu/workspace/physvla_sim/datasets/data_normalized/Dishwasher_urdf/12414/configuration/fitr_info1_physics.usd@ <0x77c28a088ee0>)

2026-07-15T12:01:57Z [3,624ms] [Warning] [omni.usd] Warning: in _ReportErrors at line 3172 of /builds/omniverse/usd-ci/USD/pxr/usd/usd/stage.cpp -- In </partnet_uc96ccf13_0360_49f7_885b_0efdae244728/base/visuals>: Unresolved reference prim path @/home/ubuntu/workspace/physvla_sim/datasets/data_normalized/Dishwasher_urdf/12414/fitr_info1.usd@</visuals/base> introduced by @/home/ubuntu/workspace/physvla_sim/datasets/data_normalized/Dishwasher_urdf/12414/configuration/fitr_info1_base.usd@</partnet_uc96ccf13_0360_49f7_885b_0efdae244728/base/visuals> (recomposing stage on stage @/home/ubuntu/workspace/physvla_sim/datasets/data_normalized/Dishwasher_urdf/12414/fitr_info1.usd@ <0x77c28a075c10>)

2026-07-15T12:01:57Z [3,624ms] [Warning] [omni.usd] Warning: in _ReportErrors at line 3172 of /builds/omniverse/usd-ci/USD/pxr/usd/usd/stage.cpp -- In </partnet_uc96ccf13_0360_49f7_885b_0efdae244728/base/visuals>: Unresolved reference prim path @/home/ubuntu/workspace/physvla_sim/datasets/data_normalized/Dishwasher_urdf/12414/fitr_info1.usd@</visuals/base> introduced by @/home/ubuntu/workspace/physvla_sim/datasets/data_normalized/Dishwasher_urdf/12414/configuration/fitr_info1_base.usd@</partnet_uc96ccf13_0360_49f7_885b_0efdae244728/base/visuals> (recomposing stage on stage @/home/ubuntu/workspace/physvla_sim/datasets/data_normalized/Dishwasher_urdf/12414/fitr_info1.usd@ <0x77c28a071580>)

2026-07-15T12:01:57Z [3,624ms] [Warning] [omni.usd] Warning: in _ReportErrors at line 3172 of /builds/omniverse/usd-ci/USD/pxr/usd/usd/stage.cpp -- In </partnet_uc96ccf13_0360_49f7_885b_0efdae244728/base/visuals>: Unresolved reference prim path @/home/ubuntu/workspace/physvla_sim/datasets/data_normalized/Dishwasher_urdf/12414/configuration/fitr_info1_base.usd@</visuals/base> introduced by @/home/ubuntu/workspace/physvla_sim/datasets/data_normalized/Dishwasher_urdf/12414/configuration/fitr_info1_base.usd@</partnet_uc96ccf13_0360_49f7_885b_0efdae244728/base/visuals> (recomposing stage on stage @/home/ubuntu/workspace/physvla_sim/datasets/data_normalized/Dishwasher_urdf/12414/configuration/fitr_info1_base.usd@ <0x77c28a092960>)

2026-07-15T12:01:57Z [3,624ms] [Warning] [omni.usd] Warning: in _ReportErrors at line 3172 of /builds/omniverse/usd-ci/USD/pxr/usd/usd/stage.cpp -- In </partnet_uc96ccf13_0360_49f7_885b_0efdae244728/base/visuals>: Unresolved reference prim path @/home/ubuntu/workspace/physvla_sim/datasets/data_normalized/Dishwasher_urdf/12414/configuration/fitr_info1_physics.usd@</visuals/base> introduced by @/home/ubuntu/workspace/physvla_sim/datasets/data_normalized/Dishwasher_urdf/12414/configuration/fitr_info1_base.usd@</partnet_uc96ccf13_0360_49f7_885b_0efdae244728/base/visuals> (recomposing stage on stage @/home/ubuntu/workspace/physvla_sim/datasets/data_normalized/Dishwasher_urdf/12414/configuration/fitr_info1_physics.usd@ <0x77c28a088ee0>)

2026-07-15T12:01:57Z [3,624ms] [Warning] [omni.usd] Warning: in _ReportErrors at line 3172 of /builds/omniverse/usd-ci/USD/pxr/usd/usd/stage.cpp -- In </partnet_uc96ccf13_0360_49f7_885b_0efdae244728/base/visuals>: Unresolved reference prim path @/home/ubuntu/workspace/physvla_sim/datasets/data_normalized/Dishwasher_urdf/12414/fitr_info1.usd@</visuals/base> introduced by @/home/ubuntu/workspace/physvla_sim/datasets/data_normalized/Dishwasher_urdf/12414/configuration/fitr_info1_base.usd@</partnet_uc96ccf13_0360_49f7_885b_0efdae244728/base/visuals> (recomposing stage on stage @/home/ubuntu/workspace/physvla_sim/datasets/data_normalized/Dishwasher_urdf/12414/fitr_info1.usd@ <0x77c28a075c10>)

2026-07-15T12:01:57Z [3,624ms] [Warning] [omni.usd] Warning: in _ReportErrors at line 3172 of /builds/omniverse/usd-ci/USD/pxr/usd/usd/stage.cpp -- In </partnet_uc96ccf13_0360_49f7_885b_0efdae244728/base/visuals>: Unresolved reference prim path @/home/ubuntu/workspace/physvla_sim/datasets/data_normalized/Dishwasher_urdf/12414/fitr_info1.usd@</visuals/base> introduced by @/home/ubuntu/workspace/physvla_sim/datasets/data_normalized/Dishwasher_urdf/12414/configuration/fitr_info1_base.usd@</partnet_uc96ccf13_0360_49f7_885b_0efdae244728/base/visuals> (recomposing stage on stage @/home/ubuntu/workspace/physvla_sim/datasets/data_normalized/Dishwasher_urdf/12414/fitr_info1.usd@ <0x77c28a071580>)

2026-07-15T12:01:57Z [3,625ms] [Warning] [omni.usd] Warning: in _ReportErrors at line 3172 of /builds/omniverse/usd-ci/USD/pxr/usd/usd/stage.cpp -- In </partnet_uc96ccf13_0360_49f7_885b_0efdae244728/base/visuals>: Unresolved reference prim path @/home/ubuntu/workspace/physvla_sim/datasets/data_normalized/Dishwasher_urdf/12414/configuration/fitr_info1_base.usd@</visuals/base> introduced by @/home/ubuntu/workspace/physvla_sim/datasets/data_normalized/Dishwasher_urdf/12414/configuration/fitr_info1_base.usd@</partnet_uc96ccf13_0360_49f7_885b_0efdae244728/base/visuals> (recomposing stage on stage @/home/ubuntu/workspace/physvla_sim/datasets/data_normalized/Dishwasher_urdf/12414/configuration/fitr_info1_base.usd@ <0x77c28a092960>)

2026-07-15T12:01:57Z [3,625ms] [Warning] [isaacsim.asset.importer.urdf] Link base has no colliders, and no inertia was imported; assigning a small isotropic inertia matrix
2026-07-15T12:01:57Z [3,626ms] [Warning] [isaacsim.asset.importer.urdf] No mass specified for link body
2026-07-15T12:01:57Z [3,637ms] [Warning] [isaacsim.asset.importer.urdf] No mass specified for link body__dup1
2026-07-15T12:01:57Z [3,650ms] [Warning] [omni.usd] Warning: in _ReportErrors at line 3172 of /builds/omniverse/usd-ci/USD/pxr/usd/usd/stage.cpp -- In </partnet_uc96ccf13_0360_49f7_885b_0efdae244728/base/visuals>: Unresolved reference prim path @/home/ubuntu/workspace/physvla_sim/datasets/data_normalized/Dishwasher_urdf/12414/configuration/fitr_info1_base.usd@</visuals/base> introduced by @/home/ubuntu/workspace/physvla_sim/datasets/data_normalized/Dishwasher_urdf/12414/configuration/fitr_info1_base.usd@</partnet_uc96ccf13_0360_49f7_885b_0efdae244728/base/visuals> (recomposing stage on stage @/home/ubuntu/workspace/physvla_sim/datasets/data_normalized/Dishwasher_urdf/12414/fitr_info1.usd@ <0x77c28a075c10>)

2026-07-15T12:01:57Z [3,650ms] [Warning] [omni.usd] Warning: in _ReportErrors at line 3172 of /builds/omniverse/usd-ci/USD/pxr/usd/usd/stage.cpp -- In </partnet_uc96ccf13_0360_49f7_885b_0efdae244728/base/visuals>: Unresolved reference prim path @/home/ubuntu/workspace/physvla_sim/datasets/data_normalized/Dishwasher_urdf/12414/configuration/fitr_info1_base.usd@</visuals/base> introduced by @/home/ubuntu/workspace/physvla_sim/datasets/data_normalized/Dishwasher_urdf/12414/configuration/fitr_info1_base.usd@</partnet_uc96ccf13_0360_49f7_885b_0efdae244728/base/visuals> (recomposing stage on stage @/home/ubuntu/workspace/physvla_sim/datasets/data_normalized/Dishwasher_urdf/12414/fitr_info1.usd@ <0x77c28a071580>)

2026-07-15T12:01:57Z [3,651ms] [Warning] [omni.usd] Warning: in _ReportErrors at line 3172 of /builds/omniverse/usd-ci/USD/pxr/usd/usd/stage.cpp -- In </partnet_uc96ccf13_0360_49f7_885b_0efdae244728/base/visuals>: Unresolved reference prim path @/home/ubuntu/workspace/physvla_sim/datasets/data_normalized/Dishwasher_urdf/12414/configuration/fitr_info1_physics.usd@</visuals/base> introduced by @/home/ubuntu/workspace/physvla_sim/datasets/data_normalized/Dishwasher_urdf/12414/configuration/fitr_info1_base.usd@</partnet_uc96ccf13_0360_49f7_885b_0efdae244728/base/visuals> (recomposing stage on stage @/home/ubuntu/workspace/physvla_sim/datasets/data_normalized/Dishwasher_urdf/12414/fitr_info1.usd@ <0x77c28a075c10>)

2026-07-15T12:01:57Z [3,651ms] [Warning] [omni.usd] Warning: in _ReportErrors at line 3172 of /builds/omniverse/usd-ci/USD/pxr/usd/usd/stage.cpp -- In </partnet_uc96ccf13_0360_49f7_885b_0efdae244728/base/visuals>: Unresolved reference prim path @/home/ubuntu/workspace/physvla_sim/datasets/data_normalized/Dishwasher_urdf/12414/configuration/fitr_info1_physics.usd@</visuals/base> introduced by @/home/ubuntu/workspace/physvla_sim/datasets/data_normalized/Dishwasher_urdf/12414/configuration/fitr_info1_base.usd@</partnet_uc96ccf13_0360_49f7_885b_0efdae244728/base/visuals> (recomposing stage on stage @/home/ubuntu/workspace/physvla_sim/datasets/data_normalized/Dishwasher_urdf/12414/fitr_info1.usd@ <0x77c28a071580>)

2026-07-15T12:01:57Z [3,651ms] [Warning] [omni.usd] Warning: in _ReportErrors at line 3172 of /builds/omniverse/usd-ci/USD/pxr/usd/usd/stage.cpp -- In </partnet_uc96ccf13_0360_49f7_885b_0efdae244728/base/visuals>: Unresolved reference prim path @/home/ubuntu/workspace/physvla_sim/datasets/data_normalized/Dishwasher_urdf/12414/configuration/fitr_info1_physics.usd@</visuals/base> introduced by @/home/ubuntu/workspace/physvla_sim/datasets/data_normalized/Dishwasher_urdf/12414/configuration/fitr_info1_base.usd@</partnet_uc96ccf13_0360_49f7_885b_0efdae244728/base/visuals> (recomposing stage on stage @/home/ubuntu/workspace/physvla_sim/datasets/data_normalized/Dishwasher_urdf/12414/fitr_info1.usd@ <0x77c28a075c10>)

2026-07-15T12:01:57Z [3,652ms] [Warning] [omni.usd] Warning: in _ReportErrors at line 3172 of /builds/omniverse/usd-ci/USD/pxr/usd/usd/stage.cpp -- In </partnet_uc96ccf13_0360_49f7_885b_0efdae244728/base/visuals>: Unresolved reference prim path @/home/ubuntu/workspace/physvla_sim/datasets/data_normalized/Dishwasher_urdf/12414/configuration/fitr_info1_physics.usd@</visuals/base> introduced by @/home/ubuntu/workspace/physvla_sim/datasets/data_normalized/Dishwasher_urdf/12414/configuration/fitr_info1_base.usd@</partnet_uc96ccf13_0360_49f7_885b_0efdae244728/base/visuals> (recomposing stage on stage @/home/ubuntu/workspace/physvla_sim/datasets/data_normalized/Dishwasher_urdf/12414/fitr_info1.usd@ <0x77c28a071580>)

2026-07-15T12:01:57Z [3,653ms] [Warning] [omni.usd] Warning: in _ReportErrors at line 3172 of /builds/omniverse/usd-ci/USD/pxr/usd/usd/stage.cpp -- In </partnet_uc96ccf13_0360_49f7_885b_0efdae244728/base/visuals>: Unresolved reference prim path @/home/ubuntu/workspace/physvla_sim/datasets/data_normalized/Dishwasher_urdf/12414/configuration/fitr_info1_physics.usd@</visuals/base> introduced by @/home/ubuntu/workspace/physvla_sim/datasets/data_normalized/Dishwasher_urdf/12414/configuration/fitr_info1_base.usd@</partnet_uc96ccf13_0360_49f7_885b_0efdae244728/base/visuals> (recomposing stage on stage @/home/ubuntu/workspace/physvla_sim/datasets/data_normalized/Dishwasher_urdf/12414/fitr_info1.usd@ <0x77c28a075c10>)

2026-07-15T12:01:57Z [3,653ms] [Warning] [omni.usd] Warning: in _ReportErrors at line 3172 of /builds/omniverse/usd-ci/USD/pxr/usd/usd/stage.cpp -- In </partnet_uc96ccf13_0360_49f7_885b_0efdae244728/base/visuals>: Unresolved reference prim path @/home/ubuntu/workspace/physvla_sim/datasets/data_normalized/Dishwasher_urdf/12414/configuration/fitr_info1_physics.usd@</visuals/base> introduced by @/home/ubuntu/workspace/physvla_sim/datasets/data_normalized/Dishwasher_urdf/12414/configuration/fitr_info1_base.usd@</partnet_uc96ccf13_0360_49f7_885b_0efdae244728/base/visuals> (recomposing stage on stage @/home/ubuntu/workspace/physvla_sim/datasets/data_normalized/Dishwasher_urdf/12414/fitr_info1.usd@ <0x77c28a071580>)

2026-07-15T12:01:57Z [3,654ms] [Warning] [omni.usd] Warning: in _ReportErrors at line 3172 of /builds/omniverse/usd-ci/USD/pxr/usd/usd/stage.cpp -- In </partnet_uc96ccf13_0360_49f7_885b_0efdae244728/base/visuals>: Unresolved reference prim path @/home/ubuntu/workspace/physvla_sim/datasets/data_normalized/Dishwasher_urdf/12414/configuration/fitr_info1_physics.usd@</visuals/base> introduced by @/home/ubuntu/workspace/physvla_sim/datasets/data_normalized/Dishwasher_urdf/12414/configuration/fitr_info1_base.usd@</partnet_uc96ccf13_0360_49f7_885b_0efdae244728/base/visuals> (recomposing stage on stage @/home/ubuntu/workspace/physvla_sim/datasets/data_normalized/Dishwasher_urdf/12414/fitr_info1.usd@ <0x77c28a075c10>)

2026-07-15T12:01:57Z [3,655ms] [Warning] [omni.usd] Warning: in _ReportErrors at line 3172 of /builds/omniverse/usd-ci/USD/pxr/usd/usd/stage.cpp -- In </partnet_uc96ccf13_0360_49f7_885b_0efdae244728/base/visuals>: Unresolved reference prim path @/home/ubuntu/workspace/physvla_sim/datasets/data_normalized/Dishwasher_urdf/12414/configuration/fitr_info1_physics.usd@</visuals/base> introduced by @/home/ubuntu/workspace/physvla_sim/datasets/data_normalized/Dishwasher_urdf/12414/configuration/fitr_info1_base.usd@</partnet_uc96ccf13_0360_49f7_885b_0efdae244728/base/visuals> (recomposing stage on stage @/home/ubuntu/workspace/physvla_sim/datasets/data_normalized/Dishwasher_urdf/12414/fitr_info1.usd@ <0x77c28a071580>)

2026-07-15T12:01:57Z [3,656ms] [Warning] [omni.usd] Warning: in _ReportErrors at line 3172 of /builds/omniverse/usd-ci/USD/pxr/usd/usd/stage.cpp -- In </partnet_uc96ccf13_0360_49f7_885b_0efdae244728/base/visuals>: Unresolved reference prim path @/home/ubuntu/workspace/physvla_sim/datasets/data_normalized/Dishwasher_urdf/12414/configuration/fitr_info1_physics.usd@</visuals/base> introduced by @/home/ubuntu/workspace/physvla_sim/datasets/data_normalized/Dishwasher_urdf/12414/configuration/fitr_info1_base.usd@</partnet_uc96ccf13_0360_49f7_885b_0efdae244728/base/visuals> (recomposing stage on stage @/home/ubuntu/workspace/physvla_sim/datasets/data_normalized/Dishwasher_urdf/12414/fitr_info1.usd@ <0x77c28a075c10>)

2026-07-15T12:01:57Z [3,656ms] [Warning] [omni.usd] Warning: in _ReportErrors at line 3172 of /builds/omniverse/usd-ci/USD/pxr/usd/usd/stage.cpp -- In </partnet_uc96ccf13_0360_49f7_885b_0efdae244728/base/visuals>: Unresolved reference prim path @/home/ubuntu/workspace/physvla_sim/datasets/data_normalized/Dishwasher_urdf/12414/configuration/fitr_info1_physics.usd@</visuals/base> introduced by @/home/ubuntu/workspace/physvla_sim/datasets/data_normalized/Dishwasher_urdf/12414/configuration/fitr_info1_base.usd@</partnet_uc96ccf13_0360_49f7_885b_0efdae244728/base/visuals> (recomposing stage on stage @/home/ubuntu/workspace/physvla_sim/datasets/data_normalized/Dishwasher_urdf/12414/fitr_info1.usd@ <0x77c28a071580>)

2026-07-15T12:01:57Z [3,657ms] [Warning] [omni.usd] Warning: in _ReportErrors at line 3172 of /builds/omniverse/usd-ci/USD/pxr/usd/usd/stage.cpp -- In </partnet_uc96ccf13_0360_49f7_885b_0efdae244728/base/visuals>: Unresolved reference prim path @/home/ubuntu/workspace/physvla_sim/datasets/data_normalized/Dishwasher_urdf/12414/configuration/fitr_info1_physics.usd@</visuals/base> introduced by @/home/ubuntu/workspace/physvla_sim/datasets/data_normalized/Dishwasher_urdf/12414/configuration/fitr_info1_base.usd@</partnet_uc96ccf13_0360_49f7_885b_0efdae244728/base/visuals> (recomposing stage on stage @/home/ubuntu/workspace/physvla_sim/datasets/data_normalized/Dishwasher_urdf/12414/fitr_info1.usd@ <0x77c28a075c10>)

2026-07-15T12:01:57Z [3,658ms] [Warning] [omni.usd] Warning: in _ReportErrors at line 3172 of /builds/omniverse/usd-ci/USD/pxr/usd/usd/stage.cpp -- In </partnet_uc96ccf13_0360_49f7_885b_0efdae244728/base/visuals>: Unresolved reference prim path @/home/ubuntu/workspace/physvla_sim/datasets/data_normalized/Dishwasher_urdf/12414/configuration/fitr_info1_physics.usd@</visuals/base> introduced by @/home/ubuntu/workspace/physvla_sim/datasets/data_normalized/Dishwasher_urdf/12414/configuration/fitr_info1_base.usd@</partnet_uc96ccf13_0360_49f7_885b_0efdae244728/base/visuals> (recomposing stage on stage @/home/ubuntu/workspace/physvla_sim/datasets/data_normalized/Dishwasher_urdf/12414/fitr_info1.usd@ <0x77c28a071580>)

2026-07-15T12:01:57Z [3,659ms] [Warning] [omni.usd] Warning: in _ReportErrors at line 3172 of /builds/omniverse/usd-ci/USD/pxr/usd/usd/stage.cpp -- In </partnet_uc96ccf13_0360_49f7_885b_0efdae244728/base/visuals>: Unresolved reference prim path @/home/ubuntu/workspace/physvla_sim/datasets/data_normalized/Dishwasher_urdf/12414/configuration/fitr_info1_physics.usd@</visuals/base> introduced by @/home/ubuntu/workspace/physvla_sim/datasets/data_normalized/Dishwasher_urdf/12414/configuration/fitr_info1_base.usd@</partnet_uc96ccf13_0360_49f7_885b_0efdae244728/base/visuals> (recomposing stage on stage @/home/ubuntu/workspace/physvla_sim/datasets/data_normalized/Dishwasher_urdf/12414/fitr_info1.usd@ <0x77c28a075c10>)

2026-07-15T12:01:57Z [3,660ms] [Warning] [omni.usd] Warning: in _ReportErrors at line 3172 of /builds/omniverse/usd-ci/USD/pxr/usd/usd/stage.cpp -- In </partnet_uc96ccf13_0360_49f7_885b_0efdae244728/base/visuals>: Unresolved reference prim path @/home/ubuntu/workspace/physvla_sim/datasets/data_normalized/Dishwasher_urdf/12414/configuration/fitr_info1_physics.usd@</visuals/base> introduced by @/home/ubuntu/workspace/physvla_sim/datasets/data_normalized/Dishwasher_urdf/12414/configuration/fitr_info1_base.usd@</partnet_uc96ccf13_0360_49f7_885b_0efdae244728/base/visuals> (recomposing stage on stage @/home/ubuntu/workspace/physvla_sim/datasets/data_normalized/Dishwasher_urdf/12414/fitr_info1.usd@ <0x77c28a071580>)

Loading user config located at: '/home/ubuntu/isaacsim/kit/data/Kit/Isaac-Sim/5.1/user.config.json'
[Info] [carb] Logging to file: /home/ubuntu/isaacsim/kit/logs/Kit/Isaac-Sim/5.1/kit_20260715_200158.log
2026-07-15T12:01:58Z [0ms] [Warning] [carb.crashreporter-breakpad.plugin] [previous crash] preventing upload of minidump due to user opt-out: '/home/ubuntu/isaacsim/kit/data/Kit/Isaac-Sim/5.1/0d81a4fd-59cb-4157-42d97b80-310afb82.dmp'
2026-07-15T12:01:58Z [0ms] [Warning] [carb.crashreporter-breakpad.plugin] [previous crash] preventing upload of minidump due to user opt-out: '/home/ubuntu/isaacsim/kit/data/Kit/Isaac-Sim/5.1/7efeb785-3cdd-476a-8fc91ca3-38a85c81.dmp'
2026-07-15T12:01:58Z [0ms] [Warning] [carb.crashreporter-breakpad.plugin] [previous crash] preventing upload of minidump due to user opt-out: '/home/ubuntu/isaacsim/kit/data/Kit/Isaac-Sim/5.1/0ec06837-edee-4570-b459bb9b-e409ca73.dmp'
2026-07-15T12:01:58Z [0ms] [Warning] [carb.crashreporter-breakpad.plugin] [previous crash] preventing upload of minidump due to user opt-out: '/home/ubuntu/isaacsim/kit/data/Kit/Isaac-Sim/5.1/846da064-407f-481c-dab18ea9-9788aefc.dmp'
2026-07-15T12:01:58Z [0ms] [Warning] [carb.crashreporter-breakpad.plugin] [previous crash] preventing upload of minidump due to user opt-out: '/home/ubuntu/isaacsim/kit/data/Kit/Isaac-Sim/5.1/7674058d-a5ef-457b-61399da4-1924f871.dmp'
2026-07-15T12:01:58Z [0ms] [Warning] [carb.crashreporter-breakpad.plugin] [previous crash] preventing upload of minidump due to user opt-out: '/home/ubuntu/isaacsim/kit/data/Kit/Isaac-Sim/5.1/0dbca6de-81d5-44e8-85c7eba5-c7ac64b6.dmp'
2026-07-15T12:01:58Z [1ms] [Warning] [carb.crashreporter-breakpad.plugin] [previous crash] preventing upload of minidump due to user opt-out: '/home/ubuntu/isaacsim/kit/data/Kit/Isaac-Sim/5.1/96b6ea33-a47b-4c84-2d7408a6-bc8b64a8.dmp'
2026-07-15T12:01:58Z [184ms] [Warning] [omni.usd_config.extension] Enable omni.materialx.libs extension to use MaterialX
2026-07-15T12:01:58Z [187ms] [Warning] [omni.platforminfo.plugin] failed to open the default display.  Can't verify X Server version.
2026-07-15T12:01:58Z [464ms] [Warning] [carb] Acquiring non optional plugin interface which is not listed as dependency: [omni::physx::IPhysxBenchmarks v1.0] (plugin: <default plugin>), by client: omni.physics.physx.plugin. Add it to CARB_PLUGIN_IMPL_DEPS() macro of a client.
2026-07-15T12:01:59Z [596ms] [Warning] [omni.isaac.dynamic_control] omni.isaac.dynamic_control is deprecated as of Isaac Sim 4.5. No action is needed from end-users.

|---------------------------------------------------------------------------------------------|
| Driver Version: 580.142       | Graphics API: Vulkan
|=============================================================================================|
| GPU | Name                             | Active | LDA | GPU Memory | Vendor-ID | LUID       |
|     |                                  |        |     |            | Device-ID | UUID       |
|     |                                  |        |     |            | Bus-ID    |            |
|---------------------------------------------------------------------------------------------|
| 0   | NVIDIA GeForce RTX 5090 D v2     | Yes: 0 |     | 24701   MB | 10de      | 0          |
|     |                                  |        |     |            | 2b8c      | 5f3d0dc0.. |
|     |                                  |        |     |            | 1         |            |
|=============================================================================================|
| OS: 24.04.3 LTS (Noble Numbat) ubuntu, Version: 24.04.3, Kernel: 6.17.0-1017-oem
| Processor: Intel(R) Core(TM) i9-14900K
| Cores: 24 | Logical Cores: 32
|---------------------------------------------------------------------------------------------|
| Total Memory (MB): 64063 | Free Memory: 53853
| Total Page/Swap (MB): 8191 | Free Page/Swap: 8191
|---------------------------------------------------------------------------------------------|
2026-07-15T12:02:01Z [2,584ms] [Warning] [gpu.foundation.plugin] CPU performance profile is set to powersave. This profile sets the CPU to the lowest frequency reducing performance.
[INFO][AppLauncher]: Using device: cuda:0
[INFO][AppLauncher]: Loading experience file: /home/ubuntu/workspace/IsaacLab/apps/isaaclab.python.headless.kit
{
  "output": "/home/ubuntu/workspace/physvla_sim/datasets/data_normalized/Dishwasher_urdf/12414/fitr_info1.usd",
  "scale": 0.41068327183271836,
  "scale_layer": "/home/ubuntu/workspace/physvla_sim/datasets/data_normalized/Dishwasher_urdf/12414/configuration/fitr_info1_base.usd",
  "joints": [
    {
      "joint": "/partnet_uc96ccf13_0360_49f7_885b_0efdae244728/joints/joint_1",
      "drive": "angular",
      "damping": 680.0,
      "stiffness": 0.0,
      "max_force": 10.350000381469727
    }
  ],
  "dynamics_layer": "/home/ubuntu/workspace/physvla_sim/datasets/data_normalized/Dishwasher_urdf/12414/configuration/fitr_info1_physics.usd",
  "affordance_links": []
}
2026-07-15T12:02:01Z [2,592ms] [Warning] [gpu.foundation.plugin] IOMMU is enabled.
2026-07-15T12:02:01Z [2,743ms] [Warning] [omni.usd] Warning: in _ReportErrors at line 3172 of /builds/omniverse/usd-ci/USD/pxr/usd/usd/stage.cpp -- In </partnet_uc96ccf13_0360_49f7_885b_0efdae244728/base/visuals>: Unresolved reference prim path @/home/ubuntu/workspace/physvla_sim/datasets/data_normalized/Dishwasher_urdf/12414/configuration/fitr_info1_base.usd@</visuals/base> introduced by @/home/ubuntu/workspace/physvla_sim/datasets/data_normalized/Dishwasher_urdf/12414/configuration/fitr_info1_base.usd@</partnet_uc96ccf13_0360_49f7_885b_0efdae244728/base/visuals> (instantiating stage on stage @/home/ubuntu/workspace/physvla_sim/datasets/data_normalized/Dishwasher_urdf/12414/configuration/fitr_info1_base.usd@ <0xb28d6a0>)

2026-07-15T12:02:01Z [2,746ms] [Warning] [omni.usd] Warning: in _ReportErrors at line 3172 of /builds/omniverse/usd-ci/USD/pxr/usd/usd/stage.cpp -- In </partnet_uc96ccf13_0360_49f7_885b_0efdae244728/base/visuals>: Unresolved reference prim path @/home/ubuntu/workspace/physvla_sim/datasets/data_normalized/Dishwasher_urdf/12414/configuration/fitr_info1_physics.usd@</visuals/base> introduced by @/home/ubuntu/workspace/physvla_sim/datasets/data_normalized/Dishwasher_urdf/12414/configuration/fitr_info1_base.usd@</partnet_uc96ccf13_0360_49f7_885b_0efdae244728/base/visuals> (instantiating stage on stage @/home/ubuntu/workspace/physvla_sim/datasets/data_normalized/Dishwasher_urdf/12414/configuration/fitr_info1_physics.usd@ <0x93f0a60>)

2026-07-15T12:02:01Z [2,748ms] [Warning] [omni.usd] Warning: in _ReportErrors at line 3172 of /builds/omniverse/usd-ci/USD/pxr/usd/usd/stage.cpp -- In </partnet_uc96ccf13_0360_49f7_885b_0efdae244728/base/visuals>: Unresolved reference prim path @/home/ubuntu/workspace/physvla_sim/datasets/data_normalized/Dishwasher_urdf/12414/configuration/fitr_info1_physics.usd@</visuals/base> introduced by @/home/ubuntu/workspace/physvla_sim/datasets/data_normalized/Dishwasher_urdf/12414/configuration/fitr_info1_base.usd@</partnet_uc96ccf13_0360_49f7_885b_0efdae244728/base/visuals> (instantiating stage on stage @/home/ubuntu/workspace/physvla_sim/datasets/data_normalized/Dishwasher_urdf/12414/fitr_info1.usd@ <0xb25ece0>)

[OK] Dishwasher_urdf/12414
[RUN] Dishwasher_urdf/12428
Loading user config located at: '/home/ubuntu/isaacsim/kit/data/Kit/Isaac-Sim/5.1/user.config.json'
[Info] [carb] Logging to file: /home/ubuntu/isaacsim/kit/logs/Kit/Isaac-Sim/5.1/kit_20260715_200201.log
2026-07-15T12:02:01Z [0ms] [Warning] [carb.crashreporter-breakpad.plugin] [previous crash] preventing upload of minidump due to user opt-out: '/home/ubuntu/isaacsim/kit/data/Kit/Isaac-Sim/5.1/0d81a4fd-59cb-4157-42d97b80-310afb82.dmp'
2026-07-15T12:02:01Z [0ms] [Warning] [carb.crashreporter-breakpad.plugin] [previous crash] preventing upload of minidump due to user opt-out: '/home/ubuntu/isaacsim/kit/data/Kit/Isaac-Sim/5.1/7efeb785-3cdd-476a-8fc91ca3-38a85c81.dmp'
2026-07-15T12:02:01Z [0ms] [Warning] [carb.crashreporter-breakpad.plugin] [previous crash] preventing upload of minidump due to user opt-out: '/home/ubuntu/isaacsim/kit/data/Kit/Isaac-Sim/5.1/0ec06837-edee-4570-b459bb9b-e409ca73.dmp'
2026-07-15T12:02:01Z [0ms] [Warning] [carb.crashreporter-breakpad.plugin] [previous crash] preventing upload of minidump due to user opt-out: '/home/ubuntu/isaacsim/kit/data/Kit/Isaac-Sim/5.1/846da064-407f-481c-dab18ea9-9788aefc.dmp'
2026-07-15T12:02:01Z [0ms] [Warning] [carb.crashreporter-breakpad.plugin] [previous crash] preventing upload of minidump due to user opt-out: '/home/ubuntu/isaacsim/kit/data/Kit/Isaac-Sim/5.1/7674058d-a5ef-457b-61399da4-1924f871.dmp'
2026-07-15T12:02:01Z [1ms] [Warning] [carb.crashreporter-breakpad.plugin] [previous crash] preventing upload of minidump due to user opt-out: '/home/ubuntu/isaacsim/kit/data/Kit/Isaac-Sim/5.1/0dbca6de-81d5-44e8-85c7eba5-c7ac64b6.dmp'
2026-07-15T12:02:01Z [1ms] [Warning] [carb.crashreporter-breakpad.plugin] [previous crash] preventing upload of minidump due to user opt-out: '/home/ubuntu/isaacsim/kit/data/Kit/Isaac-Sim/5.1/96b6ea33-a47b-4c84-2d7408a6-bc8b64a8.dmp'
2026-07-15T12:02:01Z [184ms] [Warning] [omni.usd_config.extension] Enable omni.materialx.libs extension to use MaterialX
2026-07-15T12:02:01Z [190ms] [Warning] [omni.platforminfo.plugin] failed to open the default display.  Can't verify X Server version.
2026-07-15T12:02:01Z [457ms] [Warning] [carb] Acquiring non optional plugin interface which is not listed as dependency: [omni::physx::IPhysxBenchmarks v1.0] (plugin: <default plugin>), by client: omni.physics.physx.plugin. Add it to CARB_PLUGIN_IMPL_DEPS() macro of a client.
2026-07-15T12:02:02Z [591ms] [Warning] [omni.isaac.dynamic_control] omni.isaac.dynamic_control is deprecated as of Isaac Sim 4.5. No action is needed from end-users.

|---------------------------------------------------------------------------------------------|
| Driver Version: 580.142       | Graphics API: Vulkan
|=============================================================================================|
| GPU | Name                             | Active | LDA | GPU Memory | Vendor-ID | LUID       |
|     |                                  |        |     |            | Device-ID | UUID       |
|     |                                  |        |     |            | Bus-ID    |            |
|---------------------------------------------------------------------------------------------|
| 0   | NVIDIA GeForce RTX 5090 D v2     | Yes: 0 |     | 24701   MB | 10de      | 0          |
|     |                                  |        |     |            | 2b8c      | 5f3d0dc0.. |
|     |                                  |        |     |            | 1         |            |
|=============================================================================================|
| OS: 24.04.3 LTS (Noble Numbat) ubuntu, Version: 24.04.3, Kernel: 6.17.0-1017-oem
| Processor: Intel(R) Core(TM) i9-14900K
| Cores: 24 | Logical Cores: 32
|---------------------------------------------------------------------------------------------|
| Total Memory (MB): 64063 | Free Memory: 53884
| Total Page/Swap (MB): 8191 | Free Page/Swap: 8191
|---------------------------------------------------------------------------------------------|
2026-07-15T12:02:03Z [2,411ms] [Warning] [gpu.foundation.plugin] CPU performance profile is set to powersave. This profile sets the CPU to the lowest frequency reducing performance.
2026-07-15T12:02:03Z [2,419ms] [Warning] [gpu.foundation.plugin] IOMMU is enabled.
2026-07-15T12:02:04Z [2,547ms] [Warning] [carb.windowing-glfw.plugin] GLFW initialization failed.
2026-07-15T12:02:04Z [2,547ms] [Warning] [carb] Failed to startup plugin carb.windowing-glfw.plugin (interfaces: [carb::windowing::IGLContext v1.0],[carb::windowing::IWindowing v1.5]) (impl: carb.windowing-glfw.plugin)

|---------------------------------------------------------------------------------------------|
| Driver Version: 580.142       | Graphics API: Vulkan
|=============================================================================================|
| GPU | Name                             | Active | LDA | GPU Memory | Vendor-ID | LUID       |
|     |                                  |        |     |            | Device-ID | UUID       |
|     |                                  |        |     |            | Bus-ID    |            |
|---------------------------------------------------------------------------------------------|
| 0   | NVIDIA GeForce RTX 5090 D v2     | Yes: 0 |     | 24701   MB | 10de      | 0          |
|     |                                  |        |     |            | 2b8c      | 5f3d0dc0.. |
|     |                                  |        |     |            | 1         |            |
|=============================================================================================|
| OS: 24.04.3 LTS (Noble Numbat) ubuntu, Version: 24.04.3, Kernel: 6.17.0-1017-oem
| Processor: Intel(R) Core(TM) i9-14900K
| Cores: 24 | Logical Cores: 32
|---------------------------------------------------------------------------------------------|
| Total Memory (MB): 64063 | Free Memory: 53699
| Total Page/Swap (MB): 8191 | Free Page/Swap: 8191
|---------------------------------------------------------------------------------------------|
2026-07-15T12:02:04Z [2,783ms] [Warning] [gpu.foundation.plugin] CPU performance profile is set to powersave. This profile sets the CPU to the lowest frequency reducing performance.
2026-07-15T12:02:04Z [2,784ms] [Warning] [gpu.foundation.plugin] IOMMU is enabled.
2026-07-15T12:02:04Z [3,004ms] [Warning] [carb.windowing-glfw.plugin] GLFW initialization failed.
2026-07-15T12:02:04Z [3,004ms] [Warning] [carb] Failed to startup plugin carb.windowing-glfw.plugin (interfaces: [carb::windowing::IGLContext v1.0],[carb::windowing::IWindowing v1.5]) (impl: carb.windowing-glfw.plugin)
2026-07-15T12:02:04Z [3,016ms] [Warning] [carb.windowing-glfw.plugin] GLFW initialization failed.
2026-07-15T12:02:04Z [3,016ms] [Warning] [carb] Failed to startup plugin carb.windowing-glfw.plugin (interfaces: [carb::windowing::IGLContext v1.0],[carb::windowing::IWindowing v1.5]) (impl: carb.windowing-glfw.plugin)
2026-07-15T12:02:04Z [3,021ms] [Warning] [carb.windowing-glfw.plugin] GLFW initialization failed.
2026-07-15T12:02:04Z [3,021ms] [Warning] [carb] Failed to startup plugin carb.windowing-glfw.plugin (interfaces: [carb::windowing::IGLContext v1.0],[carb::windowing::IWindowing v1.5]) (impl: carb.windowing-glfw.plugin)
2026-07-15T12:02:04Z [3,025ms] [Warning] [carb.windowing-glfw.plugin] GLFW initialization failed.
2026-07-15T12:02:04Z [3,025ms] [Warning] [carb] Failed to startup plugin carb.windowing-glfw.plugin (interfaces: [carb::windowing::IGLContext v1.0],[carb::windowing::IWindowing v1.5]) (impl: carb.windowing-glfw.plugin)
2026-07-15T12:02:04Z [3,026ms] [Warning] [carb.windowing-glfw.plugin] GLFW initialization failed.
2026-07-15T12:02:04Z [3,026ms] [Warning] [carb] Failed to startup plugin carb.windowing-glfw.plugin (interfaces: [carb::windowing::IGLContext v1.0],[carb::windowing::IWindowing v1.5]) (impl: carb.windowing-glfw.plugin)
2026-07-15T12:02:04Z [3,027ms] [Warning] [carb.windowing-glfw.plugin] GLFW initialization failed.
2026-07-15T12:02:04Z [3,027ms] [Warning] [carb] Failed to startup plugin carb.windowing-glfw.plugin (interfaces: [carb::windowing::IGLContext v1.0],[carb::windowing::IWindowing v1.5]) (impl: carb.windowing-glfw.plugin)
2026-07-15T12:02:04Z [3,269ms] [Warning] [omni.graph.visualization.nodes._impl.extension] No Viewport Window to add omni.graph.visualization.nodes-2.1.3 scene to
2026-07-15T12:02:04Z [3,354ms] [Warning] [isaacsim.asset.importer.urdf] No mass specified for link base
2026-07-15T12:02:04Z [3,354ms] [Warning] [omni.usd] Warning: in _ReportErrors at line 3172 of /builds/omniverse/usd-ci/USD/pxr/usd/usd/stage.cpp -- In </partnet_38a5c62d5c03ae0992270dc2e45328b/base/visuals>: Unresolved reference prim path @/home/ubuntu/workspace/physvla_sim/datasets/data_normalized/Dishwasher_urdf/12428/configuration/fitr_info1_physics.usd@</visuals/base> introduced by @/home/ubuntu/workspace/physvla_sim/datasets/data_normalized/Dishwasher_urdf/12428/configuration/fitr_info1_base.usd@</partnet_38a5c62d5c03ae0992270dc2e45328b/base/visuals> (recomposing stage on stage @/home/ubuntu/workspace/physvla_sim/datasets/data_normalized/Dishwasher_urdf/12428/configuration/fitr_info1_physics.usd@ <0x3f270270>)

2026-07-15T12:02:04Z [3,355ms] [Warning] [omni.usd] Warning: in _ReportErrors at line 3172 of /builds/omniverse/usd-ci/USD/pxr/usd/usd/stage.cpp -- In </partnet_38a5c62d5c03ae0992270dc2e45328b/base/visuals>: Unresolved reference prim path @/home/ubuntu/workspace/physvla_sim/datasets/data_normalized/Dishwasher_urdf/12428/fitr_info1.usd@</visuals/base> introduced by @/home/ubuntu/workspace/physvla_sim/datasets/data_normalized/Dishwasher_urdf/12428/configuration/fitr_info1_base.usd@</partnet_38a5c62d5c03ae0992270dc2e45328b/base/visuals> (recomposing stage on stage @/home/ubuntu/workspace/physvla_sim/datasets/data_normalized/Dishwasher_urdf/12428/fitr_info1.usd@ <0x3f25cb70>)

2026-07-15T12:02:04Z [3,355ms] [Warning] [omni.usd] Warning: in _ReportErrors at line 3172 of /builds/omniverse/usd-ci/USD/pxr/usd/usd/stage.cpp -- In </partnet_38a5c62d5c03ae0992270dc2e45328b/base/visuals>: Unresolved reference prim path @/home/ubuntu/workspace/physvla_sim/datasets/data_normalized/Dishwasher_urdf/12428/fitr_info1.usd@</visuals/base> introduced by @/home/ubuntu/workspace/physvla_sim/datasets/data_normalized/Dishwasher_urdf/12428/configuration/fitr_info1_base.usd@</partnet_38a5c62d5c03ae0992270dc2e45328b/base/visuals> (recomposing stage on stage @/home/ubuntu/workspace/physvla_sim/datasets/data_normalized/Dishwasher_urdf/12428/fitr_info1.usd@ <0x3f258710>)

2026-07-15T12:02:04Z [3,355ms] [Warning] [omni.usd] Warning: in _ReportErrors at line 3172 of /builds/omniverse/usd-ci/USD/pxr/usd/usd/stage.cpp -- In </partnet_38a5c62d5c03ae0992270dc2e45328b/base/visuals>: Unresolved reference prim path @/home/ubuntu/workspace/physvla_sim/datasets/data_normalized/Dishwasher_urdf/12428/configuration/fitr_info1_base.usd@</visuals/base> introduced by @/home/ubuntu/workspace/physvla_sim/datasets/data_normalized/Dishwasher_urdf/12428/configuration/fitr_info1_base.usd@</partnet_38a5c62d5c03ae0992270dc2e45328b/base/visuals> (recomposing stage on stage @/home/ubuntu/workspace/physvla_sim/datasets/data_normalized/Dishwasher_urdf/12428/configuration/fitr_info1_base.usd@ <0x3f279730>)

2026-07-15T12:02:04Z [3,355ms] [Warning] [omni.usd] Warning: in _ReportErrors at line 3172 of /builds/omniverse/usd-ci/USD/pxr/usd/usd/stage.cpp -- In </partnet_38a5c62d5c03ae0992270dc2e45328b/base/visuals>: Unresolved reference prim path @/home/ubuntu/workspace/physvla_sim/datasets/data_normalized/Dishwasher_urdf/12428/configuration/fitr_info1_physics.usd@</visuals/base> introduced by @/home/ubuntu/workspace/physvla_sim/datasets/data_normalized/Dishwasher_urdf/12428/configuration/fitr_info1_base.usd@</partnet_38a5c62d5c03ae0992270dc2e45328b/base/visuals> (recomposing stage on stage @/home/ubuntu/workspace/physvla_sim/datasets/data_normalized/Dishwasher_urdf/12428/configuration/fitr_info1_physics.usd@ <0x3f270270>)

2026-07-15T12:02:04Z [3,355ms] [Warning] [omni.usd] Warning: in _ReportErrors at line 3172 of /builds/omniverse/usd-ci/USD/pxr/usd/usd/stage.cpp -- In </partnet_38a5c62d5c03ae0992270dc2e45328b/base/visuals>: Unresolved reference prim path @/home/ubuntu/workspace/physvla_sim/datasets/data_normalized/Dishwasher_urdf/12428/fitr_info1.usd@</visuals/base> introduced by @/home/ubuntu/workspace/physvla_sim/datasets/data_normalized/Dishwasher_urdf/12428/configuration/fitr_info1_base.usd@</partnet_38a5c62d5c03ae0992270dc2e45328b/base/visuals> (recomposing stage on stage @/home/ubuntu/workspace/physvla_sim/datasets/data_normalized/Dishwasher_urdf/12428/fitr_info1.usd@ <0x3f25cb70>)

2026-07-15T12:02:04Z [3,355ms] [Warning] [omni.usd] Warning: in _ReportErrors at line 3172 of /builds/omniverse/usd-ci/USD/pxr/usd/usd/stage.cpp -- In </partnet_38a5c62d5c03ae0992270dc2e45328b/base/visuals>: Unresolved reference prim path @/home/ubuntu/workspace/physvla_sim/datasets/data_normalized/Dishwasher_urdf/12428/fitr_info1.usd@</visuals/base> introduced by @/home/ubuntu/workspace/physvla_sim/datasets/data_normalized/Dishwasher_urdf/12428/configuration/fitr_info1_base.usd@</partnet_38a5c62d5c03ae0992270dc2e45328b/base/visuals> (recomposing stage on stage @/home/ubuntu/workspace/physvla_sim/datasets/data_normalized/Dishwasher_urdf/12428/fitr_info1.usd@ <0x3f258710>)

2026-07-15T12:02:04Z [3,355ms] [Warning] [omni.usd] Warning: in _ReportErrors at line 3172 of /builds/omniverse/usd-ci/USD/pxr/usd/usd/stage.cpp -- In </partnet_38a5c62d5c03ae0992270dc2e45328b/base/visuals>: Unresolved reference prim path @/home/ubuntu/workspace/physvla_sim/datasets/data_normalized/Dishwasher_urdf/12428/configuration/fitr_info1_base.usd@</visuals/base> introduced by @/home/ubuntu/workspace/physvla_sim/datasets/data_normalized/Dishwasher_urdf/12428/configuration/fitr_info1_base.usd@</partnet_38a5c62d5c03ae0992270dc2e45328b/base/visuals> (recomposing stage on stage @/home/ubuntu/workspace/physvla_sim/datasets/data_normalized/Dishwasher_urdf/12428/configuration/fitr_info1_base.usd@ <0x3f279730>)

2026-07-15T12:02:04Z [3,355ms] [Warning] [isaacsim.asset.importer.urdf] Link base has no colliders, and no inertia was imported; assigning a small isotropic inertia matrix
2026-07-15T12:02:04Z [3,356ms] [Warning] [isaacsim.asset.importer.urdf] No mass specified for link body
2026-07-15T12:02:04Z [3,365ms] [Warning] [isaacsim.asset.importer.urdf] No mass specified for link body__dup1
2026-07-15T12:02:04Z [3,368ms] [Warning] [isaacsim.asset.importer.urdf] No mass specified for link body__dup2
2026-07-15T12:02:04Z [3,375ms] [Warning] [isaacsim.asset.importer.urdf] No mass specified for link body__dup3
2026-07-15T12:02:04Z [3,379ms] [Warning] [isaacsim.asset.importer.urdf] No mass specified for link body__dup4
2026-07-15T12:02:04Z [3,385ms] [Warning] [isaacsim.asset.importer.urdf] No mass specified for link door_1
2026-07-15T12:02:04Z [3,420ms] [Warning] [omni.usd] Warning: in _ReportErrors at line 3172 of /builds/omniverse/usd-ci/USD/pxr/usd/usd/stage.cpp -- In </partnet_38a5c62d5c03ae0992270dc2e45328b/base/visuals>: Unresolved reference prim path @/home/ubuntu/workspace/physvla_sim/datasets/data_normalized/Dishwasher_urdf/12428/configuration/fitr_info1_base.usd@</visuals/base> introduced by @/home/ubuntu/workspace/physvla_sim/datasets/data_normalized/Dishwasher_urdf/12428/configuration/fitr_info1_base.usd@</partnet_38a5c62d5c03ae0992270dc2e45328b/base/visuals> (recomposing stage on stage @/home/ubuntu/workspace/physvla_sim/datasets/data_normalized/Dishwasher_urdf/12428/fitr_info1.usd@ <0x3f25cb70>)

2026-07-15T12:02:04Z [3,420ms] [Warning] [omni.usd] Warning: in _ReportErrors at line 3172 of /builds/omniverse/usd-ci/USD/pxr/usd/usd/stage.cpp -- In </partnet_38a5c62d5c03ae0992270dc2e45328b/base/visuals>: Unresolved reference prim path @/home/ubuntu/workspace/physvla_sim/datasets/data_normalized/Dishwasher_urdf/12428/configuration/fitr_info1_base.usd@</visuals/base> introduced by @/home/ubuntu/workspace/physvla_sim/datasets/data_normalized/Dishwasher_urdf/12428/configuration/fitr_info1_base.usd@</partnet_38a5c62d5c03ae0992270dc2e45328b/base/visuals> (recomposing stage on stage @/home/ubuntu/workspace/physvla_sim/datasets/data_normalized/Dishwasher_urdf/12428/fitr_info1.usd@ <0x3f258710>)

2026-07-15T12:02:04Z [3,421ms] [Warning] [omni.usd] Warning: in _ReportErrors at line 3172 of /builds/omniverse/usd-ci/USD/pxr/usd/usd/stage.cpp -- In </partnet_38a5c62d5c03ae0992270dc2e45328b/base/visuals>: Unresolved reference prim path @/home/ubuntu/workspace/physvla_sim/datasets/data_normalized/Dishwasher_urdf/12428/configuration/fitr_info1_physics.usd@</visuals/base> introduced by @/home/ubuntu/workspace/physvla_sim/datasets/data_normalized/Dishwasher_urdf/12428/configuration/fitr_info1_base.usd@</partnet_38a5c62d5c03ae0992270dc2e45328b/base/visuals> (recomposing stage on stage @/home/ubuntu/workspace/physvla_sim/datasets/data_normalized/Dishwasher_urdf/12428/fitr_info1.usd@ <0x3f25cb70>)

2026-07-15T12:02:04Z [3,422ms] [Warning] [omni.usd] Warning: in _ReportErrors at line 3172 of /builds/omniverse/usd-ci/USD/pxr/usd/usd/stage.cpp -- In </partnet_38a5c62d5c03ae0992270dc2e45328b/base/visuals>: Unresolved reference prim path @/home/ubuntu/workspace/physvla_sim/datasets/data_normalized/Dishwasher_urdf/12428/configuration/fitr_info1_physics.usd@</visuals/base> introduced by @/home/ubuntu/workspace/physvla_sim/datasets/data_normalized/Dishwasher_urdf/12428/configuration/fitr_info1_base.usd@</partnet_38a5c62d5c03ae0992270dc2e45328b/base/visuals> (recomposing stage on stage @/home/ubuntu/workspace/physvla_sim/datasets/data_normalized/Dishwasher_urdf/12428/fitr_info1.usd@ <0x3f258710>)

2026-07-15T12:02:04Z [3,422ms] [Warning] [omni.usd] Warning: in _ReportErrors at line 3172 of /builds/omniverse/usd-ci/USD/pxr/usd/usd/stage.cpp -- In </partnet_38a5c62d5c03ae0992270dc2e45328b/base/visuals>: Unresolved reference prim path @/home/ubuntu/workspace/physvla_sim/datasets/data_normalized/Dishwasher_urdf/12428/configuration/fitr_info1_physics.usd@</visuals/base> introduced by @/home/ubuntu/workspace/physvla_sim/datasets/data_normalized/Dishwasher_urdf/12428/configuration/fitr_info1_base.usd@</partnet_38a5c62d5c03ae0992270dc2e45328b/base/visuals> (recomposing stage on stage @/home/ubuntu/workspace/physvla_sim/datasets/data_normalized/Dishwasher_urdf/12428/fitr_info1.usd@ <0x3f25cb70>)

2026-07-15T12:02:04Z [3,423ms] [Warning] [omni.usd] Warning: in _ReportErrors at line 3172 of /builds/omniverse/usd-ci/USD/pxr/usd/usd/stage.cpp -- In </partnet_38a5c62d5c03ae0992270dc2e45328b/base/visuals>: Unresolved reference prim path @/home/ubuntu/workspace/physvla_sim/datasets/data_normalized/Dishwasher_urdf/12428/configuration/fitr_info1_physics.usd@</visuals/base> introduced by @/home/ubuntu/workspace/physvla_sim/datasets/data_normalized/Dishwasher_urdf/12428/configuration/fitr_info1_base.usd@</partnet_38a5c62d5c03ae0992270dc2e45328b/base/visuals> (recomposing stage on stage @/home/ubuntu/workspace/physvla_sim/datasets/data_normalized/Dishwasher_urdf/12428/fitr_info1.usd@ <0x3f258710>)

2026-07-15T12:02:04Z [3,423ms] [Warning] [omni.usd] Warning: in _ReportErrors at line 3172 of /builds/omniverse/usd-ci/USD/pxr/usd/usd/stage.cpp -- In </partnet_38a5c62d5c03ae0992270dc2e45328b/base/visuals>: Unresolved reference prim path @/home/ubuntu/workspace/physvla_sim/datasets/data_normalized/Dishwasher_urdf/12428/configuration/fitr_info1_physics.usd@</visuals/base> introduced by @/home/ubuntu/workspace/physvla_sim/datasets/data_normalized/Dishwasher_urdf/12428/configuration/fitr_info1_base.usd@</partnet_38a5c62d5c03ae0992270dc2e45328b/base/visuals> (recomposing stage on stage @/home/ubuntu/workspace/physvla_sim/datasets/data_normalized/Dishwasher_urdf/12428/fitr_info1.usd@ <0x3f25cb70>)

2026-07-15T12:02:04Z [3,423ms] [Warning] [omni.usd] Warning: in _ReportErrors at line 3172 of /builds/omniverse/usd-ci/USD/pxr/usd/usd/stage.cpp -- In </partnet_38a5c62d5c03ae0992270dc2e45328b/base/visuals>: Unresolved reference prim path @/home/ubuntu/workspace/physvla_sim/datasets/data_normalized/Dishwasher_urdf/12428/configuration/fitr_info1_physics.usd@</visuals/base> introduced by @/home/ubuntu/workspace/physvla_sim/datasets/data_normalized/Dishwasher_urdf/12428/configuration/fitr_info1_base.usd@</partnet_38a5c62d5c03ae0992270dc2e45328b/base/visuals> (recomposing stage on stage @/home/ubuntu/workspace/physvla_sim/datasets/data_normalized/Dishwasher_urdf/12428/fitr_info1.usd@ <0x3f258710>)

2026-07-15T12:02:04Z [3,424ms] [Warning] [omni.usd] Warning: in _ReportErrors at line 3172 of /builds/omniverse/usd-ci/USD/pxr/usd/usd/stage.cpp -- In </partnet_38a5c62d5c03ae0992270dc2e45328b/base/visuals>: Unresolved reference prim path @/home/ubuntu/workspace/physvla_sim/datasets/data_normalized/Dishwasher_urdf/12428/configuration/fitr_info1_physics.usd@</visuals/base> introduced by @/home/ubuntu/workspace/physvla_sim/datasets/data_normalized/Dishwasher_urdf/12428/configuration/fitr_info1_base.usd@</partnet_38a5c62d5c03ae0992270dc2e45328b/base/visuals> (recomposing stage on stage @/home/ubuntu/workspace/physvla_sim/datasets/data_normalized/Dishwasher_urdf/12428/fitr_info1.usd@ <0x3f25cb70>)

2026-07-15T12:02:04Z [3,424ms] [Warning] [omni.usd] Warning: in _ReportErrors at line 3172 of /builds/omniverse/usd-ci/USD/pxr/usd/usd/stage.cpp -- In </partnet_38a5c62d5c03ae0992270dc2e45328b/base/visuals>: Unresolved reference prim path @/home/ubuntu/workspace/physvla_sim/datasets/data_normalized/Dishwasher_urdf/12428/configuration/fitr_info1_physics.usd@</visuals/base> introduced by @/home/ubuntu/workspace/physvla_sim/datasets/data_normalized/Dishwasher_urdf/12428/configuration/fitr_info1_base.usd@</partnet_38a5c62d5c03ae0992270dc2e45328b/base/visuals> (recomposing stage on stage @/home/ubuntu/workspace/physvla_sim/datasets/data_normalized/Dishwasher_urdf/12428/fitr_info1.usd@ <0x3f258710>)

2026-07-15T12:02:04Z [3,425ms] [Warning] [omni.usd] Warning: in _ReportErrors at line 3172 of /builds/omniverse/usd-ci/USD/pxr/usd/usd/stage.cpp -- In </partnet_38a5c62d5c03ae0992270dc2e45328b/base/visuals>: Unresolved reference prim path @/home/ubuntu/workspace/physvla_sim/datasets/data_normalized/Dishwasher_urdf/12428/configuration/fitr_info1_physics.usd@</visuals/base> introduced by @/home/ubuntu/workspace/physvla_sim/datasets/data_normalized/Dishwasher_urdf/12428/configuration/fitr_info1_base.usd@</partnet_38a5c62d5c03ae0992270dc2e45328b/base/visuals> (recomposing stage on stage @/home/ubuntu/workspace/physvla_sim/datasets/data_normalized/Dishwasher_urdf/12428/fitr_info1.usd@ <0x3f25cb70>)

2026-07-15T12:02:04Z [3,425ms] [Warning] [omni.usd] Warning: in _ReportErrors at line 3172 of /builds/omniverse/usd-ci/USD/pxr/usd/usd/stage.cpp -- In </partnet_38a5c62d5c03ae0992270dc2e45328b/base/visuals>: Unresolved reference prim path @/home/ubuntu/workspace/physvla_sim/datasets/data_normalized/Dishwasher_urdf/12428/configuration/fitr_info1_physics.usd@</visuals/base> introduced by @/home/ubuntu/workspace/physvla_sim/datasets/data_normalized/Dishwasher_urdf/12428/configuration/fitr_info1_base.usd@</partnet_38a5c62d5c03ae0992270dc2e45328b/base/visuals> (recomposing stage on stage @/home/ubuntu/workspace/physvla_sim/datasets/data_normalized/Dishwasher_urdf/12428/fitr_info1.usd@ <0x3f258710>)

2026-07-15T12:02:04Z [3,426ms] [Warning] [omni.usd] Warning: in _ReportErrors at line 3172 of /builds/omniverse/usd-ci/USD/pxr/usd/usd/stage.cpp -- In </partnet_38a5c62d5c03ae0992270dc2e45328b/base/visuals>: Unresolved reference prim path @/home/ubuntu/workspace/physvla_sim/datasets/data_normalized/Dishwasher_urdf/12428/configuration/fitr_info1_physics.usd@</visuals/base> introduced by @/home/ubuntu/workspace/physvla_sim/datasets/data_normalized/Dishwasher_urdf/12428/configuration/fitr_info1_base.usd@</partnet_38a5c62d5c03ae0992270dc2e45328b/base/visuals> (recomposing stage on stage @/home/ubuntu/workspace/physvla_sim/datasets/data_normalized/Dishwasher_urdf/12428/fitr_info1.usd@ <0x3f25cb70>)

2026-07-15T12:02:04Z [3,426ms] [Warning] [omni.usd] Warning: in _ReportErrors at line 3172 of /builds/omniverse/usd-ci/USD/pxr/usd/usd/stage.cpp -- In </partnet_38a5c62d5c03ae0992270dc2e45328b/base/visuals>: Unresolved reference prim path @/home/ubuntu/workspace/physvla_sim/datasets/data_normalized/Dishwasher_urdf/12428/configuration/fitr_info1_physics.usd@</visuals/base> introduced by @/home/ubuntu/workspace/physvla_sim/datasets/data_normalized/Dishwasher_urdf/12428/configuration/fitr_info1_base.usd@</partnet_38a5c62d5c03ae0992270dc2e45328b/base/visuals> (recomposing stage on stage @/home/ubuntu/workspace/physvla_sim/datasets/data_normalized/Dishwasher_urdf/12428/fitr_info1.usd@ <0x3f258710>)

2026-07-15T12:02:04Z [3,427ms] [Warning] [omni.usd] Warning: in _ReportErrors at line 3172 of /builds/omniverse/usd-ci/USD/pxr/usd/usd/stage.cpp -- In </partnet_38a5c62d5c03ae0992270dc2e45328b/base/visuals>: Unresolved reference prim path @/home/ubuntu/workspace/physvla_sim/datasets/data_normalized/Dishwasher_urdf/12428/configuration/fitr_info1_physics.usd@</visuals/base> introduced by @/home/ubuntu/workspace/physvla_sim/datasets/data_normalized/Dishwasher_urdf/12428/configuration/fitr_info1_base.usd@</partnet_38a5c62d5c03ae0992270dc2e45328b/base/visuals> (recomposing stage on stage @/home/ubuntu/workspace/physvla_sim/datasets/data_normalized/Dishwasher_urdf/12428/fitr_info1.usd@ <0x3f25cb70>)

2026-07-15T12:02:04Z [3,428ms] [Warning] [omni.usd] Warning: in _ReportErrors at line 3172 of /builds/omniverse/usd-ci/USD/pxr/usd/usd/stage.cpp -- In </partnet_38a5c62d5c03ae0992270dc2e45328b/base/visuals>: Unresolved reference prim path @/home/ubuntu/workspace/physvla_sim/datasets/data_normalized/Dishwasher_urdf/12428/configuration/fitr_info1_physics.usd@</visuals/base> introduced by @/home/ubuntu/workspace/physvla_sim/datasets/data_normalized/Dishwasher_urdf/12428/configuration/fitr_info1_base.usd@</partnet_38a5c62d5c03ae0992270dc2e45328b/base/visuals> (recomposing stage on stage @/home/ubuntu/workspace/physvla_sim/datasets/data_normalized/Dishwasher_urdf/12428/fitr_info1.usd@ <0x3f258710>)

Loading user config located at: '/home/ubuntu/isaacsim/kit/data/Kit/Isaac-Sim/5.1/user.config.json'
[Info] [carb] Logging to file: /home/ubuntu/isaacsim/kit/logs/Kit/Isaac-Sim/5.1/kit_20260715_200205.log
2026-07-15T12:02:05Z [0ms] [Warning] [carb.crashreporter-breakpad.plugin] [previous crash] preventing upload of minidump due to user opt-out: '/home/ubuntu/isaacsim/kit/data/Kit/Isaac-Sim/5.1/0d81a4fd-59cb-4157-42d97b80-310afb82.dmp'
2026-07-15T12:02:05Z [0ms] [Warning] [carb.crashreporter-breakpad.plugin] [previous crash] preventing upload of minidump due to user opt-out: '/home/ubuntu/isaacsim/kit/data/Kit/Isaac-Sim/5.1/7efeb785-3cdd-476a-8fc91ca3-38a85c81.dmp'
2026-07-15T12:02:05Z [0ms] [Warning] [carb.crashreporter-breakpad.plugin] [previous crash] preventing upload of minidump due to user opt-out: '/home/ubuntu/isaacsim/kit/data/Kit/Isaac-Sim/5.1/0ec06837-edee-4570-b459bb9b-e409ca73.dmp'
2026-07-15T12:02:05Z [0ms] [Warning] [carb.crashreporter-breakpad.plugin] [previous crash] preventing upload of minidump due to user opt-out: '/home/ubuntu/isaacsim/kit/data/Kit/Isaac-Sim/5.1/846da064-407f-481c-dab18ea9-9788aefc.dmp'
2026-07-15T12:02:05Z [0ms] [Warning] [carb.crashreporter-breakpad.plugin] [previous crash] preventing upload of minidump due to user opt-out: '/home/ubuntu/isaacsim/kit/data/Kit/Isaac-Sim/5.1/7674058d-a5ef-457b-61399da4-1924f871.dmp'
2026-07-15T12:02:05Z [1ms] [Warning] [carb.crashreporter-breakpad.plugin] [previous crash] preventing upload of minidump due to user opt-out: '/home/ubuntu/isaacsim/kit/data/Kit/Isaac-Sim/5.1/0dbca6de-81d5-44e8-85c7eba5-c7ac64b6.dmp'
2026-07-15T12:02:05Z [1ms] [Warning] [carb.crashreporter-breakpad.plugin] [previous crash] preventing upload of minidump due to user opt-out: '/home/ubuntu/isaacsim/kit/data/Kit/Isaac-Sim/5.1/96b6ea33-a47b-4c84-2d7408a6-bc8b64a8.dmp'
2026-07-15T12:02:05Z [181ms] [Warning] [omni.platforminfo.plugin] failed to open the default display.  Can't verify X Server version.
2026-07-15T12:02:05Z [183ms] [Warning] [omni.usd_config.extension] Enable omni.materialx.libs extension to use MaterialX
2026-07-15T12:02:05Z [458ms] [Warning] [carb] Acquiring non optional plugin interface which is not listed as dependency: [omni::physx::IPhysxBenchmarks v1.0] (plugin: <default plugin>), by client: omni.physics.physx.plugin. Add it to CARB_PLUGIN_IMPL_DEPS() macro of a client.
2026-07-15T12:02:05Z [591ms] [Warning] [omni.isaac.dynamic_control] omni.isaac.dynamic_control is deprecated as of Isaac Sim 4.5. No action is needed from end-users.

|---------------------------------------------------------------------------------------------|
| Driver Version: 580.142       | Graphics API: Vulkan
|=============================================================================================|
| GPU | Name                             | Active | LDA | GPU Memory | Vendor-ID | LUID       |
|     |                                  |        |     |            | Device-ID | UUID       |
|     |                                  |        |     |            | Bus-ID    |            |
|---------------------------------------------------------------------------------------------|
| 0   | NVIDIA GeForce RTX 5090 D v2     | Yes: 0 |     | 24701   MB | 10de      | 0          |
|     |                                  |        |     |            | 2b8c      | 5f3d0dc0.. |
|     |                                  |        |     |            | 1         |            |
|=============================================================================================|
| OS: 24.04.3 LTS (Noble Numbat) ubuntu, Version: 24.04.3, Kernel: 6.17.0-1017-oem
| Processor: Intel(R) Core(TM) i9-14900K
| Cores: 24 | Logical Cores: 32
|---------------------------------------------------------------------------------------------|
| Total Memory (MB): 64063 | Free Memory: 53885
| Total Page/Swap (MB): 8191 | Free Page/Swap: 8191
|---------------------------------------------------------------------------------------------|
2026-07-15T12:02:07Z [2,575ms] [Warning] [gpu.foundation.plugin] CPU performance profile is set to powersave. This profile sets the CPU to the lowest frequency reducing performance.
[INFO][AppLauncher]: Using device: cuda:0
[INFO][AppLauncher]: Loading experience file: /home/ubuntu/workspace/IsaacLab/apps/isaaclab.python.headless.kit
{
  "output": "/home/ubuntu/workspace/physvla_sim/datasets/data_normalized/Dishwasher_urdf/12428/fitr_info1.usd",
  "scale": 0.35429797047970474,
  "scale_layer": "/home/ubuntu/workspace/physvla_sim/datasets/data_normalized/Dishwasher_urdf/12428/configuration/fitr_info1_base.usd",
  "joints": [
    {
      "joint": "/partnet_38a5c62d5c03ae0992270dc2e45328b/joints/joint_4",
      "drive": "angular",
      "damping": 595.0,
      "stiffness": 0.0,
      "max_force": 8.925000190734863
    }
  ],
  "dynamics_layer": "/home/ubuntu/workspace/physvla_sim/datasets/data_normalized/Dishwasher_urdf/12428/configuration/fitr_info1_physics.usd",
  "affordance_links": [
    "/partnet_38a5c62d5c03ae0992270dc2e45328b/door_1"
  ]
}
2026-07-15T12:02:07Z [2,583ms] [Warning] [gpu.foundation.plugin] IOMMU is enabled.
2026-07-15T12:02:08Z [2,712ms] [Warning] [omni.usd] Warning: in _ReportErrors at line 3172 of /builds/omniverse/usd-ci/USD/pxr/usd/usd/stage.cpp -- In </partnet_38a5c62d5c03ae0992270dc2e45328b/base/visuals>: Unresolved reference prim path @/home/ubuntu/workspace/physvla_sim/datasets/data_normalized/Dishwasher_urdf/12428/configuration/fitr_info1_base.usd@</visuals/base> introduced by @/home/ubuntu/workspace/physvla_sim/datasets/data_normalized/Dishwasher_urdf/12428/configuration/fitr_info1_base.usd@</partnet_38a5c62d5c03ae0992270dc2e45328b/base/visuals> (instantiating stage on stage @/home/ubuntu/workspace/physvla_sim/datasets/data_normalized/Dishwasher_urdf/12428/configuration/fitr_info1_base.usd@ <0x75f768161390>)

2026-07-15T12:02:08Z [2,716ms] [Warning] [omni.usd] Warning: in _ReportErrors at line 3172 of /builds/omniverse/usd-ci/USD/pxr/usd/usd/stage.cpp -- In </partnet_38a5c62d5c03ae0992270dc2e45328b/base/visuals>: Unresolved reference prim path @/home/ubuntu/workspace/physvla_sim/datasets/data_normalized/Dishwasher_urdf/12428/configuration/fitr_info1_physics.usd@</visuals/base> introduced by @/home/ubuntu/workspace/physvla_sim/datasets/data_normalized/Dishwasher_urdf/12428/configuration/fitr_info1_base.usd@</partnet_38a5c62d5c03ae0992270dc2e45328b/base/visuals> (instantiating stage on stage @/home/ubuntu/workspace/physvla_sim/datasets/data_normalized/Dishwasher_urdf/12428/configuration/fitr_info1_physics.usd@ <0x3483fbe0>)

2026-07-15T12:02:08Z [2,718ms] [Warning] [omni.usd] Warning: in _ReportErrors at line 3172 of /builds/omniverse/usd-ci/USD/pxr/usd/usd/stage.cpp -- In </partnet_38a5c62d5c03ae0992270dc2e45328b/base/visuals>: Unresolved reference prim path @/home/ubuntu/workspace/physvla_sim/datasets/data_normalized/Dishwasher_urdf/12428/configuration/fitr_info1_physics.usd@</visuals/base> introduced by @/home/ubuntu/workspace/physvla_sim/datasets/data_normalized/Dishwasher_urdf/12428/configuration/fitr_info1_base.usd@</partnet_38a5c62d5c03ae0992270dc2e45328b/base/visuals> (instantiating stage on stage @/home/ubuntu/workspace/physvla_sim/datasets/data_normalized/Dishwasher_urdf/12428/fitr_info1.usd@ <0x366b02b0>)

[OK] Dishwasher_urdf/12428
[RUN] Dishwasher_urdf/12484
Loading user config located at: '/home/ubuntu/isaacsim/kit/data/Kit/Isaac-Sim/5.1/user.config.json'
[Info] [carb] Logging to file: /home/ubuntu/isaacsim/kit/logs/Kit/Isaac-Sim/5.1/kit_20260715_200208.log
2026-07-15T12:02:08Z [0ms] [Warning] [carb.crashreporter-breakpad.plugin] [previous crash] preventing upload of minidump due to user opt-out: '/home/ubuntu/isaacsim/kit/data/Kit/Isaac-Sim/5.1/0d81a4fd-59cb-4157-42d97b80-310afb82.dmp'
2026-07-15T12:02:08Z [0ms] [Warning] [carb.crashreporter-breakpad.plugin] [previous crash] preventing upload of minidump due to user opt-out: '/home/ubuntu/isaacsim/kit/data/Kit/Isaac-Sim/5.1/7efeb785-3cdd-476a-8fc91ca3-38a85c81.dmp'
2026-07-15T12:02:08Z [0ms] [Warning] [carb.crashreporter-breakpad.plugin] [previous crash] preventing upload of minidump due to user opt-out: '/home/ubuntu/isaacsim/kit/data/Kit/Isaac-Sim/5.1/0ec06837-edee-4570-b459bb9b-e409ca73.dmp'
2026-07-15T12:02:08Z [0ms] [Warning] [carb.crashreporter-breakpad.plugin] [previous crash] preventing upload of minidump due to user opt-out: '/home/ubuntu/isaacsim/kit/data/Kit/Isaac-Sim/5.1/846da064-407f-481c-dab18ea9-9788aefc.dmp'
2026-07-15T12:02:08Z [0ms] [Warning] [carb.crashreporter-breakpad.plugin] [previous crash] preventing upload of minidump due to user opt-out: '/home/ubuntu/isaacsim/kit/data/Kit/Isaac-Sim/5.1/7674058d-a5ef-457b-61399da4-1924f871.dmp'
2026-07-15T12:02:08Z [1ms] [Warning] [carb.crashreporter-breakpad.plugin] [previous crash] preventing upload of minidump due to user opt-out: '/home/ubuntu/isaacsim/kit/data/Kit/Isaac-Sim/5.1/0dbca6de-81d5-44e8-85c7eba5-c7ac64b6.dmp'
2026-07-15T12:02:08Z [1ms] [Warning] [carb.crashreporter-breakpad.plugin] [previous crash] preventing upload of minidump due to user opt-out: '/home/ubuntu/isaacsim/kit/data/Kit/Isaac-Sim/5.1/96b6ea33-a47b-4c84-2d7408a6-bc8b64a8.dmp'
2026-07-15T12:02:08Z [185ms] [Warning] [omni.usd_config.extension] Enable omni.materialx.libs extension to use MaterialX
2026-07-15T12:02:08Z [190ms] [Warning] [omni.platforminfo.plugin] failed to open the default display.  Can't verify X Server version.
2026-07-15T12:02:08Z [461ms] [Warning] [carb] Acquiring non optional plugin interface which is not listed as dependency: [omni::physx::IPhysxBenchmarks v1.0] (plugin: <default plugin>), by client: omni.physics.physx.plugin. Add it to CARB_PLUGIN_IMPL_DEPS() macro of a client.
2026-07-15T12:02:08Z [595ms] [Warning] [omni.isaac.dynamic_control] omni.isaac.dynamic_control is deprecated as of Isaac Sim 4.5. No action is needed from end-users.

|---------------------------------------------------------------------------------------------|
| Driver Version: 580.142       | Graphics API: Vulkan
|=============================================================================================|
| GPU | Name                             | Active | LDA | GPU Memory | Vendor-ID | LUID       |
|     |                                  |        |     |            | Device-ID | UUID       |
|     |                                  |        |     |            | Bus-ID    |            |
|---------------------------------------------------------------------------------------------|
| 0   | NVIDIA GeForce RTX 5090 D v2     | Yes: 0 |     | 24701   MB | 10de      | 0          |
|     |                                  |        |     |            | 2b8c      | 5f3d0dc0.. |
|     |                                  |        |     |            | 1         |            |
|=============================================================================================|
| OS: 24.04.3 LTS (Noble Numbat) ubuntu, Version: 24.04.3, Kernel: 6.17.0-1017-oem
| Processor: Intel(R) Core(TM) i9-14900K
| Cores: 24 | Logical Cores: 32
|---------------------------------------------------------------------------------------------|
| Total Memory (MB): 64063 | Free Memory: 53913
| Total Page/Swap (MB): 8191 | Free Page/Swap: 8191
|---------------------------------------------------------------------------------------------|
2026-07-15T12:02:10Z [2,567ms] [Warning] [gpu.foundation.plugin] CPU performance profile is set to powersave. This profile sets the CPU to the lowest frequency reducing performance.
2026-07-15T12:02:10Z [2,574ms] [Warning] [gpu.foundation.plugin] IOMMU is enabled.
2026-07-15T12:02:11Z [2,701ms] [Warning] [carb.windowing-glfw.plugin] GLFW initialization failed.
2026-07-15T12:02:11Z [2,701ms] [Warning] [carb] Failed to startup plugin carb.windowing-glfw.plugin (interfaces: [carb::windowing::IGLContext v1.0],[carb::windowing::IWindowing v1.5]) (impl: carb.windowing-glfw.plugin)

|---------------------------------------------------------------------------------------------|
| Driver Version: 580.142       | Graphics API: Vulkan
|=============================================================================================|
| GPU | Name                             | Active | LDA | GPU Memory | Vendor-ID | LUID       |
|     |                                  |        |     |            | Device-ID | UUID       |
|     |                                  |        |     |            | Bus-ID    |            |
|---------------------------------------------------------------------------------------------|
| 0   | NVIDIA GeForce RTX 5090 D v2     | Yes: 0 |     | 24701   MB | 10de      | 0          |
|     |                                  |        |     |            | 2b8c      | 5f3d0dc0.. |
|     |                                  |        |     |            | 1         |            |
|=============================================================================================|
| OS: 24.04.3 LTS (Noble Numbat) ubuntu, Version: 24.04.3, Kernel: 6.17.0-1017-oem
| Processor: Intel(R) Core(TM) i9-14900K
| Cores: 24 | Logical Cores: 32
|---------------------------------------------------------------------------------------------|
| Total Memory (MB): 64063 | Free Memory: 53691
| Total Page/Swap (MB): 8191 | Free Page/Swap: 8191
|---------------------------------------------------------------------------------------------|
2026-07-15T12:02:11Z [2,931ms] [Warning] [gpu.foundation.plugin] CPU performance profile is set to powersave. This profile sets the CPU to the lowest frequency reducing performance.
2026-07-15T12:02:11Z [2,931ms] [Warning] [gpu.foundation.plugin] IOMMU is enabled.
2026-07-15T12:02:11Z [3,135ms] [Warning] [carb.windowing-glfw.plugin] GLFW initialization failed.
2026-07-15T12:02:11Z [3,135ms] [Warning] [carb] Failed to startup plugin carb.windowing-glfw.plugin (interfaces: [carb::windowing::IGLContext v1.0],[carb::windowing::IWindowing v1.5]) (impl: carb.windowing-glfw.plugin)
2026-07-15T12:02:11Z [3,147ms] [Warning] [carb.windowing-glfw.plugin] GLFW initialization failed.
2026-07-15T12:02:11Z [3,147ms] [Warning] [carb] Failed to startup plugin carb.windowing-glfw.plugin (interfaces: [carb::windowing::IGLContext v1.0],[carb::windowing::IWindowing v1.5]) (impl: carb.windowing-glfw.plugin)
2026-07-15T12:02:11Z [3,152ms] [Warning] [carb.windowing-glfw.plugin] GLFW initialization failed.
2026-07-15T12:02:11Z [3,152ms] [Warning] [carb] Failed to startup plugin carb.windowing-glfw.plugin (interfaces: [carb::windowing::IGLContext v1.0],[carb::windowing::IWindowing v1.5]) (impl: carb.windowing-glfw.plugin)
2026-07-15T12:02:11Z [3,156ms] [Warning] [carb.windowing-glfw.plugin] GLFW initialization failed.
2026-07-15T12:02:11Z [3,156ms] [Warning] [carb] Failed to startup plugin carb.windowing-glfw.plugin (interfaces: [carb::windowing::IGLContext v1.0],[carb::windowing::IWindowing v1.5]) (impl: carb.windowing-glfw.plugin)
2026-07-15T12:02:11Z [3,157ms] [Warning] [carb.windowing-glfw.plugin] GLFW initialization failed.
2026-07-15T12:02:11Z [3,157ms] [Warning] [carb] Failed to startup plugin carb.windowing-glfw.plugin (interfaces: [carb::windowing::IGLContext v1.0],[carb::windowing::IWindowing v1.5]) (impl: carb.windowing-glfw.plugin)
2026-07-15T12:02:11Z [3,158ms] [Warning] [carb.windowing-glfw.plugin] GLFW initialization failed.
2026-07-15T12:02:11Z [3,158ms] [Warning] [carb] Failed to startup plugin carb.windowing-glfw.plugin (interfaces: [carb::windowing::IGLContext v1.0],[carb::windowing::IWindowing v1.5]) (impl: carb.windowing-glfw.plugin)
2026-07-15T12:02:11Z [3,404ms] [Warning] [omni.graph.visualization.nodes._impl.extension] No Viewport Window to add omni.graph.visualization.nodes-2.1.3 scene to
2026-07-15T12:02:11Z [3,493ms] [Warning] [isaacsim.asset.importer.urdf] No mass specified for link base
2026-07-15T12:02:11Z [3,493ms] [Warning] [omni.usd] Warning: in _ReportErrors at line 3172 of /builds/omniverse/usd-ci/USD/pxr/usd/usd/stage.cpp -- In </partnet_4a4f0713fbabb6e514b35a7d7cea7130/base/visuals>: Unresolved reference prim path @/home/ubuntu/workspace/physvla_sim/datasets/data_normalized/Dishwasher_urdf/12484/configuration/fitr_info1_physics.usd@</visuals/base> introduced by @/home/ubuntu/workspace/physvla_sim/datasets/data_normalized/Dishwasher_urdf/12484/configuration/fitr_info1_base.usd@</partnet_4a4f0713fbabb6e514b35a7d7cea7130/base/visuals> (recomposing stage on stage @/home/ubuntu/workspace/physvla_sim/datasets/data_normalized/Dishwasher_urdf/12484/configuration/fitr_info1_physics.usd@ <0x26a4f910>)

2026-07-15T12:02:11Z [3,493ms] [Warning] [omni.usd] Warning: in _ReportErrors at line 3172 of /builds/omniverse/usd-ci/USD/pxr/usd/usd/stage.cpp -- In </partnet_4a4f0713fbabb6e514b35a7d7cea7130/base/visuals>: Unresolved reference prim path @/home/ubuntu/workspace/physvla_sim/datasets/data_normalized/Dishwasher_urdf/12484/fitr_info1.usd@</visuals/base> introduced by @/home/ubuntu/workspace/physvla_sim/datasets/data_normalized/Dishwasher_urdf/12484/configuration/fitr_info1_base.usd@</partnet_4a4f0713fbabb6e514b35a7d7cea7130/base/visuals> (recomposing stage on stage @/home/ubuntu/workspace/physvla_sim/datasets/data_normalized/Dishwasher_urdf/12484/fitr_info1.usd@ <0x26a3cc20>)

2026-07-15T12:02:11Z [3,493ms] [Warning] [omni.usd] Warning: in _ReportErrors at line 3172 of /builds/omniverse/usd-ci/USD/pxr/usd/usd/stage.cpp -- In </partnet_4a4f0713fbabb6e514b35a7d7cea7130/base/visuals>: Unresolved reference prim path @/home/ubuntu/workspace/physvla_sim/datasets/data_normalized/Dishwasher_urdf/12484/fitr_info1.usd@</visuals/base> introduced by @/home/ubuntu/workspace/physvla_sim/datasets/data_normalized/Dishwasher_urdf/12484/configuration/fitr_info1_base.usd@</partnet_4a4f0713fbabb6e514b35a7d7cea7130/base/visuals> (recomposing stage on stage @/home/ubuntu/workspace/physvla_sim/datasets/data_normalized/Dishwasher_urdf/12484/fitr_info1.usd@ <0x26a38680>)

2026-07-15T12:02:11Z [3,493ms] [Warning] [omni.usd] Warning: in _ReportErrors at line 3172 of /builds/omniverse/usd-ci/USD/pxr/usd/usd/stage.cpp -- In </partnet_4a4f0713fbabb6e514b35a7d7cea7130/base/visuals>: Unresolved reference prim path @/home/ubuntu/workspace/physvla_sim/datasets/data_normalized/Dishwasher_urdf/12484/configuration/fitr_info1_base.usd@</visuals/base> introduced by @/home/ubuntu/workspace/physvla_sim/datasets/data_normalized/Dishwasher_urdf/12484/configuration/fitr_info1_base.usd@</partnet_4a4f0713fbabb6e514b35a7d7cea7130/base/visuals> (recomposing stage on stage @/home/ubuntu/workspace/physvla_sim/datasets/data_normalized/Dishwasher_urdf/12484/configuration/fitr_info1_base.usd@ <0x26a59420>)

2026-07-15T12:02:11Z [3,494ms] [Warning] [omni.usd] Warning: in _ReportErrors at line 3172 of /builds/omniverse/usd-ci/USD/pxr/usd/usd/stage.cpp -- In </partnet_4a4f0713fbabb6e514b35a7d7cea7130/base/visuals>: Unresolved reference prim path @/home/ubuntu/workspace/physvla_sim/datasets/data_normalized/Dishwasher_urdf/12484/configuration/fitr_info1_physics.usd@</visuals/base> introduced by @/home/ubuntu/workspace/physvla_sim/datasets/data_normalized/Dishwasher_urdf/12484/configuration/fitr_info1_base.usd@</partnet_4a4f0713fbabb6e514b35a7d7cea7130/base/visuals> (recomposing stage on stage @/home/ubuntu/workspace/physvla_sim/datasets/data_normalized/Dishwasher_urdf/12484/configuration/fitr_info1_physics.usd@ <0x26a4f910>)

2026-07-15T12:02:11Z [3,494ms] [Warning] [omni.usd] Warning: in _ReportErrors at line 3172 of /builds/omniverse/usd-ci/USD/pxr/usd/usd/stage.cpp -- In </partnet_4a4f0713fbabb6e514b35a7d7cea7130/base/visuals>: Unresolved reference prim path @/home/ubuntu/workspace/physvla_sim/datasets/data_normalized/Dishwasher_urdf/12484/fitr_info1.usd@</visuals/base> introduced by @/home/ubuntu/workspace/physvla_sim/datasets/data_normalized/Dishwasher_urdf/12484/configuration/fitr_info1_base.usd@</partnet_4a4f0713fbabb6e514b35a7d7cea7130/base/visuals> (recomposing stage on stage @/home/ubuntu/workspace/physvla_sim/datasets/data_normalized/Dishwasher_urdf/12484/fitr_info1.usd@ <0x26a3cc20>)

2026-07-15T12:02:11Z [3,494ms] [Warning] [omni.usd] Warning: in _ReportErrors at line 3172 of /builds/omniverse/usd-ci/USD/pxr/usd/usd/stage.cpp -- In </partnet_4a4f0713fbabb6e514b35a7d7cea7130/base/visuals>: Unresolved reference prim path @/home/ubuntu/workspace/physvla_sim/datasets/data_normalized/Dishwasher_urdf/12484/fitr_info1.usd@</visuals/base> introduced by @/home/ubuntu/workspace/physvla_sim/datasets/data_normalized/Dishwasher_urdf/12484/configuration/fitr_info1_base.usd@</partnet_4a4f0713fbabb6e514b35a7d7cea7130/base/visuals> (recomposing stage on stage @/home/ubuntu/workspace/physvla_sim/datasets/data_normalized/Dishwasher_urdf/12484/fitr_info1.usd@ <0x26a38680>)

2026-07-15T12:02:11Z [3,494ms] [Warning] [omni.usd] Warning: in _ReportErrors at line 3172 of /builds/omniverse/usd-ci/USD/pxr/usd/usd/stage.cpp -- In </partnet_4a4f0713fbabb6e514b35a7d7cea7130/base/visuals>: Unresolved reference prim path @/home/ubuntu/workspace/physvla_sim/datasets/data_normalized/Dishwasher_urdf/12484/configuration/fitr_info1_base.usd@</visuals/base> introduced by @/home/ubuntu/workspace/physvla_sim/datasets/data_normalized/Dishwasher_urdf/12484/configuration/fitr_info1_base.usd@</partnet_4a4f0713fbabb6e514b35a7d7cea7130/base/visuals> (recomposing stage on stage @/home/ubuntu/workspace/physvla_sim/datasets/data_normalized/Dishwasher_urdf/12484/configuration/fitr_info1_base.usd@ <0x26a59420>)

2026-07-15T12:02:11Z [3,494ms] [Warning] [isaacsim.asset.importer.urdf] Link base has no colliders, and no inertia was imported; assigning a small isotropic inertia matrix
2026-07-15T12:02:11Z [3,495ms] [Warning] [isaacsim.asset.importer.urdf] No mass specified for link body
2026-07-15T12:02:11Z [3,524ms] [Warning] [isaacsim.asset.importer.urdf] No mass specified for link body__dup1
2026-07-15T12:02:11Z [3,527ms] [Warning] [isaacsim.asset.importer.urdf] No mass specified for link body__dup2
2026-07-15T12:02:11Z [3,531ms] [Warning] [isaacsim.asset.importer.urdf] No mass specified for link door_1
2026-07-15T12:02:11Z [3,539ms] [Warning] [isaacsim.asset.importer.urdf] No mass specified for link door_2
2026-07-15T12:02:11Z [3,555ms] [Warning] [omni.usd] Warning: in _ReportErrors at line 3172 of /builds/omniverse/usd-ci/USD/pxr/usd/usd/stage.cpp -- In </partnet_4a4f0713fbabb6e514b35a7d7cea7130/base/visuals>: Unresolved reference prim path @/home/ubuntu/workspace/physvla_sim/datasets/data_normalized/Dishwasher_urdf/12484/configuration/fitr_info1_base.usd@</visuals/base> introduced by @/home/ubuntu/workspace/physvla_sim/datasets/data_normalized/Dishwasher_urdf/12484/configuration/fitr_info1_base.usd@</partnet_4a4f0713fbabb6e514b35a7d7cea7130/base/visuals> (recomposing stage on stage @/home/ubuntu/workspace/physvla_sim/datasets/data_normalized/Dishwasher_urdf/12484/fitr_info1.usd@ <0x26a3cc20>)

2026-07-15T12:02:11Z [3,555ms] [Warning] [omni.usd] Warning: in _ReportErrors at line 3172 of /builds/omniverse/usd-ci/USD/pxr/usd/usd/stage.cpp -- In </partnet_4a4f0713fbabb6e514b35a7d7cea7130/base/visuals>: Unresolved reference prim path @/home/ubuntu/workspace/physvla_sim/datasets/data_normalized/Dishwasher_urdf/12484/configuration/fitr_info1_base.usd@</visuals/base> introduced by @/home/ubuntu/workspace/physvla_sim/datasets/data_normalized/Dishwasher_urdf/12484/configuration/fitr_info1_base.usd@</partnet_4a4f0713fbabb6e514b35a7d7cea7130/base/visuals> (recomposing stage on stage @/home/ubuntu/workspace/physvla_sim/datasets/data_normalized/Dishwasher_urdf/12484/fitr_info1.usd@ <0x26a38680>)

2026-07-15T12:02:11Z [3,556ms] [Warning] [omni.usd] Warning: in _ReportErrors at line 3172 of /builds/omniverse/usd-ci/USD/pxr/usd/usd/stage.cpp -- In </partnet_4a4f0713fbabb6e514b35a7d7cea7130/base/visuals>: Unresolved reference prim path @/home/ubuntu/workspace/physvla_sim/datasets/data_normalized/Dishwasher_urdf/12484/configuration/fitr_info1_physics.usd@</visuals/base> introduced by @/home/ubuntu/workspace/physvla_sim/datasets/data_normalized/Dishwasher_urdf/12484/configuration/fitr_info1_base.usd@</partnet_4a4f0713fbabb6e514b35a7d7cea7130/base/visuals> (recomposing stage on stage @/home/ubuntu/workspace/physvla_sim/datasets/data_normalized/Dishwasher_urdf/12484/fitr_info1.usd@ <0x26a3cc20>)

2026-07-15T12:02:11Z [3,556ms] [Warning] [omni.usd] Warning: in _ReportErrors at line 3172 of /builds/omniverse/usd-ci/USD/pxr/usd/usd/stage.cpp -- In </partnet_4a4f0713fbabb6e514b35a7d7cea7130/base/visuals>: Unresolved reference prim path @/home/ubuntu/workspace/physvla_sim/datasets/data_normalized/Dishwasher_urdf/12484/configuration/fitr_info1_physics.usd@</visuals/base> introduced by @/home/ubuntu/workspace/physvla_sim/datasets/data_normalized/Dishwasher_urdf/12484/configuration/fitr_info1_base.usd@</partnet_4a4f0713fbabb6e514b35a7d7cea7130/base/visuals> (recomposing stage on stage @/home/ubuntu/workspace/physvla_sim/datasets/data_normalized/Dishwasher_urdf/12484/fitr_info1.usd@ <0x26a38680>)

2026-07-15T12:02:11Z [3,557ms] [Warning] [omni.usd] Warning: in _ReportErrors at line 3172 of /builds/omniverse/usd-ci/USD/pxr/usd/usd/stage.cpp -- In </partnet_4a4f0713fbabb6e514b35a7d7cea7130/base/visuals>: Unresolved reference prim path @/home/ubuntu/workspace/physvla_sim/datasets/data_normalized/Dishwasher_urdf/12484/configuration/fitr_info1_physics.usd@</visuals/base> introduced by @/home/ubuntu/workspace/physvla_sim/datasets/data_normalized/Dishwasher_urdf/12484/configuration/fitr_info1_base.usd@</partnet_4a4f0713fbabb6e514b35a7d7cea7130/base/visuals> (recomposing stage on stage @/home/ubuntu/workspace/physvla_sim/datasets/data_normalized/Dishwasher_urdf/12484/fitr_info1.usd@ <0x26a3cc20>)

2026-07-15T12:02:11Z [3,558ms] [Warning] [omni.usd] Warning: in _ReportErrors at line 3172 of /builds/omniverse/usd-ci/USD/pxr/usd/usd/stage.cpp -- In </partnet_4a4f0713fbabb6e514b35a7d7cea7130/base/visuals>: Unresolved reference prim path @/home/ubuntu/workspace/physvla_sim/datasets/data_normalized/Dishwasher_urdf/12484/configuration/fitr_info1_physics.usd@</visuals/base> introduced by @/home/ubuntu/workspace/physvla_sim/datasets/data_normalized/Dishwasher_urdf/12484/configuration/fitr_info1_base.usd@</partnet_4a4f0713fbabb6e514b35a7d7cea7130/base/visuals> (recomposing stage on stage @/home/ubuntu/workspace/physvla_sim/datasets/data_normalized/Dishwasher_urdf/12484/fitr_info1.usd@ <0x26a38680>)

2026-07-15T12:02:11Z [3,560ms] [Warning] [omni.usd] Warning: in _ReportErrors at line 3172 of /builds/omniverse/usd-ci/USD/pxr/usd/usd/stage.cpp -- In </partnet_4a4f0713fbabb6e514b35a7d7cea7130/base/visuals>: Unresolved reference prim path @/home/ubuntu/workspace/physvla_sim/datasets/data_normalized/Dishwasher_urdf/12484/configuration/fitr_info1_physics.usd@</visuals/base> introduced by @/home/ubuntu/workspace/physvla_sim/datasets/data_normalized/Dishwasher_urdf/12484/configuration/fitr_info1_base.usd@</partnet_4a4f0713fbabb6e514b35a7d7cea7130/base/visuals> (recomposing stage on stage @/home/ubuntu/workspace/physvla_sim/datasets/data_normalized/Dishwasher_urdf/12484/fitr_info1.usd@ <0x26a3cc20>)

2026-07-15T12:02:11Z [3,561ms] [Warning] [omni.usd] Warning: in _ReportErrors at line 3172 of /builds/omniverse/usd-ci/USD/pxr/usd/usd/stage.cpp -- In </partnet_4a4f0713fbabb6e514b35a7d7cea7130/base/visuals>: Unresolved reference prim path @/home/ubuntu/workspace/physvla_sim/datasets/data_normalized/Dishwasher_urdf/12484/configuration/fitr_info1_physics.usd@</visuals/base> introduced by @/home/ubuntu/workspace/physvla_sim/datasets/data_normalized/Dishwasher_urdf/12484/configuration/fitr_info1_base.usd@</partnet_4a4f0713fbabb6e514b35a7d7cea7130/base/visuals> (recomposing stage on stage @/home/ubuntu/workspace/physvla_sim/datasets/data_normalized/Dishwasher_urdf/12484/fitr_info1.usd@ <0x26a38680>)

2026-07-15T12:02:11Z [3,562ms] [Warning] [omni.usd] Warning: in _ReportErrors at line 3172 of /builds/omniverse/usd-ci/USD/pxr/usd/usd/stage.cpp -- In </partnet_4a4f0713fbabb6e514b35a7d7cea7130/base/visuals>: Unresolved reference prim path @/home/ubuntu/workspace/physvla_sim/datasets/data_normalized/Dishwasher_urdf/12484/configuration/fitr_info1_physics.usd@</visuals/base> introduced by @/home/ubuntu/workspace/physvla_sim/datasets/data_normalized/Dishwasher_urdf/12484/configuration/fitr_info1_base.usd@</partnet_4a4f0713fbabb6e514b35a7d7cea7130/base/visuals> (recomposing stage on stage @/home/ubuntu/workspace/physvla_sim/datasets/data_normalized/Dishwasher_urdf/12484/fitr_info1.usd@ <0x26a3cc20>)

2026-07-15T12:02:11Z [3,563ms] [Warning] [omni.usd] Warning: in _ReportErrors at line 3172 of /builds/omniverse/usd-ci/USD/pxr/usd/usd/stage.cpp -- In </partnet_4a4f0713fbabb6e514b35a7d7cea7130/base/visuals>: Unresolved reference prim path @/home/ubuntu/workspace/physvla_sim/datasets/data_normalized/Dishwasher_urdf/12484/configuration/fitr_info1_physics.usd@</visuals/base> introduced by @/home/ubuntu/workspace/physvla_sim/datasets/data_normalized/Dishwasher_urdf/12484/configuration/fitr_info1_base.usd@</partnet_4a4f0713fbabb6e514b35a7d7cea7130/base/visuals> (recomposing stage on stage @/home/ubuntu/workspace/physvla_sim/datasets/data_normalized/Dishwasher_urdf/12484/fitr_info1.usd@ <0x26a38680>)

2026-07-15T12:02:11Z [3,564ms] [Warning] [omni.usd] Warning: in _ReportErrors at line 3172 of /builds/omniverse/usd-ci/USD/pxr/usd/usd/stage.cpp -- In </partnet_4a4f0713fbabb6e514b35a7d7cea7130/base/visuals>: Unresolved reference prim path @/home/ubuntu/workspace/physvla_sim/datasets/data_normalized/Dishwasher_urdf/12484/configuration/fitr_info1_physics.usd@</visuals/base> introduced by @/home/ubuntu/workspace/physvla_sim/datasets/data_normalized/Dishwasher_urdf/12484/configuration/fitr_info1_base.usd@</partnet_4a4f0713fbabb6e514b35a7d7cea7130/base/visuals> (recomposing stage on stage @/home/ubuntu/workspace/physvla_sim/datasets/data_normalized/Dishwasher_urdf/12484/fitr_info1.usd@ <0x26a3cc20>)

2026-07-15T12:02:11Z [3,566ms] [Warning] [omni.usd] Warning: in _ReportErrors at line 3172 of /builds/omniverse/usd-ci/USD/pxr/usd/usd/stage.cpp -- In </partnet_4a4f0713fbabb6e514b35a7d7cea7130/base/visuals>: Unresolved reference prim path @/home/ubuntu/workspace/physvla_sim/datasets/data_normalized/Dishwasher_urdf/12484/configuration/fitr_info1_physics.usd@</visuals/base> introduced by @/home/ubuntu/workspace/physvla_sim/datasets/data_normalized/Dishwasher_urdf/12484/configuration/fitr_info1_base.usd@</partnet_4a4f0713fbabb6e514b35a7d7cea7130/base/visuals> (recomposing stage on stage @/home/ubuntu/workspace/physvla_sim/datasets/data_normalized/Dishwasher_urdf/12484/fitr_info1.usd@ <0x26a38680>)

2026-07-15T12:02:11Z [3,567ms] [Warning] [omni.usd] Warning: in _ReportErrors at line 3172 of /builds/omniverse/usd-ci/USD/pxr/usd/usd/stage.cpp -- In </partnet_4a4f0713fbabb6e514b35a7d7cea7130/base/visuals>: Unresolved reference prim path @/home/ubuntu/workspace/physvla_sim/datasets/data_normalized/Dishwasher_urdf/12484/configuration/fitr_info1_physics.usd@</visuals/base> introduced by @/home/ubuntu/workspace/physvla_sim/datasets/data_normalized/Dishwasher_urdf/12484/configuration/fitr_info1_base.usd@</partnet_4a4f0713fbabb6e514b35a7d7cea7130/base/visuals> (recomposing stage on stage @/home/ubuntu/workspace/physvla_sim/datasets/data_normalized/Dishwasher_urdf/12484/fitr_info1.usd@ <0x26a3cc20>)

2026-07-15T12:02:11Z [3,568ms] [Warning] [omni.usd] Warning: in _ReportErrors at line 3172 of /builds/omniverse/usd-ci/USD/pxr/usd/usd/stage.cpp -- In </partnet_4a4f0713fbabb6e514b35a7d7cea7130/base/visuals>: Unresolved reference prim path @/home/ubuntu/workspace/physvla_sim/datasets/data_normalized/Dishwasher_urdf/12484/configuration/fitr_info1_physics.usd@</visuals/base> introduced by @/home/ubuntu/workspace/physvla_sim/datasets/data_normalized/Dishwasher_urdf/12484/configuration/fitr_info1_base.usd@</partnet_4a4f0713fbabb6e514b35a7d7cea7130/base/visuals> (recomposing stage on stage @/home/ubuntu/workspace/physvla_sim/datasets/data_normalized/Dishwasher_urdf/12484/fitr_info1.usd@ <0x26a38680>)

2026-07-15T12:02:11Z [3,570ms] [Warning] [omni.usd] Warning: in _ReportErrors at line 3172 of /builds/omniverse/usd-ci/USD/pxr/usd/usd/stage.cpp -- In </partnet_4a4f0713fbabb6e514b35a7d7cea7130/base/visuals>: Unresolved reference prim path @/home/ubuntu/workspace/physvla_sim/datasets/data_normalized/Dishwasher_urdf/12484/configuration/fitr_info1_physics.usd@</visuals/base> introduced by @/home/ubuntu/workspace/physvla_sim/datasets/data_normalized/Dishwasher_urdf/12484/configuration/fitr_info1_base.usd@</partnet_4a4f0713fbabb6e514b35a7d7cea7130/base/visuals> (recomposing stage on stage @/home/ubuntu/workspace/physvla_sim/datasets/data_normalized/Dishwasher_urdf/12484/fitr_info1.usd@ <0x26a3cc20>)

2026-07-15T12:02:11Z [3,571ms] [Warning] [omni.usd] Warning: in _ReportErrors at line 3172 of /builds/omniverse/usd-ci/USD/pxr/usd/usd/stage.cpp -- In </partnet_4a4f0713fbabb6e514b35a7d7cea7130/base/visuals>: Unresolved reference prim path @/home/ubuntu/workspace/physvla_sim/datasets/data_normalized/Dishwasher_urdf/12484/configuration/fitr_info1_physics.usd@</visuals/base> introduced by @/home/ubuntu/workspace/physvla_sim/datasets/data_normalized/Dishwasher_urdf/12484/configuration/fitr_info1_base.usd@</partnet_4a4f0713fbabb6e514b35a7d7cea7130/base/visuals> (recomposing stage on stage @/home/ubuntu/workspace/physvla_sim/datasets/data_normalized/Dishwasher_urdf/12484/fitr_info1.usd@ <0x26a38680>)

Loading user config located at: '/home/ubuntu/isaacsim/kit/data/Kit/Isaac-Sim/5.1/user.config.json'
[Info] [carb] Logging to file: /home/ubuntu/isaacsim/kit/logs/Kit/Isaac-Sim/5.1/kit_20260715_200212.log
2026-07-15T12:02:12Z [0ms] [Warning] [carb.crashreporter-breakpad.plugin] [previous crash] preventing upload of minidump due to user opt-out: '/home/ubuntu/isaacsim/kit/data/Kit/Isaac-Sim/5.1/0d81a4fd-59cb-4157-42d97b80-310afb82.dmp'
2026-07-15T12:02:12Z [0ms] [Warning] [carb.crashreporter-breakpad.plugin] [previous crash] preventing upload of minidump due to user opt-out: '/home/ubuntu/isaacsim/kit/data/Kit/Isaac-Sim/5.1/7efeb785-3cdd-476a-8fc91ca3-38a85c81.dmp'
2026-07-15T12:02:12Z [0ms] [Warning] [carb.crashreporter-breakpad.plugin] [previous crash] preventing upload of minidump due to user opt-out: '/home/ubuntu/isaacsim/kit/data/Kit/Isaac-Sim/5.1/0ec06837-edee-4570-b459bb9b-e409ca73.dmp'
2026-07-15T12:02:12Z [0ms] [Warning] [carb.crashreporter-breakpad.plugin] [previous crash] preventing upload of minidump due to user opt-out: '/home/ubuntu/isaacsim/kit/data/Kit/Isaac-Sim/5.1/846da064-407f-481c-dab18ea9-9788aefc.dmp'
2026-07-15T12:02:12Z [0ms] [Warning] [carb.crashreporter-breakpad.plugin] [previous crash] preventing upload of minidump due to user opt-out: '/home/ubuntu/isaacsim/kit/data/Kit/Isaac-Sim/5.1/7674058d-a5ef-457b-61399da4-1924f871.dmp'
2026-07-15T12:02:12Z [1ms] [Warning] [carb.crashreporter-breakpad.plugin] [previous crash] preventing upload of minidump due to user opt-out: '/home/ubuntu/isaacsim/kit/data/Kit/Isaac-Sim/5.1/0dbca6de-81d5-44e8-85c7eba5-c7ac64b6.dmp'
2026-07-15T12:02:12Z [1ms] [Warning] [carb.crashreporter-breakpad.plugin] [previous crash] preventing upload of minidump due to user opt-out: '/home/ubuntu/isaacsim/kit/data/Kit/Isaac-Sim/5.1/96b6ea33-a47b-4c84-2d7408a6-bc8b64a8.dmp'
2026-07-15T12:02:12Z [183ms] [Warning] [omni.usd_config.extension] Enable omni.materialx.libs extension to use MaterialX
2026-07-15T12:02:12Z [187ms] [Warning] [omni.platforminfo.plugin] failed to open the default display.  Can't verify X Server version.
2026-07-15T12:02:12Z [466ms] [Warning] [carb] Acquiring non optional plugin interface which is not listed as dependency: [omni::physx::IPhysxBenchmarks v1.0] (plugin: <default plugin>), by client: omni.physics.physx.plugin. Add it to CARB_PLUGIN_IMPL_DEPS() macro of a client.
2026-07-15T12:02:13Z [599ms] [Warning] [omni.isaac.dynamic_control] omni.isaac.dynamic_control is deprecated as of Isaac Sim 4.5. No action is needed from end-users.

|---------------------------------------------------------------------------------------------|
| Driver Version: 580.142       | Graphics API: Vulkan
|=============================================================================================|
| GPU | Name                             | Active | LDA | GPU Memory | Vendor-ID | LUID       |
|     |                                  |        |     |            | Device-ID | UUID       |
|     |                                  |        |     |            | Bus-ID    |            |
|---------------------------------------------------------------------------------------------|
| 0   | NVIDIA GeForce RTX 5090 D v2     | Yes: 0 |     | 24701   MB | 10de      | 0          |
|     |                                  |        |     |            | 2b8c      | 5f3d0dc0.. |
|     |                                  |        |     |            | 1         |            |
|=============================================================================================|
| OS: 24.04.3 LTS (Noble Numbat) ubuntu, Version: 24.04.3, Kernel: 6.17.0-1017-oem
| Processor: Intel(R) Core(TM) i9-14900K
| Cores: 24 | Logical Cores: 32
|---------------------------------------------------------------------------------------------|
| Total Memory (MB): 64063 | Free Memory: 53882
| Total Page/Swap (MB): 8191 | Free Page/Swap: 8191
|---------------------------------------------------------------------------------------------|
2026-07-15T12:02:14Z [2,332ms] [Warning] [gpu.foundation.plugin] CPU performance profile is set to powersave. This profile sets the CPU to the lowest frequency reducing performance.
[INFO][AppLauncher]: Using device: cuda:0
[INFO][AppLauncher]: Loading experience file: /home/ubuntu/workspace/IsaacLab/apps/isaaclab.python.headless.kit
{
  "output": "/home/ubuntu/workspace/physvla_sim/datasets/data_normalized/Dishwasher_urdf/12484/fitr_info1.usd",
  "scale": 0.43519951824518244,
  "scale_layer": "/home/ubuntu/workspace/physvla_sim/datasets/data_normalized/Dishwasher_urdf/12484/configuration/fitr_info1_base.usd",
  "joints": [
    {
      "joint": "/partnet_4a4f0713fbabb6e514b35a7d7cea7130/joints/joint_2",
      "drive": "angular",
      "damping": 735.0,
      "stiffness": 0.0,
      "max_force": 11.25
    },
    {
      "joint": "/partnet_4a4f0713fbabb6e514b35a7d7cea7130/joints/joint_3",
      "drive": "angular",
      "damping": 735.0,
      "stiffness": 0.0,
      "max_force": 11.25
    }
  ],
  "dynamics_layer": "/home/ubuntu/workspace/physvla_sim/datasets/data_normalized/Dishwasher_urdf/12484/configuration/fitr_info1_physics.usd",
  "affordance_links": [
    "/partnet_4a4f0713fbabb6e514b35a7d7cea7130/door_1",
    "/partnet_4a4f0713fbabb6e514b35a7d7cea7130/door_2"
  ]
}
2026-07-15T12:02:14Z [2,340ms] [Warning] [gpu.foundation.plugin] IOMMU is enabled.
2026-07-15T12:02:14Z [2,461ms] [Warning] [omni.usd] Warning: in _ReportErrors at line 3172 of /builds/omniverse/usd-ci/USD/pxr/usd/usd/stage.cpp -- In </partnet_4a4f0713fbabb6e514b35a7d7cea7130/base/visuals>: Unresolved reference prim path @/home/ubuntu/workspace/physvla_sim/datasets/data_normalized/Dishwasher_urdf/12484/configuration/fitr_info1_base.usd@</visuals/base> introduced by @/home/ubuntu/workspace/physvla_sim/datasets/data_normalized/Dishwasher_urdf/12484/configuration/fitr_info1_base.usd@</partnet_4a4f0713fbabb6e514b35a7d7cea7130/base/visuals> (instantiating stage on stage @/home/ubuntu/workspace/physvla_sim/datasets/data_normalized/Dishwasher_urdf/12484/configuration/fitr_info1_base.usd@ <0x794db9e1b420>)

2026-07-15T12:02:14Z [2,465ms] [Warning] [omni.usd] Warning: in _ReportErrors at line 3172 of /builds/omniverse/usd-ci/USD/pxr/usd/usd/stage.cpp -- In </partnet_4a4f0713fbabb6e514b35a7d7cea7130/base/visuals>: Unresolved reference prim path @/home/ubuntu/workspace/physvla_sim/datasets/data_normalized/Dishwasher_urdf/12484/configuration/fitr_info1_physics.usd@</visuals/base> introduced by @/home/ubuntu/workspace/physvla_sim/datasets/data_normalized/Dishwasher_urdf/12484/configuration/fitr_info1_base.usd@</partnet_4a4f0713fbabb6e514b35a7d7cea7130/base/visuals> (instantiating stage on stage @/home/ubuntu/workspace/physvla_sim/datasets/data_normalized/Dishwasher_urdf/12484/configuration/fitr_info1_physics.usd@ <0x3e4df8f0>)

2026-07-15T12:02:14Z [2,467ms] [Warning] [omni.usd] Warning: in _ReportErrors at line 3172 of /builds/omniverse/usd-ci/USD/pxr/usd/usd/stage.cpp -- In </partnet_4a4f0713fbabb6e514b35a7d7cea7130/base/visuals>: Unresolved reference prim path @/home/ubuntu/workspace/physvla_sim/datasets/data_normalized/Dishwasher_urdf/12484/configuration/fitr_info1_physics.usd@</visuals/base> introduced by @/home/ubuntu/workspace/physvla_sim/datasets/data_normalized/Dishwasher_urdf/12484/configuration/fitr_info1_base.usd@</partnet_4a4f0713fbabb6e514b35a7d7cea7130/base/visuals> (instantiating stage on stage @/home/ubuntu/workspace/physvla_sim/datasets/data_normalized/Dishwasher_urdf/12484/fitr_info1.usd@ <0x4034e910>)

[OK] Dishwasher_urdf/12484
[RUN] Dishwasher_urdf/12542
Loading user config located at: '/home/ubuntu/isaacsim/kit/data/Kit/Isaac-Sim/5.1/user.config.json'
[Info] [carb] Logging to file: /home/ubuntu/isaacsim/kit/logs/Kit/Isaac-Sim/5.1/kit_20260715_200215.log
2026-07-15T12:02:15Z [0ms] [Warning] [carb.crashreporter-breakpad.plugin] [previous crash] preventing upload of minidump due to user opt-out: '/home/ubuntu/isaacsim/kit/data/Kit/Isaac-Sim/5.1/0d81a4fd-59cb-4157-42d97b80-310afb82.dmp'
2026-07-15T12:02:15Z [0ms] [Warning] [carb.crashreporter-breakpad.plugin] [previous crash] preventing upload of minidump due to user opt-out: '/home/ubuntu/isaacsim/kit/data/Kit/Isaac-Sim/5.1/7efeb785-3cdd-476a-8fc91ca3-38a85c81.dmp'
2026-07-15T12:02:15Z [0ms] [Warning] [carb.crashreporter-breakpad.plugin] [previous crash] preventing upload of minidump due to user opt-out: '/home/ubuntu/isaacsim/kit/data/Kit/Isaac-Sim/5.1/0ec06837-edee-4570-b459bb9b-e409ca73.dmp'
2026-07-15T12:02:15Z [0ms] [Warning] [carb.crashreporter-breakpad.plugin] [previous crash] preventing upload of minidump due to user opt-out: '/home/ubuntu/isaacsim/kit/data/Kit/Isaac-Sim/5.1/846da064-407f-481c-dab18ea9-9788aefc.dmp'
2026-07-15T12:02:15Z [0ms] [Warning] [carb.crashreporter-breakpad.plugin] [previous crash] preventing upload of minidump due to user opt-out: '/home/ubuntu/isaacsim/kit/data/Kit/Isaac-Sim/5.1/7674058d-a5ef-457b-61399da4-1924f871.dmp'
2026-07-15T12:02:15Z [1ms] [Warning] [carb.crashreporter-breakpad.plugin] [previous crash] preventing upload of minidump due to user opt-out: '/home/ubuntu/isaacsim/kit/data/Kit/Isaac-Sim/5.1/0dbca6de-81d5-44e8-85c7eba5-c7ac64b6.dmp'
2026-07-15T12:02:15Z [1ms] [Warning] [carb.crashreporter-breakpad.plugin] [previous crash] preventing upload of minidump due to user opt-out: '/home/ubuntu/isaacsim/kit/data/Kit/Isaac-Sim/5.1/96b6ea33-a47b-4c84-2d7408a6-bc8b64a8.dmp'
2026-07-15T12:02:15Z [181ms] [Warning] [omni.platforminfo.plugin] failed to open the default display.  Can't verify X Server version.
2026-07-15T12:02:15Z [182ms] [Warning] [omni.usd_config.extension] Enable omni.materialx.libs extension to use MaterialX
2026-07-15T12:02:15Z [467ms] [Warning] [carb] Acquiring non optional plugin interface which is not listed as dependency: [omni::physx::IPhysxBenchmarks v1.0] (plugin: <default plugin>), by client: omni.physics.physx.plugin. Add it to CARB_PLUGIN_IMPL_DEPS() macro of a client.
2026-07-15T12:02:15Z [602ms] [Warning] [omni.isaac.dynamic_control] omni.isaac.dynamic_control is deprecated as of Isaac Sim 4.5. No action is needed from end-users.

|---------------------------------------------------------------------------------------------|
| Driver Version: 580.142       | Graphics API: Vulkan
|=============================================================================================|
| GPU | Name                             | Active | LDA | GPU Memory | Vendor-ID | LUID       |
|     |                                  |        |     |            | Device-ID | UUID       |
|     |                                  |        |     |            | Bus-ID    |            |
|---------------------------------------------------------------------------------------------|
| 0   | NVIDIA GeForce RTX 5090 D v2     | Yes: 0 |     | 24701   MB | 10de      | 0          |
|     |                                  |        |     |            | 2b8c      | 5f3d0dc0.. |
|     |                                  |        |     |            | 1         |            |
|=============================================================================================|
| OS: 24.04.3 LTS (Noble Numbat) ubuntu, Version: 24.04.3, Kernel: 6.17.0-1017-oem
| Processor: Intel(R) Core(TM) i9-14900K
| Cores: 24 | Logical Cores: 32
|---------------------------------------------------------------------------------------------|
| Total Memory (MB): 64063 | Free Memory: 53849
| Total Page/Swap (MB): 8191 | Free Page/Swap: 8191
|---------------------------------------------------------------------------------------------|
2026-07-15T12:02:17Z [2,598ms] [Warning] [gpu.foundation.plugin] CPU performance profile is set to powersave. This profile sets the CPU to the lowest frequency reducing performance.
2026-07-15T12:02:17Z [2,606ms] [Warning] [gpu.foundation.plugin] IOMMU is enabled.
2026-07-15T12:02:18Z [2,746ms] [Warning] [carb.windowing-glfw.plugin] GLFW initialization failed.
2026-07-15T12:02:18Z [2,746ms] [Warning] [carb] Failed to startup plugin carb.windowing-glfw.plugin (interfaces: [carb::windowing::IGLContext v1.0],[carb::windowing::IWindowing v1.5]) (impl: carb.windowing-glfw.plugin)

|---------------------------------------------------------------------------------------------|
| Driver Version: 580.142       | Graphics API: Vulkan
|=============================================================================================|
| GPU | Name                             | Active | LDA | GPU Memory | Vendor-ID | LUID       |
|     |                                  |        |     |            | Device-ID | UUID       |
|     |                                  |        |     |            | Bus-ID    |            |
|---------------------------------------------------------------------------------------------|
| 0   | NVIDIA GeForce RTX 5090 D v2     | Yes: 0 |     | 24701   MB | 10de      | 0          |
|     |                                  |        |     |            | 2b8c      | 5f3d0dc0.. |
|     |                                  |        |     |            | 1         |            |
|=============================================================================================|
| OS: 24.04.3 LTS (Noble Numbat) ubuntu, Version: 24.04.3, Kernel: 6.17.0-1017-oem
| Processor: Intel(R) Core(TM) i9-14900K
| Cores: 24 | Logical Cores: 32
|---------------------------------------------------------------------------------------------|
| Total Memory (MB): 64063 | Free Memory: 53643
| Total Page/Swap (MB): 8191 | Free Page/Swap: 8191
|---------------------------------------------------------------------------------------------|
2026-07-15T12:02:18Z [2,978ms] [Warning] [gpu.foundation.plugin] CPU performance profile is set to powersave. This profile sets the CPU to the lowest frequency reducing performance.
2026-07-15T12:02:18Z [2,978ms] [Warning] [gpu.foundation.plugin] IOMMU is enabled.
2026-07-15T12:02:18Z [3,192ms] [Warning] [carb.windowing-glfw.plugin] GLFW initialization failed.
2026-07-15T12:02:18Z [3,192ms] [Warning] [carb] Failed to startup plugin carb.windowing-glfw.plugin (interfaces: [carb::windowing::IGLContext v1.0],[carb::windowing::IWindowing v1.5]) (impl: carb.windowing-glfw.plugin)
2026-07-15T12:02:18Z [3,205ms] [Warning] [carb.windowing-glfw.plugin] GLFW initialization failed.
2026-07-15T12:02:18Z [3,205ms] [Warning] [carb] Failed to startup plugin carb.windowing-glfw.plugin (interfaces: [carb::windowing::IGLContext v1.0],[carb::windowing::IWindowing v1.5]) (impl: carb.windowing-glfw.plugin)
2026-07-15T12:02:18Z [3,210ms] [Warning] [carb.windowing-glfw.plugin] GLFW initialization failed.
2026-07-15T12:02:18Z [3,210ms] [Warning] [carb] Failed to startup plugin carb.windowing-glfw.plugin (interfaces: [carb::windowing::IGLContext v1.0],[carb::windowing::IWindowing v1.5]) (impl: carb.windowing-glfw.plugin)
2026-07-15T12:02:18Z [3,215ms] [Warning] [carb.windowing-glfw.plugin] GLFW initialization failed.
2026-07-15T12:02:18Z [3,215ms] [Warning] [carb] Failed to startup plugin carb.windowing-glfw.plugin (interfaces: [carb::windowing::IGLContext v1.0],[carb::windowing::IWindowing v1.5]) (impl: carb.windowing-glfw.plugin)
2026-07-15T12:02:18Z [3,216ms] [Warning] [carb.windowing-glfw.plugin] GLFW initialization failed.
2026-07-15T12:02:18Z [3,216ms] [Warning] [carb] Failed to startup plugin carb.windowing-glfw.plugin (interfaces: [carb::windowing::IGLContext v1.0],[carb::windowing::IWindowing v1.5]) (impl: carb.windowing-glfw.plugin)
2026-07-15T12:02:18Z [3,216ms] [Warning] [carb.windowing-glfw.plugin] GLFW initialization failed.
2026-07-15T12:02:18Z [3,216ms] [Warning] [carb] Failed to startup plugin carb.windowing-glfw.plugin (interfaces: [carb::windowing::IGLContext v1.0],[carb::windowing::IWindowing v1.5]) (impl: carb.windowing-glfw.plugin)
2026-07-15T12:02:18Z [3,460ms] [Warning] [omni.graph.visualization.nodes._impl.extension] No Viewport Window to add omni.graph.visualization.nodes-2.1.3 scene to
2026-07-15T12:02:18Z [3,548ms] [Warning] [isaacsim.asset.importer.urdf] The path partnet_65862adb-f5d0-4358-8e75-d0324e4c4cdc is not a valid usd path, modifying to partnet_65862adb_f5d0_4358_8e75_d0324e4c4cdc
2026-07-15T12:02:18Z [3,562ms] [Warning] [isaacsim.asset.importer.urdf] No mass specified for link base
2026-07-15T12:02:18Z [3,562ms] [Warning] [omni.usd] Warning: in _ReportErrors at line 3172 of /builds/omniverse/usd-ci/USD/pxr/usd/usd/stage.cpp -- In </partnet_65862adb_f5d0_4358_8e75_d0324e4c4cdc/base/visuals>: Unresolved reference prim path @/home/ubuntu/workspace/physvla_sim/datasets/data_normalized/Dishwasher_urdf/12542/configuration/fitr_info1_physics.usd@</visuals/base> introduced by @/home/ubuntu/workspace/physvla_sim/datasets/data_normalized/Dishwasher_urdf/12542/configuration/fitr_info1_base.usd@</partnet_65862adb_f5d0_4358_8e75_d0324e4c4cdc/base/visuals> (recomposing stage on stage @/home/ubuntu/workspace/physvla_sim/datasets/data_normalized/Dishwasher_urdf/12542/configuration/fitr_info1_physics.usd@ <0x205fc8e0>)

2026-07-15T12:02:18Z [3,562ms] [Warning] [omni.usd] Warning: in _ReportErrors at line 3172 of /builds/omniverse/usd-ci/USD/pxr/usd/usd/stage.cpp -- In </partnet_65862adb_f5d0_4358_8e75_d0324e4c4cdc/base/visuals>: Unresolved reference prim path @/home/ubuntu/workspace/physvla_sim/datasets/data_normalized/Dishwasher_urdf/12542/fitr_info1.usd@</visuals/base> introduced by @/home/ubuntu/workspace/physvla_sim/datasets/data_normalized/Dishwasher_urdf/12542/configuration/fitr_info1_base.usd@</partnet_65862adb_f5d0_4358_8e75_d0324e4c4cdc/base/visuals> (recomposing stage on stage @/home/ubuntu/workspace/physvla_sim/datasets/data_normalized/Dishwasher_urdf/12542/fitr_info1.usd@ <0x205e91f0>)

2026-07-15T12:02:18Z [3,562ms] [Warning] [omni.usd] Warning: in _ReportErrors at line 3172 of /builds/omniverse/usd-ci/USD/pxr/usd/usd/stage.cpp -- In </partnet_65862adb_f5d0_4358_8e75_d0324e4c4cdc/base/visuals>: Unresolved reference prim path @/home/ubuntu/workspace/physvla_sim/datasets/data_normalized/Dishwasher_urdf/12542/fitr_info1.usd@</visuals/base> introduced by @/home/ubuntu/workspace/physvla_sim/datasets/data_normalized/Dishwasher_urdf/12542/configuration/fitr_info1_base.usd@</partnet_65862adb_f5d0_4358_8e75_d0324e4c4cdc/base/visuals> (recomposing stage on stage @/home/ubuntu/workspace/physvla_sim/datasets/data_normalized/Dishwasher_urdf/12542/fitr_info1.usd@ <0x205e4c30>)

2026-07-15T12:02:18Z [3,562ms] [Warning] [omni.usd] Warning: in _ReportErrors at line 3172 of /builds/omniverse/usd-ci/USD/pxr/usd/usd/stage.cpp -- In </partnet_65862adb_f5d0_4358_8e75_d0324e4c4cdc/base/visuals>: Unresolved reference prim path @/home/ubuntu/workspace/physvla_sim/datasets/data_normalized/Dishwasher_urdf/12542/configuration/fitr_info1_base.usd@</visuals/base> introduced by @/home/ubuntu/workspace/physvla_sim/datasets/data_normalized/Dishwasher_urdf/12542/configuration/fitr_info1_base.usd@</partnet_65862adb_f5d0_4358_8e75_d0324e4c4cdc/base/visuals> (recomposing stage on stage @/home/ubuntu/workspace/physvla_sim/datasets/data_normalized/Dishwasher_urdf/12542/configuration/fitr_info1_base.usd@ <0x206061f0>)

2026-07-15T12:02:18Z [3,562ms] [Warning] [omni.usd] Warning: in _ReportErrors at line 3172 of /builds/omniverse/usd-ci/USD/pxr/usd/usd/stage.cpp -- In </partnet_65862adb_f5d0_4358_8e75_d0324e4c4cdc/base/visuals>: Unresolved reference prim path @/home/ubuntu/workspace/physvla_sim/datasets/data_normalized/Dishwasher_urdf/12542/configuration/fitr_info1_physics.usd@</visuals/base> introduced by @/home/ubuntu/workspace/physvla_sim/datasets/data_normalized/Dishwasher_urdf/12542/configuration/fitr_info1_base.usd@</partnet_65862adb_f5d0_4358_8e75_d0324e4c4cdc/base/visuals> (recomposing stage on stage @/home/ubuntu/workspace/physvla_sim/datasets/data_normalized/Dishwasher_urdf/12542/configuration/fitr_info1_physics.usd@ <0x205fc8e0>)

2026-07-15T12:02:18Z [3,562ms] [Warning] [omni.usd] Warning: in _ReportErrors at line 3172 of /builds/omniverse/usd-ci/USD/pxr/usd/usd/stage.cpp -- In </partnet_65862adb_f5d0_4358_8e75_d0324e4c4cdc/base/visuals>: Unresolved reference prim path @/home/ubuntu/workspace/physvla_sim/datasets/data_normalized/Dishwasher_urdf/12542/fitr_info1.usd@</visuals/base> introduced by @/home/ubuntu/workspace/physvla_sim/datasets/data_normalized/Dishwasher_urdf/12542/configuration/fitr_info1_base.usd@</partnet_65862adb_f5d0_4358_8e75_d0324e4c4cdc/base/visuals> (recomposing stage on stage @/home/ubuntu/workspace/physvla_sim/datasets/data_normalized/Dishwasher_urdf/12542/fitr_info1.usd@ <0x205e91f0>)

2026-07-15T12:02:18Z [3,562ms] [Warning] [omni.usd] Warning: in _ReportErrors at line 3172 of /builds/omniverse/usd-ci/USD/pxr/usd/usd/stage.cpp -- In </partnet_65862adb_f5d0_4358_8e75_d0324e4c4cdc/base/visuals>: Unresolved reference prim path @/home/ubuntu/workspace/physvla_sim/datasets/data_normalized/Dishwasher_urdf/12542/fitr_info1.usd@</visuals/base> introduced by @/home/ubuntu/workspace/physvla_sim/datasets/data_normalized/Dishwasher_urdf/12542/configuration/fitr_info1_base.usd@</partnet_65862adb_f5d0_4358_8e75_d0324e4c4cdc/base/visuals> (recomposing stage on stage @/home/ubuntu/workspace/physvla_sim/datasets/data_normalized/Dishwasher_urdf/12542/fitr_info1.usd@ <0x205e4c30>)

2026-07-15T12:02:18Z [3,562ms] [Warning] [omni.usd] Warning: in _ReportErrors at line 3172 of /builds/omniverse/usd-ci/USD/pxr/usd/usd/stage.cpp -- In </partnet_65862adb_f5d0_4358_8e75_d0324e4c4cdc/base/visuals>: Unresolved reference prim path @/home/ubuntu/workspace/physvla_sim/datasets/data_normalized/Dishwasher_urdf/12542/configuration/fitr_info1_base.usd@</visuals/base> introduced by @/home/ubuntu/workspace/physvla_sim/datasets/data_normalized/Dishwasher_urdf/12542/configuration/fitr_info1_base.usd@</partnet_65862adb_f5d0_4358_8e75_d0324e4c4cdc/base/visuals> (recomposing stage on stage @/home/ubuntu/workspace/physvla_sim/datasets/data_normalized/Dishwasher_urdf/12542/configuration/fitr_info1_base.usd@ <0x206061f0>)

2026-07-15T12:02:18Z [3,563ms] [Warning] [isaacsim.asset.importer.urdf] Link base has no colliders, and no inertia was imported; assigning a small isotropic inertia matrix
2026-07-15T12:02:18Z [3,563ms] [Warning] [isaacsim.asset.importer.urdf] No mass specified for link body
2026-07-15T12:02:19Z [3,669ms] [Warning] [isaacsim.asset.importer.urdf] No mass specified for link body__dup1
2026-07-15T12:02:19Z [3,686ms] [Warning] [omni.usd] Warning: in _ReportErrors at line 3172 of /builds/omniverse/usd-ci/USD/pxr/usd/usd/stage.cpp -- In </partnet_65862adb_f5d0_4358_8e75_d0324e4c4cdc/base/visuals>: Unresolved reference prim path @/home/ubuntu/workspace/physvla_sim/datasets/data_normalized/Dishwasher_urdf/12542/configuration/fitr_info1_base.usd@</visuals/base> introduced by @/home/ubuntu/workspace/physvla_sim/datasets/data_normalized/Dishwasher_urdf/12542/configuration/fitr_info1_base.usd@</partnet_65862adb_f5d0_4358_8e75_d0324e4c4cdc/base/visuals> (recomposing stage on stage @/home/ubuntu/workspace/physvla_sim/datasets/data_normalized/Dishwasher_urdf/12542/fitr_info1.usd@ <0x205e91f0>)

2026-07-15T12:02:19Z [3,687ms] [Warning] [omni.usd] Warning: in _ReportErrors at line 3172 of /builds/omniverse/usd-ci/USD/pxr/usd/usd/stage.cpp -- In </partnet_65862adb_f5d0_4358_8e75_d0324e4c4cdc/base/visuals>: Unresolved reference prim path @/home/ubuntu/workspace/physvla_sim/datasets/data_normalized/Dishwasher_urdf/12542/configuration/fitr_info1_base.usd@</visuals/base> introduced by @/home/ubuntu/workspace/physvla_sim/datasets/data_normalized/Dishwasher_urdf/12542/configuration/fitr_info1_base.usd@</partnet_65862adb_f5d0_4358_8e75_d0324e4c4cdc/base/visuals> (recomposing stage on stage @/home/ubuntu/workspace/physvla_sim/datasets/data_normalized/Dishwasher_urdf/12542/fitr_info1.usd@ <0x205e4c30>)

2026-07-15T12:02:19Z [3,688ms] [Warning] [omni.usd] Warning: in _ReportErrors at line 3172 of /builds/omniverse/usd-ci/USD/pxr/usd/usd/stage.cpp -- In </partnet_65862adb_f5d0_4358_8e75_d0324e4c4cdc/base/visuals>: Unresolved reference prim path @/home/ubuntu/workspace/physvla_sim/datasets/data_normalized/Dishwasher_urdf/12542/configuration/fitr_info1_physics.usd@</visuals/base> introduced by @/home/ubuntu/workspace/physvla_sim/datasets/data_normalized/Dishwasher_urdf/12542/configuration/fitr_info1_base.usd@</partnet_65862adb_f5d0_4358_8e75_d0324e4c4cdc/base/visuals> (recomposing stage on stage @/home/ubuntu/workspace/physvla_sim/datasets/data_normalized/Dishwasher_urdf/12542/fitr_info1.usd@ <0x205e91f0>)

2026-07-15T12:02:19Z [3,689ms] [Warning] [omni.usd] Warning: in _ReportErrors at line 3172 of /builds/omniverse/usd-ci/USD/pxr/usd/usd/stage.cpp -- In </partnet_65862adb_f5d0_4358_8e75_d0324e4c4cdc/base/visuals>: Unresolved reference prim path @/home/ubuntu/workspace/physvla_sim/datasets/data_normalized/Dishwasher_urdf/12542/configuration/fitr_info1_physics.usd@</visuals/base> introduced by @/home/ubuntu/workspace/physvla_sim/datasets/data_normalized/Dishwasher_urdf/12542/configuration/fitr_info1_base.usd@</partnet_65862adb_f5d0_4358_8e75_d0324e4c4cdc/base/visuals> (recomposing stage on stage @/home/ubuntu/workspace/physvla_sim/datasets/data_normalized/Dishwasher_urdf/12542/fitr_info1.usd@ <0x205e4c30>)

2026-07-15T12:02:19Z [3,690ms] [Warning] [omni.usd] Warning: in _ReportErrors at line 3172 of /builds/omniverse/usd-ci/USD/pxr/usd/usd/stage.cpp -- In </partnet_65862adb_f5d0_4358_8e75_d0324e4c4cdc/base/visuals>: Unresolved reference prim path @/home/ubuntu/workspace/physvla_sim/datasets/data_normalized/Dishwasher_urdf/12542/configuration/fitr_info1_physics.usd@</visuals/base> introduced by @/home/ubuntu/workspace/physvla_sim/datasets/data_normalized/Dishwasher_urdf/12542/configuration/fitr_info1_base.usd@</partnet_65862adb_f5d0_4358_8e75_d0324e4c4cdc/base/visuals> (recomposing stage on stage @/home/ubuntu/workspace/physvla_sim/datasets/data_normalized/Dishwasher_urdf/12542/fitr_info1.usd@ <0x205e91f0>)

2026-07-15T12:02:19Z [3,691ms] [Warning] [omni.usd] Warning: in _ReportErrors at line 3172 of /builds/omniverse/usd-ci/USD/pxr/usd/usd/stage.cpp -- In </partnet_65862adb_f5d0_4358_8e75_d0324e4c4cdc/base/visuals>: Unresolved reference prim path @/home/ubuntu/workspace/physvla_sim/datasets/data_normalized/Dishwasher_urdf/12542/configuration/fitr_info1_physics.usd@</visuals/base> introduced by @/home/ubuntu/workspace/physvla_sim/datasets/data_normalized/Dishwasher_urdf/12542/configuration/fitr_info1_base.usd@</partnet_65862adb_f5d0_4358_8e75_d0324e4c4cdc/base/visuals> (recomposing stage on stage @/home/ubuntu/workspace/physvla_sim/datasets/data_normalized/Dishwasher_urdf/12542/fitr_info1.usd@ <0x205e4c30>)

2026-07-15T12:02:19Z [3,691ms] [Warning] [omni.usd] Warning: in _ReportErrors at line 3172 of /builds/omniverse/usd-ci/USD/pxr/usd/usd/stage.cpp -- In </partnet_65862adb_f5d0_4358_8e75_d0324e4c4cdc/base/visuals>: Unresolved reference prim path @/home/ubuntu/workspace/physvla_sim/datasets/data_normalized/Dishwasher_urdf/12542/configuration/fitr_info1_physics.usd@</visuals/base> introduced by @/home/ubuntu/workspace/physvla_sim/datasets/data_normalized/Dishwasher_urdf/12542/configuration/fitr_info1_base.usd@</partnet_65862adb_f5d0_4358_8e75_d0324e4c4cdc/base/visuals> (recomposing stage on stage @/home/ubuntu/workspace/physvla_sim/datasets/data_normalized/Dishwasher_urdf/12542/fitr_info1.usd@ <0x205e91f0>)

2026-07-15T12:02:19Z [3,692ms] [Warning] [omni.usd] Warning: in _ReportErrors at line 3172 of /builds/omniverse/usd-ci/USD/pxr/usd/usd/stage.cpp -- In </partnet_65862adb_f5d0_4358_8e75_d0324e4c4cdc/base/visuals>: Unresolved reference prim path @/home/ubuntu/workspace/physvla_sim/datasets/data_normalized/Dishwasher_urdf/12542/configuration/fitr_info1_physics.usd@</visuals/base> introduced by @/home/ubuntu/workspace/physvla_sim/datasets/data_normalized/Dishwasher_urdf/12542/configuration/fitr_info1_base.usd@</partnet_65862adb_f5d0_4358_8e75_d0324e4c4cdc/base/visuals> (recomposing stage on stage @/home/ubuntu/workspace/physvla_sim/datasets/data_normalized/Dishwasher_urdf/12542/fitr_info1.usd@ <0x205e4c30>)

2026-07-15T12:02:19Z [3,693ms] [Warning] [omni.usd] Warning: in _ReportErrors at line 3172 of /builds/omniverse/usd-ci/USD/pxr/usd/usd/stage.cpp -- In </partnet_65862adb_f5d0_4358_8e75_d0324e4c4cdc/base/visuals>: Unresolved reference prim path @/home/ubuntu/workspace/physvla_sim/datasets/data_normalized/Dishwasher_urdf/12542/configuration/fitr_info1_physics.usd@</visuals/base> introduced by @/home/ubuntu/workspace/physvla_sim/datasets/data_normalized/Dishwasher_urdf/12542/configuration/fitr_info1_base.usd@</partnet_65862adb_f5d0_4358_8e75_d0324e4c4cdc/base/visuals> (recomposing stage on stage @/home/ubuntu/workspace/physvla_sim/datasets/data_normalized/Dishwasher_urdf/12542/fitr_info1.usd@ <0x205e91f0>)

2026-07-15T12:02:19Z [3,694ms] [Warning] [omni.usd] Warning: in _ReportErrors at line 3172 of /builds/omniverse/usd-ci/USD/pxr/usd/usd/stage.cpp -- In </partnet_65862adb_f5d0_4358_8e75_d0324e4c4cdc/base/visuals>: Unresolved reference prim path @/home/ubuntu/workspace/physvla_sim/datasets/data_normalized/Dishwasher_urdf/12542/configuration/fitr_info1_physics.usd@</visuals/base> introduced by @/home/ubuntu/workspace/physvla_sim/datasets/data_normalized/Dishwasher_urdf/12542/configuration/fitr_info1_base.usd@</partnet_65862adb_f5d0_4358_8e75_d0324e4c4cdc/base/visuals> (recomposing stage on stage @/home/ubuntu/workspace/physvla_sim/datasets/data_normalized/Dishwasher_urdf/12542/fitr_info1.usd@ <0x205e4c30>)

2026-07-15T12:02:19Z [3,695ms] [Warning] [omni.usd] Warning: in _ReportErrors at line 3172 of /builds/omniverse/usd-ci/USD/pxr/usd/usd/stage.cpp -- In </partnet_65862adb_f5d0_4358_8e75_d0324e4c4cdc/base/visuals>: Unresolved reference prim path @/home/ubuntu/workspace/physvla_sim/datasets/data_normalized/Dishwasher_urdf/12542/configuration/fitr_info1_physics.usd@</visuals/base> introduced by @/home/ubuntu/workspace/physvla_sim/datasets/data_normalized/Dishwasher_urdf/12542/configuration/fitr_info1_base.usd@</partnet_65862adb_f5d0_4358_8e75_d0324e4c4cdc/base/visuals> (recomposing stage on stage @/home/ubuntu/workspace/physvla_sim/datasets/data_normalized/Dishwasher_urdf/12542/fitr_info1.usd@ <0x205e91f0>)

2026-07-15T12:02:19Z [3,696ms] [Warning] [omni.usd] Warning: in _ReportErrors at line 3172 of /builds/omniverse/usd-ci/USD/pxr/usd/usd/stage.cpp -- In </partnet_65862adb_f5d0_4358_8e75_d0324e4c4cdc/base/visuals>: Unresolved reference prim path @/home/ubuntu/workspace/physvla_sim/datasets/data_normalized/Dishwasher_urdf/12542/configuration/fitr_info1_physics.usd@</visuals/base> introduced by @/home/ubuntu/workspace/physvla_sim/datasets/data_normalized/Dishwasher_urdf/12542/configuration/fitr_info1_base.usd@</partnet_65862adb_f5d0_4358_8e75_d0324e4c4cdc/base/visuals> (recomposing stage on stage @/home/ubuntu/workspace/physvla_sim/datasets/data_normalized/Dishwasher_urdf/12542/fitr_info1.usd@ <0x205e4c30>)

2026-07-15T12:02:19Z [3,696ms] [Warning] [omni.usd] Warning: in _ReportErrors at line 3172 of /builds/omniverse/usd-ci/USD/pxr/usd/usd/stage.cpp -- In </partnet_65862adb_f5d0_4358_8e75_d0324e4c4cdc/base/visuals>: Unresolved reference prim path @/home/ubuntu/workspace/physvla_sim/datasets/data_normalized/Dishwasher_urdf/12542/configuration/fitr_info1_physics.usd@</visuals/base> introduced by @/home/ubuntu/workspace/physvla_sim/datasets/data_normalized/Dishwasher_urdf/12542/configuration/fitr_info1_base.usd@</partnet_65862adb_f5d0_4358_8e75_d0324e4c4cdc/base/visuals> (recomposing stage on stage @/home/ubuntu/workspace/physvla_sim/datasets/data_normalized/Dishwasher_urdf/12542/fitr_info1.usd@ <0x205e91f0>)

2026-07-15T12:02:19Z [3,697ms] [Warning] [omni.usd] Warning: in _ReportErrors at line 3172 of /builds/omniverse/usd-ci/USD/pxr/usd/usd/stage.cpp -- In </partnet_65862adb_f5d0_4358_8e75_d0324e4c4cdc/base/visuals>: Unresolved reference prim path @/home/ubuntu/workspace/physvla_sim/datasets/data_normalized/Dishwasher_urdf/12542/configuration/fitr_info1_physics.usd@</visuals/base> introduced by @/home/ubuntu/workspace/physvla_sim/datasets/data_normalized/Dishwasher_urdf/12542/configuration/fitr_info1_base.usd@</partnet_65862adb_f5d0_4358_8e75_d0324e4c4cdc/base/visuals> (recomposing stage on stage @/home/ubuntu/workspace/physvla_sim/datasets/data_normalized/Dishwasher_urdf/12542/fitr_info1.usd@ <0x205e4c30>)

2026-07-15T12:02:19Z [3,698ms] [Warning] [omni.usd] Warning: in _ReportErrors at line 3172 of /builds/omniverse/usd-ci/USD/pxr/usd/usd/stage.cpp -- In </partnet_65862adb_f5d0_4358_8e75_d0324e4c4cdc/base/visuals>: Unresolved reference prim path @/home/ubuntu/workspace/physvla_sim/datasets/data_normalized/Dishwasher_urdf/12542/configuration/fitr_info1_physics.usd@</visuals/base> introduced by @/home/ubuntu/workspace/physvla_sim/datasets/data_normalized/Dishwasher_urdf/12542/configuration/fitr_info1_base.usd@</partnet_65862adb_f5d0_4358_8e75_d0324e4c4cdc/base/visuals> (recomposing stage on stage @/home/ubuntu/workspace/physvla_sim/datasets/data_normalized/Dishwasher_urdf/12542/fitr_info1.usd@ <0x205e91f0>)

2026-07-15T12:02:19Z [3,699ms] [Warning] [omni.usd] Warning: in _ReportErrors at line 3172 of /builds/omniverse/usd-ci/USD/pxr/usd/usd/stage.cpp -- In </partnet_65862adb_f5d0_4358_8e75_d0324e4c4cdc/base/visuals>: Unresolved reference prim path @/home/ubuntu/workspace/physvla_sim/datasets/data_normalized/Dishwasher_urdf/12542/configuration/fitr_info1_physics.usd@</visuals/base> introduced by @/home/ubuntu/workspace/physvla_sim/datasets/data_normalized/Dishwasher_urdf/12542/configuration/fitr_info1_base.usd@</partnet_65862adb_f5d0_4358_8e75_d0324e4c4cdc/base/visuals> (recomposing stage on stage @/home/ubuntu/workspace/physvla_sim/datasets/data_normalized/Dishwasher_urdf/12542/fitr_info1.usd@ <0x205e4c30>)

Loading user config located at: '/home/ubuntu/isaacsim/kit/data/Kit/Isaac-Sim/5.1/user.config.json'
[Info] [carb] Logging to file: /home/ubuntu/isaacsim/kit/logs/Kit/Isaac-Sim/5.1/kit_20260715_200219.log
2026-07-15T12:02:19Z [0ms] [Warning] [carb.crashreporter-breakpad.plugin] [previous crash] preventing upload of minidump due to user opt-out: '/home/ubuntu/isaacsim/kit/data/Kit/Isaac-Sim/5.1/0d81a4fd-59cb-4157-42d97b80-310afb82.dmp'
2026-07-15T12:02:19Z [0ms] [Warning] [carb.crashreporter-breakpad.plugin] [previous crash] preventing upload of minidump due to user opt-out: '/home/ubuntu/isaacsim/kit/data/Kit/Isaac-Sim/5.1/7efeb785-3cdd-476a-8fc91ca3-38a85c81.dmp'
2026-07-15T12:02:19Z [0ms] [Warning] [carb.crashreporter-breakpad.plugin] [previous crash] preventing upload of minidump due to user opt-out: '/home/ubuntu/isaacsim/kit/data/Kit/Isaac-Sim/5.1/0ec06837-edee-4570-b459bb9b-e409ca73.dmp'
2026-07-15T12:02:19Z [0ms] [Warning] [carb.crashreporter-breakpad.plugin] [previous crash] preventing upload of minidump due to user opt-out: '/home/ubuntu/isaacsim/kit/data/Kit/Isaac-Sim/5.1/846da064-407f-481c-dab18ea9-9788aefc.dmp'
2026-07-15T12:02:19Z [0ms] [Warning] [carb.crashreporter-breakpad.plugin] [previous crash] preventing upload of minidump due to user opt-out: '/home/ubuntu/isaacsim/kit/data/Kit/Isaac-Sim/5.1/7674058d-a5ef-457b-61399da4-1924f871.dmp'
2026-07-15T12:02:19Z [0ms] [Warning] [carb.crashreporter-breakpad.plugin] [previous crash] preventing upload of minidump due to user opt-out: '/home/ubuntu/isaacsim/kit/data/Kit/Isaac-Sim/5.1/0dbca6de-81d5-44e8-85c7eba5-c7ac64b6.dmp'
2026-07-15T12:02:19Z [0ms] [Warning] [carb.crashreporter-breakpad.plugin] [previous crash] preventing upload of minidump due to user opt-out: '/home/ubuntu/isaacsim/kit/data/Kit/Isaac-Sim/5.1/96b6ea33-a47b-4c84-2d7408a6-bc8b64a8.dmp'
2026-07-15T12:02:19Z [182ms] [Warning] [omni.usd_config.extension] Enable omni.materialx.libs extension to use MaterialX
2026-07-15T12:02:19Z [185ms] [Warning] [omni.platforminfo.plugin] failed to open the default display.  Can't verify X Server version.
2026-07-15T12:02:19Z [456ms] [Warning] [carb] Acquiring non optional plugin interface which is not listed as dependency: [omni::physx::IPhysxBenchmarks v1.0] (plugin: <default plugin>), by client: omni.physics.physx.plugin. Add it to CARB_PLUGIN_IMPL_DEPS() macro of a client.
2026-07-15T12:02:20Z [588ms] [Warning] [omni.isaac.dynamic_control] omni.isaac.dynamic_control is deprecated as of Isaac Sim 4.5. No action is needed from end-users.

|---------------------------------------------------------------------------------------------|
| Driver Version: 580.142       | Graphics API: Vulkan
|=============================================================================================|
| GPU | Name                             | Active | LDA | GPU Memory | Vendor-ID | LUID       |
|     |                                  |        |     |            | Device-ID | UUID       |
|     |                                  |        |     |            | Bus-ID    |            |
|---------------------------------------------------------------------------------------------|
| 0   | NVIDIA GeForce RTX 5090 D v2     | Yes: 0 |     | 24701   MB | 10de      | 0          |
|     |                                  |        |     |            | 2b8c      | 5f3d0dc0.. |
|     |                                  |        |     |            | 1         |            |
|=============================================================================================|
| OS: 24.04.3 LTS (Noble Numbat) ubuntu, Version: 24.04.3, Kernel: 6.17.0-1017-oem
| Processor: Intel(R) Core(TM) i9-14900K
| Cores: 24 | Logical Cores: 32
|---------------------------------------------------------------------------------------------|
| Total Memory (MB): 64063 | Free Memory: 53815
| Total Page/Swap (MB): 8191 | Free Page/Swap: 8191
|---------------------------------------------------------------------------------------------|
2026-07-15T12:02:22Z [2,578ms] [Warning] [gpu.foundation.plugin] CPU performance profile is set to powersave. This profile sets the CPU to the lowest frequency reducing performance.
[INFO][AppLauncher]: Using device: cuda:0
[INFO][AppLauncher]: Loading experience file: /home/ubuntu/workspace/IsaacLab/apps/isaaclab.python.headless.kit
{
  "output": "/home/ubuntu/workspace/physvla_sim/datasets/data_normalized/Dishwasher_urdf/12542/fitr_info1.usd",
  "scale": 0.42898784081590813,
  "scale_layer": "/home/ubuntu/workspace/physvla_sim/datasets/data_normalized/Dishwasher_urdf/12542/configuration/fitr_info1_base.usd",
  "joints": [
    {
      "joint": "/partnet_65862adb_f5d0_4358_8e75_d0324e4c4cdc/joints/joint_1",
      "drive": "angular",
      "damping": 720.0,
      "stiffness": 0.0,
      "max_force": 11.25
    }
  ],
  "dynamics_layer": "/home/ubuntu/workspace/physvla_sim/datasets/data_normalized/Dishwasher_urdf/12542/configuration/fitr_info1_physics.usd",
  "affordance_links": []
}
2026-07-15T12:02:22Z [2,586ms] [Warning] [gpu.foundation.plugin] IOMMU is enabled.
2026-07-15T12:02:22Z [2,718ms] [Warning] [omni.usd] Warning: in _ReportErrors at line 3172 of /builds/omniverse/usd-ci/USD/pxr/usd/usd/stage.cpp -- In </partnet_65862adb_f5d0_4358_8e75_d0324e4c4cdc/base/visuals>: Unresolved reference prim path @/home/ubuntu/workspace/physvla_sim/datasets/data_normalized/Dishwasher_urdf/12542/configuration/fitr_info1_base.usd@</visuals/base> introduced by @/home/ubuntu/workspace/physvla_sim/datasets/data_normalized/Dishwasher_urdf/12542/configuration/fitr_info1_base.usd@</partnet_65862adb_f5d0_4358_8e75_d0324e4c4cdc/base/visuals> (instantiating stage on stage @/home/ubuntu/workspace/physvla_sim/datasets/data_normalized/Dishwasher_urdf/12542/configuration/fitr_info1_base.usd@ <0x190cf5c0>)

2026-07-15T12:02:22Z [2,722ms] [Warning] [omni.usd] Warning: in _ReportErrors at line 3172 of /builds/omniverse/usd-ci/USD/pxr/usd/usd/stage.cpp -- In </partnet_65862adb_f5d0_4358_8e75_d0324e4c4cdc/base/visuals>: Unresolved reference prim path @/home/ubuntu/workspace/physvla_sim/datasets/data_normalized/Dishwasher_urdf/12542/configuration/fitr_info1_physics.usd@</visuals/base> introduced by @/home/ubuntu/workspace/physvla_sim/datasets/data_normalized/Dishwasher_urdf/12542/configuration/fitr_info1_base.usd@</partnet_65862adb_f5d0_4358_8e75_d0324e4c4cdc/base/visuals> (instantiating stage on stage @/home/ubuntu/workspace/physvla_sim/datasets/data_normalized/Dishwasher_urdf/12542/configuration/fitr_info1_physics.usd@ <0x1723a9c0>)

2026-07-15T12:02:22Z [2,724ms] [Warning] [omni.usd] Warning: in _ReportErrors at line 3172 of /builds/omniverse/usd-ci/USD/pxr/usd/usd/stage.cpp -- In </partnet_65862adb_f5d0_4358_8e75_d0324e4c4cdc/base/visuals>: Unresolved reference prim path @/home/ubuntu/workspace/physvla_sim/datasets/data_normalized/Dishwasher_urdf/12542/configuration/fitr_info1_physics.usd@</visuals/base> introduced by @/home/ubuntu/workspace/physvla_sim/datasets/data_normalized/Dishwasher_urdf/12542/configuration/fitr_info1_base.usd@</partnet_65862adb_f5d0_4358_8e75_d0324e4c4cdc/base/visuals> (instantiating stage on stage @/home/ubuntu/workspace/physvla_sim/datasets/data_normalized/Dishwasher_urdf/12542/fitr_info1.usd@ <0x190a0c00>)

[OK] Dishwasher_urdf/12542
[RUN] Dishwasher_urdf/12553
Loading user config located at: '/home/ubuntu/isaacsim/kit/data/Kit/Isaac-Sim/5.1/user.config.json'
[Info] [carb] Logging to file: /home/ubuntu/isaacsim/kit/logs/Kit/Isaac-Sim/5.1/kit_20260715_200222.log
2026-07-15T12:02:22Z [0ms] [Warning] [carb.crashreporter-breakpad.plugin] [previous crash] preventing upload of minidump due to user opt-out: '/home/ubuntu/isaacsim/kit/data/Kit/Isaac-Sim/5.1/0d81a4fd-59cb-4157-42d97b80-310afb82.dmp'
2026-07-15T12:02:22Z [0ms] [Warning] [carb.crashreporter-breakpad.plugin] [previous crash] preventing upload of minidump due to user opt-out: '/home/ubuntu/isaacsim/kit/data/Kit/Isaac-Sim/5.1/7efeb785-3cdd-476a-8fc91ca3-38a85c81.dmp'
2026-07-15T12:02:22Z [0ms] [Warning] [carb.crashreporter-breakpad.plugin] [previous crash] preventing upload of minidump due to user opt-out: '/home/ubuntu/isaacsim/kit/data/Kit/Isaac-Sim/5.1/0ec06837-edee-4570-b459bb9b-e409ca73.dmp'
2026-07-15T12:02:22Z [0ms] [Warning] [carb.crashreporter-breakpad.plugin] [previous crash] preventing upload of minidump due to user opt-out: '/home/ubuntu/isaacsim/kit/data/Kit/Isaac-Sim/5.1/846da064-407f-481c-dab18ea9-9788aefc.dmp'
2026-07-15T12:02:22Z [0ms] [Warning] [carb.crashreporter-breakpad.plugin] [previous crash] preventing upload of minidump due to user opt-out: '/home/ubuntu/isaacsim/kit/data/Kit/Isaac-Sim/5.1/7674058d-a5ef-457b-61399da4-1924f871.dmp'
2026-07-15T12:02:22Z [0ms] [Warning] [carb.crashreporter-breakpad.plugin] [previous crash] preventing upload of minidump due to user opt-out: '/home/ubuntu/isaacsim/kit/data/Kit/Isaac-Sim/5.1/0dbca6de-81d5-44e8-85c7eba5-c7ac64b6.dmp'
2026-07-15T12:02:22Z [1ms] [Warning] [carb.crashreporter-breakpad.plugin] [previous crash] preventing upload of minidump due to user opt-out: '/home/ubuntu/isaacsim/kit/data/Kit/Isaac-Sim/5.1/96b6ea33-a47b-4c84-2d7408a6-bc8b64a8.dmp'
2026-07-15T12:02:22Z [184ms] [Warning] [omni.usd_config.extension] Enable omni.materialx.libs extension to use MaterialX
2026-07-15T12:02:22Z [189ms] [Warning] [omni.platforminfo.plugin] failed to open the default display.  Can't verify X Server version.
2026-07-15T12:02:23Z [463ms] [Warning] [carb] Acquiring non optional plugin interface which is not listed as dependency: [omni::physx::IPhysxBenchmarks v1.0] (plugin: <default plugin>), by client: omni.physics.physx.plugin. Add it to CARB_PLUGIN_IMPL_DEPS() macro of a client.
2026-07-15T12:02:23Z [603ms] [Warning] [omni.isaac.dynamic_control] omni.isaac.dynamic_control is deprecated as of Isaac Sim 4.5. No action is needed from end-users.

|---------------------------------------------------------------------------------------------|
| Driver Version: 580.142       | Graphics API: Vulkan
|=============================================================================================|
| GPU | Name                             | Active | LDA | GPU Memory | Vendor-ID | LUID       |
|     |                                  |        |     |            | Device-ID | UUID       |
|     |                                  |        |     |            | Bus-ID    |            |
|---------------------------------------------------------------------------------------------|
| 0   | NVIDIA GeForce RTX 5090 D v2     | Yes: 0 |     | 24701   MB | 10de      | 0          |
|     |                                  |        |     |            | 2b8c      | 5f3d0dc0.. |
|     |                                  |        |     |            | 1         |            |
|=============================================================================================|
| OS: 24.04.3 LTS (Noble Numbat) ubuntu, Version: 24.04.3, Kernel: 6.17.0-1017-oem
| Processor: Intel(R) Core(TM) i9-14900K
| Cores: 24 | Logical Cores: 32
|---------------------------------------------------------------------------------------------|
| Total Memory (MB): 64063 | Free Memory: 53823
| Total Page/Swap (MB): 8191 | Free Page/Swap: 8191
|---------------------------------------------------------------------------------------------|
2026-07-15T12:02:25Z [2,611ms] [Warning] [gpu.foundation.plugin] CPU performance profile is set to powersave. This profile sets the CPU to the lowest frequency reducing performance.
2026-07-15T12:02:25Z [2,619ms] [Warning] [gpu.foundation.plugin] IOMMU is enabled.
2026-07-15T12:02:25Z [2,767ms] [Warning] [carb.windowing-glfw.plugin] GLFW initialization failed.
2026-07-15T12:02:25Z [2,767ms] [Warning] [carb] Failed to startup plugin carb.windowing-glfw.plugin (interfaces: [carb::windowing::IGLContext v1.0],[carb::windowing::IWindowing v1.5]) (impl: carb.windowing-glfw.plugin)

|---------------------------------------------------------------------------------------------|
| Driver Version: 580.142       | Graphics API: Vulkan
|=============================================================================================|
| GPU | Name                             | Active | LDA | GPU Memory | Vendor-ID | LUID       |
|     |                                  |        |     |            | Device-ID | UUID       |
|     |                                  |        |     |            | Bus-ID    |            |
|---------------------------------------------------------------------------------------------|
| 0   | NVIDIA GeForce RTX 5090 D v2     | Yes: 0 |     | 24701   MB | 10de      | 0          |
|     |                                  |        |     |            | 2b8c      | 5f3d0dc0.. |
|     |                                  |        |     |            | 1         |            |
|=============================================================================================|
| OS: 24.04.3 LTS (Noble Numbat) ubuntu, Version: 24.04.3, Kernel: 6.17.0-1017-oem
| Processor: Intel(R) Core(TM) i9-14900K
| Cores: 24 | Logical Cores: 32
|---------------------------------------------------------------------------------------------|
| Total Memory (MB): 64063 | Free Memory: 53630
| Total Page/Swap (MB): 8191 | Free Page/Swap: 8191
|---------------------------------------------------------------------------------------------|
2026-07-15T12:02:25Z [3,002ms] [Warning] [gpu.foundation.plugin] CPU performance profile is set to powersave. This profile sets the CPU to the lowest frequency reducing performance.
2026-07-15T12:02:25Z [3,002ms] [Warning] [gpu.foundation.plugin] IOMMU is enabled.
2026-07-15T12:02:25Z [3,208ms] [Warning] [carb.windowing-glfw.plugin] GLFW initialization failed.
2026-07-15T12:02:25Z [3,208ms] [Warning] [carb] Failed to startup plugin carb.windowing-glfw.plugin (interfaces: [carb::windowing::IGLContext v1.0],[carb::windowing::IWindowing v1.5]) (impl: carb.windowing-glfw.plugin)
2026-07-15T12:02:25Z [3,220ms] [Warning] [carb.windowing-glfw.plugin] GLFW initialization failed.
2026-07-15T12:02:25Z [3,220ms] [Warning] [carb] Failed to startup plugin carb.windowing-glfw.plugin (interfaces: [carb::windowing::IGLContext v1.0],[carb::windowing::IWindowing v1.5]) (impl: carb.windowing-glfw.plugin)
2026-07-15T12:02:25Z [3,227ms] [Warning] [carb.windowing-glfw.plugin] GLFW initialization failed.
2026-07-15T12:02:25Z [3,227ms] [Warning] [carb] Failed to startup plugin carb.windowing-glfw.plugin (interfaces: [carb::windowing::IGLContext v1.0],[carb::windowing::IWindowing v1.5]) (impl: carb.windowing-glfw.plugin)
2026-07-15T12:02:25Z [3,232ms] [Warning] [carb.windowing-glfw.plugin] GLFW initialization failed.
2026-07-15T12:02:25Z [3,232ms] [Warning] [carb] Failed to startup plugin carb.windowing-glfw.plugin (interfaces: [carb::windowing::IGLContext v1.0],[carb::windowing::IWindowing v1.5]) (impl: carb.windowing-glfw.plugin)
2026-07-15T12:02:25Z [3,233ms] [Warning] [carb.windowing-glfw.plugin] GLFW initialization failed.
2026-07-15T12:02:25Z [3,233ms] [Warning] [carb] Failed to startup plugin carb.windowing-glfw.plugin (interfaces: [carb::windowing::IGLContext v1.0],[carb::windowing::IWindowing v1.5]) (impl: carb.windowing-glfw.plugin)
2026-07-15T12:02:25Z [3,233ms] [Warning] [carb.windowing-glfw.plugin] GLFW initialization failed.
2026-07-15T12:02:25Z [3,233ms] [Warning] [carb] Failed to startup plugin carb.windowing-glfw.plugin (interfaces: [carb::windowing::IGLContext v1.0],[carb::windowing::IWindowing v1.5]) (impl: carb.windowing-glfw.plugin)
2026-07-15T12:02:26Z [3,480ms] [Warning] [omni.graph.visualization.nodes._impl.extension] No Viewport Window to add omni.graph.visualization.nodes-2.1.3 scene to
2026-07-15T12:02:26Z [3,576ms] [Warning] [isaacsim.asset.importer.urdf] No mass specified for link base
2026-07-15T12:02:26Z [3,576ms] [Warning] [omni.usd] Warning: in _ReportErrors at line 3172 of /builds/omniverse/usd-ci/USD/pxr/usd/usd/stage.cpp -- In </partnet_6e5bf008a9259e95fa80fb391ee7ccee/base/visuals>: Unresolved reference prim path @/home/ubuntu/workspace/physvla_sim/datasets/data_normalized/Dishwasher_urdf/12553/configuration/fitr_info1_physics.usd@</visuals/base> introduced by @/home/ubuntu/workspace/physvla_sim/datasets/data_normalized/Dishwasher_urdf/12553/configuration/fitr_info1_base.usd@</partnet_6e5bf008a9259e95fa80fb391ee7ccee/base/visuals> (recomposing stage on stage @/home/ubuntu/workspace/physvla_sim/datasets/data_normalized/Dishwasher_urdf/12553/configuration/fitr_info1_physics.usd@ <0x7e7c4ff841b0>)

2026-07-15T12:02:26Z [3,576ms] [Warning] [omni.usd] Warning: in _ReportErrors at line 3172 of /builds/omniverse/usd-ci/USD/pxr/usd/usd/stage.cpp -- In </partnet_6e5bf008a9259e95fa80fb391ee7ccee/base/visuals>: Unresolved reference prim path @/home/ubuntu/workspace/physvla_sim/datasets/data_normalized/Dishwasher_urdf/12553/fitr_info1.usd@</visuals/base> introduced by @/home/ubuntu/workspace/physvla_sim/datasets/data_normalized/Dishwasher_urdf/12553/configuration/fitr_info1_base.usd@</partnet_6e5bf008a9259e95fa80fb391ee7ccee/base/visuals> (recomposing stage on stage @/home/ubuntu/workspace/physvla_sim/datasets/data_normalized/Dishwasher_urdf/12553/fitr_info1.usd@ <0x7e7c4ff713d0>)

2026-07-15T12:02:26Z [3,576ms] [Warning] [omni.usd] Warning: in _ReportErrors at line 3172 of /builds/omniverse/usd-ci/USD/pxr/usd/usd/stage.cpp -- In </partnet_6e5bf008a9259e95fa80fb391ee7ccee/base/visuals>: Unresolved reference prim path @/home/ubuntu/workspace/physvla_sim/datasets/data_normalized/Dishwasher_urdf/12553/fitr_info1.usd@</visuals/base> introduced by @/home/ubuntu/workspace/physvla_sim/datasets/data_normalized/Dishwasher_urdf/12553/configuration/fitr_info1_base.usd@</partnet_6e5bf008a9259e95fa80fb391ee7ccee/base/visuals> (recomposing stage on stage @/home/ubuntu/workspace/physvla_sim/datasets/data_normalized/Dishwasher_urdf/12553/fitr_info1.usd@ <0x7e7c4ff6ca50>)

2026-07-15T12:02:26Z [3,576ms] [Warning] [omni.usd] Warning: in _ReportErrors at line 3172 of /builds/omniverse/usd-ci/USD/pxr/usd/usd/stage.cpp -- In </partnet_6e5bf008a9259e95fa80fb391ee7ccee/base/visuals>: Unresolved reference prim path @/home/ubuntu/workspace/physvla_sim/datasets/data_normalized/Dishwasher_urdf/12553/configuration/fitr_info1_base.usd@</visuals/base> introduced by @/home/ubuntu/workspace/physvla_sim/datasets/data_normalized/Dishwasher_urdf/12553/configuration/fitr_info1_base.usd@</partnet_6e5bf008a9259e95fa80fb391ee7ccee/base/visuals> (recomposing stage on stage @/home/ubuntu/workspace/physvla_sim/datasets/data_normalized/Dishwasher_urdf/12553/configuration/fitr_info1_base.usd@ <0x7e7c4ff8d950>)

2026-07-15T12:02:26Z [3,577ms] [Warning] [omni.usd] Warning: in _ReportErrors at line 3172 of /builds/omniverse/usd-ci/USD/pxr/usd/usd/stage.cpp -- In </partnet_6e5bf008a9259e95fa80fb391ee7ccee/base/visuals>: Unresolved reference prim path @/home/ubuntu/workspace/physvla_sim/datasets/data_normalized/Dishwasher_urdf/12553/configuration/fitr_info1_physics.usd@</visuals/base> introduced by @/home/ubuntu/workspace/physvla_sim/datasets/data_normalized/Dishwasher_urdf/12553/configuration/fitr_info1_base.usd@</partnet_6e5bf008a9259e95fa80fb391ee7ccee/base/visuals> (recomposing stage on stage @/home/ubuntu/workspace/physvla_sim/datasets/data_normalized/Dishwasher_urdf/12553/configuration/fitr_info1_physics.usd@ <0x7e7c4ff841b0>)

2026-07-15T12:02:26Z [3,577ms] [Warning] [omni.usd] Warning: in _ReportErrors at line 3172 of /builds/omniverse/usd-ci/USD/pxr/usd/usd/stage.cpp -- In </partnet_6e5bf008a9259e95fa80fb391ee7ccee/base/visuals>: Unresolved reference prim path @/home/ubuntu/workspace/physvla_sim/datasets/data_normalized/Dishwasher_urdf/12553/fitr_info1.usd@</visuals/base> introduced by @/home/ubuntu/workspace/physvla_sim/datasets/data_normalized/Dishwasher_urdf/12553/configuration/fitr_info1_base.usd@</partnet_6e5bf008a9259e95fa80fb391ee7ccee/base/visuals> (recomposing stage on stage @/home/ubuntu/workspace/physvla_sim/datasets/data_normalized/Dishwasher_urdf/12553/fitr_info1.usd@ <0x7e7c4ff713d0>)

2026-07-15T12:02:26Z [3,577ms] [Warning] [omni.usd] Warning: in _ReportErrors at line 3172 of /builds/omniverse/usd-ci/USD/pxr/usd/usd/stage.cpp -- In </partnet_6e5bf008a9259e95fa80fb391ee7ccee/base/visuals>: Unresolved reference prim path @/home/ubuntu/workspace/physvla_sim/datasets/data_normalized/Dishwasher_urdf/12553/fitr_info1.usd@</visuals/base> introduced by @/home/ubuntu/workspace/physvla_sim/datasets/data_normalized/Dishwasher_urdf/12553/configuration/fitr_info1_base.usd@</partnet_6e5bf008a9259e95fa80fb391ee7ccee/base/visuals> (recomposing stage on stage @/home/ubuntu/workspace/physvla_sim/datasets/data_normalized/Dishwasher_urdf/12553/fitr_info1.usd@ <0x7e7c4ff6ca50>)

2026-07-15T12:02:26Z [3,577ms] [Warning] [omni.usd] Warning: in _ReportErrors at line 3172 of /builds/omniverse/usd-ci/USD/pxr/usd/usd/stage.cpp -- In </partnet_6e5bf008a9259e95fa80fb391ee7ccee/base/visuals>: Unresolved reference prim path @/home/ubuntu/workspace/physvla_sim/datasets/data_normalized/Dishwasher_urdf/12553/configuration/fitr_info1_base.usd@</visuals/base> introduced by @/home/ubuntu/workspace/physvla_sim/datasets/data_normalized/Dishwasher_urdf/12553/configuration/fitr_info1_base.usd@</partnet_6e5bf008a9259e95fa80fb391ee7ccee/base/visuals> (recomposing stage on stage @/home/ubuntu/workspace/physvla_sim/datasets/data_normalized/Dishwasher_urdf/12553/configuration/fitr_info1_base.usd@ <0x7e7c4ff8d950>)

2026-07-15T12:02:26Z [3,577ms] [Warning] [isaacsim.asset.importer.urdf] Link base has no colliders, and no inertia was imported; assigning a small isotropic inertia matrix
2026-07-15T12:02:26Z [3,578ms] [Warning] [isaacsim.asset.importer.urdf] No mass specified for link body
2026-07-15T12:02:26Z [3,616ms] [Warning] [isaacsim.asset.importer.urdf] No mass specified for link door_1
2026-07-15T12:02:26Z [3,660ms] [Warning] [isaacsim.asset.importer.urdf] No mass specified for link body__dup1
2026-07-15T12:02:26Z [3,669ms] [Warning] [omni.usd] Warning: in _ReportErrors at line 3172 of /builds/omniverse/usd-ci/USD/pxr/usd/usd/stage.cpp -- In </partnet_6e5bf008a9259e95fa80fb391ee7ccee/base/visuals>: Unresolved reference prim path @/home/ubuntu/workspace/physvla_sim/datasets/data_normalized/Dishwasher_urdf/12553/configuration/fitr_info1_base.usd@</visuals/base> introduced by @/home/ubuntu/workspace/physvla_sim/datasets/data_normalized/Dishwasher_urdf/12553/configuration/fitr_info1_base.usd@</partnet_6e5bf008a9259e95fa80fb391ee7ccee/base/visuals> (recomposing stage on stage @/home/ubuntu/workspace/physvla_sim/datasets/data_normalized/Dishwasher_urdf/12553/fitr_info1.usd@ <0x7e7c4ff713d0>)

2026-07-15T12:02:26Z [3,670ms] [Warning] [omni.usd] Warning: in _ReportErrors at line 3172 of /builds/omniverse/usd-ci/USD/pxr/usd/usd/stage.cpp -- In </partnet_6e5bf008a9259e95fa80fb391ee7ccee/base/visuals>: Unresolved reference prim path @/home/ubuntu/workspace/physvla_sim/datasets/data_normalized/Dishwasher_urdf/12553/configuration/fitr_info1_base.usd@</visuals/base> introduced by @/home/ubuntu/workspace/physvla_sim/datasets/data_normalized/Dishwasher_urdf/12553/configuration/fitr_info1_base.usd@</partnet_6e5bf008a9259e95fa80fb391ee7ccee/base/visuals> (recomposing stage on stage @/home/ubuntu/workspace/physvla_sim/datasets/data_normalized/Dishwasher_urdf/12553/fitr_info1.usd@ <0x7e7c4ff6ca50>)

2026-07-15T12:02:26Z [3,670ms] [Warning] [omni.usd] Warning: in _ReportErrors at line 3172 of /builds/omniverse/usd-ci/USD/pxr/usd/usd/stage.cpp -- In </partnet_6e5bf008a9259e95fa80fb391ee7ccee/base/visuals>: Unresolved reference prim path @/home/ubuntu/workspace/physvla_sim/datasets/data_normalized/Dishwasher_urdf/12553/configuration/fitr_info1_physics.usd@</visuals/base> introduced by @/home/ubuntu/workspace/physvla_sim/datasets/data_normalized/Dishwasher_urdf/12553/configuration/fitr_info1_base.usd@</partnet_6e5bf008a9259e95fa80fb391ee7ccee/base/visuals> (recomposing stage on stage @/home/ubuntu/workspace/physvla_sim/datasets/data_normalized/Dishwasher_urdf/12553/fitr_info1.usd@ <0x7e7c4ff713d0>)

2026-07-15T12:02:26Z [3,671ms] [Warning] [omni.usd] Warning: in _ReportErrors at line 3172 of /builds/omniverse/usd-ci/USD/pxr/usd/usd/stage.cpp -- In </partnet_6e5bf008a9259e95fa80fb391ee7ccee/base/visuals>: Unresolved reference prim path @/home/ubuntu/workspace/physvla_sim/datasets/data_normalized/Dishwasher_urdf/12553/configuration/fitr_info1_physics.usd@</visuals/base> introduced by @/home/ubuntu/workspace/physvla_sim/datasets/data_normalized/Dishwasher_urdf/12553/configuration/fitr_info1_base.usd@</partnet_6e5bf008a9259e95fa80fb391ee7ccee/base/visuals> (recomposing stage on stage @/home/ubuntu/workspace/physvla_sim/datasets/data_normalized/Dishwasher_urdf/12553/fitr_info1.usd@ <0x7e7c4ff6ca50>)

2026-07-15T12:02:26Z [3,671ms] [Warning] [omni.usd] Warning: in _ReportErrors at line 3172 of /builds/omniverse/usd-ci/USD/pxr/usd/usd/stage.cpp -- In </partnet_6e5bf008a9259e95fa80fb391ee7ccee/base/visuals>: Unresolved reference prim path @/home/ubuntu/workspace/physvla_sim/datasets/data_normalized/Dishwasher_urdf/12553/configuration/fitr_info1_physics.usd@</visuals/base> introduced by @/home/ubuntu/workspace/physvla_sim/datasets/data_normalized/Dishwasher_urdf/12553/configuration/fitr_info1_base.usd@</partnet_6e5bf008a9259e95fa80fb391ee7ccee/base/visuals> (recomposing stage on stage @/home/ubuntu/workspace/physvla_sim/datasets/data_normalized/Dishwasher_urdf/12553/fitr_info1.usd@ <0x7e7c4ff713d0>)

2026-07-15T12:02:26Z [3,672ms] [Warning] [omni.usd] Warning: in _ReportErrors at line 3172 of /builds/omniverse/usd-ci/USD/pxr/usd/usd/stage.cpp -- In </partnet_6e5bf008a9259e95fa80fb391ee7ccee/base/visuals>: Unresolved reference prim path @/home/ubuntu/workspace/physvla_sim/datasets/data_normalized/Dishwasher_urdf/12553/configuration/fitr_info1_physics.usd@</visuals/base> introduced by @/home/ubuntu/workspace/physvla_sim/datasets/data_normalized/Dishwasher_urdf/12553/configuration/fitr_info1_base.usd@</partnet_6e5bf008a9259e95fa80fb391ee7ccee/base/visuals> (recomposing stage on stage @/home/ubuntu/workspace/physvla_sim/datasets/data_normalized/Dishwasher_urdf/12553/fitr_info1.usd@ <0x7e7c4ff6ca50>)

2026-07-15T12:02:26Z [3,673ms] [Warning] [omni.usd] Warning: in _ReportErrors at line 3172 of /builds/omniverse/usd-ci/USD/pxr/usd/usd/stage.cpp -- In </partnet_6e5bf008a9259e95fa80fb391ee7ccee/base/visuals>: Unresolved reference prim path @/home/ubuntu/workspace/physvla_sim/datasets/data_normalized/Dishwasher_urdf/12553/configuration/fitr_info1_physics.usd@</visuals/base> introduced by @/home/ubuntu/workspace/physvla_sim/datasets/data_normalized/Dishwasher_urdf/12553/configuration/fitr_info1_base.usd@</partnet_6e5bf008a9259e95fa80fb391ee7ccee/base/visuals> (recomposing stage on stage @/home/ubuntu/workspace/physvla_sim/datasets/data_normalized/Dishwasher_urdf/12553/fitr_info1.usd@ <0x7e7c4ff713d0>)

2026-07-15T12:02:26Z [3,673ms] [Warning] [omni.usd] Warning: in _ReportErrors at line 3172 of /builds/omniverse/usd-ci/USD/pxr/usd/usd/stage.cpp -- In </partnet_6e5bf008a9259e95fa80fb391ee7ccee/base/visuals>: Unresolved reference prim path @/home/ubuntu/workspace/physvla_sim/datasets/data_normalized/Dishwasher_urdf/12553/configuration/fitr_info1_physics.usd@</visuals/base> introduced by @/home/ubuntu/workspace/physvla_sim/datasets/data_normalized/Dishwasher_urdf/12553/configuration/fitr_info1_base.usd@</partnet_6e5bf008a9259e95fa80fb391ee7ccee/base/visuals> (recomposing stage on stage @/home/ubuntu/workspace/physvla_sim/datasets/data_normalized/Dishwasher_urdf/12553/fitr_info1.usd@ <0x7e7c4ff6ca50>)

2026-07-15T12:02:26Z [3,674ms] [Warning] [omni.usd] Warning: in _ReportErrors at line 3172 of /builds/omniverse/usd-ci/USD/pxr/usd/usd/stage.cpp -- In </partnet_6e5bf008a9259e95fa80fb391ee7ccee/base/visuals>: Unresolved reference prim path @/home/ubuntu/workspace/physvla_sim/datasets/data_normalized/Dishwasher_urdf/12553/configuration/fitr_info1_physics.usd@</visuals/base> introduced by @/home/ubuntu/workspace/physvla_sim/datasets/data_normalized/Dishwasher_urdf/12553/configuration/fitr_info1_base.usd@</partnet_6e5bf008a9259e95fa80fb391ee7ccee/base/visuals> (recomposing stage on stage @/home/ubuntu/workspace/physvla_sim/datasets/data_normalized/Dishwasher_urdf/12553/fitr_info1.usd@ <0x7e7c4ff713d0>)

2026-07-15T12:02:26Z [3,674ms] [Warning] [omni.usd] Warning: in _ReportErrors at line 3172 of /builds/omniverse/usd-ci/USD/pxr/usd/usd/stage.cpp -- In </partnet_6e5bf008a9259e95fa80fb391ee7ccee/base/visuals>: Unresolved reference prim path @/home/ubuntu/workspace/physvla_sim/datasets/data_normalized/Dishwasher_urdf/12553/configuration/fitr_info1_physics.usd@</visuals/base> introduced by @/home/ubuntu/workspace/physvla_sim/datasets/data_normalized/Dishwasher_urdf/12553/configuration/fitr_info1_base.usd@</partnet_6e5bf008a9259e95fa80fb391ee7ccee/base/visuals> (recomposing stage on stage @/home/ubuntu/workspace/physvla_sim/datasets/data_normalized/Dishwasher_urdf/12553/fitr_info1.usd@ <0x7e7c4ff6ca50>)

2026-07-15T12:02:26Z [3,675ms] [Warning] [omni.usd] Warning: in _ReportErrors at line 3172 of /builds/omniverse/usd-ci/USD/pxr/usd/usd/stage.cpp -- In </partnet_6e5bf008a9259e95fa80fb391ee7ccee/base/visuals>: Unresolved reference prim path @/home/ubuntu/workspace/physvla_sim/datasets/data_normalized/Dishwasher_urdf/12553/configuration/fitr_info1_physics.usd@</visuals/base> introduced by @/home/ubuntu/workspace/physvla_sim/datasets/data_normalized/Dishwasher_urdf/12553/configuration/fitr_info1_base.usd@</partnet_6e5bf008a9259e95fa80fb391ee7ccee/base/visuals> (recomposing stage on stage @/home/ubuntu/workspace/physvla_sim/datasets/data_normalized/Dishwasher_urdf/12553/fitr_info1.usd@ <0x7e7c4ff713d0>)

2026-07-15T12:02:26Z [3,676ms] [Warning] [omni.usd] Warning: in _ReportErrors at line 3172 of /builds/omniverse/usd-ci/USD/pxr/usd/usd/stage.cpp -- In </partnet_6e5bf008a9259e95fa80fb391ee7ccee/base/visuals>: Unresolved reference prim path @/home/ubuntu/workspace/physvla_sim/datasets/data_normalized/Dishwasher_urdf/12553/configuration/fitr_info1_physics.usd@</visuals/base> introduced by @/home/ubuntu/workspace/physvla_sim/datasets/data_normalized/Dishwasher_urdf/12553/configuration/fitr_info1_base.usd@</partnet_6e5bf008a9259e95fa80fb391ee7ccee/base/visuals> (recomposing stage on stage @/home/ubuntu/workspace/physvla_sim/datasets/data_normalized/Dishwasher_urdf/12553/fitr_info1.usd@ <0x7e7c4ff6ca50>)

2026-07-15T12:02:26Z [3,676ms] [Warning] [omni.usd] Warning: in _ReportErrors at line 3172 of /builds/omniverse/usd-ci/USD/pxr/usd/usd/stage.cpp -- In </partnet_6e5bf008a9259e95fa80fb391ee7ccee/base/visuals>: Unresolved reference prim path @/home/ubuntu/workspace/physvla_sim/datasets/data_normalized/Dishwasher_urdf/12553/configuration/fitr_info1_physics.usd@</visuals/base> introduced by @/home/ubuntu/workspace/physvla_sim/datasets/data_normalized/Dishwasher_urdf/12553/configuration/fitr_info1_base.usd@</partnet_6e5bf008a9259e95fa80fb391ee7ccee/base/visuals> (recomposing stage on stage @/home/ubuntu/workspace/physvla_sim/datasets/data_normalized/Dishwasher_urdf/12553/fitr_info1.usd@ <0x7e7c4ff713d0>)

2026-07-15T12:02:26Z [3,677ms] [Warning] [omni.usd] Warning: in _ReportErrors at line 3172 of /builds/omniverse/usd-ci/USD/pxr/usd/usd/stage.cpp -- In </partnet_6e5bf008a9259e95fa80fb391ee7ccee/base/visuals>: Unresolved reference prim path @/home/ubuntu/workspace/physvla_sim/datasets/data_normalized/Dishwasher_urdf/12553/configuration/fitr_info1_physics.usd@</visuals/base> introduced by @/home/ubuntu/workspace/physvla_sim/datasets/data_normalized/Dishwasher_urdf/12553/configuration/fitr_info1_base.usd@</partnet_6e5bf008a9259e95fa80fb391ee7ccee/base/visuals> (recomposing stage on stage @/home/ubuntu/workspace/physvla_sim/datasets/data_normalized/Dishwasher_urdf/12553/fitr_info1.usd@ <0x7e7c4ff6ca50>)

2026-07-15T12:02:26Z [3,678ms] [Warning] [omni.usd] Warning: in _ReportErrors at line 3172 of /builds/omniverse/usd-ci/USD/pxr/usd/usd/stage.cpp -- In </partnet_6e5bf008a9259e95fa80fb391ee7ccee/base/visuals>: Unresolved reference prim path @/home/ubuntu/workspace/physvla_sim/datasets/data_normalized/Dishwasher_urdf/12553/configuration/fitr_info1_physics.usd@</visuals/base> introduced by @/home/ubuntu/workspace/physvla_sim/datasets/data_normalized/Dishwasher_urdf/12553/configuration/fitr_info1_base.usd@</partnet_6e5bf008a9259e95fa80fb391ee7ccee/base/visuals> (recomposing stage on stage @/home/ubuntu/workspace/physvla_sim/datasets/data_normalized/Dishwasher_urdf/12553/fitr_info1.usd@ <0x7e7c4ff713d0>)

2026-07-15T12:02:26Z [3,678ms] [Warning] [omni.usd] Warning: in _ReportErrors at line 3172 of /builds/omniverse/usd-ci/USD/pxr/usd/usd/stage.cpp -- In </partnet_6e5bf008a9259e95fa80fb391ee7ccee/base/visuals>: Unresolved reference prim path @/home/ubuntu/workspace/physvla_sim/datasets/data_normalized/Dishwasher_urdf/12553/configuration/fitr_info1_physics.usd@</visuals/base> introduced by @/home/ubuntu/workspace/physvla_sim/datasets/data_normalized/Dishwasher_urdf/12553/configuration/fitr_info1_base.usd@</partnet_6e5bf008a9259e95fa80fb391ee7ccee/base/visuals> (recomposing stage on stage @/home/ubuntu/workspace/physvla_sim/datasets/data_normalized/Dishwasher_urdf/12553/fitr_info1.usd@ <0x7e7c4ff6ca50>)

Loading user config located at: '/home/ubuntu/isaacsim/kit/data/Kit/Isaac-Sim/5.1/user.config.json'
[Info] [carb] Logging to file: /home/ubuntu/isaacsim/kit/logs/Kit/Isaac-Sim/5.1/kit_20260715_200226.log
2026-07-15T12:02:26Z [0ms] [Warning] [carb.crashreporter-breakpad.plugin] [previous crash] preventing upload of minidump due to user opt-out: '/home/ubuntu/isaacsim/kit/data/Kit/Isaac-Sim/5.1/0d81a4fd-59cb-4157-42d97b80-310afb82.dmp'
2026-07-15T12:02:26Z [0ms] [Warning] [carb.crashreporter-breakpad.plugin] [previous crash] preventing upload of minidump due to user opt-out: '/home/ubuntu/isaacsim/kit/data/Kit/Isaac-Sim/5.1/7efeb785-3cdd-476a-8fc91ca3-38a85c81.dmp'
2026-07-15T12:02:26Z [0ms] [Warning] [carb.crashreporter-breakpad.plugin] [previous crash] preventing upload of minidump due to user opt-out: '/home/ubuntu/isaacsim/kit/data/Kit/Isaac-Sim/5.1/0ec06837-edee-4570-b459bb9b-e409ca73.dmp'
2026-07-15T12:02:26Z [0ms] [Warning] [carb.crashreporter-breakpad.plugin] [previous crash] preventing upload of minidump due to user opt-out: '/home/ubuntu/isaacsim/kit/data/Kit/Isaac-Sim/5.1/846da064-407f-481c-dab18ea9-9788aefc.dmp'
2026-07-15T12:02:26Z [0ms] [Warning] [carb.crashreporter-breakpad.plugin] [previous crash] preventing upload of minidump due to user opt-out: '/home/ubuntu/isaacsim/kit/data/Kit/Isaac-Sim/5.1/7674058d-a5ef-457b-61399da4-1924f871.dmp'
2026-07-15T12:02:26Z [0ms] [Warning] [carb.crashreporter-breakpad.plugin] [previous crash] preventing upload of minidump due to user opt-out: '/home/ubuntu/isaacsim/kit/data/Kit/Isaac-Sim/5.1/0dbca6de-81d5-44e8-85c7eba5-c7ac64b6.dmp'
2026-07-15T12:02:26Z [1ms] [Warning] [carb.crashreporter-breakpad.plugin] [previous crash] preventing upload of minidump due to user opt-out: '/home/ubuntu/isaacsim/kit/data/Kit/Isaac-Sim/5.1/96b6ea33-a47b-4c84-2d7408a6-bc8b64a8.dmp'
2026-07-15T12:02:26Z [181ms] [Warning] [omni.usd_config.extension] Enable omni.materialx.libs extension to use MaterialX
2026-07-15T12:02:26Z [188ms] [Warning] [omni.platforminfo.plugin] failed to open the default display.  Can't verify X Server version.
2026-07-15T12:02:27Z [457ms] [Warning] [carb] Acquiring non optional plugin interface which is not listed as dependency: [omni::physx::IPhysxBenchmarks v1.0] (plugin: <default plugin>), by client: omni.physics.physx.plugin. Add it to CARB_PLUGIN_IMPL_DEPS() macro of a client.
2026-07-15T12:02:27Z [589ms] [Warning] [omni.isaac.dynamic_control] omni.isaac.dynamic_control is deprecated as of Isaac Sim 4.5. No action is needed from end-users.

|---------------------------------------------------------------------------------------------|
| Driver Version: 580.142       | Graphics API: Vulkan
|=============================================================================================|
| GPU | Name                             | Active | LDA | GPU Memory | Vendor-ID | LUID       |
|     |                                  |        |     |            | Device-ID | UUID       |
|     |                                  |        |     |            | Bus-ID    |            |
|---------------------------------------------------------------------------------------------|
| 0   | NVIDIA GeForce RTX 5090 D v2     | Yes: 0 |     | 24701   MB | 10de      | 0          |
|     |                                  |        |     |            | 2b8c      | 5f3d0dc0.. |
|     |                                  |        |     |            | 1         |            |
|=============================================================================================|
| OS: 24.04.3 LTS (Noble Numbat) ubuntu, Version: 24.04.3, Kernel: 6.17.0-1017-oem
| Processor: Intel(R) Core(TM) i9-14900K
| Cores: 24 | Logical Cores: 32
|---------------------------------------------------------------------------------------------|
| Total Memory (MB): 64063 | Free Memory: 53854
| Total Page/Swap (MB): 8191 | Free Page/Swap: 8191
|---------------------------------------------------------------------------------------------|
2026-07-15T12:02:29Z [2,567ms] [Warning] [gpu.foundation.plugin] CPU performance profile is set to powersave. This profile sets the CPU to the lowest frequency reducing performance.
[INFO][AppLauncher]: Using device: cuda:0
[INFO][AppLauncher]: Loading experience file: /home/ubuntu/workspace/IsaacLab/apps/isaaclab.python.headless.kit
{
  "output": "/home/ubuntu/workspace/physvla_sim/datasets/data_normalized/Dishwasher_urdf/12553/fitr_info1.usd",
  "scale": 0.4113545254202542,
  "scale_layer": "/home/ubuntu/workspace/physvla_sim/datasets/data_normalized/Dishwasher_urdf/12553/configuration/fitr_info1_base.usd",
  "joints": [
    {
      "joint": "/partnet_6e5bf008a9259e95fa80fb391ee7ccee/joints/joint_0",
      "drive": "angular",
      "damping": 690.0,
      "stiffness": 0.0,
      "max_force": 11.25
    }
  ],
  "dynamics_layer": "/home/ubuntu/workspace/physvla_sim/datasets/data_normalized/Dishwasher_urdf/12553/configuration/fitr_info1_physics.usd",
  "affordance_links": [
    "/partnet_6e5bf008a9259e95fa80fb391ee7ccee/door_1"
  ]
}
2026-07-15T12:02:29Z [2,575ms] [Warning] [gpu.foundation.plugin] IOMMU is enabled.
2026-07-15T12:02:29Z [2,698ms] [Warning] [omni.usd] Warning: in _ReportErrors at line 3172 of /builds/omniverse/usd-ci/USD/pxr/usd/usd/stage.cpp -- In </partnet_6e5bf008a9259e95fa80fb391ee7ccee/base/visuals>: Unresolved reference prim path @/home/ubuntu/workspace/physvla_sim/datasets/data_normalized/Dishwasher_urdf/12553/configuration/fitr_info1_base.usd@</visuals/base> introduced by @/home/ubuntu/workspace/physvla_sim/datasets/data_normalized/Dishwasher_urdf/12553/configuration/fitr_info1_base.usd@</partnet_6e5bf008a9259e95fa80fb391ee7ccee/base/visuals> (instantiating stage on stage @/home/ubuntu/workspace/physvla_sim/datasets/data_normalized/Dishwasher_urdf/12553/configuration/fitr_info1_base.usd@ <0x19f39c80>)

2026-07-15T12:02:29Z [2,702ms] [Warning] [omni.usd] Warning: in _ReportErrors at line 3172 of /builds/omniverse/usd-ci/USD/pxr/usd/usd/stage.cpp -- In </partnet_6e5bf008a9259e95fa80fb391ee7ccee/base/visuals>: Unresolved reference prim path @/home/ubuntu/workspace/physvla_sim/datasets/data_normalized/Dishwasher_urdf/12553/configuration/fitr_info1_physics.usd@</visuals/base> introduced by @/home/ubuntu/workspace/physvla_sim/datasets/data_normalized/Dishwasher_urdf/12553/configuration/fitr_info1_base.usd@</partnet_6e5bf008a9259e95fa80fb391ee7ccee/base/visuals> (instantiating stage on stage @/home/ubuntu/workspace/physvla_sim/datasets/data_normalized/Dishwasher_urdf/12553/configuration/fitr_info1_physics.usd@ <0x1807b9f0>)

2026-07-15T12:02:29Z [2,703ms] [Warning] [omni.usd] Warning: in _ReportErrors at line 3172 of /builds/omniverse/usd-ci/USD/pxr/usd/usd/stage.cpp -- In </partnet_6e5bf008a9259e95fa80fb391ee7ccee/base/visuals>: Unresolved reference prim path @/home/ubuntu/workspace/physvla_sim/datasets/data_normalized/Dishwasher_urdf/12553/configuration/fitr_info1_physics.usd@</visuals/base> introduced by @/home/ubuntu/workspace/physvla_sim/datasets/data_normalized/Dishwasher_urdf/12553/configuration/fitr_info1_base.usd@</partnet_6e5bf008a9259e95fa80fb391ee7ccee/base/visuals> (instantiating stage on stage @/home/ubuntu/workspace/physvla_sim/datasets/data_normalized/Dishwasher_urdf/12553/fitr_info1.usd@ <0x19f0b2c0>)

[OK] Dishwasher_urdf/12553
[RUN] Dishwasher_urdf/12578
Loading user config located at: '/home/ubuntu/isaacsim/kit/data/Kit/Isaac-Sim/5.1/user.config.json'
[Info] [carb] Logging to file: /home/ubuntu/isaacsim/kit/logs/Kit/Isaac-Sim/5.1/kit_20260715_200229.log
2026-07-15T12:02:29Z [0ms] [Warning] [carb.crashreporter-breakpad.plugin] [previous crash] preventing upload of minidump due to user opt-out: '/home/ubuntu/isaacsim/kit/data/Kit/Isaac-Sim/5.1/0d81a4fd-59cb-4157-42d97b80-310afb82.dmp'
2026-07-15T12:02:29Z [0ms] [Warning] [carb.crashreporter-breakpad.plugin] [previous crash] preventing upload of minidump due to user opt-out: '/home/ubuntu/isaacsim/kit/data/Kit/Isaac-Sim/5.1/7efeb785-3cdd-476a-8fc91ca3-38a85c81.dmp'
2026-07-15T12:02:29Z [0ms] [Warning] [carb.crashreporter-breakpad.plugin] [previous crash] preventing upload of minidump due to user opt-out: '/home/ubuntu/isaacsim/kit/data/Kit/Isaac-Sim/5.1/0ec06837-edee-4570-b459bb9b-e409ca73.dmp'
2026-07-15T12:02:29Z [0ms] [Warning] [carb.crashreporter-breakpad.plugin] [previous crash] preventing upload of minidump due to user opt-out: '/home/ubuntu/isaacsim/kit/data/Kit/Isaac-Sim/5.1/846da064-407f-481c-dab18ea9-9788aefc.dmp'
2026-07-15T12:02:29Z [0ms] [Warning] [carb.crashreporter-breakpad.plugin] [previous crash] preventing upload of minidump due to user opt-out: '/home/ubuntu/isaacsim/kit/data/Kit/Isaac-Sim/5.1/7674058d-a5ef-457b-61399da4-1924f871.dmp'
2026-07-15T12:02:29Z [0ms] [Warning] [carb.crashreporter-breakpad.plugin] [previous crash] preventing upload of minidump due to user opt-out: '/home/ubuntu/isaacsim/kit/data/Kit/Isaac-Sim/5.1/0dbca6de-81d5-44e8-85c7eba5-c7ac64b6.dmp'
2026-07-15T12:02:29Z [1ms] [Warning] [carb.crashreporter-breakpad.plugin] [previous crash] preventing upload of minidump due to user opt-out: '/home/ubuntu/isaacsim/kit/data/Kit/Isaac-Sim/5.1/96b6ea33-a47b-4c84-2d7408a6-bc8b64a8.dmp'
2026-07-15T12:02:29Z [185ms] [Warning] [omni.platforminfo.plugin] failed to open the default display.  Can't verify X Server version.
2026-07-15T12:02:29Z [186ms] [Warning] [omni.usd_config.extension] Enable omni.materialx.libs extension to use MaterialX
2026-07-15T12:02:30Z [459ms] [Warning] [carb] Acquiring non optional plugin interface which is not listed as dependency: [omni::physx::IPhysxBenchmarks v1.0] (plugin: <default plugin>), by client: omni.physics.physx.plugin. Add it to CARB_PLUGIN_IMPL_DEPS() macro of a client.
2026-07-15T12:02:30Z [591ms] [Warning] [omni.isaac.dynamic_control] omni.isaac.dynamic_control is deprecated as of Isaac Sim 4.5. No action is needed from end-users.

|---------------------------------------------------------------------------------------------|
| Driver Version: 580.142       | Graphics API: Vulkan
|=============================================================================================|
| GPU | Name                             | Active | LDA | GPU Memory | Vendor-ID | LUID       |
|     |                                  |        |     |            | Device-ID | UUID       |
|     |                                  |        |     |            | Bus-ID    |            |
|---------------------------------------------------------------------------------------------|
| 0   | NVIDIA GeForce RTX 5090 D v2     | Yes: 0 |     | 24701   MB | 10de      | 0          |
|     |                                  |        |     |            | 2b8c      | 5f3d0dc0.. |
|     |                                  |        |     |            | 1         |            |
|=============================================================================================|
| OS: 24.04.3 LTS (Noble Numbat) ubuntu, Version: 24.04.3, Kernel: 6.17.0-1017-oem
| Processor: Intel(R) Core(TM) i9-14900K
| Cores: 24 | Logical Cores: 32
|---------------------------------------------------------------------------------------------|
| Total Memory (MB): 64063 | Free Memory: 53729
| Total Page/Swap (MB): 8191 | Free Page/Swap: 8191
|---------------------------------------------------------------------------------------------|
2026-07-15T12:02:32Z [2,589ms] [Warning] [gpu.foundation.plugin] CPU performance profile is set to powersave. This profile sets the CPU to the lowest frequency reducing performance.
2026-07-15T12:02:32Z [2,597ms] [Warning] [gpu.foundation.plugin] IOMMU is enabled.
2026-07-15T12:02:32Z [2,740ms] [Warning] [carb.windowing-glfw.plugin] GLFW initialization failed.
2026-07-15T12:02:32Z [2,740ms] [Warning] [carb] Failed to startup plugin carb.windowing-glfw.plugin (interfaces: [carb::windowing::IGLContext v1.0],[carb::windowing::IWindowing v1.5]) (impl: carb.windowing-glfw.plugin)

|---------------------------------------------------------------------------------------------|
| Driver Version: 580.142       | Graphics API: Vulkan
|=============================================================================================|
| GPU | Name                             | Active | LDA | GPU Memory | Vendor-ID | LUID       |
|     |                                  |        |     |            | Device-ID | UUID       |
|     |                                  |        |     |            | Bus-ID    |            |
|---------------------------------------------------------------------------------------------|
| 0   | NVIDIA GeForce RTX 5090 D v2     | Yes: 0 |     | 24701   MB | 10de      | 0          |
|     |                                  |        |     |            | 2b8c      | 5f3d0dc0.. |
|     |                                  |        |     |            | 1         |            |
|=============================================================================================|
| OS: 24.04.3 LTS (Noble Numbat) ubuntu, Version: 24.04.3, Kernel: 6.17.0-1017-oem
| Processor: Intel(R) Core(TM) i9-14900K
| Cores: 24 | Logical Cores: 32
|---------------------------------------------------------------------------------------------|
| Total Memory (MB): 64063 | Free Memory: 53646
| Total Page/Swap (MB): 8191 | Free Page/Swap: 8191
|---------------------------------------------------------------------------------------------|
2026-07-15T12:02:32Z [2,974ms] [Warning] [gpu.foundation.plugin] CPU performance profile is set to powersave. This profile sets the CPU to the lowest frequency reducing performance.
2026-07-15T12:02:32Z [2,974ms] [Warning] [gpu.foundation.plugin] IOMMU is enabled.
2026-07-15T12:02:32Z [3,178ms] [Warning] [carb.windowing-glfw.plugin] GLFW initialization failed.
2026-07-15T12:02:32Z [3,178ms] [Warning] [carb] Failed to startup plugin carb.windowing-glfw.plugin (interfaces: [carb::windowing::IGLContext v1.0],[carb::windowing::IWindowing v1.5]) (impl: carb.windowing-glfw.plugin)
2026-07-15T12:02:32Z [3,190ms] [Warning] [carb.windowing-glfw.plugin] GLFW initialization failed.
2026-07-15T12:02:32Z [3,190ms] [Warning] [carb] Failed to startup plugin carb.windowing-glfw.plugin (interfaces: [carb::windowing::IGLContext v1.0],[carb::windowing::IWindowing v1.5]) (impl: carb.windowing-glfw.plugin)
2026-07-15T12:02:33Z [3,194ms] [Warning] [carb.windowing-glfw.plugin] GLFW initialization failed.
2026-07-15T12:02:33Z [3,194ms] [Warning] [carb] Failed to startup plugin carb.windowing-glfw.plugin (interfaces: [carb::windowing::IGLContext v1.0],[carb::windowing::IWindowing v1.5]) (impl: carb.windowing-glfw.plugin)
2026-07-15T12:02:33Z [3,199ms] [Warning] [carb.windowing-glfw.plugin] GLFW initialization failed.
2026-07-15T12:02:33Z [3,199ms] [Warning] [carb] Failed to startup plugin carb.windowing-glfw.plugin (interfaces: [carb::windowing::IGLContext v1.0],[carb::windowing::IWindowing v1.5]) (impl: carb.windowing-glfw.plugin)
2026-07-15T12:02:33Z [3,200ms] [Warning] [carb.windowing-glfw.plugin] GLFW initialization failed.
2026-07-15T12:02:33Z [3,200ms] [Warning] [carb] Failed to startup plugin carb.windowing-glfw.plugin (interfaces: [carb::windowing::IGLContext v1.0],[carb::windowing::IWindowing v1.5]) (impl: carb.windowing-glfw.plugin)
2026-07-15T12:02:33Z [3,201ms] [Warning] [carb.windowing-glfw.plugin] GLFW initialization failed.
2026-07-15T12:02:33Z [3,201ms] [Warning] [carb] Failed to startup plugin carb.windowing-glfw.plugin (interfaces: [carb::windowing::IGLContext v1.0],[carb::windowing::IWindowing v1.5]) (impl: carb.windowing-glfw.plugin)
2026-07-15T12:02:33Z [3,448ms] [Warning] [omni.graph.visualization.nodes._impl.extension] No Viewport Window to add omni.graph.visualization.nodes-2.1.3 scene to
2026-07-15T12:02:33Z [3,567ms] [Warning] [isaacsim.asset.importer.urdf] No mass specified for link base
2026-07-15T12:02:33Z [3,567ms] [Warning] [omni.usd] Warning: in _ReportErrors at line 3172 of /builds/omniverse/usd-ci/USD/pxr/usd/usd/stage.cpp -- In </partnet_3ca503ae899826e88bb4434d620302e3/base/visuals>: Unresolved reference prim path @/home/ubuntu/workspace/physvla_sim/datasets/data_normalized/Dishwasher_urdf/12578/configuration/fitr_info1_physics.usd@</visuals/base> introduced by @/home/ubuntu/workspace/physvla_sim/datasets/data_normalized/Dishwasher_urdf/12578/configuration/fitr_info1_base.usd@</partnet_3ca503ae899826e88bb4434d620302e3/base/visuals> (recomposing stage on stage @/home/ubuntu/workspace/physvla_sim/datasets/data_normalized/Dishwasher_urdf/12578/configuration/fitr_info1_physics.usd@ <0x2f539390>)

2026-07-15T12:02:33Z [3,567ms] [Warning] [omni.usd] Warning: in _ReportErrors at line 3172 of /builds/omniverse/usd-ci/USD/pxr/usd/usd/stage.cpp -- In </partnet_3ca503ae899826e88bb4434d620302e3/base/visuals>: Unresolved reference prim path @/home/ubuntu/workspace/physvla_sim/datasets/data_normalized/Dishwasher_urdf/12578/fitr_info1.usd@</visuals/base> introduced by @/home/ubuntu/workspace/physvla_sim/datasets/data_normalized/Dishwasher_urdf/12578/configuration/fitr_info1_base.usd@</partnet_3ca503ae899826e88bb4434d620302e3/base/visuals> (recomposing stage on stage @/home/ubuntu/workspace/physvla_sim/datasets/data_normalized/Dishwasher_urdf/12578/fitr_info1.usd@ <0x2f525d90>)

2026-07-15T12:02:33Z [3,567ms] [Warning] [omni.usd] Warning: in _ReportErrors at line 3172 of /builds/omniverse/usd-ci/USD/pxr/usd/usd/stage.cpp -- In </partnet_3ca503ae899826e88bb4434d620302e3/base/visuals>: Unresolved reference prim path @/home/ubuntu/workspace/physvla_sim/datasets/data_normalized/Dishwasher_urdf/12578/fitr_info1.usd@</visuals/base> introduced by @/home/ubuntu/workspace/physvla_sim/datasets/data_normalized/Dishwasher_urdf/12578/configuration/fitr_info1_base.usd@</partnet_3ca503ae899826e88bb4434d620302e3/base/visuals> (recomposing stage on stage @/home/ubuntu/workspace/physvla_sim/datasets/data_normalized/Dishwasher_urdf/12578/fitr_info1.usd@ <0x2f521ef0>)

2026-07-15T12:02:33Z [3,567ms] [Warning] [omni.usd] Warning: in _ReportErrors at line 3172 of /builds/omniverse/usd-ci/USD/pxr/usd/usd/stage.cpp -- In </partnet_3ca503ae899826e88bb4434d620302e3/base/visuals>: Unresolved reference prim path @/home/ubuntu/workspace/physvla_sim/datasets/data_normalized/Dishwasher_urdf/12578/configuration/fitr_info1_base.usd@</visuals/base> introduced by @/home/ubuntu/workspace/physvla_sim/datasets/data_normalized/Dishwasher_urdf/12578/configuration/fitr_info1_base.usd@</partnet_3ca503ae899826e88bb4434d620302e3/base/visuals> (recomposing stage on stage @/home/ubuntu/workspace/physvla_sim/datasets/data_normalized/Dishwasher_urdf/12578/configuration/fitr_info1_base.usd@ <0x2f5428f0>)

2026-07-15T12:02:33Z [3,567ms] [Warning] [omni.usd] Warning: in _ReportErrors at line 3172 of /builds/omniverse/usd-ci/USD/pxr/usd/usd/stage.cpp -- In </partnet_3ca503ae899826e88bb4434d620302e3/base/visuals>: Unresolved reference prim path @/home/ubuntu/workspace/physvla_sim/datasets/data_normalized/Dishwasher_urdf/12578/configuration/fitr_info1_physics.usd@</visuals/base> introduced by @/home/ubuntu/workspace/physvla_sim/datasets/data_normalized/Dishwasher_urdf/12578/configuration/fitr_info1_base.usd@</partnet_3ca503ae899826e88bb4434d620302e3/base/visuals> (recomposing stage on stage @/home/ubuntu/workspace/physvla_sim/datasets/data_normalized/Dishwasher_urdf/12578/configuration/fitr_info1_physics.usd@ <0x2f539390>)

2026-07-15T12:02:33Z [3,567ms] [Warning] [omni.usd] Warning: in _ReportErrors at line 3172 of /builds/omniverse/usd-ci/USD/pxr/usd/usd/stage.cpp -- In </partnet_3ca503ae899826e88bb4434d620302e3/base/visuals>: Unresolved reference prim path @/home/ubuntu/workspace/physvla_sim/datasets/data_normalized/Dishwasher_urdf/12578/fitr_info1.usd@</visuals/base> introduced by @/home/ubuntu/workspace/physvla_sim/datasets/data_normalized/Dishwasher_urdf/12578/configuration/fitr_info1_base.usd@</partnet_3ca503ae899826e88bb4434d620302e3/base/visuals> (recomposing stage on stage @/home/ubuntu/workspace/physvla_sim/datasets/data_normalized/Dishwasher_urdf/12578/fitr_info1.usd@ <0x2f525d90>)

2026-07-15T12:02:33Z [3,567ms] [Warning] [omni.usd] Warning: in _ReportErrors at line 3172 of /builds/omniverse/usd-ci/USD/pxr/usd/usd/stage.cpp -- In </partnet_3ca503ae899826e88bb4434d620302e3/base/visuals>: Unresolved reference prim path @/home/ubuntu/workspace/physvla_sim/datasets/data_normalized/Dishwasher_urdf/12578/fitr_info1.usd@</visuals/base> introduced by @/home/ubuntu/workspace/physvla_sim/datasets/data_normalized/Dishwasher_urdf/12578/configuration/fitr_info1_base.usd@</partnet_3ca503ae899826e88bb4434d620302e3/base/visuals> (recomposing stage on stage @/home/ubuntu/workspace/physvla_sim/datasets/data_normalized/Dishwasher_urdf/12578/fitr_info1.usd@ <0x2f521ef0>)

2026-07-15T12:02:33Z [3,567ms] [Warning] [omni.usd] Warning: in _ReportErrors at line 3172 of /builds/omniverse/usd-ci/USD/pxr/usd/usd/stage.cpp -- In </partnet_3ca503ae899826e88bb4434d620302e3/base/visuals>: Unresolved reference prim path @/home/ubuntu/workspace/physvla_sim/datasets/data_normalized/Dishwasher_urdf/12578/configuration/fitr_info1_base.usd@</visuals/base> introduced by @/home/ubuntu/workspace/physvla_sim/datasets/data_normalized/Dishwasher_urdf/12578/configuration/fitr_info1_base.usd@</partnet_3ca503ae899826e88bb4434d620302e3/base/visuals> (recomposing stage on stage @/home/ubuntu/workspace/physvla_sim/datasets/data_normalized/Dishwasher_urdf/12578/configuration/fitr_info1_base.usd@ <0x2f5428f0>)

2026-07-15T12:02:33Z [3,568ms] [Warning] [isaacsim.asset.importer.urdf] Link base has no colliders, and no inertia was imported; assigning a small isotropic inertia matrix
2026-07-15T12:02:33Z [3,568ms] [Warning] [isaacsim.asset.importer.urdf] No mass specified for link body
2026-07-15T12:02:33Z [3,600ms] [Warning] [isaacsim.asset.importer.urdf] No mass specified for link body__dup1
2026-07-15T12:02:33Z [3,613ms] [Warning] [omni.usd] Warning: in _ReportErrors at line 3172 of /builds/omniverse/usd-ci/USD/pxr/usd/usd/stage.cpp -- In </partnet_3ca503ae899826e88bb4434d620302e3/base/visuals>: Unresolved reference prim path @/home/ubuntu/workspace/physvla_sim/datasets/data_normalized/Dishwasher_urdf/12578/configuration/fitr_info1_base.usd@</visuals/base> introduced by @/home/ubuntu/workspace/physvla_sim/datasets/data_normalized/Dishwasher_urdf/12578/configuration/fitr_info1_base.usd@</partnet_3ca503ae899826e88bb4434d620302e3/base/visuals> (recomposing stage on stage @/home/ubuntu/workspace/physvla_sim/datasets/data_normalized/Dishwasher_urdf/12578/fitr_info1.usd@ <0x2f525d90>)

2026-07-15T12:02:33Z [3,614ms] [Warning] [omni.usd] Warning: in _ReportErrors at line 3172 of /builds/omniverse/usd-ci/USD/pxr/usd/usd/stage.cpp -- In </partnet_3ca503ae899826e88bb4434d620302e3/base/visuals>: Unresolved reference prim path @/home/ubuntu/workspace/physvla_sim/datasets/data_normalized/Dishwasher_urdf/12578/configuration/fitr_info1_base.usd@</visuals/base> introduced by @/home/ubuntu/workspace/physvla_sim/datasets/data_normalized/Dishwasher_urdf/12578/configuration/fitr_info1_base.usd@</partnet_3ca503ae899826e88bb4434d620302e3/base/visuals> (recomposing stage on stage @/home/ubuntu/workspace/physvla_sim/datasets/data_normalized/Dishwasher_urdf/12578/fitr_info1.usd@ <0x2f521ef0>)

2026-07-15T12:02:33Z [3,615ms] [Warning] [omni.usd] Warning: in _ReportErrors at line 3172 of /builds/omniverse/usd-ci/USD/pxr/usd/usd/stage.cpp -- In </partnet_3ca503ae899826e88bb4434d620302e3/base/visuals>: Unresolved reference prim path @/home/ubuntu/workspace/physvla_sim/datasets/data_normalized/Dishwasher_urdf/12578/configuration/fitr_info1_physics.usd@</visuals/base> introduced by @/home/ubuntu/workspace/physvla_sim/datasets/data_normalized/Dishwasher_urdf/12578/configuration/fitr_info1_base.usd@</partnet_3ca503ae899826e88bb4434d620302e3/base/visuals> (recomposing stage on stage @/home/ubuntu/workspace/physvla_sim/datasets/data_normalized/Dishwasher_urdf/12578/fitr_info1.usd@ <0x2f525d90>)

2026-07-15T12:02:33Z [3,617ms] [Warning] [omni.usd] Warning: in _ReportErrors at line 3172 of /builds/omniverse/usd-ci/USD/pxr/usd/usd/stage.cpp -- In </partnet_3ca503ae899826e88bb4434d620302e3/base/visuals>: Unresolved reference prim path @/home/ubuntu/workspace/physvla_sim/datasets/data_normalized/Dishwasher_urdf/12578/configuration/fitr_info1_physics.usd@</visuals/base> introduced by @/home/ubuntu/workspace/physvla_sim/datasets/data_normalized/Dishwasher_urdf/12578/configuration/fitr_info1_base.usd@</partnet_3ca503ae899826e88bb4434d620302e3/base/visuals> (recomposing stage on stage @/home/ubuntu/workspace/physvla_sim/datasets/data_normalized/Dishwasher_urdf/12578/fitr_info1.usd@ <0x2f521ef0>)

2026-07-15T12:02:33Z [3,618ms] [Warning] [omni.usd] Warning: in _ReportErrors at line 3172 of /builds/omniverse/usd-ci/USD/pxr/usd/usd/stage.cpp -- In </partnet_3ca503ae899826e88bb4434d620302e3/base/visuals>: Unresolved reference prim path @/home/ubuntu/workspace/physvla_sim/datasets/data_normalized/Dishwasher_urdf/12578/configuration/fitr_info1_physics.usd@</visuals/base> introduced by @/home/ubuntu/workspace/physvla_sim/datasets/data_normalized/Dishwasher_urdf/12578/configuration/fitr_info1_base.usd@</partnet_3ca503ae899826e88bb4434d620302e3/base/visuals> (recomposing stage on stage @/home/ubuntu/workspace/physvla_sim/datasets/data_normalized/Dishwasher_urdf/12578/fitr_info1.usd@ <0x2f525d90>)

2026-07-15T12:02:33Z [3,618ms] [Warning] [omni.usd] Warning: in _ReportErrors at line 3172 of /builds/omniverse/usd-ci/USD/pxr/usd/usd/stage.cpp -- In </partnet_3ca503ae899826e88bb4434d620302e3/base/visuals>: Unresolved reference prim path @/home/ubuntu/workspace/physvla_sim/datasets/data_normalized/Dishwasher_urdf/12578/configuration/fitr_info1_physics.usd@</visuals/base> introduced by @/home/ubuntu/workspace/physvla_sim/datasets/data_normalized/Dishwasher_urdf/12578/configuration/fitr_info1_base.usd@</partnet_3ca503ae899826e88bb4434d620302e3/base/visuals> (recomposing stage on stage @/home/ubuntu/workspace/physvla_sim/datasets/data_normalized/Dishwasher_urdf/12578/fitr_info1.usd@ <0x2f521ef0>)

2026-07-15T12:02:33Z [3,619ms] [Warning] [omni.usd] Warning: in _ReportErrors at line 3172 of /builds/omniverse/usd-ci/USD/pxr/usd/usd/stage.cpp -- In </partnet_3ca503ae899826e88bb4434d620302e3/base/visuals>: Unresolved reference prim path @/home/ubuntu/workspace/physvla_sim/datasets/data_normalized/Dishwasher_urdf/12578/configuration/fitr_info1_physics.usd@</visuals/base> introduced by @/home/ubuntu/workspace/physvla_sim/datasets/data_normalized/Dishwasher_urdf/12578/configuration/fitr_info1_base.usd@</partnet_3ca503ae899826e88bb4434d620302e3/base/visuals> (recomposing stage on stage @/home/ubuntu/workspace/physvla_sim/datasets/data_normalized/Dishwasher_urdf/12578/fitr_info1.usd@ <0x2f525d90>)

2026-07-15T12:02:33Z [3,620ms] [Warning] [omni.usd] Warning: in _ReportErrors at line 3172 of /builds/omniverse/usd-ci/USD/pxr/usd/usd/stage.cpp -- In </partnet_3ca503ae899826e88bb4434d620302e3/base/visuals>: Unresolved reference prim path @/home/ubuntu/workspace/physvla_sim/datasets/data_normalized/Dishwasher_urdf/12578/configuration/fitr_info1_physics.usd@</visuals/base> introduced by @/home/ubuntu/workspace/physvla_sim/datasets/data_normalized/Dishwasher_urdf/12578/configuration/fitr_info1_base.usd@</partnet_3ca503ae899826e88bb4434d620302e3/base/visuals> (recomposing stage on stage @/home/ubuntu/workspace/physvla_sim/datasets/data_normalized/Dishwasher_urdf/12578/fitr_info1.usd@ <0x2f521ef0>)

2026-07-15T12:02:33Z [3,621ms] [Warning] [omni.usd] Warning: in _ReportErrors at line 3172 of /builds/omniverse/usd-ci/USD/pxr/usd/usd/stage.cpp -- In </partnet_3ca503ae899826e88bb4434d620302e3/base/visuals>: Unresolved reference prim path @/home/ubuntu/workspace/physvla_sim/datasets/data_normalized/Dishwasher_urdf/12578/configuration/fitr_info1_physics.usd@</visuals/base> introduced by @/home/ubuntu/workspace/physvla_sim/datasets/data_normalized/Dishwasher_urdf/12578/configuration/fitr_info1_base.usd@</partnet_3ca503ae899826e88bb4434d620302e3/base/visuals> (recomposing stage on stage @/home/ubuntu/workspace/physvla_sim/datasets/data_normalized/Dishwasher_urdf/12578/fitr_info1.usd@ <0x2f525d90>)

2026-07-15T12:02:33Z [3,623ms] [Warning] [omni.usd] Warning: in _ReportErrors at line 3172 of /builds/omniverse/usd-ci/USD/pxr/usd/usd/stage.cpp -- In </partnet_3ca503ae899826e88bb4434d620302e3/base/visuals>: Unresolved reference prim path @/home/ubuntu/workspace/physvla_sim/datasets/data_normalized/Dishwasher_urdf/12578/configuration/fitr_info1_physics.usd@</visuals/base> introduced by @/home/ubuntu/workspace/physvla_sim/datasets/data_normalized/Dishwasher_urdf/12578/configuration/fitr_info1_base.usd@</partnet_3ca503ae899826e88bb4434d620302e3/base/visuals> (recomposing stage on stage @/home/ubuntu/workspace/physvla_sim/datasets/data_normalized/Dishwasher_urdf/12578/fitr_info1.usd@ <0x2f521ef0>)

2026-07-15T12:02:33Z [3,624ms] [Warning] [omni.usd] Warning: in _ReportErrors at line 3172 of /builds/omniverse/usd-ci/USD/pxr/usd/usd/stage.cpp -- In </partnet_3ca503ae899826e88bb4434d620302e3/base/visuals>: Unresolved reference prim path @/home/ubuntu/workspace/physvla_sim/datasets/data_normalized/Dishwasher_urdf/12578/configuration/fitr_info1_physics.usd@</visuals/base> introduced by @/home/ubuntu/workspace/physvla_sim/datasets/data_normalized/Dishwasher_urdf/12578/configuration/fitr_info1_base.usd@</partnet_3ca503ae899826e88bb4434d620302e3/base/visuals> (recomposing stage on stage @/home/ubuntu/workspace/physvla_sim/datasets/data_normalized/Dishwasher_urdf/12578/fitr_info1.usd@ <0x2f525d90>)

2026-07-15T12:02:33Z [3,625ms] [Warning] [omni.usd] Warning: in _ReportErrors at line 3172 of /builds/omniverse/usd-ci/USD/pxr/usd/usd/stage.cpp -- In </partnet_3ca503ae899826e88bb4434d620302e3/base/visuals>: Unresolved reference prim path @/home/ubuntu/workspace/physvla_sim/datasets/data_normalized/Dishwasher_urdf/12578/configuration/fitr_info1_physics.usd@</visuals/base> introduced by @/home/ubuntu/workspace/physvla_sim/datasets/data_normalized/Dishwasher_urdf/12578/configuration/fitr_info1_base.usd@</partnet_3ca503ae899826e88bb4434d620302e3/base/visuals> (recomposing stage on stage @/home/ubuntu/workspace/physvla_sim/datasets/data_normalized/Dishwasher_urdf/12578/fitr_info1.usd@ <0x2f521ef0>)

2026-07-15T12:02:33Z [3,627ms] [Warning] [omni.usd] Warning: in _ReportErrors at line 3172 of /builds/omniverse/usd-ci/USD/pxr/usd/usd/stage.cpp -- In </partnet_3ca503ae899826e88bb4434d620302e3/base/visuals>: Unresolved reference prim path @/home/ubuntu/workspace/physvla_sim/datasets/data_normalized/Dishwasher_urdf/12578/configuration/fitr_info1_physics.usd@</visuals/base> introduced by @/home/ubuntu/workspace/physvla_sim/datasets/data_normalized/Dishwasher_urdf/12578/configuration/fitr_info1_base.usd@</partnet_3ca503ae899826e88bb4434d620302e3/base/visuals> (recomposing stage on stage @/home/ubuntu/workspace/physvla_sim/datasets/data_normalized/Dishwasher_urdf/12578/fitr_info1.usd@ <0x2f525d90>)

2026-07-15T12:02:33Z [3,628ms] [Warning] [omni.usd] Warning: in _ReportErrors at line 3172 of /builds/omniverse/usd-ci/USD/pxr/usd/usd/stage.cpp -- In </partnet_3ca503ae899826e88bb4434d620302e3/base/visuals>: Unresolved reference prim path @/home/ubuntu/workspace/physvla_sim/datasets/data_normalized/Dishwasher_urdf/12578/configuration/fitr_info1_physics.usd@</visuals/base> introduced by @/home/ubuntu/workspace/physvla_sim/datasets/data_normalized/Dishwasher_urdf/12578/configuration/fitr_info1_base.usd@</partnet_3ca503ae899826e88bb4434d620302e3/base/visuals> (recomposing stage on stage @/home/ubuntu/workspace/physvla_sim/datasets/data_normalized/Dishwasher_urdf/12578/fitr_info1.usd@ <0x2f521ef0>)

2026-07-15T12:02:33Z [3,630ms] [Warning] [omni.usd] Warning: in _ReportErrors at line 3172 of /builds/omniverse/usd-ci/USD/pxr/usd/usd/stage.cpp -- In </partnet_3ca503ae899826e88bb4434d620302e3/base/visuals>: Unresolved reference prim path @/home/ubuntu/workspace/physvla_sim/datasets/data_normalized/Dishwasher_urdf/12578/configuration/fitr_info1_physics.usd@</visuals/base> introduced by @/home/ubuntu/workspace/physvla_sim/datasets/data_normalized/Dishwasher_urdf/12578/configuration/fitr_info1_base.usd@</partnet_3ca503ae899826e88bb4434d620302e3/base/visuals> (recomposing stage on stage @/home/ubuntu/workspace/physvla_sim/datasets/data_normalized/Dishwasher_urdf/12578/fitr_info1.usd@ <0x2f525d90>)

2026-07-15T12:02:33Z [3,631ms] [Warning] [omni.usd] Warning: in _ReportErrors at line 3172 of /builds/omniverse/usd-ci/USD/pxr/usd/usd/stage.cpp -- In </partnet_3ca503ae899826e88bb4434d620302e3/base/visuals>: Unresolved reference prim path @/home/ubuntu/workspace/physvla_sim/datasets/data_normalized/Dishwasher_urdf/12578/configuration/fitr_info1_physics.usd@</visuals/base> introduced by @/home/ubuntu/workspace/physvla_sim/datasets/data_normalized/Dishwasher_urdf/12578/configuration/fitr_info1_base.usd@</partnet_3ca503ae899826e88bb4434d620302e3/base/visuals> (recomposing stage on stage @/home/ubuntu/workspace/physvla_sim/datasets/data_normalized/Dishwasher_urdf/12578/fitr_info1.usd@ <0x2f521ef0>)

Loading user config located at: '/home/ubuntu/isaacsim/kit/data/Kit/Isaac-Sim/5.1/user.config.json'
[Info] [carb] Logging to file: /home/ubuntu/isaacsim/kit/logs/Kit/Isaac-Sim/5.1/kit_20260715_200233.log
2026-07-15T12:02:33Z [0ms] [Warning] [carb.crashreporter-breakpad.plugin] [previous crash] preventing upload of minidump due to user opt-out: '/home/ubuntu/isaacsim/kit/data/Kit/Isaac-Sim/5.1/0d81a4fd-59cb-4157-42d97b80-310afb82.dmp'
2026-07-15T12:02:33Z [0ms] [Warning] [carb.crashreporter-breakpad.plugin] [previous crash] preventing upload of minidump due to user opt-out: '/home/ubuntu/isaacsim/kit/data/Kit/Isaac-Sim/5.1/7efeb785-3cdd-476a-8fc91ca3-38a85c81.dmp'
2026-07-15T12:02:33Z [0ms] [Warning] [carb.crashreporter-breakpad.plugin] [previous crash] preventing upload of minidump due to user opt-out: '/home/ubuntu/isaacsim/kit/data/Kit/Isaac-Sim/5.1/0ec06837-edee-4570-b459bb9b-e409ca73.dmp'
2026-07-15T12:02:33Z [0ms] [Warning] [carb.crashreporter-breakpad.plugin] [previous crash] preventing upload of minidump due to user opt-out: '/home/ubuntu/isaacsim/kit/data/Kit/Isaac-Sim/5.1/846da064-407f-481c-dab18ea9-9788aefc.dmp'
2026-07-15T12:02:33Z [0ms] [Warning] [carb.crashreporter-breakpad.plugin] [previous crash] preventing upload of minidump due to user opt-out: '/home/ubuntu/isaacsim/kit/data/Kit/Isaac-Sim/5.1/7674058d-a5ef-457b-61399da4-1924f871.dmp'
2026-07-15T12:02:33Z [1ms] [Warning] [carb.crashreporter-breakpad.plugin] [previous crash] preventing upload of minidump due to user opt-out: '/home/ubuntu/isaacsim/kit/data/Kit/Isaac-Sim/5.1/0dbca6de-81d5-44e8-85c7eba5-c7ac64b6.dmp'
2026-07-15T12:02:33Z [1ms] [Warning] [carb.crashreporter-breakpad.plugin] [previous crash] preventing upload of minidump due to user opt-out: '/home/ubuntu/isaacsim/kit/data/Kit/Isaac-Sim/5.1/96b6ea33-a47b-4c84-2d7408a6-bc8b64a8.dmp'
2026-07-15T12:02:34Z [182ms] [Warning] [omni.platforminfo.plugin] failed to open the default display.  Can't verify X Server version.
2026-07-15T12:02:34Z [185ms] [Warning] [omni.usd_config.extension] Enable omni.materialx.libs extension to use MaterialX
2026-07-15T12:02:34Z [461ms] [Warning] [carb] Acquiring non optional plugin interface which is not listed as dependency: [omni::physx::IPhysxBenchmarks v1.0] (plugin: <default plugin>), by client: omni.physics.physx.plugin. Add it to CARB_PLUGIN_IMPL_DEPS() macro of a client.
2026-07-15T12:02:34Z [598ms] [Warning] [omni.isaac.dynamic_control] omni.isaac.dynamic_control is deprecated as of Isaac Sim 4.5. No action is needed from end-users.

|---------------------------------------------------------------------------------------------|
| Driver Version: 580.142       | Graphics API: Vulkan
|=============================================================================================|
| GPU | Name                             | Active | LDA | GPU Memory | Vendor-ID | LUID       |
|     |                                  |        |     |            | Device-ID | UUID       |
|     |                                  |        |     |            | Bus-ID    |            |
|---------------------------------------------------------------------------------------------|
| 0   | NVIDIA GeForce RTX 5090 D v2     | Yes: 0 |     | 24701   MB | 10de      | 0          |
|     |                                  |        |     |            | 2b8c      | 5f3d0dc0.. |
|     |                                  |        |     |            | 1         |            |
|=============================================================================================|
| OS: 24.04.3 LTS (Noble Numbat) ubuntu, Version: 24.04.3, Kernel: 6.17.0-1017-oem
| Processor: Intel(R) Core(TM) i9-14900K
| Cores: 24 | Logical Cores: 32
|---------------------------------------------------------------------------------------------|
| Total Memory (MB): 64063 | Free Memory: 53833
| Total Page/Swap (MB): 8191 | Free Page/Swap: 8191
|---------------------------------------------------------------------------------------------|
2026-07-15T12:02:36Z [2,331ms] [Warning] [gpu.foundation.plugin] CPU performance profile is set to powersave. This profile sets the CPU to the lowest frequency reducing performance.
[INFO][AppLauncher]: Using device: cuda:0
[INFO][AppLauncher]: Loading experience file: /home/ubuntu/workspace/IsaacLab/apps/isaaclab.python.headless.kit
{
  "output": "/home/ubuntu/workspace/physvla_sim/datasets/data_normalized/Dishwasher_urdf/12578/fitr_info1.usd",
  "scale": 0.4068054914924149,
  "scale_layer": "/home/ubuntu/workspace/physvla_sim/datasets/data_normalized/Dishwasher_urdf/12578/configuration/fitr_info1_base.usd",
  "joints": [
    {
      "joint": "/partnet_3ca503ae899826e88bb4434d620302e3/joints/joint_1",
      "drive": "angular",
      "damping": 680.0,
      "stiffness": 0.0,
      "max_force": 10.25
    }
  ],
  "dynamics_layer": "/home/ubuntu/workspace/physvla_sim/datasets/data_normalized/Dishwasher_urdf/12578/configuration/fitr_info1_physics.usd",
  "affordance_links": []
}
2026-07-15T12:02:36Z [2,339ms] [Warning] [gpu.foundation.plugin] IOMMU is enabled.
2026-07-15T12:02:36Z [2,475ms] [Warning] [omni.usd] Warning: in _ReportErrors at line 3172 of /builds/omniverse/usd-ci/USD/pxr/usd/usd/stage.cpp -- In </partnet_3ca503ae899826e88bb4434d620302e3/base/visuals>: Unresolved reference prim path @/home/ubuntu/workspace/physvla_sim/datasets/data_normalized/Dishwasher_urdf/12578/configuration/fitr_info1_base.usd@</visuals/base> introduced by @/home/ubuntu/workspace/physvla_sim/datasets/data_normalized/Dishwasher_urdf/12578/configuration/fitr_info1_base.usd@</partnet_3ca503ae899826e88bb4434d620302e3/base/visuals> (instantiating stage on stage @/home/ubuntu/workspace/physvla_sim/datasets/data_normalized/Dishwasher_urdf/12578/configuration/fitr_info1_base.usd@ <0x25db1850>)

2026-07-15T12:02:36Z [2,478ms] [Warning] [omni.usd] Warning: in _ReportErrors at line 3172 of /builds/omniverse/usd-ci/USD/pxr/usd/usd/stage.cpp -- In </partnet_3ca503ae899826e88bb4434d620302e3/base/visuals>: Unresolved reference prim path @/home/ubuntu/workspace/physvla_sim/datasets/data_normalized/Dishwasher_urdf/12578/configuration/fitr_info1_physics.usd@</visuals/base> introduced by @/home/ubuntu/workspace/physvla_sim/datasets/data_normalized/Dishwasher_urdf/12578/configuration/fitr_info1_base.usd@</partnet_3ca503ae899826e88bb4434d620302e3/base/visuals> (instantiating stage on stage @/home/ubuntu/workspace/physvla_sim/datasets/data_normalized/Dishwasher_urdf/12578/configuration/fitr_info1_physics.usd@ <0x23f14930>)

2026-07-15T12:02:36Z [2,480ms] [Warning] [omni.usd] Warning: in _ReportErrors at line 3172 of /builds/omniverse/usd-ci/USD/pxr/usd/usd/stage.cpp -- In </partnet_3ca503ae899826e88bb4434d620302e3/base/visuals>: Unresolved reference prim path @/home/ubuntu/workspace/physvla_sim/datasets/data_normalized/Dishwasher_urdf/12578/configuration/fitr_info1_physics.usd@</visuals/base> introduced by @/home/ubuntu/workspace/physvla_sim/datasets/data_normalized/Dishwasher_urdf/12578/configuration/fitr_info1_base.usd@</partnet_3ca503ae899826e88bb4434d620302e3/base/visuals> (instantiating stage on stage @/home/ubuntu/workspace/physvla_sim/datasets/data_normalized/Dishwasher_urdf/12578/fitr_info1.usd@ <0x25d82e90>)

[OK] Dishwasher_urdf/12578
[RUN] Dishwasher_urdf/12583
Loading user config located at: '/home/ubuntu/isaacsim/kit/data/Kit/Isaac-Sim/5.1/user.config.json'
[Info] [carb] Logging to file: /home/ubuntu/isaacsim/kit/logs/Kit/Isaac-Sim/5.1/kit_20260715_200236.log
2026-07-15T12:02:36Z [0ms] [Warning] [carb.crashreporter-breakpad.plugin] [previous crash] preventing upload of minidump due to user opt-out: '/home/ubuntu/isaacsim/kit/data/Kit/Isaac-Sim/5.1/0d81a4fd-59cb-4157-42d97b80-310afb82.dmp'
2026-07-15T12:02:36Z [0ms] [Warning] [carb.crashreporter-breakpad.plugin] [previous crash] preventing upload of minidump due to user opt-out: '/home/ubuntu/isaacsim/kit/data/Kit/Isaac-Sim/5.1/7efeb785-3cdd-476a-8fc91ca3-38a85c81.dmp'
2026-07-15T12:02:36Z [0ms] [Warning] [carb.crashreporter-breakpad.plugin] [previous crash] preventing upload of minidump due to user opt-out: '/home/ubuntu/isaacsim/kit/data/Kit/Isaac-Sim/5.1/0ec06837-edee-4570-b459bb9b-e409ca73.dmp'
2026-07-15T12:02:36Z [0ms] [Warning] [carb.crashreporter-breakpad.plugin] [previous crash] preventing upload of minidump due to user opt-out: '/home/ubuntu/isaacsim/kit/data/Kit/Isaac-Sim/5.1/846da064-407f-481c-dab18ea9-9788aefc.dmp'
2026-07-15T12:02:36Z [0ms] [Warning] [carb.crashreporter-breakpad.plugin] [previous crash] preventing upload of minidump due to user opt-out: '/home/ubuntu/isaacsim/kit/data/Kit/Isaac-Sim/5.1/7674058d-a5ef-457b-61399da4-1924f871.dmp'
2026-07-15T12:02:36Z [0ms] [Warning] [carb.crashreporter-breakpad.plugin] [previous crash] preventing upload of minidump due to user opt-out: '/home/ubuntu/isaacsim/kit/data/Kit/Isaac-Sim/5.1/0dbca6de-81d5-44e8-85c7eba5-c7ac64b6.dmp'
2026-07-15T12:02:36Z [0ms] [Warning] [carb.crashreporter-breakpad.plugin] [previous crash] preventing upload of minidump due to user opt-out: '/home/ubuntu/isaacsim/kit/data/Kit/Isaac-Sim/5.1/96b6ea33-a47b-4c84-2d7408a6-bc8b64a8.dmp'
2026-07-15T12:02:36Z [182ms] [Warning] [omni.platforminfo.plugin] failed to open the default display.  Can't verify X Server version.
2026-07-15T12:02:36Z [183ms] [Warning] [omni.usd_config.extension] Enable omni.materialx.libs extension to use MaterialX
2026-07-15T12:02:37Z [456ms] [Warning] [carb] Acquiring non optional plugin interface which is not listed as dependency: [omni::physx::IPhysxBenchmarks v1.0] (plugin: <default plugin>), by client: omni.physics.physx.plugin. Add it to CARB_PLUGIN_IMPL_DEPS() macro of a client.
2026-07-15T12:02:37Z [589ms] [Warning] [omni.isaac.dynamic_control] omni.isaac.dynamic_control is deprecated as of Isaac Sim 4.5. No action is needed from end-users.

|---------------------------------------------------------------------------------------------|
| Driver Version: 580.142       | Graphics API: Vulkan
|=============================================================================================|
| GPU | Name                             | Active | LDA | GPU Memory | Vendor-ID | LUID       |
|     |                                  |        |     |            | Device-ID | UUID       |
|     |                                  |        |     |            | Bus-ID    |            |
|---------------------------------------------------------------------------------------------|
| 0   | NVIDIA GeForce RTX 5090 D v2     | Yes: 0 |     | 24701   MB | 10de      | 0          |
|     |                                  |        |     |            | 2b8c      | 5f3d0dc0.. |
|     |                                  |        |     |            | 1         |            |
|=============================================================================================|
| OS: 24.04.3 LTS (Noble Numbat) ubuntu, Version: 24.04.3, Kernel: 6.17.0-1017-oem
| Processor: Intel(R) Core(TM) i9-14900K
| Cores: 24 | Logical Cores: 32
|---------------------------------------------------------------------------------------------|
| Total Memory (MB): 64063 | Free Memory: 53826
| Total Page/Swap (MB): 8191 | Free Page/Swap: 8191
|---------------------------------------------------------------------------------------------|
2026-07-15T12:02:39Z [2,629ms] [Warning] [gpu.foundation.plugin] CPU performance profile is set to powersave. This profile sets the CPU to the lowest frequency reducing performance.
2026-07-15T12:02:39Z [2,637ms] [Warning] [gpu.foundation.plugin] IOMMU is enabled.
2026-07-15T12:02:39Z [2,772ms] [Warning] [carb.windowing-glfw.plugin] GLFW initialization failed.
2026-07-15T12:02:39Z [2,772ms] [Warning] [carb] Failed to startup plugin carb.windowing-glfw.plugin (interfaces: [carb::windowing::IGLContext v1.0],[carb::windowing::IWindowing v1.5]) (impl: carb.windowing-glfw.plugin)

|---------------------------------------------------------------------------------------------|
| Driver Version: 580.142       | Graphics API: Vulkan
|=============================================================================================|
| GPU | Name                             | Active | LDA | GPU Memory | Vendor-ID | LUID       |
|     |                                  |        |     |            | Device-ID | UUID       |
|     |                                  |        |     |            | Bus-ID    |            |
|---------------------------------------------------------------------------------------------|
| 0   | NVIDIA GeForce RTX 5090 D v2     | Yes: 0 |     | 24701   MB | 10de      | 0          |
|     |                                  |        |     |            | 2b8c      | 5f3d0dc0.. |
|     |                                  |        |     |            | 1         |            |
|=============================================================================================|
| OS: 24.04.3 LTS (Noble Numbat) ubuntu, Version: 24.04.3, Kernel: 6.17.0-1017-oem
| Processor: Intel(R) Core(TM) i9-14900K
| Cores: 24 | Logical Cores: 32
|---------------------------------------------------------------------------------------------|
| Total Memory (MB): 64063 | Free Memory: 53634
| Total Page/Swap (MB): 8191 | Free Page/Swap: 8191
|---------------------------------------------------------------------------------------------|
2026-07-15T12:02:39Z [3,003ms] [Warning] [gpu.foundation.plugin] CPU performance profile is set to powersave. This profile sets the CPU to the lowest frequency reducing performance.
2026-07-15T12:02:39Z [3,003ms] [Warning] [gpu.foundation.plugin] IOMMU is enabled.
2026-07-15T12:02:39Z [3,205ms] [Warning] [carb.windowing-glfw.plugin] GLFW initialization failed.
2026-07-15T12:02:39Z [3,205ms] [Warning] [carb] Failed to startup plugin carb.windowing-glfw.plugin (interfaces: [carb::windowing::IGLContext v1.0],[carb::windowing::IWindowing v1.5]) (impl: carb.windowing-glfw.plugin)
2026-07-15T12:02:39Z [3,224ms] [Warning] [carb.windowing-glfw.plugin] GLFW initialization failed.
2026-07-15T12:02:39Z [3,224ms] [Warning] [carb] Failed to startup plugin carb.windowing-glfw.plugin (interfaces: [carb::windowing::IGLContext v1.0],[carb::windowing::IWindowing v1.5]) (impl: carb.windowing-glfw.plugin)
2026-07-15T12:02:39Z [3,229ms] [Warning] [carb.windowing-glfw.plugin] GLFW initialization failed.
2026-07-15T12:02:39Z [3,229ms] [Warning] [carb] Failed to startup plugin carb.windowing-glfw.plugin (interfaces: [carb::windowing::IGLContext v1.0],[carb::windowing::IWindowing v1.5]) (impl: carb.windowing-glfw.plugin)
2026-07-15T12:02:39Z [3,234ms] [Warning] [carb.windowing-glfw.plugin] GLFW initialization failed.
2026-07-15T12:02:39Z [3,234ms] [Warning] [carb] Failed to startup plugin carb.windowing-glfw.plugin (interfaces: [carb::windowing::IGLContext v1.0],[carb::windowing::IWindowing v1.5]) (impl: carb.windowing-glfw.plugin)
2026-07-15T12:02:39Z [3,235ms] [Warning] [carb.windowing-glfw.plugin] GLFW initialization failed.
2026-07-15T12:02:39Z [3,235ms] [Warning] [carb] Failed to startup plugin carb.windowing-glfw.plugin (interfaces: [carb::windowing::IGLContext v1.0],[carb::windowing::IWindowing v1.5]) (impl: carb.windowing-glfw.plugin)
2026-07-15T12:02:39Z [3,236ms] [Warning] [carb.windowing-glfw.plugin] GLFW initialization failed.
2026-07-15T12:02:39Z [3,236ms] [Warning] [carb] Failed to startup plugin carb.windowing-glfw.plugin (interfaces: [carb::windowing::IGLContext v1.0],[carb::windowing::IWindowing v1.5]) (impl: carb.windowing-glfw.plugin)
2026-07-15T12:02:40Z [3,485ms] [Warning] [omni.graph.visualization.nodes._impl.extension] No Viewport Window to add omni.graph.visualization.nodes-2.1.3 scene to
2026-07-15T12:02:40Z [3,617ms] [Warning] [isaacsim.asset.importer.urdf] No mass specified for link base
2026-07-15T12:02:40Z [3,618ms] [Warning] [omni.usd] Warning: in _ReportErrors at line 3172 of /builds/omniverse/usd-ci/USD/pxr/usd/usd/stage.cpp -- In </partnet_a238b87f02c5de1edf3a1b0d597ce76e/base/visuals>: Unresolved reference prim path @/home/ubuntu/workspace/physvla_sim/datasets/data_normalized/Dishwasher_urdf/12583/configuration/fitr_info1_physics.usd@</visuals/base> introduced by @/home/ubuntu/workspace/physvla_sim/datasets/data_normalized/Dishwasher_urdf/12583/configuration/fitr_info1_base.usd@</partnet_a238b87f02c5de1edf3a1b0d597ce76e/base/visuals> (recomposing stage on stage @/home/ubuntu/workspace/physvla_sim/datasets/data_normalized/Dishwasher_urdf/12583/configuration/fitr_info1_physics.usd@ <0x287f37a0>)

2026-07-15T12:02:40Z [3,618ms] [Warning] [omni.usd] Warning: in _ReportErrors at line 3172 of /builds/omniverse/usd-ci/USD/pxr/usd/usd/stage.cpp -- In </partnet_a238b87f02c5de1edf3a1b0d597ce76e/base/visuals>: Unresolved reference prim path @/home/ubuntu/workspace/physvla_sim/datasets/data_normalized/Dishwasher_urdf/12583/fitr_info1.usd@</visuals/base> introduced by @/home/ubuntu/workspace/physvla_sim/datasets/data_normalized/Dishwasher_urdf/12583/configuration/fitr_info1_base.usd@</partnet_a238b87f02c5de1edf3a1b0d597ce76e/base/visuals> (recomposing stage on stage @/home/ubuntu/workspace/physvla_sim/datasets/data_normalized/Dishwasher_urdf/12583/fitr_info1.usd@ <0x287e00d0>)

2026-07-15T12:02:40Z [3,618ms] [Warning] [omni.usd] Warning: in _ReportErrors at line 3172 of /builds/omniverse/usd-ci/USD/pxr/usd/usd/stage.cpp -- In </partnet_a238b87f02c5de1edf3a1b0d597ce76e/base/visuals>: Unresolved reference prim path @/home/ubuntu/workspace/physvla_sim/datasets/data_normalized/Dishwasher_urdf/12583/fitr_info1.usd@</visuals/base> introduced by @/home/ubuntu/workspace/physvla_sim/datasets/data_normalized/Dishwasher_urdf/12583/configuration/fitr_info1_base.usd@</partnet_a238b87f02c5de1edf3a1b0d597ce76e/base/visuals> (recomposing stage on stage @/home/ubuntu/workspace/physvla_sim/datasets/data_normalized/Dishwasher_urdf/12583/fitr_info1.usd@ <0x287dbce0>)

2026-07-15T12:02:40Z [3,618ms] [Warning] [omni.usd] Warning: in _ReportErrors at line 3172 of /builds/omniverse/usd-ci/USD/pxr/usd/usd/stage.cpp -- In </partnet_a238b87f02c5de1edf3a1b0d597ce76e/base/visuals>: Unresolved reference prim path @/home/ubuntu/workspace/physvla_sim/datasets/data_normalized/Dishwasher_urdf/12583/configuration/fitr_info1_base.usd@</visuals/base> introduced by @/home/ubuntu/workspace/physvla_sim/datasets/data_normalized/Dishwasher_urdf/12583/configuration/fitr_info1_base.usd@</partnet_a238b87f02c5de1edf3a1b0d597ce76e/base/visuals> (recomposing stage on stage @/home/ubuntu/workspace/physvla_sim/datasets/data_normalized/Dishwasher_urdf/12583/configuration/fitr_info1_base.usd@ <0x287fcb60>)

2026-07-15T12:02:40Z [3,618ms] [Warning] [omni.usd] Warning: in _ReportErrors at line 3172 of /builds/omniverse/usd-ci/USD/pxr/usd/usd/stage.cpp -- In </partnet_a238b87f02c5de1edf3a1b0d597ce76e/base/visuals>: Unresolved reference prim path @/home/ubuntu/workspace/physvla_sim/datasets/data_normalized/Dishwasher_urdf/12583/configuration/fitr_info1_physics.usd@</visuals/base> introduced by @/home/ubuntu/workspace/physvla_sim/datasets/data_normalized/Dishwasher_urdf/12583/configuration/fitr_info1_base.usd@</partnet_a238b87f02c5de1edf3a1b0d597ce76e/base/visuals> (recomposing stage on stage @/home/ubuntu/workspace/physvla_sim/datasets/data_normalized/Dishwasher_urdf/12583/configuration/fitr_info1_physics.usd@ <0x287f37a0>)

2026-07-15T12:02:40Z [3,618ms] [Warning] [omni.usd] Warning: in _ReportErrors at line 3172 of /builds/omniverse/usd-ci/USD/pxr/usd/usd/stage.cpp -- In </partnet_a238b87f02c5de1edf3a1b0d597ce76e/base/visuals>: Unresolved reference prim path @/home/ubuntu/workspace/physvla_sim/datasets/data_normalized/Dishwasher_urdf/12583/fitr_info1.usd@</visuals/base> introduced by @/home/ubuntu/workspace/physvla_sim/datasets/data_normalized/Dishwasher_urdf/12583/configuration/fitr_info1_base.usd@</partnet_a238b87f02c5de1edf3a1b0d597ce76e/base/visuals> (recomposing stage on stage @/home/ubuntu/workspace/physvla_sim/datasets/data_normalized/Dishwasher_urdf/12583/fitr_info1.usd@ <0x287e00d0>)

2026-07-15T12:02:40Z [3,618ms] [Warning] [omni.usd] Warning: in _ReportErrors at line 3172 of /builds/omniverse/usd-ci/USD/pxr/usd/usd/stage.cpp -- In </partnet_a238b87f02c5de1edf3a1b0d597ce76e/base/visuals>: Unresolved reference prim path @/home/ubuntu/workspace/physvla_sim/datasets/data_normalized/Dishwasher_urdf/12583/fitr_info1.usd@</visuals/base> introduced by @/home/ubuntu/workspace/physvla_sim/datasets/data_normalized/Dishwasher_urdf/12583/configuration/fitr_info1_base.usd@</partnet_a238b87f02c5de1edf3a1b0d597ce76e/base/visuals> (recomposing stage on stage @/home/ubuntu/workspace/physvla_sim/datasets/data_normalized/Dishwasher_urdf/12583/fitr_info1.usd@ <0x287dbce0>)

2026-07-15T12:02:40Z [3,618ms] [Warning] [omni.usd] Warning: in _ReportErrors at line 3172 of /builds/omniverse/usd-ci/USD/pxr/usd/usd/stage.cpp -- In </partnet_a238b87f02c5de1edf3a1b0d597ce76e/base/visuals>: Unresolved reference prim path @/home/ubuntu/workspace/physvla_sim/datasets/data_normalized/Dishwasher_urdf/12583/configuration/fitr_info1_base.usd@</visuals/base> introduced by @/home/ubuntu/workspace/physvla_sim/datasets/data_normalized/Dishwasher_urdf/12583/configuration/fitr_info1_base.usd@</partnet_a238b87f02c5de1edf3a1b0d597ce76e/base/visuals> (recomposing stage on stage @/home/ubuntu/workspace/physvla_sim/datasets/data_normalized/Dishwasher_urdf/12583/configuration/fitr_info1_base.usd@ <0x287fcb60>)

2026-07-15T12:02:40Z [3,618ms] [Warning] [isaacsim.asset.importer.urdf] Link base has no colliders, and no inertia was imported; assigning a small isotropic inertia matrix
2026-07-15T12:02:40Z [3,619ms] [Warning] [isaacsim.asset.importer.urdf] No mass specified for link body
2026-07-15T12:02:40Z [3,632ms] [Warning] [isaacsim.asset.importer.urdf] No mass specified for link body__dup1
2026-07-15T12:02:40Z [3,650ms] [Warning] [omni.usd] Warning: in _ReportErrors at line 3172 of /builds/omniverse/usd-ci/USD/pxr/usd/usd/stage.cpp -- In </partnet_a238b87f02c5de1edf3a1b0d597ce76e/base/visuals>: Unresolved reference prim path @/home/ubuntu/workspace/physvla_sim/datasets/data_normalized/Dishwasher_urdf/12583/configuration/fitr_info1_base.usd@</visuals/base> introduced by @/home/ubuntu/workspace/physvla_sim/datasets/data_normalized/Dishwasher_urdf/12583/configuration/fitr_info1_base.usd@</partnet_a238b87f02c5de1edf3a1b0d597ce76e/base/visuals> (recomposing stage on stage @/home/ubuntu/workspace/physvla_sim/datasets/data_normalized/Dishwasher_urdf/12583/fitr_info1.usd@ <0x287e00d0>)

2026-07-15T12:02:40Z [3,651ms] [Warning] [omni.usd] Warning: in _ReportErrors at line 3172 of /builds/omniverse/usd-ci/USD/pxr/usd/usd/stage.cpp -- In </partnet_a238b87f02c5de1edf3a1b0d597ce76e/base/visuals>: Unresolved reference prim path @/home/ubuntu/workspace/physvla_sim/datasets/data_normalized/Dishwasher_urdf/12583/configuration/fitr_info1_base.usd@</visuals/base> introduced by @/home/ubuntu/workspace/physvla_sim/datasets/data_normalized/Dishwasher_urdf/12583/configuration/fitr_info1_base.usd@</partnet_a238b87f02c5de1edf3a1b0d597ce76e/base/visuals> (recomposing stage on stage @/home/ubuntu/workspace/physvla_sim/datasets/data_normalized/Dishwasher_urdf/12583/fitr_info1.usd@ <0x287dbce0>)

2026-07-15T12:02:40Z [3,653ms] [Warning] [omni.usd] Warning: in _ReportErrors at line 3172 of /builds/omniverse/usd-ci/USD/pxr/usd/usd/stage.cpp -- In </partnet_a238b87f02c5de1edf3a1b0d597ce76e/base/visuals>: Unresolved reference prim path @/home/ubuntu/workspace/physvla_sim/datasets/data_normalized/Dishwasher_urdf/12583/configuration/fitr_info1_physics.usd@</visuals/base> introduced by @/home/ubuntu/workspace/physvla_sim/datasets/data_normalized/Dishwasher_urdf/12583/configuration/fitr_info1_base.usd@</partnet_a238b87f02c5de1edf3a1b0d597ce76e/base/visuals> (recomposing stage on stage @/home/ubuntu/workspace/physvla_sim/datasets/data_normalized/Dishwasher_urdf/12583/fitr_info1.usd@ <0x287e00d0>)

2026-07-15T12:02:40Z [3,655ms] [Warning] [omni.usd] Warning: in _ReportErrors at line 3172 of /builds/omniverse/usd-ci/USD/pxr/usd/usd/stage.cpp -- In </partnet_a238b87f02c5de1edf3a1b0d597ce76e/base/visuals>: Unresolved reference prim path @/home/ubuntu/workspace/physvla_sim/datasets/data_normalized/Dishwasher_urdf/12583/configuration/fitr_info1_physics.usd@</visuals/base> introduced by @/home/ubuntu/workspace/physvla_sim/datasets/data_normalized/Dishwasher_urdf/12583/configuration/fitr_info1_base.usd@</partnet_a238b87f02c5de1edf3a1b0d597ce76e/base/visuals> (recomposing stage on stage @/home/ubuntu/workspace/physvla_sim/datasets/data_normalized/Dishwasher_urdf/12583/fitr_info1.usd@ <0x287dbce0>)

2026-07-15T12:02:40Z [3,656ms] [Warning] [omni.usd] Warning: in _ReportErrors at line 3172 of /builds/omniverse/usd-ci/USD/pxr/usd/usd/stage.cpp -- In </partnet_a238b87f02c5de1edf3a1b0d597ce76e/base/visuals>: Unresolved reference prim path @/home/ubuntu/workspace/physvla_sim/datasets/data_normalized/Dishwasher_urdf/12583/configuration/fitr_info1_physics.usd@</visuals/base> introduced by @/home/ubuntu/workspace/physvla_sim/datasets/data_normalized/Dishwasher_urdf/12583/configuration/fitr_info1_base.usd@</partnet_a238b87f02c5de1edf3a1b0d597ce76e/base/visuals> (recomposing stage on stage @/home/ubuntu/workspace/physvla_sim/datasets/data_normalized/Dishwasher_urdf/12583/fitr_info1.usd@ <0x287e00d0>)

2026-07-15T12:02:40Z [3,658ms] [Warning] [omni.usd] Warning: in _ReportErrors at line 3172 of /builds/omniverse/usd-ci/USD/pxr/usd/usd/stage.cpp -- In </partnet_a238b87f02c5de1edf3a1b0d597ce76e/base/visuals>: Unresolved reference prim path @/home/ubuntu/workspace/physvla_sim/datasets/data_normalized/Dishwasher_urdf/12583/configuration/fitr_info1_physics.usd@</visuals/base> introduced by @/home/ubuntu/workspace/physvla_sim/datasets/data_normalized/Dishwasher_urdf/12583/configuration/fitr_info1_base.usd@</partnet_a238b87f02c5de1edf3a1b0d597ce76e/base/visuals> (recomposing stage on stage @/home/ubuntu/workspace/physvla_sim/datasets/data_normalized/Dishwasher_urdf/12583/fitr_info1.usd@ <0x287dbce0>)

2026-07-15T12:02:40Z [3,659ms] [Warning] [omni.usd] Warning: in _ReportErrors at line 3172 of /builds/omniverse/usd-ci/USD/pxr/usd/usd/stage.cpp -- In </partnet_a238b87f02c5de1edf3a1b0d597ce76e/base/visuals>: Unresolved reference prim path @/home/ubuntu/workspace/physvla_sim/datasets/data_normalized/Dishwasher_urdf/12583/configuration/fitr_info1_physics.usd@</visuals/base> introduced by @/home/ubuntu/workspace/physvla_sim/datasets/data_normalized/Dishwasher_urdf/12583/configuration/fitr_info1_base.usd@</partnet_a238b87f02c5de1edf3a1b0d597ce76e/base/visuals> (recomposing stage on stage @/home/ubuntu/workspace/physvla_sim/datasets/data_normalized/Dishwasher_urdf/12583/fitr_info1.usd@ <0x287e00d0>)

2026-07-15T12:02:40Z [3,661ms] [Warning] [omni.usd] Warning: in _ReportErrors at line 3172 of /builds/omniverse/usd-ci/USD/pxr/usd/usd/stage.cpp -- In </partnet_a238b87f02c5de1edf3a1b0d597ce76e/base/visuals>: Unresolved reference prim path @/home/ubuntu/workspace/physvla_sim/datasets/data_normalized/Dishwasher_urdf/12583/configuration/fitr_info1_physics.usd@</visuals/base> introduced by @/home/ubuntu/workspace/physvla_sim/datasets/data_normalized/Dishwasher_urdf/12583/configuration/fitr_info1_base.usd@</partnet_a238b87f02c5de1edf3a1b0d597ce76e/base/visuals> (recomposing stage on stage @/home/ubuntu/workspace/physvla_sim/datasets/data_normalized/Dishwasher_urdf/12583/fitr_info1.usd@ <0x287dbce0>)

2026-07-15T12:02:40Z [3,663ms] [Warning] [omni.usd] Warning: in _ReportErrors at line 3172 of /builds/omniverse/usd-ci/USD/pxr/usd/usd/stage.cpp -- In </partnet_a238b87f02c5de1edf3a1b0d597ce76e/base/visuals>: Unresolved reference prim path @/home/ubuntu/workspace/physvla_sim/datasets/data_normalized/Dishwasher_urdf/12583/configuration/fitr_info1_physics.usd@</visuals/base> introduced by @/home/ubuntu/workspace/physvla_sim/datasets/data_normalized/Dishwasher_urdf/12583/configuration/fitr_info1_base.usd@</partnet_a238b87f02c5de1edf3a1b0d597ce76e/base/visuals> (recomposing stage on stage @/home/ubuntu/workspace/physvla_sim/datasets/data_normalized/Dishwasher_urdf/12583/fitr_info1.usd@ <0x287e00d0>)

2026-07-15T12:02:40Z [3,664ms] [Warning] [omni.usd] Warning: in _ReportErrors at line 3172 of /builds/omniverse/usd-ci/USD/pxr/usd/usd/stage.cpp -- In </partnet_a238b87f02c5de1edf3a1b0d597ce76e/base/visuals>: Unresolved reference prim path @/home/ubuntu/workspace/physvla_sim/datasets/data_normalized/Dishwasher_urdf/12583/configuration/fitr_info1_physics.usd@</visuals/base> introduced by @/home/ubuntu/workspace/physvla_sim/datasets/data_normalized/Dishwasher_urdf/12583/configuration/fitr_info1_base.usd@</partnet_a238b87f02c5de1edf3a1b0d597ce76e/base/visuals> (recomposing stage on stage @/home/ubuntu/workspace/physvla_sim/datasets/data_normalized/Dishwasher_urdf/12583/fitr_info1.usd@ <0x287dbce0>)

2026-07-15T12:02:40Z [3,666ms] [Warning] [omni.usd] Warning: in _ReportErrors at line 3172 of /builds/omniverse/usd-ci/USD/pxr/usd/usd/stage.cpp -- In </partnet_a238b87f02c5de1edf3a1b0d597ce76e/base/visuals>: Unresolved reference prim path @/home/ubuntu/workspace/physvla_sim/datasets/data_normalized/Dishwasher_urdf/12583/configuration/fitr_info1_physics.usd@</visuals/base> introduced by @/home/ubuntu/workspace/physvla_sim/datasets/data_normalized/Dishwasher_urdf/12583/configuration/fitr_info1_base.usd@</partnet_a238b87f02c5de1edf3a1b0d597ce76e/base/visuals> (recomposing stage on stage @/home/ubuntu/workspace/physvla_sim/datasets/data_normalized/Dishwasher_urdf/12583/fitr_info1.usd@ <0x287e00d0>)

2026-07-15T12:02:40Z [3,667ms] [Warning] [omni.usd] Warning: in _ReportErrors at line 3172 of /builds/omniverse/usd-ci/USD/pxr/usd/usd/stage.cpp -- In </partnet_a238b87f02c5de1edf3a1b0d597ce76e/base/visuals>: Unresolved reference prim path @/home/ubuntu/workspace/physvla_sim/datasets/data_normalized/Dishwasher_urdf/12583/configuration/fitr_info1_physics.usd@</visuals/base> introduced by @/home/ubuntu/workspace/physvla_sim/datasets/data_normalized/Dishwasher_urdf/12583/configuration/fitr_info1_base.usd@</partnet_a238b87f02c5de1edf3a1b0d597ce76e/base/visuals> (recomposing stage on stage @/home/ubuntu/workspace/physvla_sim/datasets/data_normalized/Dishwasher_urdf/12583/fitr_info1.usd@ <0x287dbce0>)

2026-07-15T12:02:40Z [3,669ms] [Warning] [omni.usd] Warning: in _ReportErrors at line 3172 of /builds/omniverse/usd-ci/USD/pxr/usd/usd/stage.cpp -- In </partnet_a238b87f02c5de1edf3a1b0d597ce76e/base/visuals>: Unresolved reference prim path @/home/ubuntu/workspace/physvla_sim/datasets/data_normalized/Dishwasher_urdf/12583/configuration/fitr_info1_physics.usd@</visuals/base> introduced by @/home/ubuntu/workspace/physvla_sim/datasets/data_normalized/Dishwasher_urdf/12583/configuration/fitr_info1_base.usd@</partnet_a238b87f02c5de1edf3a1b0d597ce76e/base/visuals> (recomposing stage on stage @/home/ubuntu/workspace/physvla_sim/datasets/data_normalized/Dishwasher_urdf/12583/fitr_info1.usd@ <0x287e00d0>)

2026-07-15T12:02:40Z [3,670ms] [Warning] [omni.usd] Warning: in _ReportErrors at line 3172 of /builds/omniverse/usd-ci/USD/pxr/usd/usd/stage.cpp -- In </partnet_a238b87f02c5de1edf3a1b0d597ce76e/base/visuals>: Unresolved reference prim path @/home/ubuntu/workspace/physvla_sim/datasets/data_normalized/Dishwasher_urdf/12583/configuration/fitr_info1_physics.usd@</visuals/base> introduced by @/home/ubuntu/workspace/physvla_sim/datasets/data_normalized/Dishwasher_urdf/12583/configuration/fitr_info1_base.usd@</partnet_a238b87f02c5de1edf3a1b0d597ce76e/base/visuals> (recomposing stage on stage @/home/ubuntu/workspace/physvla_sim/datasets/data_normalized/Dishwasher_urdf/12583/fitr_info1.usd@ <0x287dbce0>)

2026-07-15T12:02:40Z [3,672ms] [Warning] [omni.usd] Warning: in _ReportErrors at line 3172 of /builds/omniverse/usd-ci/USD/pxr/usd/usd/stage.cpp -- In </partnet_a238b87f02c5de1edf3a1b0d597ce76e/base/visuals>: Unresolved reference prim path @/home/ubuntu/workspace/physvla_sim/datasets/data_normalized/Dishwasher_urdf/12583/configuration/fitr_info1_physics.usd@</visuals/base> introduced by @/home/ubuntu/workspace/physvla_sim/datasets/data_normalized/Dishwasher_urdf/12583/configuration/fitr_info1_base.usd@</partnet_a238b87f02c5de1edf3a1b0d597ce76e/base/visuals> (recomposing stage on stage @/home/ubuntu/workspace/physvla_sim/datasets/data_normalized/Dishwasher_urdf/12583/fitr_info1.usd@ <0x287e00d0>)

2026-07-15T12:02:40Z [3,674ms] [Warning] [omni.usd] Warning: in _ReportErrors at line 3172 of /builds/omniverse/usd-ci/USD/pxr/usd/usd/stage.cpp -- In </partnet_a238b87f02c5de1edf3a1b0d597ce76e/base/visuals>: Unresolved reference prim path @/home/ubuntu/workspace/physvla_sim/datasets/data_normalized/Dishwasher_urdf/12583/configuration/fitr_info1_physics.usd@</visuals/base> introduced by @/home/ubuntu/workspace/physvla_sim/datasets/data_normalized/Dishwasher_urdf/12583/configuration/fitr_info1_base.usd@</partnet_a238b87f02c5de1edf3a1b0d597ce76e/base/visuals> (recomposing stage on stage @/home/ubuntu/workspace/physvla_sim/datasets/data_normalized/Dishwasher_urdf/12583/fitr_info1.usd@ <0x287dbce0>)

Loading user config located at: '/home/ubuntu/isaacsim/kit/data/Kit/Isaac-Sim/5.1/user.config.json'
[Info] [carb] Logging to file: /home/ubuntu/isaacsim/kit/logs/Kit/Isaac-Sim/5.1/kit_20260715_200240.log
2026-07-15T12:02:40Z [0ms] [Warning] [carb.crashreporter-breakpad.plugin] [previous crash] preventing upload of minidump due to user opt-out: '/home/ubuntu/isaacsim/kit/data/Kit/Isaac-Sim/5.1/0d81a4fd-59cb-4157-42d97b80-310afb82.dmp'
2026-07-15T12:02:40Z [0ms] [Warning] [carb.crashreporter-breakpad.plugin] [previous crash] preventing upload of minidump due to user opt-out: '/home/ubuntu/isaacsim/kit/data/Kit/Isaac-Sim/5.1/7efeb785-3cdd-476a-8fc91ca3-38a85c81.dmp'
2026-07-15T12:02:40Z [0ms] [Warning] [carb.crashreporter-breakpad.plugin] [previous crash] preventing upload of minidump due to user opt-out: '/home/ubuntu/isaacsim/kit/data/Kit/Isaac-Sim/5.1/0ec06837-edee-4570-b459bb9b-e409ca73.dmp'
2026-07-15T12:02:40Z [0ms] [Warning] [carb.crashreporter-breakpad.plugin] [previous crash] preventing upload of minidump due to user opt-out: '/home/ubuntu/isaacsim/kit/data/Kit/Isaac-Sim/5.1/846da064-407f-481c-dab18ea9-9788aefc.dmp'
2026-07-15T12:02:40Z [1ms] [Warning] [carb.crashreporter-breakpad.plugin] [previous crash] preventing upload of minidump due to user opt-out: '/home/ubuntu/isaacsim/kit/data/Kit/Isaac-Sim/5.1/7674058d-a5ef-457b-61399da4-1924f871.dmp'
2026-07-15T12:02:40Z [1ms] [Warning] [carb.crashreporter-breakpad.plugin] [previous crash] preventing upload of minidump due to user opt-out: '/home/ubuntu/isaacsim/kit/data/Kit/Isaac-Sim/5.1/0dbca6de-81d5-44e8-85c7eba5-c7ac64b6.dmp'
2026-07-15T12:02:40Z [1ms] [Warning] [carb.crashreporter-breakpad.plugin] [previous crash] preventing upload of minidump due to user opt-out: '/home/ubuntu/isaacsim/kit/data/Kit/Isaac-Sim/5.1/96b6ea33-a47b-4c84-2d7408a6-bc8b64a8.dmp'
2026-07-15T12:02:41Z [186ms] [Warning] [omni.usd_config.extension] Enable omni.materialx.libs extension to use MaterialX
2026-07-15T12:02:41Z [186ms] [Warning] [omni.platforminfo.plugin] failed to open the default display.  Can't verify X Server version.
2026-07-15T12:02:41Z [462ms] [Warning] [carb] Acquiring non optional plugin interface which is not listed as dependency: [omni::physx::IPhysxBenchmarks v1.0] (plugin: <default plugin>), by client: omni.physics.physx.plugin. Add it to CARB_PLUGIN_IMPL_DEPS() macro of a client.
2026-07-15T12:02:41Z [599ms] [Warning] [omni.isaac.dynamic_control] omni.isaac.dynamic_control is deprecated as of Isaac Sim 4.5. No action is needed from end-users.

|---------------------------------------------------------------------------------------------|
| Driver Version: 580.142       | Graphics API: Vulkan
|=============================================================================================|
| GPU | Name                             | Active | LDA | GPU Memory | Vendor-ID | LUID       |
|     |                                  |        |     |            | Device-ID | UUID       |
|     |                                  |        |     |            | Bus-ID    |            |
|---------------------------------------------------------------------------------------------|
| 0   | NVIDIA GeForce RTX 5090 D v2     | Yes: 0 |     | 24701   MB | 10de      | 0          |
|     |                                  |        |     |            | 2b8c      | 5f3d0dc0.. |
|     |                                  |        |     |            | 1         |            |
|=============================================================================================|
| OS: 24.04.3 LTS (Noble Numbat) ubuntu, Version: 24.04.3, Kernel: 6.17.0-1017-oem
| Processor: Intel(R) Core(TM) i9-14900K
| Cores: 24 | Logical Cores: 32
|---------------------------------------------------------------------------------------------|
| Total Memory (MB): 64063 | Free Memory: 53844
| Total Page/Swap (MB): 8191 | Free Page/Swap: 8191
|---------------------------------------------------------------------------------------------|
2026-07-15T12:02:43Z [2,582ms] [Warning] [gpu.foundation.plugin] CPU performance profile is set to powersave. This profile sets the CPU to the lowest frequency reducing performance.
[INFO][AppLauncher]: Using device: cuda:0
[INFO][AppLauncher]: Loading experience file: /home/ubuntu/workspace/IsaacLab/apps/isaaclab.python.headless.kit
{
  "output": "/home/ubuntu/workspace/physvla_sim/datasets/data_normalized/Dishwasher_urdf/12583/fitr_info1.usd",
  "scale": 0.39854390887658875,
  "scale_layer": "/home/ubuntu/workspace/physvla_sim/datasets/data_normalized/Dishwasher_urdf/12583/configuration/fitr_info1_base.usd",
  "joints": [
    {
      "joint": "/partnet_a238b87f02c5de1edf3a1b0d597ce76e/joints/joint_1",
      "drive": "angular",
      "damping": 670.0,
      "stiffness": 0.0,
      "max_force": 10.050000190734863
    }
  ],
  "dynamics_layer": "/home/ubuntu/workspace/physvla_sim/datasets/data_normalized/Dishwasher_urdf/12583/configuration/fitr_info1_physics.usd",
  "affordance_links": []
}
2026-07-15T12:02:43Z [2,590ms] [Warning] [gpu.foundation.plugin] IOMMU is enabled.
2026-07-15T12:02:43Z [2,717ms] [Warning] [omni.usd] Warning: in _ReportErrors at line 3172 of /builds/omniverse/usd-ci/USD/pxr/usd/usd/stage.cpp -- In </partnet_a238b87f02c5de1edf3a1b0d597ce76e/base/visuals>: Unresolved reference prim path @/home/ubuntu/workspace/physvla_sim/datasets/data_normalized/Dishwasher_urdf/12583/configuration/fitr_info1_base.usd@</visuals/base> introduced by @/home/ubuntu/workspace/physvla_sim/datasets/data_normalized/Dishwasher_urdf/12583/configuration/fitr_info1_base.usd@</partnet_a238b87f02c5de1edf3a1b0d597ce76e/base/visuals> (instantiating stage on stage @/home/ubuntu/workspace/physvla_sim/datasets/data_normalized/Dishwasher_urdf/12583/configuration/fitr_info1_base.usd@ <0x28337a10>)

2026-07-15T12:02:43Z [2,721ms] [Warning] [omni.usd] Warning: in _ReportErrors at line 3172 of /builds/omniverse/usd-ci/USD/pxr/usd/usd/stage.cpp -- In </partnet_a238b87f02c5de1edf3a1b0d597ce76e/base/visuals>: Unresolved reference prim path @/home/ubuntu/workspace/physvla_sim/datasets/data_normalized/Dishwasher_urdf/12583/configuration/fitr_info1_physics.usd@</visuals/base> introduced by @/home/ubuntu/workspace/physvla_sim/datasets/data_normalized/Dishwasher_urdf/12583/configuration/fitr_info1_base.usd@</partnet_a238b87f02c5de1edf3a1b0d597ce76e/base/visuals> (instantiating stage on stage @/home/ubuntu/workspace/physvla_sim/datasets/data_normalized/Dishwasher_urdf/12583/configuration/fitr_info1_physics.usd@ <0x198d5870>)

2026-07-15T12:02:43Z [2,722ms] [Warning] [omni.usd] Warning: in _ReportErrors at line 3172 of /builds/omniverse/usd-ci/USD/pxr/usd/usd/stage.cpp -- In </partnet_a238b87f02c5de1edf3a1b0d597ce76e/base/visuals>: Unresolved reference prim path @/home/ubuntu/workspace/physvla_sim/datasets/data_normalized/Dishwasher_urdf/12583/configuration/fitr_info1_physics.usd@</visuals/base> introduced by @/home/ubuntu/workspace/physvla_sim/datasets/data_normalized/Dishwasher_urdf/12583/configuration/fitr_info1_base.usd@</partnet_a238b87f02c5de1edf3a1b0d597ce76e/base/visuals> (instantiating stage on stage @/home/ubuntu/workspace/physvla_sim/datasets/data_normalized/Dishwasher_urdf/12583/fitr_info1.usd@ <0x1b743aa0>)

[OK] Dishwasher_urdf/12583
[RUN] Dishwasher_urdf/12597
Loading user config located at: '/home/ubuntu/isaacsim/kit/data/Kit/Isaac-Sim/5.1/user.config.json'
[Info] [carb] Logging to file: /home/ubuntu/isaacsim/kit/logs/Kit/Isaac-Sim/5.1/kit_20260715_200243.log
2026-07-15T12:02:44Z [0ms] [Warning] [carb.crashreporter-breakpad.plugin] [previous crash] preventing upload of minidump due to user opt-out: '/home/ubuntu/isaacsim/kit/data/Kit/Isaac-Sim/5.1/0d81a4fd-59cb-4157-42d97b80-310afb82.dmp'
2026-07-15T12:02:44Z [0ms] [Warning] [carb.crashreporter-breakpad.plugin] [previous crash] preventing upload of minidump due to user opt-out: '/home/ubuntu/isaacsim/kit/data/Kit/Isaac-Sim/5.1/7efeb785-3cdd-476a-8fc91ca3-38a85c81.dmp'
2026-07-15T12:02:44Z [0ms] [Warning] [carb.crashreporter-breakpad.plugin] [previous crash] preventing upload of minidump due to user opt-out: '/home/ubuntu/isaacsim/kit/data/Kit/Isaac-Sim/5.1/0ec06837-edee-4570-b459bb9b-e409ca73.dmp'
2026-07-15T12:02:44Z [0ms] [Warning] [carb.crashreporter-breakpad.plugin] [previous crash] preventing upload of minidump due to user opt-out: '/home/ubuntu/isaacsim/kit/data/Kit/Isaac-Sim/5.1/846da064-407f-481c-dab18ea9-9788aefc.dmp'
2026-07-15T12:02:44Z [0ms] [Warning] [carb.crashreporter-breakpad.plugin] [previous crash] preventing upload of minidump due to user opt-out: '/home/ubuntu/isaacsim/kit/data/Kit/Isaac-Sim/5.1/7674058d-a5ef-457b-61399da4-1924f871.dmp'
2026-07-15T12:02:44Z [1ms] [Warning] [carb.crashreporter-breakpad.plugin] [previous crash] preventing upload of minidump due to user opt-out: '/home/ubuntu/isaacsim/kit/data/Kit/Isaac-Sim/5.1/0dbca6de-81d5-44e8-85c7eba5-c7ac64b6.dmp'
2026-07-15T12:02:44Z [1ms] [Warning] [carb.crashreporter-breakpad.plugin] [previous crash] preventing upload of minidump due to user opt-out: '/home/ubuntu/isaacsim/kit/data/Kit/Isaac-Sim/5.1/96b6ea33-a47b-4c84-2d7408a6-bc8b64a8.dmp'
2026-07-15T12:02:44Z [187ms] [Warning] [omni.usd_config.extension] Enable omni.materialx.libs extension to use MaterialX
2026-07-15T12:02:44Z [191ms] [Warning] [omni.platforminfo.plugin] failed to open the default display.  Can't verify X Server version.
2026-07-15T12:02:44Z [462ms] [Warning] [carb] Acquiring non optional plugin interface which is not listed as dependency: [omni::physx::IPhysxBenchmarks v1.0] (plugin: <default plugin>), by client: omni.physics.physx.plugin. Add it to CARB_PLUGIN_IMPL_DEPS() macro of a client.
2026-07-15T12:02:44Z [597ms] [Warning] [omni.isaac.dynamic_control] omni.isaac.dynamic_control is deprecated as of Isaac Sim 4.5. No action is needed from end-users.

|---------------------------------------------------------------------------------------------|
| Driver Version: 580.142       | Graphics API: Vulkan
|=============================================================================================|
| GPU | Name                             | Active | LDA | GPU Memory | Vendor-ID | LUID       |
|     |                                  |        |     |            | Device-ID | UUID       |
|     |                                  |        |     |            | Bus-ID    |            |
|---------------------------------------------------------------------------------------------|
| 0   | NVIDIA GeForce RTX 5090 D v2     | Yes: 0 |     | 24701   MB | 10de      | 0          |
|     |                                  |        |     |            | 2b8c      | 5f3d0dc0.. |
|     |                                  |        |     |            | 1         |            |
|=============================================================================================|
| OS: 24.04.3 LTS (Noble Numbat) ubuntu, Version: 24.04.3, Kernel: 6.17.0-1017-oem
| Processor: Intel(R) Core(TM) i9-14900K
| Cores: 24 | Logical Cores: 32
|---------------------------------------------------------------------------------------------|
| Total Memory (MB): 64063 | Free Memory: 53845
| Total Page/Swap (MB): 8191 | Free Page/Swap: 8191
|---------------------------------------------------------------------------------------------|
2026-07-15T12:02:46Z [2,581ms] [Warning] [gpu.foundation.plugin] CPU performance profile is set to powersave. This profile sets the CPU to the lowest frequency reducing performance.
2026-07-15T12:02:46Z [2,589ms] [Warning] [gpu.foundation.plugin] IOMMU is enabled.
2026-07-15T12:02:46Z [2,727ms] [Warning] [carb.windowing-glfw.plugin] GLFW initialization failed.
2026-07-15T12:02:46Z [2,727ms] [Warning] [carb] Failed to startup plugin carb.windowing-glfw.plugin (interfaces: [carb::windowing::IGLContext v1.0],[carb::windowing::IWindowing v1.5]) (impl: carb.windowing-glfw.plugin)

|---------------------------------------------------------------------------------------------|
| Driver Version: 580.142       | Graphics API: Vulkan
|=============================================================================================|
| GPU | Name                             | Active | LDA | GPU Memory | Vendor-ID | LUID       |
|     |                                  |        |     |            | Device-ID | UUID       |
|     |                                  |        |     |            | Bus-ID    |            |
|---------------------------------------------------------------------------------------------|
| 0   | NVIDIA GeForce RTX 5090 D v2     | Yes: 0 |     | 24701   MB | 10de      | 0          |
|     |                                  |        |     |            | 2b8c      | 5f3d0dc0.. |
|     |                                  |        |     |            | 1         |            |
|=============================================================================================|
| OS: 24.04.3 LTS (Noble Numbat) ubuntu, Version: 24.04.3, Kernel: 6.17.0-1017-oem
| Processor: Intel(R) Core(TM) i9-14900K
| Cores: 24 | Logical Cores: 32
|---------------------------------------------------------------------------------------------|
| Total Memory (MB): 64063 | Free Memory: 53640
| Total Page/Swap (MB): 8191 | Free Page/Swap: 8191
|---------------------------------------------------------------------------------------------|
2026-07-15T12:02:46Z [2,960ms] [Warning] [gpu.foundation.plugin] CPU performance profile is set to powersave. This profile sets the CPU to the lowest frequency reducing performance.
2026-07-15T12:02:46Z [2,960ms] [Warning] [gpu.foundation.plugin] IOMMU is enabled.
2026-07-15T12:02:47Z [3,165ms] [Warning] [carb.windowing-glfw.plugin] GLFW initialization failed.
2026-07-15T12:02:47Z [3,165ms] [Warning] [carb] Failed to startup plugin carb.windowing-glfw.plugin (interfaces: [carb::windowing::IGLContext v1.0],[carb::windowing::IWindowing v1.5]) (impl: carb.windowing-glfw.plugin)
2026-07-15T12:02:47Z [3,177ms] [Warning] [carb.windowing-glfw.plugin] GLFW initialization failed.
2026-07-15T12:02:47Z [3,177ms] [Warning] [carb] Failed to startup plugin carb.windowing-glfw.plugin (interfaces: [carb::windowing::IGLContext v1.0],[carb::windowing::IWindowing v1.5]) (impl: carb.windowing-glfw.plugin)
2026-07-15T12:02:47Z [3,182ms] [Warning] [carb.windowing-glfw.plugin] GLFW initialization failed.
2026-07-15T12:02:47Z [3,182ms] [Warning] [carb] Failed to startup plugin carb.windowing-glfw.plugin (interfaces: [carb::windowing::IGLContext v1.0],[carb::windowing::IWindowing v1.5]) (impl: carb.windowing-glfw.plugin)
2026-07-15T12:02:47Z [3,187ms] [Warning] [carb.windowing-glfw.plugin] GLFW initialization failed.
2026-07-15T12:02:47Z [3,187ms] [Warning] [carb] Failed to startup plugin carb.windowing-glfw.plugin (interfaces: [carb::windowing::IGLContext v1.0],[carb::windowing::IWindowing v1.5]) (impl: carb.windowing-glfw.plugin)
2026-07-15T12:02:47Z [3,188ms] [Warning] [carb.windowing-glfw.plugin] GLFW initialization failed.
2026-07-15T12:02:47Z [3,188ms] [Warning] [carb] Failed to startup plugin carb.windowing-glfw.plugin (interfaces: [carb::windowing::IGLContext v1.0],[carb::windowing::IWindowing v1.5]) (impl: carb.windowing-glfw.plugin)
2026-07-15T12:02:47Z [3,189ms] [Warning] [carb.windowing-glfw.plugin] GLFW initialization failed.
2026-07-15T12:02:47Z [3,189ms] [Warning] [carb] Failed to startup plugin carb.windowing-glfw.plugin (interfaces: [carb::windowing::IGLContext v1.0],[carb::windowing::IWindowing v1.5]) (impl: carb.windowing-glfw.plugin)
2026-07-15T12:02:47Z [3,433ms] [Warning] [omni.graph.visualization.nodes._impl.extension] No Viewport Window to add omni.graph.visualization.nodes-2.1.3 scene to
2026-07-15T12:02:47Z [3,519ms] [Warning] [isaacsim.asset.importer.urdf] No mass specified for link base
2026-07-15T12:02:47Z [3,520ms] [Warning] [omni.usd] Warning: in _ReportErrors at line 3172 of /builds/omniverse/usd-ci/USD/pxr/usd/usd/stage.cpp -- In </partnet_b132e38eab307f2649ad049dc6857ad1/base/visuals>: Unresolved reference prim path @/home/ubuntu/workspace/physvla_sim/datasets/data_normalized/Dishwasher_urdf/12597/configuration/fitr_info1_physics.usd@</visuals/base> introduced by @/home/ubuntu/workspace/physvla_sim/datasets/data_normalized/Dishwasher_urdf/12597/configuration/fitr_info1_base.usd@</partnet_b132e38eab307f2649ad049dc6857ad1/base/visuals> (recomposing stage on stage @/home/ubuntu/workspace/physvla_sim/datasets/data_normalized/Dishwasher_urdf/12597/configuration/fitr_info1_physics.usd@ <0x751288b95ca0>)

2026-07-15T12:02:47Z [3,520ms] [Warning] [omni.usd] Warning: in _ReportErrors at line 3172 of /builds/omniverse/usd-ci/USD/pxr/usd/usd/stage.cpp -- In </partnet_b132e38eab307f2649ad049dc6857ad1/base/visuals>: Unresolved reference prim path @/home/ubuntu/workspace/physvla_sim/datasets/data_normalized/Dishwasher_urdf/12597/fitr_info1.usd@</visuals/base> introduced by @/home/ubuntu/workspace/physvla_sim/datasets/data_normalized/Dishwasher_urdf/12597/configuration/fitr_info1_base.usd@</partnet_b132e38eab307f2649ad049dc6857ad1/base/visuals> (recomposing stage on stage @/home/ubuntu/workspace/physvla_sim/datasets/data_normalized/Dishwasher_urdf/12597/fitr_info1.usd@ <0x751288b82d70>)

2026-07-15T12:02:47Z [3,520ms] [Warning] [omni.usd] Warning: in _ReportErrors at line 3172 of /builds/omniverse/usd-ci/USD/pxr/usd/usd/stage.cpp -- In </partnet_b132e38eab307f2649ad049dc6857ad1/base/visuals>: Unresolved reference prim path @/home/ubuntu/workspace/physvla_sim/datasets/data_normalized/Dishwasher_urdf/12597/fitr_info1.usd@</visuals/base> introduced by @/home/ubuntu/workspace/physvla_sim/datasets/data_normalized/Dishwasher_urdf/12597/configuration/fitr_info1_base.usd@</partnet_b132e38eab307f2649ad049dc6857ad1/base/visuals> (recomposing stage on stage @/home/ubuntu/workspace/physvla_sim/datasets/data_normalized/Dishwasher_urdf/12597/fitr_info1.usd@ <0x751288b7e520>)

2026-07-15T12:02:47Z [3,520ms] [Warning] [omni.usd] Warning: in _ReportErrors at line 3172 of /builds/omniverse/usd-ci/USD/pxr/usd/usd/stage.cpp -- In </partnet_b132e38eab307f2649ad049dc6857ad1/base/visuals>: Unresolved reference prim path @/home/ubuntu/workspace/physvla_sim/datasets/data_normalized/Dishwasher_urdf/12597/configuration/fitr_info1_base.usd@</visuals/base> introduced by @/home/ubuntu/workspace/physvla_sim/datasets/data_normalized/Dishwasher_urdf/12597/configuration/fitr_info1_base.usd@</partnet_b132e38eab307f2649ad049dc6857ad1/base/visuals> (recomposing stage on stage @/home/ubuntu/workspace/physvla_sim/datasets/data_normalized/Dishwasher_urdf/12597/configuration/fitr_info1_base.usd@ <0x751288ba0180>)

2026-07-15T12:02:47Z [3,520ms] [Warning] [omni.usd] Warning: in _ReportErrors at line 3172 of /builds/omniverse/usd-ci/USD/pxr/usd/usd/stage.cpp -- In </partnet_b132e38eab307f2649ad049dc6857ad1/base/visuals>: Unresolved reference prim path @/home/ubuntu/workspace/physvla_sim/datasets/data_normalized/Dishwasher_urdf/12597/configuration/fitr_info1_physics.usd@</visuals/base> introduced by @/home/ubuntu/workspace/physvla_sim/datasets/data_normalized/Dishwasher_urdf/12597/configuration/fitr_info1_base.usd@</partnet_b132e38eab307f2649ad049dc6857ad1/base/visuals> (recomposing stage on stage @/home/ubuntu/workspace/physvla_sim/datasets/data_normalized/Dishwasher_urdf/12597/configuration/fitr_info1_physics.usd@ <0x751288b95ca0>)

2026-07-15T12:02:47Z [3,520ms] [Warning] [omni.usd] Warning: in _ReportErrors at line 3172 of /builds/omniverse/usd-ci/USD/pxr/usd/usd/stage.cpp -- In </partnet_b132e38eab307f2649ad049dc6857ad1/base/visuals>: Unresolved reference prim path @/home/ubuntu/workspace/physvla_sim/datasets/data_normalized/Dishwasher_urdf/12597/fitr_info1.usd@</visuals/base> introduced by @/home/ubuntu/workspace/physvla_sim/datasets/data_normalized/Dishwasher_urdf/12597/configuration/fitr_info1_base.usd@</partnet_b132e38eab307f2649ad049dc6857ad1/base/visuals> (recomposing stage on stage @/home/ubuntu/workspace/physvla_sim/datasets/data_normalized/Dishwasher_urdf/12597/fitr_info1.usd@ <0x751288b82d70>)

2026-07-15T12:02:47Z [3,520ms] [Warning] [omni.usd] Warning: in _ReportErrors at line 3172 of /builds/omniverse/usd-ci/USD/pxr/usd/usd/stage.cpp -- In </partnet_b132e38eab307f2649ad049dc6857ad1/base/visuals>: Unresolved reference prim path @/home/ubuntu/workspace/physvla_sim/datasets/data_normalized/Dishwasher_urdf/12597/fitr_info1.usd@</visuals/base> introduced by @/home/ubuntu/workspace/physvla_sim/datasets/data_normalized/Dishwasher_urdf/12597/configuration/fitr_info1_base.usd@</partnet_b132e38eab307f2649ad049dc6857ad1/base/visuals> (recomposing stage on stage @/home/ubuntu/workspace/physvla_sim/datasets/data_normalized/Dishwasher_urdf/12597/fitr_info1.usd@ <0x751288b7e520>)

2026-07-15T12:02:47Z [3,520ms] [Warning] [omni.usd] Warning: in _ReportErrors at line 3172 of /builds/omniverse/usd-ci/USD/pxr/usd/usd/stage.cpp -- In </partnet_b132e38eab307f2649ad049dc6857ad1/base/visuals>: Unresolved reference prim path @/home/ubuntu/workspace/physvla_sim/datasets/data_normalized/Dishwasher_urdf/12597/configuration/fitr_info1_base.usd@</visuals/base> introduced by @/home/ubuntu/workspace/physvla_sim/datasets/data_normalized/Dishwasher_urdf/12597/configuration/fitr_info1_base.usd@</partnet_b132e38eab307f2649ad049dc6857ad1/base/visuals> (recomposing stage on stage @/home/ubuntu/workspace/physvla_sim/datasets/data_normalized/Dishwasher_urdf/12597/configuration/fitr_info1_base.usd@ <0x751288ba0180>)

2026-07-15T12:02:47Z [3,520ms] [Warning] [isaacsim.asset.importer.urdf] Link base has no colliders, and no inertia was imported; assigning a small isotropic inertia matrix
2026-07-15T12:02:47Z [3,521ms] [Warning] [isaacsim.asset.importer.urdf] No mass specified for link body
2026-07-15T12:02:47Z [3,545ms] [Warning] [isaacsim.asset.importer.urdf] No mass specified for link door_1
2026-07-15T12:02:47Z [3,554ms] [Warning] [isaacsim.asset.importer.urdf] No mass specified for link body__dup1
2026-07-15T12:02:47Z [3,562ms] [Warning] [omni.usd] Warning: in _ReportErrors at line 3172 of /builds/omniverse/usd-ci/USD/pxr/usd/usd/stage.cpp -- In </partnet_b132e38eab307f2649ad049dc6857ad1/base/visuals>: Unresolved reference prim path @/home/ubuntu/workspace/physvla_sim/datasets/data_normalized/Dishwasher_urdf/12597/configuration/fitr_info1_base.usd@</visuals/base> introduced by @/home/ubuntu/workspace/physvla_sim/datasets/data_normalized/Dishwasher_urdf/12597/configuration/fitr_info1_base.usd@</partnet_b132e38eab307f2649ad049dc6857ad1/base/visuals> (recomposing stage on stage @/home/ubuntu/workspace/physvla_sim/datasets/data_normalized/Dishwasher_urdf/12597/fitr_info1.usd@ <0x751288b82d70>)

2026-07-15T12:02:47Z [3,562ms] [Warning] [omni.usd] Warning: in _ReportErrors at line 3172 of /builds/omniverse/usd-ci/USD/pxr/usd/usd/stage.cpp -- In </partnet_b132e38eab307f2649ad049dc6857ad1/base/visuals>: Unresolved reference prim path @/home/ubuntu/workspace/physvla_sim/datasets/data_normalized/Dishwasher_urdf/12597/configuration/fitr_info1_base.usd@</visuals/base> introduced by @/home/ubuntu/workspace/physvla_sim/datasets/data_normalized/Dishwasher_urdf/12597/configuration/fitr_info1_base.usd@</partnet_b132e38eab307f2649ad049dc6857ad1/base/visuals> (recomposing stage on stage @/home/ubuntu/workspace/physvla_sim/datasets/data_normalized/Dishwasher_urdf/12597/fitr_info1.usd@ <0x751288b7e520>)

2026-07-15T12:02:47Z [3,563ms] [Warning] [omni.usd] Warning: in _ReportErrors at line 3172 of /builds/omniverse/usd-ci/USD/pxr/usd/usd/stage.cpp -- In </partnet_b132e38eab307f2649ad049dc6857ad1/base/visuals>: Unresolved reference prim path @/home/ubuntu/workspace/physvla_sim/datasets/data_normalized/Dishwasher_urdf/12597/configuration/fitr_info1_physics.usd@</visuals/base> introduced by @/home/ubuntu/workspace/physvla_sim/datasets/data_normalized/Dishwasher_urdf/12597/configuration/fitr_info1_base.usd@</partnet_b132e38eab307f2649ad049dc6857ad1/base/visuals> (recomposing stage on stage @/home/ubuntu/workspace/physvla_sim/datasets/data_normalized/Dishwasher_urdf/12597/fitr_info1.usd@ <0x751288b82d70>)

2026-07-15T12:02:47Z [3,564ms] [Warning] [omni.usd] Warning: in _ReportErrors at line 3172 of /builds/omniverse/usd-ci/USD/pxr/usd/usd/stage.cpp -- In </partnet_b132e38eab307f2649ad049dc6857ad1/base/visuals>: Unresolved reference prim path @/home/ubuntu/workspace/physvla_sim/datasets/data_normalized/Dishwasher_urdf/12597/configuration/fitr_info1_physics.usd@</visuals/base> introduced by @/home/ubuntu/workspace/physvla_sim/datasets/data_normalized/Dishwasher_urdf/12597/configuration/fitr_info1_base.usd@</partnet_b132e38eab307f2649ad049dc6857ad1/base/visuals> (recomposing stage on stage @/home/ubuntu/workspace/physvla_sim/datasets/data_normalized/Dishwasher_urdf/12597/fitr_info1.usd@ <0x751288b7e520>)

2026-07-15T12:02:47Z [3,564ms] [Warning] [omni.usd] Warning: in _ReportErrors at line 3172 of /builds/omniverse/usd-ci/USD/pxr/usd/usd/stage.cpp -- In </partnet_b132e38eab307f2649ad049dc6857ad1/base/visuals>: Unresolved reference prim path @/home/ubuntu/workspace/physvla_sim/datasets/data_normalized/Dishwasher_urdf/12597/configuration/fitr_info1_physics.usd@</visuals/base> introduced by @/home/ubuntu/workspace/physvla_sim/datasets/data_normalized/Dishwasher_urdf/12597/configuration/fitr_info1_base.usd@</partnet_b132e38eab307f2649ad049dc6857ad1/base/visuals> (recomposing stage on stage @/home/ubuntu/workspace/physvla_sim/datasets/data_normalized/Dishwasher_urdf/12597/fitr_info1.usd@ <0x751288b82d70>)

2026-07-15T12:02:47Z [3,564ms] [Warning] [omni.usd] Warning: in _ReportErrors at line 3172 of /builds/omniverse/usd-ci/USD/pxr/usd/usd/stage.cpp -- In </partnet_b132e38eab307f2649ad049dc6857ad1/base/visuals>: Unresolved reference prim path @/home/ubuntu/workspace/physvla_sim/datasets/data_normalized/Dishwasher_urdf/12597/configuration/fitr_info1_physics.usd@</visuals/base> introduced by @/home/ubuntu/workspace/physvla_sim/datasets/data_normalized/Dishwasher_urdf/12597/configuration/fitr_info1_base.usd@</partnet_b132e38eab307f2649ad049dc6857ad1/base/visuals> (recomposing stage on stage @/home/ubuntu/workspace/physvla_sim/datasets/data_normalized/Dishwasher_urdf/12597/fitr_info1.usd@ <0x751288b7e520>)

2026-07-15T12:02:47Z [3,565ms] [Warning] [omni.usd] Warning: in _ReportErrors at line 3172 of /builds/omniverse/usd-ci/USD/pxr/usd/usd/stage.cpp -- In </partnet_b132e38eab307f2649ad049dc6857ad1/base/visuals>: Unresolved reference prim path @/home/ubuntu/workspace/physvla_sim/datasets/data_normalized/Dishwasher_urdf/12597/configuration/fitr_info1_physics.usd@</visuals/base> introduced by @/home/ubuntu/workspace/physvla_sim/datasets/data_normalized/Dishwasher_urdf/12597/configuration/fitr_info1_base.usd@</partnet_b132e38eab307f2649ad049dc6857ad1/base/visuals> (recomposing stage on stage @/home/ubuntu/workspace/physvla_sim/datasets/data_normalized/Dishwasher_urdf/12597/fitr_info1.usd@ <0x751288b82d70>)

2026-07-15T12:02:47Z [3,565ms] [Warning] [omni.usd] Warning: in _ReportErrors at line 3172 of /builds/omniverse/usd-ci/USD/pxr/usd/usd/stage.cpp -- In </partnet_b132e38eab307f2649ad049dc6857ad1/base/visuals>: Unresolved reference prim path @/home/ubuntu/workspace/physvla_sim/datasets/data_normalized/Dishwasher_urdf/12597/configuration/fitr_info1_physics.usd@</visuals/base> introduced by @/home/ubuntu/workspace/physvla_sim/datasets/data_normalized/Dishwasher_urdf/12597/configuration/fitr_info1_base.usd@</partnet_b132e38eab307f2649ad049dc6857ad1/base/visuals> (recomposing stage on stage @/home/ubuntu/workspace/physvla_sim/datasets/data_normalized/Dishwasher_urdf/12597/fitr_info1.usd@ <0x751288b7e520>)

2026-07-15T12:02:47Z [3,565ms] [Warning] [omni.usd] Warning: in _ReportErrors at line 3172 of /builds/omniverse/usd-ci/USD/pxr/usd/usd/stage.cpp -- In </partnet_b132e38eab307f2649ad049dc6857ad1/base/visuals>: Unresolved reference prim path @/home/ubuntu/workspace/physvla_sim/datasets/data_normalized/Dishwasher_urdf/12597/configuration/fitr_info1_physics.usd@</visuals/base> introduced by @/home/ubuntu/workspace/physvla_sim/datasets/data_normalized/Dishwasher_urdf/12597/configuration/fitr_info1_base.usd@</partnet_b132e38eab307f2649ad049dc6857ad1/base/visuals> (recomposing stage on stage @/home/ubuntu/workspace/physvla_sim/datasets/data_normalized/Dishwasher_urdf/12597/fitr_info1.usd@ <0x751288b82d70>)

2026-07-15T12:02:47Z [3,566ms] [Warning] [omni.usd] Warning: in _ReportErrors at line 3172 of /builds/omniverse/usd-ci/USD/pxr/usd/usd/stage.cpp -- In </partnet_b132e38eab307f2649ad049dc6857ad1/base/visuals>: Unresolved reference prim path @/home/ubuntu/workspace/physvla_sim/datasets/data_normalized/Dishwasher_urdf/12597/configuration/fitr_info1_physics.usd@</visuals/base> introduced by @/home/ubuntu/workspace/physvla_sim/datasets/data_normalized/Dishwasher_urdf/12597/configuration/fitr_info1_base.usd@</partnet_b132e38eab307f2649ad049dc6857ad1/base/visuals> (recomposing stage on stage @/home/ubuntu/workspace/physvla_sim/datasets/data_normalized/Dishwasher_urdf/12597/fitr_info1.usd@ <0x751288b7e520>)

2026-07-15T12:02:47Z [3,566ms] [Warning] [omni.usd] Warning: in _ReportErrors at line 3172 of /builds/omniverse/usd-ci/USD/pxr/usd/usd/stage.cpp -- In </partnet_b132e38eab307f2649ad049dc6857ad1/base/visuals>: Unresolved reference prim path @/home/ubuntu/workspace/physvla_sim/datasets/data_normalized/Dishwasher_urdf/12597/configuration/fitr_info1_physics.usd@</visuals/base> introduced by @/home/ubuntu/workspace/physvla_sim/datasets/data_normalized/Dishwasher_urdf/12597/configuration/fitr_info1_base.usd@</partnet_b132e38eab307f2649ad049dc6857ad1/base/visuals> (recomposing stage on stage @/home/ubuntu/workspace/physvla_sim/datasets/data_normalized/Dishwasher_urdf/12597/fitr_info1.usd@ <0x751288b82d70>)

2026-07-15T12:02:47Z [3,567ms] [Warning] [omni.usd] Warning: in _ReportErrors at line 3172 of /builds/omniverse/usd-ci/USD/pxr/usd/usd/stage.cpp -- In </partnet_b132e38eab307f2649ad049dc6857ad1/base/visuals>: Unresolved reference prim path @/home/ubuntu/workspace/physvla_sim/datasets/data_normalized/Dishwasher_urdf/12597/configuration/fitr_info1_physics.usd@</visuals/base> introduced by @/home/ubuntu/workspace/physvla_sim/datasets/data_normalized/Dishwasher_urdf/12597/configuration/fitr_info1_base.usd@</partnet_b132e38eab307f2649ad049dc6857ad1/base/visuals> (recomposing stage on stage @/home/ubuntu/workspace/physvla_sim/datasets/data_normalized/Dishwasher_urdf/12597/fitr_info1.usd@ <0x751288b7e520>)

2026-07-15T12:02:47Z [3,567ms] [Warning] [omni.usd] Warning: in _ReportErrors at line 3172 of /builds/omniverse/usd-ci/USD/pxr/usd/usd/stage.cpp -- In </partnet_b132e38eab307f2649ad049dc6857ad1/base/visuals>: Unresolved reference prim path @/home/ubuntu/workspace/physvla_sim/datasets/data_normalized/Dishwasher_urdf/12597/configuration/fitr_info1_physics.usd@</visuals/base> introduced by @/home/ubuntu/workspace/physvla_sim/datasets/data_normalized/Dishwasher_urdf/12597/configuration/fitr_info1_base.usd@</partnet_b132e38eab307f2649ad049dc6857ad1/base/visuals> (recomposing stage on stage @/home/ubuntu/workspace/physvla_sim/datasets/data_normalized/Dishwasher_urdf/12597/fitr_info1.usd@ <0x751288b82d70>)

2026-07-15T12:02:47Z [3,568ms] [Warning] [omni.usd] Warning: in _ReportErrors at line 3172 of /builds/omniverse/usd-ci/USD/pxr/usd/usd/stage.cpp -- In </partnet_b132e38eab307f2649ad049dc6857ad1/base/visuals>: Unresolved reference prim path @/home/ubuntu/workspace/physvla_sim/datasets/data_normalized/Dishwasher_urdf/12597/configuration/fitr_info1_physics.usd@</visuals/base> introduced by @/home/ubuntu/workspace/physvla_sim/datasets/data_normalized/Dishwasher_urdf/12597/configuration/fitr_info1_base.usd@</partnet_b132e38eab307f2649ad049dc6857ad1/base/visuals> (recomposing stage on stage @/home/ubuntu/workspace/physvla_sim/datasets/data_normalized/Dishwasher_urdf/12597/fitr_info1.usd@ <0x751288b7e520>)

2026-07-15T12:02:47Z [3,568ms] [Warning] [omni.usd] Warning: in _ReportErrors at line 3172 of /builds/omniverse/usd-ci/USD/pxr/usd/usd/stage.cpp -- In </partnet_b132e38eab307f2649ad049dc6857ad1/base/visuals>: Unresolved reference prim path @/home/ubuntu/workspace/physvla_sim/datasets/data_normalized/Dishwasher_urdf/12597/configuration/fitr_info1_physics.usd@</visuals/base> introduced by @/home/ubuntu/workspace/physvla_sim/datasets/data_normalized/Dishwasher_urdf/12597/configuration/fitr_info1_base.usd@</partnet_b132e38eab307f2649ad049dc6857ad1/base/visuals> (recomposing stage on stage @/home/ubuntu/workspace/physvla_sim/datasets/data_normalized/Dishwasher_urdf/12597/fitr_info1.usd@ <0x751288b82d70>)

2026-07-15T12:02:47Z [3,568ms] [Warning] [omni.usd] Warning: in _ReportErrors at line 3172 of /builds/omniverse/usd-ci/USD/pxr/usd/usd/stage.cpp -- In </partnet_b132e38eab307f2649ad049dc6857ad1/base/visuals>: Unresolved reference prim path @/home/ubuntu/workspace/physvla_sim/datasets/data_normalized/Dishwasher_urdf/12597/configuration/fitr_info1_physics.usd@</visuals/base> introduced by @/home/ubuntu/workspace/physvla_sim/datasets/data_normalized/Dishwasher_urdf/12597/configuration/fitr_info1_base.usd@</partnet_b132e38eab307f2649ad049dc6857ad1/base/visuals> (recomposing stage on stage @/home/ubuntu/workspace/physvla_sim/datasets/data_normalized/Dishwasher_urdf/12597/fitr_info1.usd@ <0x751288b7e520>)

Loading user config located at: '/home/ubuntu/isaacsim/kit/data/Kit/Isaac-Sim/5.1/user.config.json'
[Info] [carb] Logging to file: /home/ubuntu/isaacsim/kit/logs/Kit/Isaac-Sim/5.1/kit_20260715_200248.log
2026-07-15T12:02:48Z [0ms] [Warning] [carb.crashreporter-breakpad.plugin] [previous crash] preventing upload of minidump due to user opt-out: '/home/ubuntu/isaacsim/kit/data/Kit/Isaac-Sim/5.1/0d81a4fd-59cb-4157-42d97b80-310afb82.dmp'
2026-07-15T12:02:48Z [0ms] [Warning] [carb.crashreporter-breakpad.plugin] [previous crash] preventing upload of minidump due to user opt-out: '/home/ubuntu/isaacsim/kit/data/Kit/Isaac-Sim/5.1/7efeb785-3cdd-476a-8fc91ca3-38a85c81.dmp'
2026-07-15T12:02:48Z [1ms] [Warning] [carb.crashreporter-breakpad.plugin] [previous crash] preventing upload of minidump due to user opt-out: '/home/ubuntu/isaacsim/kit/data/Kit/Isaac-Sim/5.1/0ec06837-edee-4570-b459bb9b-e409ca73.dmp'
2026-07-15T12:02:48Z [1ms] [Warning] [carb.crashreporter-breakpad.plugin] [previous crash] preventing upload of minidump due to user opt-out: '/home/ubuntu/isaacsim/kit/data/Kit/Isaac-Sim/5.1/846da064-407f-481c-dab18ea9-9788aefc.dmp'
2026-07-15T12:02:48Z [1ms] [Warning] [carb.crashreporter-breakpad.plugin] [previous crash] preventing upload of minidump due to user opt-out: '/home/ubuntu/isaacsim/kit/data/Kit/Isaac-Sim/5.1/7674058d-a5ef-457b-61399da4-1924f871.dmp'
2026-07-15T12:02:48Z [1ms] [Warning] [carb.crashreporter-breakpad.plugin] [previous crash] preventing upload of minidump due to user opt-out: '/home/ubuntu/isaacsim/kit/data/Kit/Isaac-Sim/5.1/0dbca6de-81d5-44e8-85c7eba5-c7ac64b6.dmp'
2026-07-15T12:02:48Z [1ms] [Warning] [carb.crashreporter-breakpad.plugin] [previous crash] preventing upload of minidump due to user opt-out: '/home/ubuntu/isaacsim/kit/data/Kit/Isaac-Sim/5.1/96b6ea33-a47b-4c84-2d7408a6-bc8b64a8.dmp'
2026-07-15T12:02:48Z [191ms] [Warning] [omni.usd_config.extension] Enable omni.materialx.libs extension to use MaterialX
2026-07-15T12:02:48Z [192ms] [Warning] [omni.platforminfo.plugin] failed to open the default display.  Can't verify X Server version.
2026-07-15T12:02:48Z [465ms] [Warning] [carb] Acquiring non optional plugin interface which is not listed as dependency: [omni::physx::IPhysxBenchmarks v1.0] (plugin: <default plugin>), by client: omni.physics.physx.plugin. Add it to CARB_PLUGIN_IMPL_DEPS() macro of a client.
2026-07-15T12:02:48Z [598ms] [Warning] [omni.isaac.dynamic_control] omni.isaac.dynamic_control is deprecated as of Isaac Sim 4.5. No action is needed from end-users.

|---------------------------------------------------------------------------------------------|
| Driver Version: 580.142       | Graphics API: Vulkan
|=============================================================================================|
| GPU | Name                             | Active | LDA | GPU Memory | Vendor-ID | LUID       |
|     |                                  |        |     |            | Device-ID | UUID       |
|     |                                  |        |     |            | Bus-ID    |            |
|---------------------------------------------------------------------------------------------|
| 0   | NVIDIA GeForce RTX 5090 D v2     | Yes: 0 |     | 24701   MB | 10de      | 0          |
|     |                                  |        |     |            | 2b8c      | 5f3d0dc0.. |
|     |                                  |        |     |            | 1         |            |
|=============================================================================================|
| OS: 24.04.3 LTS (Noble Numbat) ubuntu, Version: 24.04.3, Kernel: 6.17.0-1017-oem
| Processor: Intel(R) Core(TM) i9-14900K
| Cores: 24 | Logical Cores: 32
|---------------------------------------------------------------------------------------------|
| Total Memory (MB): 64063 | Free Memory: 53800
| Total Page/Swap (MB): 8191 | Free Page/Swap: 8191
|---------------------------------------------------------------------------------------------|
2026-07-15T12:02:50Z [2,620ms] [Warning] [gpu.foundation.plugin] CPU performance profile is set to powersave. This profile sets the CPU to the lowest frequency reducing performance.
[INFO][AppLauncher]: Using device: cuda:0
[INFO][AppLauncher]: Loading experience file: /home/ubuntu/workspace/IsaacLab/apps/isaaclab.python.headless.kit
{
  "output": "/home/ubuntu/workspace/physvla_sim/datasets/data_normalized/Dishwasher_urdf/12597/fitr_info1.usd",
  "scale": 0.44276919331693315,
  "scale_layer": "/home/ubuntu/workspace/physvla_sim/datasets/data_normalized/Dishwasher_urdf/12597/configuration/fitr_info1_base.usd",
  "joints": [
    {
      "joint": "/partnet_b132e38eab307f2649ad049dc6857ad1/joints/joint_0",
      "drive": "angular",
      "damping": 742.0,
      "stiffness": 0.0,
      "max_force": 11.15999984741211
    }
  ],
  "dynamics_layer": "/home/ubuntu/workspace/physvla_sim/datasets/data_normalized/Dishwasher_urdf/12597/configuration/fitr_info1_physics.usd",
  "affordance_links": [
    "/partnet_b132e38eab307f2649ad049dc6857ad1/door_1"
  ]
}
2026-07-15T12:02:50Z [2,628ms] [Warning] [gpu.foundation.plugin] IOMMU is enabled.
2026-07-15T12:02:50Z [2,750ms] [Warning] [omni.usd] Warning: in _ReportErrors at line 3172 of /builds/omniverse/usd-ci/USD/pxr/usd/usd/stage.cpp -- In </partnet_b132e38eab307f2649ad049dc6857ad1/base/visuals>: Unresolved reference prim path @/home/ubuntu/workspace/physvla_sim/datasets/data_normalized/Dishwasher_urdf/12597/configuration/fitr_info1_base.usd@</visuals/base> introduced by @/home/ubuntu/workspace/physvla_sim/datasets/data_normalized/Dishwasher_urdf/12597/configuration/fitr_info1_base.usd@</partnet_b132e38eab307f2649ad049dc6857ad1/base/visuals> (instantiating stage on stage @/home/ubuntu/workspace/physvla_sim/datasets/data_normalized/Dishwasher_urdf/12597/configuration/fitr_info1_base.usd@ <0x3029d2d0>)

2026-07-15T12:02:50Z [2,753ms] [Warning] [omni.usd] Warning: in _ReportErrors at line 3172 of /builds/omniverse/usd-ci/USD/pxr/usd/usd/stage.cpp -- In </partnet_b132e38eab307f2649ad049dc6857ad1/base/visuals>: Unresolved reference prim path @/home/ubuntu/workspace/physvla_sim/datasets/data_normalized/Dishwasher_urdf/12597/configuration/fitr_info1_physics.usd@</visuals/base> introduced by @/home/ubuntu/workspace/physvla_sim/datasets/data_normalized/Dishwasher_urdf/12597/configuration/fitr_info1_base.usd@</partnet_b132e38eab307f2649ad049dc6857ad1/base/visuals> (instantiating stage on stage @/home/ubuntu/workspace/physvla_sim/datasets/data_normalized/Dishwasher_urdf/12597/configuration/fitr_info1_physics.usd@ <0x2e3fdb40>)

2026-07-15T12:02:50Z [2,756ms] [Warning] [omni.usd] Warning: in _ReportErrors at line 3172 of /builds/omniverse/usd-ci/USD/pxr/usd/usd/stage.cpp -- In </partnet_b132e38eab307f2649ad049dc6857ad1/base/visuals>: Unresolved reference prim path @/home/ubuntu/workspace/physvla_sim/datasets/data_normalized/Dishwasher_urdf/12597/configuration/fitr_info1_physics.usd@</visuals/base> introduced by @/home/ubuntu/workspace/physvla_sim/datasets/data_normalized/Dishwasher_urdf/12597/configuration/fitr_info1_base.usd@</partnet_b132e38eab307f2649ad049dc6857ad1/base/visuals> (instantiating stage on stage @/home/ubuntu/workspace/physvla_sim/datasets/data_normalized/Dishwasher_urdf/12597/fitr_info1.usd@ <0x3026e910>)

[OK] Dishwasher_urdf/12597
[RUN] lamp_urdf/14314
Loading user config located at: '/home/ubuntu/isaacsim/kit/data/Kit/Isaac-Sim/5.1/user.config.json'
[Info] [carb] Logging to file: /home/ubuntu/isaacsim/kit/logs/Kit/Isaac-Sim/5.1/kit_20260715_200251.log
2026-07-15T12:02:51Z [0ms] [Warning] [carb.crashreporter-breakpad.plugin] [previous crash] preventing upload of minidump due to user opt-out: '/home/ubuntu/isaacsim/kit/data/Kit/Isaac-Sim/5.1/0d81a4fd-59cb-4157-42d97b80-310afb82.dmp'
2026-07-15T12:02:51Z [0ms] [Warning] [carb.crashreporter-breakpad.plugin] [previous crash] preventing upload of minidump due to user opt-out: '/home/ubuntu/isaacsim/kit/data/Kit/Isaac-Sim/5.1/7efeb785-3cdd-476a-8fc91ca3-38a85c81.dmp'
2026-07-15T12:02:51Z [0ms] [Warning] [carb.crashreporter-breakpad.plugin] [previous crash] preventing upload of minidump due to user opt-out: '/home/ubuntu/isaacsim/kit/data/Kit/Isaac-Sim/5.1/0ec06837-edee-4570-b459bb9b-e409ca73.dmp'
2026-07-15T12:02:51Z [0ms] [Warning] [carb.crashreporter-breakpad.plugin] [previous crash] preventing upload of minidump due to user opt-out: '/home/ubuntu/isaacsim/kit/data/Kit/Isaac-Sim/5.1/846da064-407f-481c-dab18ea9-9788aefc.dmp'
2026-07-15T12:02:51Z [0ms] [Warning] [carb.crashreporter-breakpad.plugin] [previous crash] preventing upload of minidump due to user opt-out: '/home/ubuntu/isaacsim/kit/data/Kit/Isaac-Sim/5.1/7674058d-a5ef-457b-61399da4-1924f871.dmp'
2026-07-15T12:02:51Z [0ms] [Warning] [carb.crashreporter-breakpad.plugin] [previous crash] preventing upload of minidump due to user opt-out: '/home/ubuntu/isaacsim/kit/data/Kit/Isaac-Sim/5.1/0dbca6de-81d5-44e8-85c7eba5-c7ac64b6.dmp'
2026-07-15T12:02:51Z [1ms] [Warning] [carb.crashreporter-breakpad.plugin] [previous crash] preventing upload of minidump due to user opt-out: '/home/ubuntu/isaacsim/kit/data/Kit/Isaac-Sim/5.1/96b6ea33-a47b-4c84-2d7408a6-bc8b64a8.dmp'
2026-07-15T12:02:51Z [182ms] [Warning] [omni.usd_config.extension] Enable omni.materialx.libs extension to use MaterialX
2026-07-15T12:02:51Z [186ms] [Warning] [omni.platforminfo.plugin] failed to open the default display.  Can't verify X Server version.
2026-07-15T12:02:51Z [456ms] [Warning] [carb] Acquiring non optional plugin interface which is not listed as dependency: [omni::physx::IPhysxBenchmarks v1.0] (plugin: <default plugin>), by client: omni.physics.physx.plugin. Add it to CARB_PLUGIN_IMPL_DEPS() macro of a client.
2026-07-15T12:02:51Z [588ms] [Warning] [omni.isaac.dynamic_control] omni.isaac.dynamic_control is deprecated as of Isaac Sim 4.5. No action is needed from end-users.

|---------------------------------------------------------------------------------------------|
| Driver Version: 580.142       | Graphics API: Vulkan
|=============================================================================================|
| GPU | Name                             | Active | LDA | GPU Memory | Vendor-ID | LUID       |
|     |                                  |        |     |            | Device-ID | UUID       |
|     |                                  |        |     |            | Bus-ID    |            |
|---------------------------------------------------------------------------------------------|
| 0   | NVIDIA GeForce RTX 5090 D v2     | Yes: 0 |     | 24701   MB | 10de      | 0          |
|     |                                  |        |     |            | 2b8c      | 5f3d0dc0.. |
|     |                                  |        |     |            | 1         |            |
|=============================================================================================|
| OS: 24.04.3 LTS (Noble Numbat) ubuntu, Version: 24.04.3, Kernel: 6.17.0-1017-oem
| Processor: Intel(R) Core(TM) i9-14900K
| Cores: 24 | Logical Cores: 32
|---------------------------------------------------------------------------------------------|
| Total Memory (MB): 64063 | Free Memory: 53774
| Total Page/Swap (MB): 8191 | Free Page/Swap: 8191
|---------------------------------------------------------------------------------------------|
2026-07-15T12:02:53Z [2,586ms] [Warning] [gpu.foundation.plugin] CPU performance profile is set to powersave. This profile sets the CPU to the lowest frequency reducing performance.
2026-07-15T12:02:53Z [2,594ms] [Warning] [gpu.foundation.plugin] IOMMU is enabled.
2026-07-15T12:02:53Z [2,729ms] [Warning] [carb.windowing-glfw.plugin] GLFW initialization failed.
2026-07-15T12:02:53Z [2,729ms] [Warning] [carb] Failed to startup plugin carb.windowing-glfw.plugin (interfaces: [carb::windowing::IGLContext v1.0],[carb::windowing::IWindowing v1.5]) (impl: carb.windowing-glfw.plugin)

|---------------------------------------------------------------------------------------------|
| Driver Version: 580.142       | Graphics API: Vulkan
|=============================================================================================|
| GPU | Name                             | Active | LDA | GPU Memory | Vendor-ID | LUID       |
|     |                                  |        |     |            | Device-ID | UUID       |
|     |                                  |        |     |            | Bus-ID    |            |
|---------------------------------------------------------------------------------------------|
| 0   | NVIDIA GeForce RTX 5090 D v2     | Yes: 0 |     | 24701   MB | 10de      | 0          |
|     |                                  |        |     |            | 2b8c      | 5f3d0dc0.. |
|     |                                  |        |     |            | 1         |            |
|=============================================================================================|
| OS: 24.04.3 LTS (Noble Numbat) ubuntu, Version: 24.04.3, Kernel: 6.17.0-1017-oem
| Processor: Intel(R) Core(TM) i9-14900K
| Cores: 24 | Logical Cores: 32
|---------------------------------------------------------------------------------------------|
| Total Memory (MB): 64063 | Free Memory: 53572
| Total Page/Swap (MB): 8191 | Free Page/Swap: 8191
|---------------------------------------------------------------------------------------------|
2026-07-15T12:02:54Z [2,963ms] [Warning] [gpu.foundation.plugin] CPU performance profile is set to powersave. This profile sets the CPU to the lowest frequency reducing performance.
2026-07-15T12:02:54Z [2,963ms] [Warning] [gpu.foundation.plugin] IOMMU is enabled.
2026-07-15T12:02:54Z [3,171ms] [Warning] [carb.windowing-glfw.plugin] GLFW initialization failed.
2026-07-15T12:02:54Z [3,171ms] [Warning] [carb] Failed to startup plugin carb.windowing-glfw.plugin (interfaces: [carb::windowing::IGLContext v1.0],[carb::windowing::IWindowing v1.5]) (impl: carb.windowing-glfw.plugin)
2026-07-15T12:02:54Z [3,183ms] [Warning] [carb.windowing-glfw.plugin] GLFW initialization failed.
2026-07-15T12:02:54Z [3,183ms] [Warning] [carb] Failed to startup plugin carb.windowing-glfw.plugin (interfaces: [carb::windowing::IGLContext v1.0],[carb::windowing::IWindowing v1.5]) (impl: carb.windowing-glfw.plugin)
2026-07-15T12:02:54Z [3,188ms] [Warning] [carb.windowing-glfw.plugin] GLFW initialization failed.
2026-07-15T12:02:54Z [3,188ms] [Warning] [carb] Failed to startup plugin carb.windowing-glfw.plugin (interfaces: [carb::windowing::IGLContext v1.0],[carb::windowing::IWindowing v1.5]) (impl: carb.windowing-glfw.plugin)
2026-07-15T12:02:54Z [3,192ms] [Warning] [carb.windowing-glfw.plugin] GLFW initialization failed.
2026-07-15T12:02:54Z [3,192ms] [Warning] [carb] Failed to startup plugin carb.windowing-glfw.plugin (interfaces: [carb::windowing::IGLContext v1.0],[carb::windowing::IWindowing v1.5]) (impl: carb.windowing-glfw.plugin)
2026-07-15T12:02:54Z [3,193ms] [Warning] [carb.windowing-glfw.plugin] GLFW initialization failed.
2026-07-15T12:02:54Z [3,193ms] [Warning] [carb] Failed to startup plugin carb.windowing-glfw.plugin (interfaces: [carb::windowing::IGLContext v1.0],[carb::windowing::IWindowing v1.5]) (impl: carb.windowing-glfw.plugin)
2026-07-15T12:02:54Z [3,194ms] [Warning] [carb.windowing-glfw.plugin] GLFW initialization failed.
2026-07-15T12:02:54Z [3,194ms] [Warning] [carb] Failed to startup plugin carb.windowing-glfw.plugin (interfaces: [carb::windowing::IGLContext v1.0],[carb::windowing::IWindowing v1.5]) (impl: carb.windowing-glfw.plugin)
2026-07-15T12:02:54Z [3,441ms] [Warning] [omni.graph.visualization.nodes._impl.extension] No Viewport Window to add omni.graph.visualization.nodes-2.1.3 scene to
2026-07-15T12:02:54Z [3,522ms] [Warning] [isaacsim.asset.importer.urdf] The path lamp_base_part-22 is not a valid usd path, modifying to lamp_base_part_22
2026-07-15T12:02:54Z [3,522ms] [Warning] [isaacsim.asset.importer.urdf] The path lamp_pole-13 is not a valid usd path, modifying to lamp_pole_13
2026-07-15T12:02:54Z [3,522ms] [Warning] [isaacsim.asset.importer.urdf] The path lamp_body_curved-14 is not a valid usd path, modifying to lamp_body_curved_14
2026-07-15T12:02:54Z [3,522ms] [Warning] [isaacsim.asset.importer.urdf] The path lamp_cover_holder-9 is not a valid usd path, modifying to lamp_cover_holder_9
2026-07-15T12:02:54Z [3,522ms] [Warning] [isaacsim.asset.importer.urdf] The path lamp_shade-12 is not a valid usd path, modifying to lamp_shade_12
2026-07-15T12:02:54Z [3,522ms] [Warning] [isaacsim.asset.importer.urdf] The path light_bulb-11 is not a valid usd path, modifying to light_bulb_11
2026-07-15T12:02:54Z [3,522ms] [Warning] [isaacsim.asset.importer.urdf] The path movable_part-20 is not a valid usd path, modifying to movable_part_20
2026-07-15T12:02:54Z [3,535ms] [Warning] [isaacsim.asset.importer.urdf] No mass specified for link base
2026-07-15T12:02:54Z [3,535ms] [Warning] [omni.usd] Warning: in _ReportErrors at line 3172 of /builds/omniverse/usd-ci/USD/pxr/usd/usd/stage.cpp -- In </partnet_1579c3aae8e26472db1afe6c464e7652/base/visuals>: Unresolved reference prim path @/home/ubuntu/workspace/physvla_sim/datasets/data_normalized/lamp_urdf/14314/configuration/fitr_info1_physics.usd@</visuals/base> introduced by @/home/ubuntu/workspace/physvla_sim/datasets/data_normalized/lamp_urdf/14314/configuration/fitr_info1_base.usd@</partnet_1579c3aae8e26472db1afe6c464e7652/base/visuals> (recomposing stage on stage @/home/ubuntu/workspace/physvla_sim/datasets/data_normalized/lamp_urdf/14314/configuration/fitr_info1_physics.usd@ <0x37eba280>)

2026-07-15T12:02:54Z [3,536ms] [Warning] [omni.usd] Warning: in _ReportErrors at line 3172 of /builds/omniverse/usd-ci/USD/pxr/usd/usd/stage.cpp -- In </partnet_1579c3aae8e26472db1afe6c464e7652/base/visuals>: Unresolved reference prim path @/home/ubuntu/workspace/physvla_sim/datasets/data_normalized/lamp_urdf/14314/fitr_info1.usd@</visuals/base> introduced by @/home/ubuntu/workspace/physvla_sim/datasets/data_normalized/lamp_urdf/14314/configuration/fitr_info1_base.usd@</partnet_1579c3aae8e26472db1afe6c464e7652/base/visuals> (recomposing stage on stage @/home/ubuntu/workspace/physvla_sim/datasets/data_normalized/lamp_urdf/14314/fitr_info1.usd@ <0x37ea6c60>)

2026-07-15T12:02:54Z [3,536ms] [Warning] [omni.usd] Warning: in _ReportErrors at line 3172 of /builds/omniverse/usd-ci/USD/pxr/usd/usd/stage.cpp -- In </partnet_1579c3aae8e26472db1afe6c464e7652/base/visuals>: Unresolved reference prim path @/home/ubuntu/workspace/physvla_sim/datasets/data_normalized/lamp_urdf/14314/fitr_info1.usd@</visuals/base> introduced by @/home/ubuntu/workspace/physvla_sim/datasets/data_normalized/lamp_urdf/14314/configuration/fitr_info1_base.usd@</partnet_1579c3aae8e26472db1afe6c464e7652/base/visuals> (recomposing stage on stage @/home/ubuntu/workspace/physvla_sim/datasets/data_normalized/lamp_urdf/14314/fitr_info1.usd@ <0x37ea2840>)

2026-07-15T12:02:54Z [3,536ms] [Warning] [omni.usd] Warning: in _ReportErrors at line 3172 of /builds/omniverse/usd-ci/USD/pxr/usd/usd/stage.cpp -- In </partnet_1579c3aae8e26472db1afe6c464e7652/base/visuals>: Unresolved reference prim path @/home/ubuntu/workspace/physvla_sim/datasets/data_normalized/lamp_urdf/14314/configuration/fitr_info1_base.usd@</visuals/base> introduced by @/home/ubuntu/workspace/physvla_sim/datasets/data_normalized/lamp_urdf/14314/configuration/fitr_info1_base.usd@</partnet_1579c3aae8e26472db1afe6c464e7652/base/visuals> (recomposing stage on stage @/home/ubuntu/workspace/physvla_sim/datasets/data_normalized/lamp_urdf/14314/configuration/fitr_info1_base.usd@ <0x37ec36b0>)

2026-07-15T12:02:54Z [3,536ms] [Warning] [omni.usd] Warning: in _ReportErrors at line 3172 of /builds/omniverse/usd-ci/USD/pxr/usd/usd/stage.cpp -- In </partnet_1579c3aae8e26472db1afe6c464e7652/base/visuals>: Unresolved reference prim path @/home/ubuntu/workspace/physvla_sim/datasets/data_normalized/lamp_urdf/14314/configuration/fitr_info1_physics.usd@</visuals/base> introduced by @/home/ubuntu/workspace/physvla_sim/datasets/data_normalized/lamp_urdf/14314/configuration/fitr_info1_base.usd@</partnet_1579c3aae8e26472db1afe6c464e7652/base/visuals> (recomposing stage on stage @/home/ubuntu/workspace/physvla_sim/datasets/data_normalized/lamp_urdf/14314/configuration/fitr_info1_physics.usd@ <0x37eba280>)

2026-07-15T12:02:54Z [3,536ms] [Warning] [omni.usd] Warning: in _ReportErrors at line 3172 of /builds/omniverse/usd-ci/USD/pxr/usd/usd/stage.cpp -- In </partnet_1579c3aae8e26472db1afe6c464e7652/base/visuals>: Unresolved reference prim path @/home/ubuntu/workspace/physvla_sim/datasets/data_normalized/lamp_urdf/14314/fitr_info1.usd@</visuals/base> introduced by @/home/ubuntu/workspace/physvla_sim/datasets/data_normalized/lamp_urdf/14314/configuration/fitr_info1_base.usd@</partnet_1579c3aae8e26472db1afe6c464e7652/base/visuals> (recomposing stage on stage @/home/ubuntu/workspace/physvla_sim/datasets/data_normalized/lamp_urdf/14314/fitr_info1.usd@ <0x37ea6c60>)

2026-07-15T12:02:54Z [3,536ms] [Warning] [omni.usd] Warning: in _ReportErrors at line 3172 of /builds/omniverse/usd-ci/USD/pxr/usd/usd/stage.cpp -- In </partnet_1579c3aae8e26472db1afe6c464e7652/base/visuals>: Unresolved reference prim path @/home/ubuntu/workspace/physvla_sim/datasets/data_normalized/lamp_urdf/14314/fitr_info1.usd@</visuals/base> introduced by @/home/ubuntu/workspace/physvla_sim/datasets/data_normalized/lamp_urdf/14314/configuration/fitr_info1_base.usd@</partnet_1579c3aae8e26472db1afe6c464e7652/base/visuals> (recomposing stage on stage @/home/ubuntu/workspace/physvla_sim/datasets/data_normalized/lamp_urdf/14314/fitr_info1.usd@ <0x37ea2840>)

2026-07-15T12:02:54Z [3,536ms] [Warning] [omni.usd] Warning: in _ReportErrors at line 3172 of /builds/omniverse/usd-ci/USD/pxr/usd/usd/stage.cpp -- In </partnet_1579c3aae8e26472db1afe6c464e7652/base/visuals>: Unresolved reference prim path @/home/ubuntu/workspace/physvla_sim/datasets/data_normalized/lamp_urdf/14314/configuration/fitr_info1_base.usd@</visuals/base> introduced by @/home/ubuntu/workspace/physvla_sim/datasets/data_normalized/lamp_urdf/14314/configuration/fitr_info1_base.usd@</partnet_1579c3aae8e26472db1afe6c464e7652/base/visuals> (recomposing stage on stage @/home/ubuntu/workspace/physvla_sim/datasets/data_normalized/lamp_urdf/14314/configuration/fitr_info1_base.usd@ <0x37ec36b0>)

2026-07-15T12:02:54Z [3,537ms] [Warning] [isaacsim.asset.importer.urdf] Link base has no colliders, and no inertia was imported; assigning a small isotropic inertia matrix
2026-07-15T12:02:54Z [3,538ms] [Warning] [isaacsim.asset.importer.urdf] No mass specified for link link_0
2026-07-15T12:02:54Z [3,548ms] [Warning] [isaacsim.asset.importer.urdf] No mass specified for link link_1
2026-07-15T12:02:54Z [3,568ms] [Warning] [isaacsim.asset.importer.urdf] No mass specified for link link_2
2026-07-15T12:02:54Z [3,587ms] [Warning] [isaacsim.asset.importer.urdf] No mass specified for link link_3
2026-07-15T12:02:54Z [3,622ms] [Warning] [isaacsim.asset.importer.urdf] No mass specified for link link_4_helper
2026-07-15T12:02:54Z [3,623ms] [Warning] [omni.usd] Warning: in _ReportErrors at line 3172 of /builds/omniverse/usd-ci/USD/pxr/usd/usd/stage.cpp -- In </partnet_1579c3aae8e26472db1afe6c464e7652/link_4_helper/visuals>: Unresolved reference prim path @/home/ubuntu/workspace/physvla_sim/datasets/data_normalized/lamp_urdf/14314/configuration/fitr_info1_physics.usd@</visuals/link_4_helper> introduced by @/home/ubuntu/workspace/physvla_sim/datasets/data_normalized/lamp_urdf/14314/configuration/fitr_info1_base.usd@</partnet_1579c3aae8e26472db1afe6c464e7652/link_4_helper/visuals> (recomposing stage on stage @/home/ubuntu/workspace/physvla_sim/datasets/data_normalized/lamp_urdf/14314/configuration/fitr_info1_physics.usd@ <0x37eba280>)

2026-07-15T12:02:54Z [3,623ms] [Warning] [omni.usd] Warning: in _ReportErrors at line 3172 of /builds/omniverse/usd-ci/USD/pxr/usd/usd/stage.cpp -- In </partnet_1579c3aae8e26472db1afe6c464e7652/link_4_helper/visuals>: Unresolved reference prim path @/home/ubuntu/workspace/physvla_sim/datasets/data_normalized/lamp_urdf/14314/fitr_info1.usd@</visuals/link_4_helper> introduced by @/home/ubuntu/workspace/physvla_sim/datasets/data_normalized/lamp_urdf/14314/configuration/fitr_info1_base.usd@</partnet_1579c3aae8e26472db1afe6c464e7652/link_4_helper/visuals> (recomposing stage on stage @/home/ubuntu/workspace/physvla_sim/datasets/data_normalized/lamp_urdf/14314/fitr_info1.usd@ <0x37ea6c60>)

2026-07-15T12:02:54Z [3,623ms] [Warning] [omni.usd] Warning: in _ReportErrors at line 3172 of /builds/omniverse/usd-ci/USD/pxr/usd/usd/stage.cpp -- In </partnet_1579c3aae8e26472db1afe6c464e7652/link_4_helper/visuals>: Unresolved reference prim path @/home/ubuntu/workspace/physvla_sim/datasets/data_normalized/lamp_urdf/14314/fitr_info1.usd@</visuals/link_4_helper> introduced by @/home/ubuntu/workspace/physvla_sim/datasets/data_normalized/lamp_urdf/14314/configuration/fitr_info1_base.usd@</partnet_1579c3aae8e26472db1afe6c464e7652/link_4_helper/visuals> (recomposing stage on stage @/home/ubuntu/workspace/physvla_sim/datasets/data_normalized/lamp_urdf/14314/fitr_info1.usd@ <0x37ea2840>)

2026-07-15T12:02:54Z [3,623ms] [Warning] [omni.usd] Warning: in _ReportErrors at line 3172 of /builds/omniverse/usd-ci/USD/pxr/usd/usd/stage.cpp -- In </partnet_1579c3aae8e26472db1afe6c464e7652/link_4_helper/visuals>: Unresolved reference prim path @/home/ubuntu/workspace/physvla_sim/datasets/data_normalized/lamp_urdf/14314/configuration/fitr_info1_base.usd@</visuals/link_4_helper> introduced by @/home/ubuntu/workspace/physvla_sim/datasets/data_normalized/lamp_urdf/14314/configuration/fitr_info1_base.usd@</partnet_1579c3aae8e26472db1afe6c464e7652/link_4_helper/visuals> (recomposing stage on stage @/home/ubuntu/workspace/physvla_sim/datasets/data_normalized/lamp_urdf/14314/configuration/fitr_info1_base.usd@ <0x37ec36b0>)

2026-07-15T12:02:54Z [3,623ms] [Warning] [omni.usd] Warning: in _ReportErrors at line 3172 of /builds/omniverse/usd-ci/USD/pxr/usd/usd/stage.cpp -- In </partnet_1579c3aae8e26472db1afe6c464e7652/link_4_helper/visuals>: Unresolved reference prim path @/home/ubuntu/workspace/physvla_sim/datasets/data_normalized/lamp_urdf/14314/configuration/fitr_info1_physics.usd@</visuals/link_4_helper> introduced by @/home/ubuntu/workspace/physvla_sim/datasets/data_normalized/lamp_urdf/14314/configuration/fitr_info1_base.usd@</partnet_1579c3aae8e26472db1afe6c464e7652/link_4_helper/visuals> (recomposing stage on stage @/home/ubuntu/workspace/physvla_sim/datasets/data_normalized/lamp_urdf/14314/configuration/fitr_info1_physics.usd@ <0x37eba280>)

2026-07-15T12:02:54Z [3,623ms] [Warning] [omni.usd] Warning: in _ReportErrors at line 3172 of /builds/omniverse/usd-ci/USD/pxr/usd/usd/stage.cpp -- In </partnet_1579c3aae8e26472db1afe6c464e7652/link_4_helper/visuals>: Unresolved reference prim path @/home/ubuntu/workspace/physvla_sim/datasets/data_normalized/lamp_urdf/14314/fitr_info1.usd@</visuals/link_4_helper> introduced by @/home/ubuntu/workspace/physvla_sim/datasets/data_normalized/lamp_urdf/14314/configuration/fitr_info1_base.usd@</partnet_1579c3aae8e26472db1afe6c464e7652/link_4_helper/visuals> (recomposing stage on stage @/home/ubuntu/workspace/physvla_sim/datasets/data_normalized/lamp_urdf/14314/fitr_info1.usd@ <0x37ea6c60>)

2026-07-15T12:02:54Z [3,623ms] [Warning] [omni.usd] Warning: in _ReportErrors at line 3172 of /builds/omniverse/usd-ci/USD/pxr/usd/usd/stage.cpp -- In </partnet_1579c3aae8e26472db1afe6c464e7652/link_4_helper/visuals>: Unresolved reference prim path @/home/ubuntu/workspace/physvla_sim/datasets/data_normalized/lamp_urdf/14314/fitr_info1.usd@</visuals/link_4_helper> introduced by @/home/ubuntu/workspace/physvla_sim/datasets/data_normalized/lamp_urdf/14314/configuration/fitr_info1_base.usd@</partnet_1579c3aae8e26472db1afe6c464e7652/link_4_helper/visuals> (recomposing stage on stage @/home/ubuntu/workspace/physvla_sim/datasets/data_normalized/lamp_urdf/14314/fitr_info1.usd@ <0x37ea2840>)

2026-07-15T12:02:54Z [3,623ms] [Warning] [omni.usd] Warning: in _ReportErrors at line 3172 of /builds/omniverse/usd-ci/USD/pxr/usd/usd/stage.cpp -- In </partnet_1579c3aae8e26472db1afe6c464e7652/link_4_helper/visuals>: Unresolved reference prim path @/home/ubuntu/workspace/physvla_sim/datasets/data_normalized/lamp_urdf/14314/configuration/fitr_info1_base.usd@</visuals/link_4_helper> introduced by @/home/ubuntu/workspace/physvla_sim/datasets/data_normalized/lamp_urdf/14314/configuration/fitr_info1_base.usd@</partnet_1579c3aae8e26472db1afe6c464e7652/link_4_helper/visuals> (recomposing stage on stage @/home/ubuntu/workspace/physvla_sim/datasets/data_normalized/lamp_urdf/14314/configuration/fitr_info1_base.usd@ <0x37ec36b0>)

2026-07-15T12:02:54Z [3,624ms] [Warning] [isaacsim.asset.importer.urdf] Link link_4_helper has no colliders, and no inertia was imported; assigning a small isotropic inertia matrix
2026-07-15T12:02:54Z [3,626ms] [Warning] [isaacsim.asset.importer.urdf] No mass specified for link link_4
2026-07-15T12:02:54Z [3,654ms] [Warning] [omni.usd] Warning: in _ReportErrors at line 3172 of /builds/omniverse/usd-ci/USD/pxr/usd/usd/stage.cpp -- In </partnet_1579c3aae8e26472db1afe6c464e7652/link_4_helper/visuals>: Unresolved reference prim path @/home/ubuntu/workspace/physvla_sim/datasets/data_normalized/lamp_urdf/14314/configuration/fitr_info1_base.usd@</visuals/link_4_helper> introduced by @/home/ubuntu/workspace/physvla_sim/datasets/data_normalized/lamp_urdf/14314/configuration/fitr_info1_base.usd@</partnet_1579c3aae8e26472db1afe6c464e7652/link_4_helper/visuals> (recomposing stage on stage @/home/ubuntu/workspace/physvla_sim/datasets/data_normalized/lamp_urdf/14314/fitr_info1.usd@ <0x37ea6c60>)

2026-07-15T12:02:54Z [3,655ms] [Warning] [omni.usd] Warning: in _ReportErrors at line 3172 of /builds/omniverse/usd-ci/USD/pxr/usd/usd/stage.cpp -- In </partnet_1579c3aae8e26472db1afe6c464e7652/base/visuals>: Unresolved reference prim path @/home/ubuntu/workspace/physvla_sim/datasets/data_normalized/lamp_urdf/14314/configuration/fitr_info1_base.usd@</visuals/base> introduced by @/home/ubuntu/workspace/physvla_sim/datasets/data_normalized/lamp_urdf/14314/configuration/fitr_info1_base.usd@</partnet_1579c3aae8e26472db1afe6c464e7652/base/visuals> (recomposing stage on stage @/home/ubuntu/workspace/physvla_sim/datasets/data_normalized/lamp_urdf/14314/fitr_info1.usd@ <0x37ea6c60>)

2026-07-15T12:02:54Z [3,655ms] [Warning] [omni.usd] Warning: in _ReportErrors at line 3172 of /builds/omniverse/usd-ci/USD/pxr/usd/usd/stage.cpp -- In </partnet_1579c3aae8e26472db1afe6c464e7652/base/visuals>: Unresolved reference prim path @/home/ubuntu/workspace/physvla_sim/datasets/data_normalized/lamp_urdf/14314/configuration/fitr_info1_base.usd@</visuals/base> introduced by @/home/ubuntu/workspace/physvla_sim/datasets/data_normalized/lamp_urdf/14314/configuration/fitr_info1_base.usd@</partnet_1579c3aae8e26472db1afe6c464e7652/base/visuals> (recomposing stage on stage @/home/ubuntu/workspace/physvla_sim/datasets/data_normalized/lamp_urdf/14314/fitr_info1.usd@ <0x37ea2840>)

2026-07-15T12:02:54Z [3,655ms] [Warning] [omni.usd] Warning: in _ReportErrors at line 3172 of /builds/omniverse/usd-ci/USD/pxr/usd/usd/stage.cpp -- In </partnet_1579c3aae8e26472db1afe6c464e7652/link_4_helper/visuals>: Unresolved reference prim path @/home/ubuntu/workspace/physvla_sim/datasets/data_normalized/lamp_urdf/14314/configuration/fitr_info1_base.usd@</visuals/link_4_helper> introduced by @/home/ubuntu/workspace/physvla_sim/datasets/data_normalized/lamp_urdf/14314/configuration/fitr_info1_base.usd@</partnet_1579c3aae8e26472db1afe6c464e7652/link_4_helper/visuals> (recomposing stage on stage @/home/ubuntu/workspace/physvla_sim/datasets/data_normalized/lamp_urdf/14314/fitr_info1.usd@ <0x37ea2840>)

2026-07-15T12:02:54Z [3,656ms] [Warning] [omni.usd] Warning: in _ReportErrors at line 3172 of /builds/omniverse/usd-ci/USD/pxr/usd/usd/stage.cpp -- In </partnet_1579c3aae8e26472db1afe6c464e7652/base/visuals>: Unresolved reference prim path @/home/ubuntu/workspace/physvla_sim/datasets/data_normalized/lamp_urdf/14314/configuration/fitr_info1_physics.usd@</visuals/base> introduced by @/home/ubuntu/workspace/physvla_sim/datasets/data_normalized/lamp_urdf/14314/configuration/fitr_info1_base.usd@</partnet_1579c3aae8e26472db1afe6c464e7652/base/visuals> (recomposing stage on stage @/home/ubuntu/workspace/physvla_sim/datasets/data_normalized/lamp_urdf/14314/fitr_info1.usd@ <0x37ea6c60>)

2026-07-15T12:02:54Z [3,656ms] [Warning] [omni.usd] Warning: in _ReportErrors at line 3172 of /builds/omniverse/usd-ci/USD/pxr/usd/usd/stage.cpp -- In </partnet_1579c3aae8e26472db1afe6c464e7652/link_4_helper/visuals>: Unresolved reference prim path @/home/ubuntu/workspace/physvla_sim/datasets/data_normalized/lamp_urdf/14314/configuration/fitr_info1_physics.usd@</visuals/link_4_helper> introduced by @/home/ubuntu/workspace/physvla_sim/datasets/data_normalized/lamp_urdf/14314/configuration/fitr_info1_base.usd@</partnet_1579c3aae8e26472db1afe6c464e7652/link_4_helper/visuals> (recomposing stage on stage @/home/ubuntu/workspace/physvla_sim/datasets/data_normalized/lamp_urdf/14314/fitr_info1.usd@ <0x37ea6c60>)

2026-07-15T12:02:54Z [3,656ms] [Warning] [omni.usd] Warning: in _ReportErrors at line 3172 of /builds/omniverse/usd-ci/USD/pxr/usd/usd/stage.cpp -- In </partnet_1579c3aae8e26472db1afe6c464e7652/link_4_helper/visuals>: Unresolved reference prim path @/home/ubuntu/workspace/physvla_sim/datasets/data_normalized/lamp_urdf/14314/configuration/fitr_info1_physics.usd@</visuals/link_4_helper> introduced by @/home/ubuntu/workspace/physvla_sim/datasets/data_normalized/lamp_urdf/14314/configuration/fitr_info1_base.usd@</partnet_1579c3aae8e26472db1afe6c464e7652/link_4_helper/visuals> (recomposing stage on stage @/home/ubuntu/workspace/physvla_sim/datasets/data_normalized/lamp_urdf/14314/fitr_info1.usd@ <0x37ea2840>)

2026-07-15T12:02:54Z [3,656ms] [Warning] [omni.usd] Warning: in _ReportErrors at line 3172 of /builds/omniverse/usd-ci/USD/pxr/usd/usd/stage.cpp -- In </partnet_1579c3aae8e26472db1afe6c464e7652/base/visuals>: Unresolved reference prim path @/home/ubuntu/workspace/physvla_sim/datasets/data_normalized/lamp_urdf/14314/configuration/fitr_info1_physics.usd@</visuals/base> introduced by @/home/ubuntu/workspace/physvla_sim/datasets/data_normalized/lamp_urdf/14314/configuration/fitr_info1_base.usd@</partnet_1579c3aae8e26472db1afe6c464e7652/base/visuals> (recomposing stage on stage @/home/ubuntu/workspace/physvla_sim/datasets/data_normalized/lamp_urdf/14314/fitr_info1.usd@ <0x37ea2840>)

2026-07-15T12:02:54Z [3,658ms] [Warning] [omni.usd] Warning: in _ReportErrors at line 3172 of /builds/omniverse/usd-ci/USD/pxr/usd/usd/stage.cpp -- In </partnet_1579c3aae8e26472db1afe6c464e7652/base/visuals>: Unresolved reference prim path @/home/ubuntu/workspace/physvla_sim/datasets/data_normalized/lamp_urdf/14314/configuration/fitr_info1_physics.usd@</visuals/base> introduced by @/home/ubuntu/workspace/physvla_sim/datasets/data_normalized/lamp_urdf/14314/configuration/fitr_info1_base.usd@</partnet_1579c3aae8e26472db1afe6c464e7652/base/visuals> (recomposing stage on stage @/home/ubuntu/workspace/physvla_sim/datasets/data_normalized/lamp_urdf/14314/fitr_info1.usd@ <0x37ea6c60>)

2026-07-15T12:02:54Z [3,658ms] [Warning] [omni.usd] Warning: in _ReportErrors at line 3172 of /builds/omniverse/usd-ci/USD/pxr/usd/usd/stage.cpp -- In </partnet_1579c3aae8e26472db1afe6c464e7652/link_4_helper/visuals>: Unresolved reference prim path @/home/ubuntu/workspace/physvla_sim/datasets/data_normalized/lamp_urdf/14314/configuration/fitr_info1_physics.usd@</visuals/link_4_helper> introduced by @/home/ubuntu/workspace/physvla_sim/datasets/data_normalized/lamp_urdf/14314/configuration/fitr_info1_base.usd@</partnet_1579c3aae8e26472db1afe6c464e7652/link_4_helper/visuals> (recomposing stage on stage @/home/ubuntu/workspace/physvla_sim/datasets/data_normalized/lamp_urdf/14314/fitr_info1.usd@ <0x37ea6c60>)

2026-07-15T12:02:54Z [3,660ms] [Warning] [omni.usd] Warning: in _ReportErrors at line 3172 of /builds/omniverse/usd-ci/USD/pxr/usd/usd/stage.cpp -- In </partnet_1579c3aae8e26472db1afe6c464e7652/base/visuals>: Unresolved reference prim path @/home/ubuntu/workspace/physvla_sim/datasets/data_normalized/lamp_urdf/14314/configuration/fitr_info1_physics.usd@</visuals/base> introduced by @/home/ubuntu/workspace/physvla_sim/datasets/data_normalized/lamp_urdf/14314/configuration/fitr_info1_base.usd@</partnet_1579c3aae8e26472db1afe6c464e7652/base/visuals> (recomposing stage on stage @/home/ubuntu/workspace/physvla_sim/datasets/data_normalized/lamp_urdf/14314/fitr_info1.usd@ <0x37ea2840>)

2026-07-15T12:02:54Z [3,660ms] [Warning] [omni.usd] Warning: in _ReportErrors at line 3172 of /builds/omniverse/usd-ci/USD/pxr/usd/usd/stage.cpp -- In </partnet_1579c3aae8e26472db1afe6c464e7652/link_4_helper/visuals>: Unresolved reference prim path @/home/ubuntu/workspace/physvla_sim/datasets/data_normalized/lamp_urdf/14314/configuration/fitr_info1_physics.usd@</visuals/link_4_helper> introduced by @/home/ubuntu/workspace/physvla_sim/datasets/data_normalized/lamp_urdf/14314/configuration/fitr_info1_base.usd@</partnet_1579c3aae8e26472db1afe6c464e7652/link_4_helper/visuals> (recomposing stage on stage @/home/ubuntu/workspace/physvla_sim/datasets/data_normalized/lamp_urdf/14314/fitr_info1.usd@ <0x37ea2840>)

2026-07-15T12:02:54Z [3,662ms] [Warning] [omni.usd] Warning: in _ReportErrors at line 3172 of /builds/omniverse/usd-ci/USD/pxr/usd/usd/stage.cpp -- In </partnet_1579c3aae8e26472db1afe6c464e7652/base/visuals>: Unresolved reference prim path @/home/ubuntu/workspace/physvla_sim/datasets/data_normalized/lamp_urdf/14314/configuration/fitr_info1_physics.usd@</visuals/base> introduced by @/home/ubuntu/workspace/physvla_sim/datasets/data_normalized/lamp_urdf/14314/configuration/fitr_info1_base.usd@</partnet_1579c3aae8e26472db1afe6c464e7652/base/visuals> (recomposing stage on stage @/home/ubuntu/workspace/physvla_sim/datasets/data_normalized/lamp_urdf/14314/fitr_info1.usd@ <0x37ea6c60>)

2026-07-15T12:02:54Z [3,662ms] [Warning] [omni.usd] Warning: in _ReportErrors at line 3172 of /builds/omniverse/usd-ci/USD/pxr/usd/usd/stage.cpp -- In </partnet_1579c3aae8e26472db1afe6c464e7652/link_4_helper/visuals>: Unresolved reference prim path @/home/ubuntu/workspace/physvla_sim/datasets/data_normalized/lamp_urdf/14314/configuration/fitr_info1_physics.usd@</visuals/link_4_helper> introduced by @/home/ubuntu/workspace/physvla_sim/datasets/data_normalized/lamp_urdf/14314/configuration/fitr_info1_base.usd@</partnet_1579c3aae8e26472db1afe6c464e7652/link_4_helper/visuals> (recomposing stage on stage @/home/ubuntu/workspace/physvla_sim/datasets/data_normalized/lamp_urdf/14314/fitr_info1.usd@ <0x37ea6c60>)

2026-07-15T12:02:54Z [3,664ms] [Warning] [omni.usd] Warning: in _ReportErrors at line 3172 of /builds/omniverse/usd-ci/USD/pxr/usd/usd/stage.cpp -- In </partnet_1579c3aae8e26472db1afe6c464e7652/base/visuals>: Unresolved reference prim path @/home/ubuntu/workspace/physvla_sim/datasets/data_normalized/lamp_urdf/14314/configuration/fitr_info1_physics.usd@</visuals/base> introduced by @/home/ubuntu/workspace/physvla_sim/datasets/data_normalized/lamp_urdf/14314/configuration/fitr_info1_base.usd@</partnet_1579c3aae8e26472db1afe6c464e7652/base/visuals> (recomposing stage on stage @/home/ubuntu/workspace/physvla_sim/datasets/data_normalized/lamp_urdf/14314/fitr_info1.usd@ <0x37ea2840>)

2026-07-15T12:02:54Z [3,664ms] [Warning] [omni.usd] Warning: in _ReportErrors at line 3172 of /builds/omniverse/usd-ci/USD/pxr/usd/usd/stage.cpp -- In </partnet_1579c3aae8e26472db1afe6c464e7652/link_4_helper/visuals>: Unresolved reference prim path @/home/ubuntu/workspace/physvla_sim/datasets/data_normalized/lamp_urdf/14314/configuration/fitr_info1_physics.usd@</visuals/link_4_helper> introduced by @/home/ubuntu/workspace/physvla_sim/datasets/data_normalized/lamp_urdf/14314/configuration/fitr_info1_base.usd@</partnet_1579c3aae8e26472db1afe6c464e7652/link_4_helper/visuals> (recomposing stage on stage @/home/ubuntu/workspace/physvla_sim/datasets/data_normalized/lamp_urdf/14314/fitr_info1.usd@ <0x37ea2840>)

2026-07-15T12:02:54Z [3,666ms] [Warning] [omni.usd] Warning: in _ReportErrors at line 3172 of /builds/omniverse/usd-ci/USD/pxr/usd/usd/stage.cpp -- In </partnet_1579c3aae8e26472db1afe6c464e7652/link_4_helper/visuals>: Unresolved reference prim path @/home/ubuntu/workspace/physvla_sim/datasets/data_normalized/lamp_urdf/14314/configuration/fitr_info1_physics.usd@</visuals/link_4_helper> introduced by @/home/ubuntu/workspace/physvla_sim/datasets/data_normalized/lamp_urdf/14314/configuration/fitr_info1_base.usd@</partnet_1579c3aae8e26472db1afe6c464e7652/link_4_helper/visuals> (recomposing stage on stage @/home/ubuntu/workspace/physvla_sim/datasets/data_normalized/lamp_urdf/14314/fitr_info1.usd@ <0x37ea6c60>)

2026-07-15T12:02:54Z [3,666ms] [Warning] [omni.usd] Warning: in _ReportErrors at line 3172 of /builds/omniverse/usd-ci/USD/pxr/usd/usd/stage.cpp -- In </partnet_1579c3aae8e26472db1afe6c464e7652/base/visuals>: Unresolved reference prim path @/home/ubuntu/workspace/physvla_sim/datasets/data_normalized/lamp_urdf/14314/configuration/fitr_info1_physics.usd@</visuals/base> introduced by @/home/ubuntu/workspace/physvla_sim/datasets/data_normalized/lamp_urdf/14314/configuration/fitr_info1_base.usd@</partnet_1579c3aae8e26472db1afe6c464e7652/base/visuals> (recomposing stage on stage @/home/ubuntu/workspace/physvla_sim/datasets/data_normalized/lamp_urdf/14314/fitr_info1.usd@ <0x37ea6c60>)

2026-07-15T12:02:54Z [3,668ms] [Warning] [omni.usd] Warning: in _ReportErrors at line 3172 of /builds/omniverse/usd-ci/USD/pxr/usd/usd/stage.cpp -- In </partnet_1579c3aae8e26472db1afe6c464e7652/base/visuals>: Unresolved reference prim path @/home/ubuntu/workspace/physvla_sim/datasets/data_normalized/lamp_urdf/14314/configuration/fitr_info1_physics.usd@</visuals/base> introduced by @/home/ubuntu/workspace/physvla_sim/datasets/data_normalized/lamp_urdf/14314/configuration/fitr_info1_base.usd@</partnet_1579c3aae8e26472db1afe6c464e7652/base/visuals> (recomposing stage on stage @/home/ubuntu/workspace/physvla_sim/datasets/data_normalized/lamp_urdf/14314/fitr_info1.usd@ <0x37ea2840>)

2026-07-15T12:02:54Z [3,668ms] [Warning] [omni.usd] Warning: in _ReportErrors at line 3172 of /builds/omniverse/usd-ci/USD/pxr/usd/usd/stage.cpp -- In </partnet_1579c3aae8e26472db1afe6c464e7652/link_4_helper/visuals>: Unresolved reference prim path @/home/ubuntu/workspace/physvla_sim/datasets/data_normalized/lamp_urdf/14314/configuration/fitr_info1_physics.usd@</visuals/link_4_helper> introduced by @/home/ubuntu/workspace/physvla_sim/datasets/data_normalized/lamp_urdf/14314/configuration/fitr_info1_base.usd@</partnet_1579c3aae8e26472db1afe6c464e7652/link_4_helper/visuals> (recomposing stage on stage @/home/ubuntu/workspace/physvla_sim/datasets/data_normalized/lamp_urdf/14314/fitr_info1.usd@ <0x37ea2840>)

2026-07-15T12:02:54Z [3,671ms] [Warning] [omni.usd] Warning: in _ReportErrors at line 3172 of /builds/omniverse/usd-ci/USD/pxr/usd/usd/stage.cpp -- In </partnet_1579c3aae8e26472db1afe6c464e7652/base/visuals>: Unresolved reference prim path @/home/ubuntu/workspace/physvla_sim/datasets/data_normalized/lamp_urdf/14314/configuration/fitr_info1_physics.usd@</visuals/base> introduced by @/home/ubuntu/workspace/physvla_sim/datasets/data_normalized/lamp_urdf/14314/configuration/fitr_info1_base.usd@</partnet_1579c3aae8e26472db1afe6c464e7652/base/visuals> (recomposing stage on stage @/home/ubuntu/workspace/physvla_sim/datasets/data_normalized/lamp_urdf/14314/fitr_info1.usd@ <0x37ea6c60>)

2026-07-15T12:02:54Z [3,671ms] [Warning] [omni.usd] Warning: in _ReportErrors at line 3172 of /builds/omniverse/usd-ci/USD/pxr/usd/usd/stage.cpp -- In </partnet_1579c3aae8e26472db1afe6c464e7652/link_4_helper/visuals>: Unresolved reference prim path @/home/ubuntu/workspace/physvla_sim/datasets/data_normalized/lamp_urdf/14314/configuration/fitr_info1_physics.usd@</visuals/link_4_helper> introduced by @/home/ubuntu/workspace/physvla_sim/datasets/data_normalized/lamp_urdf/14314/configuration/fitr_info1_base.usd@</partnet_1579c3aae8e26472db1afe6c464e7652/link_4_helper/visuals> (recomposing stage on stage @/home/ubuntu/workspace/physvla_sim/datasets/data_normalized/lamp_urdf/14314/fitr_info1.usd@ <0x37ea6c60>)

2026-07-15T12:02:54Z [3,673ms] [Warning] [omni.usd] Warning: in _ReportErrors at line 3172 of /builds/omniverse/usd-ci/USD/pxr/usd/usd/stage.cpp -- In </partnet_1579c3aae8e26472db1afe6c464e7652/base/visuals>: Unresolved reference prim path @/home/ubuntu/workspace/physvla_sim/datasets/data_normalized/lamp_urdf/14314/configuration/fitr_info1_physics.usd@</visuals/base> introduced by @/home/ubuntu/workspace/physvla_sim/datasets/data_normalized/lamp_urdf/14314/configuration/fitr_info1_base.usd@</partnet_1579c3aae8e26472db1afe6c464e7652/base/visuals> (recomposing stage on stage @/home/ubuntu/workspace/physvla_sim/datasets/data_normalized/lamp_urdf/14314/fitr_info1.usd@ <0x37ea2840>)

2026-07-15T12:02:54Z [3,673ms] [Warning] [omni.usd] Warning: in _ReportErrors at line 3172 of /builds/omniverse/usd-ci/USD/pxr/usd/usd/stage.cpp -- In </partnet_1579c3aae8e26472db1afe6c464e7652/link_4_helper/visuals>: Unresolved reference prim path @/home/ubuntu/workspace/physvla_sim/datasets/data_normalized/lamp_urdf/14314/configuration/fitr_info1_physics.usd@</visuals/link_4_helper> introduced by @/home/ubuntu/workspace/physvla_sim/datasets/data_normalized/lamp_urdf/14314/configuration/fitr_info1_base.usd@</partnet_1579c3aae8e26472db1afe6c464e7652/link_4_helper/visuals> (recomposing stage on stage @/home/ubuntu/workspace/physvla_sim/datasets/data_normalized/lamp_urdf/14314/fitr_info1.usd@ <0x37ea2840>)

2026-07-15T12:02:54Z [3,676ms] [Warning] [omni.usd] Warning: in _ReportErrors at line 3172 of /builds/omniverse/usd-ci/USD/pxr/usd/usd/stage.cpp -- In </partnet_1579c3aae8e26472db1afe6c464e7652/base/visuals>: Unresolved reference prim path @/home/ubuntu/workspace/physvla_sim/datasets/data_normalized/lamp_urdf/14314/configuration/fitr_info1_physics.usd@</visuals/base> introduced by @/home/ubuntu/workspace/physvla_sim/datasets/data_normalized/lamp_urdf/14314/configuration/fitr_info1_base.usd@</partnet_1579c3aae8e26472db1afe6c464e7652/base/visuals> (recomposing stage on stage @/home/ubuntu/workspace/physvla_sim/datasets/data_normalized/lamp_urdf/14314/fitr_info1.usd@ <0x37ea6c60>)

2026-07-15T12:02:54Z [3,676ms] [Warning] [omni.usd] Warning: in _ReportErrors at line 3172 of /builds/omniverse/usd-ci/USD/pxr/usd/usd/stage.cpp -- In </partnet_1579c3aae8e26472db1afe6c464e7652/link_4_helper/visuals>: Unresolved reference prim path @/home/ubuntu/workspace/physvla_sim/datasets/data_normalized/lamp_urdf/14314/configuration/fitr_info1_physics.usd@</visuals/link_4_helper> introduced by @/home/ubuntu/workspace/physvla_sim/datasets/data_normalized/lamp_urdf/14314/configuration/fitr_info1_base.usd@</partnet_1579c3aae8e26472db1afe6c464e7652/link_4_helper/visuals> (recomposing stage on stage @/home/ubuntu/workspace/physvla_sim/datasets/data_normalized/lamp_urdf/14314/fitr_info1.usd@ <0x37ea6c60>)

2026-07-15T12:02:54Z [3,677ms] [Warning] [omni.usd] Warning: in _ReportErrors at line 3172 of /builds/omniverse/usd-ci/USD/pxr/usd/usd/stage.cpp -- In </partnet_1579c3aae8e26472db1afe6c464e7652/base/visuals>: Unresolved reference prim path @/home/ubuntu/workspace/physvla_sim/datasets/data_normalized/lamp_urdf/14314/configuration/fitr_info1_physics.usd@</visuals/base> introduced by @/home/ubuntu/workspace/physvla_sim/datasets/data_normalized/lamp_urdf/14314/configuration/fitr_info1_base.usd@</partnet_1579c3aae8e26472db1afe6c464e7652/base/visuals> (recomposing stage on stage @/home/ubuntu/workspace/physvla_sim/datasets/data_normalized/lamp_urdf/14314/fitr_info1.usd@ <0x37ea2840>)

2026-07-15T12:02:54Z [3,677ms] [Warning] [omni.usd] Warning: in _ReportErrors at line 3172 of /builds/omniverse/usd-ci/USD/pxr/usd/usd/stage.cpp -- In </partnet_1579c3aae8e26472db1afe6c464e7652/link_4_helper/visuals>: Unresolved reference prim path @/home/ubuntu/workspace/physvla_sim/datasets/data_normalized/lamp_urdf/14314/configuration/fitr_info1_physics.usd@</visuals/link_4_helper> introduced by @/home/ubuntu/workspace/physvla_sim/datasets/data_normalized/lamp_urdf/14314/configuration/fitr_info1_base.usd@</partnet_1579c3aae8e26472db1afe6c464e7652/link_4_helper/visuals> (recomposing stage on stage @/home/ubuntu/workspace/physvla_sim/datasets/data_normalized/lamp_urdf/14314/fitr_info1.usd@ <0x37ea2840>)

2026-07-15T12:02:54Z [3,679ms] [Warning] [omni.usd] Warning: in _ReportErrors at line 3172 of /builds/omniverse/usd-ci/USD/pxr/usd/usd/stage.cpp -- In </partnet_1579c3aae8e26472db1afe6c464e7652/base/visuals>: Unresolved reference prim path @/home/ubuntu/workspace/physvla_sim/datasets/data_normalized/lamp_urdf/14314/configuration/fitr_info1_physics.usd@</visuals/base> introduced by @/home/ubuntu/workspace/physvla_sim/datasets/data_normalized/lamp_urdf/14314/configuration/fitr_info1_base.usd@</partnet_1579c3aae8e26472db1afe6c464e7652/base/visuals> (recomposing stage on stage @/home/ubuntu/workspace/physvla_sim/datasets/data_normalized/lamp_urdf/14314/fitr_info1.usd@ <0x37ea6c60>)

2026-07-15T12:02:54Z [3,679ms] [Warning] [omni.usd] Warning: in _ReportErrors at line 3172 of /builds/omniverse/usd-ci/USD/pxr/usd/usd/stage.cpp -- In </partnet_1579c3aae8e26472db1afe6c464e7652/link_4_helper/visuals>: Unresolved reference prim path @/home/ubuntu/workspace/physvla_sim/datasets/data_normalized/lamp_urdf/14314/configuration/fitr_info1_physics.usd@</visuals/link_4_helper> introduced by @/home/ubuntu/workspace/physvla_sim/datasets/data_normalized/lamp_urdf/14314/configuration/fitr_info1_base.usd@</partnet_1579c3aae8e26472db1afe6c464e7652/link_4_helper/visuals> (recomposing stage on stage @/home/ubuntu/workspace/physvla_sim/datasets/data_normalized/lamp_urdf/14314/fitr_info1.usd@ <0x37ea6c60>)

2026-07-15T12:02:54Z [3,681ms] [Warning] [omni.usd] Warning: in _ReportErrors at line 3172 of /builds/omniverse/usd-ci/USD/pxr/usd/usd/stage.cpp -- In </partnet_1579c3aae8e26472db1afe6c464e7652/base/visuals>: Unresolved reference prim path @/home/ubuntu/workspace/physvla_sim/datasets/data_normalized/lamp_urdf/14314/configuration/fitr_info1_physics.usd@</visuals/base> introduced by @/home/ubuntu/workspace/physvla_sim/datasets/data_normalized/lamp_urdf/14314/configuration/fitr_info1_base.usd@</partnet_1579c3aae8e26472db1afe6c464e7652/base/visuals> (recomposing stage on stage @/home/ubuntu/workspace/physvla_sim/datasets/data_normalized/lamp_urdf/14314/fitr_info1.usd@ <0x37ea2840>)

2026-07-15T12:02:54Z [3,681ms] [Warning] [omni.usd] Warning: in _ReportErrors at line 3172 of /builds/omniverse/usd-ci/USD/pxr/usd/usd/stage.cpp -- In </partnet_1579c3aae8e26472db1afe6c464e7652/link_4_helper/visuals>: Unresolved reference prim path @/home/ubuntu/workspace/physvla_sim/datasets/data_normalized/lamp_urdf/14314/configuration/fitr_info1_physics.usd@</visuals/link_4_helper> introduced by @/home/ubuntu/workspace/physvla_sim/datasets/data_normalized/lamp_urdf/14314/configuration/fitr_info1_base.usd@</partnet_1579c3aae8e26472db1afe6c464e7652/link_4_helper/visuals> (recomposing stage on stage @/home/ubuntu/workspace/physvla_sim/datasets/data_normalized/lamp_urdf/14314/fitr_info1.usd@ <0x37ea2840>)

Loading user config located at: '/home/ubuntu/isaacsim/kit/data/Kit/Isaac-Sim/5.1/user.config.json'
[Info] [carb] Logging to file: /home/ubuntu/isaacsim/kit/logs/Kit/Isaac-Sim/5.1/kit_20260715_200255.log
2026-07-15T12:02:55Z [0ms] [Warning] [carb.crashreporter-breakpad.plugin] [previous crash] preventing upload of minidump due to user opt-out: '/home/ubuntu/isaacsim/kit/data/Kit/Isaac-Sim/5.1/0d81a4fd-59cb-4157-42d97b80-310afb82.dmp'
2026-07-15T12:02:55Z [0ms] [Warning] [carb.crashreporter-breakpad.plugin] [previous crash] preventing upload of minidump due to user opt-out: '/home/ubuntu/isaacsim/kit/data/Kit/Isaac-Sim/5.1/7efeb785-3cdd-476a-8fc91ca3-38a85c81.dmp'
2026-07-15T12:02:55Z [0ms] [Warning] [carb.crashreporter-breakpad.plugin] [previous crash] preventing upload of minidump due to user opt-out: '/home/ubuntu/isaacsim/kit/data/Kit/Isaac-Sim/5.1/0ec06837-edee-4570-b459bb9b-e409ca73.dmp'
2026-07-15T12:02:55Z [0ms] [Warning] [carb.crashreporter-breakpad.plugin] [previous crash] preventing upload of minidump due to user opt-out: '/home/ubuntu/isaacsim/kit/data/Kit/Isaac-Sim/5.1/846da064-407f-481c-dab18ea9-9788aefc.dmp'
2026-07-15T12:02:55Z [0ms] [Warning] [carb.crashreporter-breakpad.plugin] [previous crash] preventing upload of minidump due to user opt-out: '/home/ubuntu/isaacsim/kit/data/Kit/Isaac-Sim/5.1/7674058d-a5ef-457b-61399da4-1924f871.dmp'
2026-07-15T12:02:55Z [1ms] [Warning] [carb.crashreporter-breakpad.plugin] [previous crash] preventing upload of minidump due to user opt-out: '/home/ubuntu/isaacsim/kit/data/Kit/Isaac-Sim/5.1/0dbca6de-81d5-44e8-85c7eba5-c7ac64b6.dmp'
2026-07-15T12:02:55Z [1ms] [Warning] [carb.crashreporter-breakpad.plugin] [previous crash] preventing upload of minidump due to user opt-out: '/home/ubuntu/isaacsim/kit/data/Kit/Isaac-Sim/5.1/96b6ea33-a47b-4c84-2d7408a6-bc8b64a8.dmp'
2026-07-15T12:02:55Z [186ms] [Warning] [omni.platforminfo.plugin] failed to open the default display.  Can't verify X Server version.
2026-07-15T12:02:55Z [186ms] [Warning] [omni.usd_config.extension] Enable omni.materialx.libs extension to use MaterialX
2026-07-15T12:02:55Z [464ms] [Warning] [carb] Acquiring non optional plugin interface which is not listed as dependency: [omni::physx::IPhysxBenchmarks v1.0] (plugin: <default plugin>), by client: omni.physics.physx.plugin. Add it to CARB_PLUGIN_IMPL_DEPS() macro of a client.
2026-07-15T12:02:55Z [598ms] [Warning] [omni.isaac.dynamic_control] omni.isaac.dynamic_control is deprecated as of Isaac Sim 4.5. No action is needed from end-users.

|---------------------------------------------------------------------------------------------|
| Driver Version: 580.142       | Graphics API: Vulkan
|=============================================================================================|
| GPU | Name                             | Active | LDA | GPU Memory | Vendor-ID | LUID       |
|     |                                  |        |     |            | Device-ID | UUID       |
|     |                                  |        |     |            | Bus-ID    |            |
|---------------------------------------------------------------------------------------------|
| 0   | NVIDIA GeForce RTX 5090 D v2     | Yes: 0 |     | 24701   MB | 10de      | 0          |
|     |                                  |        |     |            | 2b8c      | 5f3d0dc0.. |
|     |                                  |        |     |            | 1         |            |
|=============================================================================================|
| OS: 24.04.3 LTS (Noble Numbat) ubuntu, Version: 24.04.3, Kernel: 6.17.0-1017-oem
| Processor: Intel(R) Core(TM) i9-14900K
| Cores: 24 | Logical Cores: 32
|---------------------------------------------------------------------------------------------|
| Total Memory (MB): 64063 | Free Memory: 53827
| Total Page/Swap (MB): 8191 | Free Page/Swap: 8191
|---------------------------------------------------------------------------------------------|
2026-07-15T12:02:57Z [2,576ms] [Warning] [gpu.foundation.plugin] CPU performance profile is set to powersave. This profile sets the CPU to the lowest frequency reducing performance.
2026-07-15T12:02:57Z [2,584ms] [Warning] [gpu.foundation.plugin] IOMMU is enabled.
2026-07-15T12:02:57Z [2,731ms] [Warning] [omni.usd] Warning: in _ReportErrors at line 3172 of /builds/omniverse/usd-ci/USD/pxr/usd/usd/stage.cpp -- In </partnet_1579c3aae8e26472db1afe6c464e7652/link_4_helper/visuals>: Unresolved reference prim path @/home/ubuntu/workspace/physvla_sim/datasets/data_normalized/lamp_urdf/14314/configuration/fitr_info1_base.usd@</visuals/link_4_helper> introduced by @/home/ubuntu/workspace/physvla_sim/datasets/data_normalized/lamp_urdf/14314/configuration/fitr_info1_base.usd@</partnet_1579c3aae8e26472db1afe6c464e7652/link_4_helper/visuals> (instantiating stage on stage @/home/ubuntu/workspace/physvla_sim/datasets/data_normalized/lamp_urdf/14314/configuration/fitr_info1_base.usd@ <0x20fa5b60>)

2026-07-15T12:02:57Z [2,731ms] [Warning] [omni.usd] Warning: in _ReportErrors at line 3172 of /builds/omniverse/usd-ci/USD/pxr/usd/usd/stage.cpp -- In </partnet_1579c3aae8e26472db1afe6c464e7652/base/visuals>: Unresolved reference prim path @/home/ubuntu/workspace/physvla_sim/datasets/data_normalized/lamp_urdf/14314/configuration/fitr_info1_base.usd@</visuals/base> introduced by @/home/ubuntu/workspace/physvla_sim/datasets/data_normalized/lamp_urdf/14314/configuration/fitr_info1_base.usd@</partnet_1579c3aae8e26472db1afe6c464e7652/base/visuals> (instantiating stage on stage @/home/ubuntu/workspace/physvla_sim/datasets/data_normalized/lamp_urdf/14314/configuration/fitr_info1_base.usd@ <0x20fa5b60>)

2026-07-15T12:02:57Z [2,736ms] [Warning] [omni.usd] Warning: in _ReportErrors at line 3172 of /builds/omniverse/usd-ci/USD/pxr/usd/usd/stage.cpp -- In </partnet_1579c3aae8e26472db1afe6c464e7652/link_4_helper/visuals>: Unresolved reference prim path @/home/ubuntu/workspace/physvla_sim/datasets/data_normalized/lamp_urdf/14314/configuration/fitr_info1_physics.usd@</visuals/link_4_helper> introduced by @/home/ubuntu/workspace/physvla_sim/datasets/data_normalized/lamp_urdf/14314/configuration/fitr_info1_base.usd@</partnet_1579c3aae8e26472db1afe6c464e7652/link_4_helper/visuals> (instantiating stage on stage @/home/ubuntu/workspace/physvla_sim/datasets/data_normalized/lamp_urdf/14314/configuration/fitr_info1_physics.usd@ <0x1d9f08c0>)

2026-07-15T12:02:57Z [2,736ms] [Warning] [omni.usd] Warning: in _ReportErrors at line 3172 of /builds/omniverse/usd-ci/USD/pxr/usd/usd/stage.cpp -- In </partnet_1579c3aae8e26472db1afe6c464e7652/base/visuals>: Unresolved reference prim path @/home/ubuntu/workspace/physvla_sim/datasets/data_normalized/lamp_urdf/14314/configuration/fitr_info1_physics.usd@</visuals/base> introduced by @/home/ubuntu/workspace/physvla_sim/datasets/data_normalized/lamp_urdf/14314/configuration/fitr_info1_base.usd@</partnet_1579c3aae8e26472db1afe6c464e7652/base/visuals> (instantiating stage on stage @/home/ubuntu/workspace/physvla_sim/datasets/data_normalized/lamp_urdf/14314/configuration/fitr_info1_physics.usd@ <0x1d9f08c0>)

2026-07-15T12:02:57Z [2,739ms] [Warning] [omni.usd] Warning: in _ReportErrors at line 3172 of /builds/omniverse/usd-ci/USD/pxr/usd/usd/stage.cpp -- In </partnet_1579c3aae8e26472db1afe6c464e7652/base/visuals>: Unresolved reference prim path @/home/ubuntu/workspace/physvla_sim/datasets/data_normalized/lamp_urdf/14314/configuration/fitr_info1_physics.usd@</visuals/base> introduced by @/home/ubuntu/workspace/physvla_sim/datasets/data_normalized/lamp_urdf/14314/configuration/fitr_info1_base.usd@</partnet_1579c3aae8e26472db1afe6c464e7652/base/visuals> (instantiating stage on stage @/home/ubuntu/workspace/physvla_sim/datasets/data_normalized/lamp_urdf/14314/fitr_info1.usd@ <0x1d9cc050>)

2026-07-15T12:02:57Z [2,739ms] [Warning] [omni.usd] Warning: in _ReportErrors at line 3172 of /builds/omniverse/usd-ci/USD/pxr/usd/usd/stage.cpp -- In </partnet_1579c3aae8e26472db1afe6c464e7652/link_4_helper/visuals>: Unresolved reference prim path @/home/ubuntu/workspace/physvla_sim/datasets/data_normalized/lamp_urdf/14314/configuration/fitr_info1_physics.usd@</visuals/link_4_helper> introduced by @/home/ubuntu/workspace/physvla_sim/datasets/data_normalized/lamp_urdf/14314/configuration/fitr_info1_base.usd@</partnet_1579c3aae8e26472db1afe6c464e7652/link_4_helper/visuals> (instantiating stage on stage @/home/ubuntu/workspace/physvla_sim/datasets/data_normalized/lamp_urdf/14314/fitr_info1.usd@ <0x1d9cc050>)

[INFO][AppLauncher]: Using device: cuda:0
[INFO][AppLauncher]: Loading experience file: /home/ubuntu/workspace/IsaacLab/apps/isaaclab.python.headless.kit
{
  "output": "/home/ubuntu/workspace/physvla_sim/datasets/data_normalized/lamp_urdf/14314/fitr_info1.usd",
  "scale": 0.266983724672144,
  "scale_layer": "/home/ubuntu/workspace/physvla_sim/datasets/data_normalized/lamp_urdf/14314/configuration/fitr_info1_base.usd",
  "joints": [
    {
      "joint": "/partnet_1579c3aae8e26472db1afe6c464e7652/joints/joint_1",
      "drive": "angular",
      "damping": 150.0,
      "stiffness": 0.0,
      "max_force": 1.875
    },
    {
      "joint": "/partnet_1579c3aae8e26472db1afe6c464e7652/joints/joint_2",
      "drive": "linear",
      "damping": 60.0,
      "stiffness": 0.0,
      "max_force": 1.25
    },
    {
      "joint": "/partnet_1579c3aae8e26472db1afe6c464e7652/joints/joint_4",
      "drive": "angular",
      "damping": 150.0,
      "stiffness": 0.0,
      "max_force": 1.875
    },
    {
      "joint": "/partnet_1579c3aae8e26472db1afe6c464e7652/joints/joint_5",
      "drive": "linear",
      "damping": 60.0,
      "stiffness": 0.0,
      "max_force": 1.25
    }
  ],
  "dynamics_layer": "/home/ubuntu/workspace/physvla_sim/datasets/data_normalized/lamp_urdf/14314/configuration/fitr_info1_physics.usd",
  "affordance_links": [
    "/partnet_1579c3aae8e26472db1afe6c464e7652/link_1",
    "/partnet_1579c3aae8e26472db1afe6c464e7652/link_2",
    "/partnet_1579c3aae8e26472db1afe6c464e7652/link_4",
    "/partnet_1579c3aae8e26472db1afe6c464e7652/link_4"
  ]
}
[OK] lamp_urdf/14314
[RUN] lamp_urdf/16047
Loading user config located at: '/home/ubuntu/isaacsim/kit/data/Kit/Isaac-Sim/5.1/user.config.json'
[Info] [carb] Logging to file: /home/ubuntu/isaacsim/kit/logs/Kit/Isaac-Sim/5.1/kit_20260715_200258.log
2026-07-15T12:02:58Z [0ms] [Warning] [carb.crashreporter-breakpad.plugin] [previous crash] preventing upload of minidump due to user opt-out: '/home/ubuntu/isaacsim/kit/data/Kit/Isaac-Sim/5.1/0d81a4fd-59cb-4157-42d97b80-310afb82.dmp'
2026-07-15T12:02:58Z [0ms] [Warning] [carb.crashreporter-breakpad.plugin] [previous crash] preventing upload of minidump due to user opt-out: '/home/ubuntu/isaacsim/kit/data/Kit/Isaac-Sim/5.1/7efeb785-3cdd-476a-8fc91ca3-38a85c81.dmp'
2026-07-15T12:02:58Z [0ms] [Warning] [carb.crashreporter-breakpad.plugin] [previous crash] preventing upload of minidump due to user opt-out: '/home/ubuntu/isaacsim/kit/data/Kit/Isaac-Sim/5.1/0ec06837-edee-4570-b459bb9b-e409ca73.dmp'
2026-07-15T12:02:58Z [0ms] [Warning] [carb.crashreporter-breakpad.plugin] [previous crash] preventing upload of minidump due to user opt-out: '/home/ubuntu/isaacsim/kit/data/Kit/Isaac-Sim/5.1/846da064-407f-481c-dab18ea9-9788aefc.dmp'
2026-07-15T12:02:58Z [0ms] [Warning] [carb.crashreporter-breakpad.plugin] [previous crash] preventing upload of minidump due to user opt-out: '/home/ubuntu/isaacsim/kit/data/Kit/Isaac-Sim/5.1/7674058d-a5ef-457b-61399da4-1924f871.dmp'
2026-07-15T12:02:58Z [0ms] [Warning] [carb.crashreporter-breakpad.plugin] [previous crash] preventing upload of minidump due to user opt-out: '/home/ubuntu/isaacsim/kit/data/Kit/Isaac-Sim/5.1/0dbca6de-81d5-44e8-85c7eba5-c7ac64b6.dmp'
2026-07-15T12:02:58Z [1ms] [Warning] [carb.crashreporter-breakpad.plugin] [previous crash] preventing upload of minidump due to user opt-out: '/home/ubuntu/isaacsim/kit/data/Kit/Isaac-Sim/5.1/96b6ea33-a47b-4c84-2d7408a6-bc8b64a8.dmp'
2026-07-15T12:02:58Z [185ms] [Warning] [omni.usd_config.extension] Enable omni.materialx.libs extension to use MaterialX
2026-07-15T12:02:58Z [188ms] [Warning] [omni.platforminfo.plugin] failed to open the default display.  Can't verify X Server version.
2026-07-15T12:02:58Z [458ms] [Warning] [carb] Acquiring non optional plugin interface which is not listed as dependency: [omni::physx::IPhysxBenchmarks v1.0] (plugin: <default plugin>), by client: omni.physics.physx.plugin. Add it to CARB_PLUGIN_IMPL_DEPS() macro of a client.
2026-07-15T12:02:58Z [591ms] [Warning] [omni.isaac.dynamic_control] omni.isaac.dynamic_control is deprecated as of Isaac Sim 4.5. No action is needed from end-users.

|---------------------------------------------------------------------------------------------|
| Driver Version: 580.142       | Graphics API: Vulkan
|=============================================================================================|
| GPU | Name                             | Active | LDA | GPU Memory | Vendor-ID | LUID       |
|     |                                  |        |     |            | Device-ID | UUID       |
|     |                                  |        |     |            | Bus-ID    |            |
|---------------------------------------------------------------------------------------------|
| 0   | NVIDIA GeForce RTX 5090 D v2     | Yes: 0 |     | 24701   MB | 10de      | 0          |
|     |                                  |        |     |            | 2b8c      | 5f3d0dc0.. |
|     |                                  |        |     |            | 1         |            |
|=============================================================================================|
| OS: 24.04.3 LTS (Noble Numbat) ubuntu, Version: 24.04.3, Kernel: 6.17.0-1017-oem
| Processor: Intel(R) Core(TM) i9-14900K
| Cores: 24 | Logical Cores: 32
|---------------------------------------------------------------------------------------------|
| Total Memory (MB): 64063 | Free Memory: 53840
| Total Page/Swap (MB): 8191 | Free Page/Swap: 8191
|---------------------------------------------------------------------------------------------|
2026-07-15T12:03:00Z [2,592ms] [Warning] [gpu.foundation.plugin] CPU performance profile is set to powersave. This profile sets the CPU to the lowest frequency reducing performance.
2026-07-15T12:03:00Z [2,599ms] [Warning] [gpu.foundation.plugin] IOMMU is enabled.
2026-07-15T12:03:01Z [2,732ms] [Warning] [carb.windowing-glfw.plugin] GLFW initialization failed.
2026-07-15T12:03:01Z [2,732ms] [Warning] [carb] Failed to startup plugin carb.windowing-glfw.plugin (interfaces: [carb::windowing::IGLContext v1.0],[carb::windowing::IWindowing v1.5]) (impl: carb.windowing-glfw.plugin)

|---------------------------------------------------------------------------------------------|
| Driver Version: 580.142       | Graphics API: Vulkan
|=============================================================================================|
| GPU | Name                             | Active | LDA | GPU Memory | Vendor-ID | LUID       |
|     |                                  |        |     |            | Device-ID | UUID       |
|     |                                  |        |     |            | Bus-ID    |            |
|---------------------------------------------------------------------------------------------|
| 0   | NVIDIA GeForce RTX 5090 D v2     | Yes: 0 |     | 24701   MB | 10de      | 0          |
|     |                                  |        |     |            | 2b8c      | 5f3d0dc0.. |
|     |                                  |        |     |            | 1         |            |
|=============================================================================================|
| OS: 24.04.3 LTS (Noble Numbat) ubuntu, Version: 24.04.3, Kernel: 6.17.0-1017-oem
| Processor: Intel(R) Core(TM) i9-14900K
| Cores: 24 | Logical Cores: 32
|---------------------------------------------------------------------------------------------|
| Total Memory (MB): 64063 | Free Memory: 53668
| Total Page/Swap (MB): 8191 | Free Page/Swap: 8191
|---------------------------------------------------------------------------------------------|
2026-07-15T12:03:01Z [2,964ms] [Warning] [gpu.foundation.plugin] CPU performance profile is set to powersave. This profile sets the CPU to the lowest frequency reducing performance.
2026-07-15T12:03:01Z [2,964ms] [Warning] [gpu.foundation.plugin] IOMMU is enabled.
2026-07-15T12:03:01Z [3,169ms] [Warning] [carb.windowing-glfw.plugin] GLFW initialization failed.
2026-07-15T12:03:01Z [3,169ms] [Warning] [carb] Failed to startup plugin carb.windowing-glfw.plugin (interfaces: [carb::windowing::IGLContext v1.0],[carb::windowing::IWindowing v1.5]) (impl: carb.windowing-glfw.plugin)
2026-07-15T12:03:01Z [3,181ms] [Warning] [carb.windowing-glfw.plugin] GLFW initialization failed.
2026-07-15T12:03:01Z [3,181ms] [Warning] [carb] Failed to startup plugin carb.windowing-glfw.plugin (interfaces: [carb::windowing::IGLContext v1.0],[carb::windowing::IWindowing v1.5]) (impl: carb.windowing-glfw.plugin)
2026-07-15T12:03:01Z [3,186ms] [Warning] [carb.windowing-glfw.plugin] GLFW initialization failed.
2026-07-15T12:03:01Z [3,186ms] [Warning] [carb] Failed to startup plugin carb.windowing-glfw.plugin (interfaces: [carb::windowing::IGLContext v1.0],[carb::windowing::IWindowing v1.5]) (impl: carb.windowing-glfw.plugin)
2026-07-15T12:03:01Z [3,191ms] [Warning] [carb.windowing-glfw.plugin] GLFW initialization failed.
2026-07-15T12:03:01Z [3,191ms] [Warning] [carb] Failed to startup plugin carb.windowing-glfw.plugin (interfaces: [carb::windowing::IGLContext v1.0],[carb::windowing::IWindowing v1.5]) (impl: carb.windowing-glfw.plugin)
2026-07-15T12:03:01Z [3,192ms] [Warning] [carb.windowing-glfw.plugin] GLFW initialization failed.
2026-07-15T12:03:01Z [3,192ms] [Warning] [carb] Failed to startup plugin carb.windowing-glfw.plugin (interfaces: [carb::windowing::IGLContext v1.0],[carb::windowing::IWindowing v1.5]) (impl: carb.windowing-glfw.plugin)
2026-07-15T12:03:01Z [3,192ms] [Warning] [carb.windowing-glfw.plugin] GLFW initialization failed.
2026-07-15T12:03:01Z [3,192ms] [Warning] [carb] Failed to startup plugin carb.windowing-glfw.plugin (interfaces: [carb::windowing::IGLContext v1.0],[carb::windowing::IWindowing v1.5]) (impl: carb.windowing-glfw.plugin)
2026-07-15T12:03:01Z [3,439ms] [Warning] [omni.graph.visualization.nodes._impl.extension] No Viewport Window to add omni.graph.visualization.nodes-2.1.3 scene to
2026-07-15T12:03:01Z [3,561ms] [Warning] [isaacsim.asset.importer.urdf] The path lamp_shade-14 is not a valid usd path, modifying to lamp_shade_14
2026-07-15T12:03:01Z [3,561ms] [Warning] [isaacsim.asset.importer.urdf] The path lamp_shade-14 is not a valid usd path, modifying to lamp_shade_14
2026-07-15T12:03:01Z [3,561ms] [Warning] [isaacsim.asset.importer.urdf] The path lamp_shade-14 is not a valid usd path, modifying to lamp_shade_14
2026-07-15T12:03:01Z [3,561ms] [Warning] [isaacsim.asset.importer.urdf] The path lamp_shade-14 is not a valid usd path, modifying to lamp_shade_14
2026-07-15T12:03:01Z [3,561ms] [Warning] [isaacsim.asset.importer.urdf] The path lamp_shade-14 is not a valid usd path, modifying to lamp_shade_14
2026-07-15T12:03:01Z [3,562ms] [Warning] [isaacsim.asset.importer.urdf] The path lamp_shade-14 is not a valid usd path, modifying to lamp_shade_14
2026-07-15T12:03:01Z [3,562ms] [Warning] [isaacsim.asset.importer.urdf] The path lamp_shade-14 is not a valid usd path, modifying to lamp_shade_14
2026-07-15T12:03:01Z [3,562ms] [Warning] [isaacsim.asset.importer.urdf] The path lamp_shade-14 is not a valid usd path, modifying to lamp_shade_14
2026-07-15T12:03:01Z [3,562ms] [Warning] [isaacsim.asset.importer.urdf] The path lamp_shade-14 is not a valid usd path, modifying to lamp_shade_14
2026-07-15T12:03:01Z [3,562ms] [Warning] [isaacsim.asset.importer.urdf] The path lamp_shade-14 is not a valid usd path, modifying to lamp_shade_14
2026-07-15T12:03:01Z [3,562ms] [Warning] [isaacsim.asset.importer.urdf] The path lamp_shade-14 is not a valid usd path, modifying to lamp_shade_14
2026-07-15T12:03:01Z [3,562ms] [Warning] [isaacsim.asset.importer.urdf] The path light_socket-12 is not a valid usd path, modifying to light_socket_12
2026-07-15T12:03:01Z [3,562ms] [Warning] [isaacsim.asset.importer.urdf] The path light_bulb-13 is not a valid usd path, modifying to light_bulb_13
2026-07-15T12:03:01Z [3,562ms] [Warning] [isaacsim.asset.importer.urdf] The path lamp_body_curved-15 is not a valid usd path, modifying to lamp_body_curved_15
2026-07-15T12:03:01Z [3,562ms] [Warning] [isaacsim.asset.importer.urdf] The path lamp_body_curved-15 is not a valid usd path, modifying to lamp_body_curved_15
2026-07-15T12:03:01Z [3,562ms] [Warning] [isaacsim.asset.importer.urdf] The path clamp_frame-18 is not a valid usd path, modifying to clamp_frame_18
2026-07-15T12:03:01Z [3,562ms] [Warning] [isaacsim.asset.importer.urdf] The path clamp_screw-19 is not a valid usd path, modifying to clamp_screw_19
2026-07-15T12:03:01Z [3,562ms] [Warning] [isaacsim.asset.importer.urdf] The path clamp_handle-20 is not a valid usd path, modifying to clamp_handle_20
2026-07-15T12:03:01Z [3,562ms] [Warning] [isaacsim.asset.importer.urdf] The path lamp_arm_straight_bar-7 is not a valid usd path, modifying to lamp_arm_straight_bar_7
2026-07-15T12:03:01Z [3,562ms] [Warning] [isaacsim.asset.importer.urdf] The path lamp_arm_straight_bar-8 is not a valid usd path, modifying to lamp_arm_straight_bar_8
2026-07-15T12:03:01Z [3,562ms] [Warning] [isaacsim.asset.importer.urdf] The path lamp_arm_straight_bar-9 is not a valid usd path, modifying to lamp_arm_straight_bar_9
2026-07-15T12:03:01Z [3,562ms] [Warning] [isaacsim.asset.importer.urdf] The path lamp_arm_straight_bar-10 is not a valid usd path, modifying to lamp_arm_straight_bar_10
2026-07-15T12:03:01Z [3,574ms] [Warning] [isaacsim.asset.importer.urdf] No mass specified for link base
2026-07-15T12:03:01Z [3,574ms] [Warning] [omni.usd] Warning: in _ReportErrors at line 3172 of /builds/omniverse/usd-ci/USD/pxr/usd/usd/stage.cpp -- In </partnet_8eee3b5fd2f3abd4bcde6f92ef1f7ee7/base/visuals>: Unresolved reference prim path @/home/ubuntu/workspace/physvla_sim/datasets/data_normalized/lamp_urdf/16047/configuration/fitr_info1_physics.usd@</visuals/base> introduced by @/home/ubuntu/workspace/physvla_sim/datasets/data_normalized/lamp_urdf/16047/configuration/fitr_info1_base.usd@</partnet_8eee3b5fd2f3abd4bcde6f92ef1f7ee7/base/visuals> (recomposing stage on stage @/home/ubuntu/workspace/physvla_sim/datasets/data_normalized/lamp_urdf/16047/configuration/fitr_info1_physics.usd@ <0x2df8c0a0>)

2026-07-15T12:03:01Z [3,575ms] [Warning] [omni.usd] Warning: in _ReportErrors at line 3172 of /builds/omniverse/usd-ci/USD/pxr/usd/usd/stage.cpp -- In </partnet_8eee3b5fd2f3abd4bcde6f92ef1f7ee7/base/visuals>: Unresolved reference prim path @/home/ubuntu/workspace/physvla_sim/datasets/data_normalized/lamp_urdf/16047/fitr_info1.usd@</visuals/base> introduced by @/home/ubuntu/workspace/physvla_sim/datasets/data_normalized/lamp_urdf/16047/configuration/fitr_info1_base.usd@</partnet_8eee3b5fd2f3abd4bcde6f92ef1f7ee7/base/visuals> (recomposing stage on stage @/home/ubuntu/workspace/physvla_sim/datasets/data_normalized/lamp_urdf/16047/fitr_info1.usd@ <0x2df78800>)

2026-07-15T12:03:01Z [3,575ms] [Warning] [omni.usd] Warning: in _ReportErrors at line 3172 of /builds/omniverse/usd-ci/USD/pxr/usd/usd/stage.cpp -- In </partnet_8eee3b5fd2f3abd4bcde6f92ef1f7ee7/base/visuals>: Unresolved reference prim path @/home/ubuntu/workspace/physvla_sim/datasets/data_normalized/lamp_urdf/16047/fitr_info1.usd@</visuals/base> introduced by @/home/ubuntu/workspace/physvla_sim/datasets/data_normalized/lamp_urdf/16047/configuration/fitr_info1_base.usd@</partnet_8eee3b5fd2f3abd4bcde6f92ef1f7ee7/base/visuals> (recomposing stage on stage @/home/ubuntu/workspace/physvla_sim/datasets/data_normalized/lamp_urdf/16047/fitr_info1.usd@ <0x2df74660>)

2026-07-15T12:03:01Z [3,575ms] [Warning] [omni.usd] Warning: in _ReportErrors at line 3172 of /builds/omniverse/usd-ci/USD/pxr/usd/usd/stage.cpp -- In </partnet_8eee3b5fd2f3abd4bcde6f92ef1f7ee7/base/visuals>: Unresolved reference prim path @/home/ubuntu/workspace/physvla_sim/datasets/data_normalized/lamp_urdf/16047/configuration/fitr_info1_base.usd@</visuals/base> introduced by @/home/ubuntu/workspace/physvla_sim/datasets/data_normalized/lamp_urdf/16047/configuration/fitr_info1_base.usd@</partnet_8eee3b5fd2f3abd4bcde6f92ef1f7ee7/base/visuals> (recomposing stage on stage @/home/ubuntu/workspace/physvla_sim/datasets/data_normalized/lamp_urdf/16047/configuration/fitr_info1_base.usd@ <0x2df956f0>)

2026-07-15T12:03:01Z [3,575ms] [Warning] [omni.usd] Warning: in _ReportErrors at line 3172 of /builds/omniverse/usd-ci/USD/pxr/usd/usd/stage.cpp -- In </partnet_8eee3b5fd2f3abd4bcde6f92ef1f7ee7/base/visuals>: Unresolved reference prim path @/home/ubuntu/workspace/physvla_sim/datasets/data_normalized/lamp_urdf/16047/configuration/fitr_info1_physics.usd@</visuals/base> introduced by @/home/ubuntu/workspace/physvla_sim/datasets/data_normalized/lamp_urdf/16047/configuration/fitr_info1_base.usd@</partnet_8eee3b5fd2f3abd4bcde6f92ef1f7ee7/base/visuals> (recomposing stage on stage @/home/ubuntu/workspace/physvla_sim/datasets/data_normalized/lamp_urdf/16047/configuration/fitr_info1_physics.usd@ <0x2df8c0a0>)

2026-07-15T12:03:01Z [3,575ms] [Warning] [omni.usd] Warning: in _ReportErrors at line 3172 of /builds/omniverse/usd-ci/USD/pxr/usd/usd/stage.cpp -- In </partnet_8eee3b5fd2f3abd4bcde6f92ef1f7ee7/base/visuals>: Unresolved reference prim path @/home/ubuntu/workspace/physvla_sim/datasets/data_normalized/lamp_urdf/16047/fitr_info1.usd@</visuals/base> introduced by @/home/ubuntu/workspace/physvla_sim/datasets/data_normalized/lamp_urdf/16047/configuration/fitr_info1_base.usd@</partnet_8eee3b5fd2f3abd4bcde6f92ef1f7ee7/base/visuals> (recomposing stage on stage @/home/ubuntu/workspace/physvla_sim/datasets/data_normalized/lamp_urdf/16047/fitr_info1.usd@ <0x2df78800>)

2026-07-15T12:03:01Z [3,575ms] [Warning] [omni.usd] Warning: in _ReportErrors at line 3172 of /builds/omniverse/usd-ci/USD/pxr/usd/usd/stage.cpp -- In </partnet_8eee3b5fd2f3abd4bcde6f92ef1f7ee7/base/visuals>: Unresolved reference prim path @/home/ubuntu/workspace/physvla_sim/datasets/data_normalized/lamp_urdf/16047/fitr_info1.usd@</visuals/base> introduced by @/home/ubuntu/workspace/physvla_sim/datasets/data_normalized/lamp_urdf/16047/configuration/fitr_info1_base.usd@</partnet_8eee3b5fd2f3abd4bcde6f92ef1f7ee7/base/visuals> (recomposing stage on stage @/home/ubuntu/workspace/physvla_sim/datasets/data_normalized/lamp_urdf/16047/fitr_info1.usd@ <0x2df74660>)

2026-07-15T12:03:01Z [3,575ms] [Warning] [omni.usd] Warning: in _ReportErrors at line 3172 of /builds/omniverse/usd-ci/USD/pxr/usd/usd/stage.cpp -- In </partnet_8eee3b5fd2f3abd4bcde6f92ef1f7ee7/base/visuals>: Unresolved reference prim path @/home/ubuntu/workspace/physvla_sim/datasets/data_normalized/lamp_urdf/16047/configuration/fitr_info1_base.usd@</visuals/base> introduced by @/home/ubuntu/workspace/physvla_sim/datasets/data_normalized/lamp_urdf/16047/configuration/fitr_info1_base.usd@</partnet_8eee3b5fd2f3abd4bcde6f92ef1f7ee7/base/visuals> (recomposing stage on stage @/home/ubuntu/workspace/physvla_sim/datasets/data_normalized/lamp_urdf/16047/configuration/fitr_info1_base.usd@ <0x2df956f0>)

2026-07-15T12:03:01Z [3,575ms] [Warning] [isaacsim.asset.importer.urdf] Link base has no colliders, and no inertia was imported; assigning a small isotropic inertia matrix
2026-07-15T12:03:01Z [3,576ms] [Warning] [isaacsim.asset.importer.urdf] No mass specified for link link_2
2026-07-15T12:03:01Z [3,601ms] [Warning] [isaacsim.asset.importer.urdf] No mass specified for link link_1
2026-07-15T12:03:01Z [3,636ms] [Warning] [isaacsim.asset.importer.urdf] No mass specified for link link_3
2026-07-15T12:03:02Z [3,689ms] [Warning] [isaacsim.asset.importer.urdf] joint_3: Joint Axis is not body aligned with X, Y or Z primary axis. Adjusting PhysX joint alignment to Axis X and reorienting bodies.
2026-07-15T12:03:02Z [3,689ms] [Warning] [isaacsim.asset.importer.urdf] No mass specified for link link_0
2026-07-15T12:03:02Z [3,835ms] [Warning] [isaacsim.asset.importer.urdf] joint_0: Joint Axis is not body aligned with X, Y or Z primary axis. Adjusting PhysX joint alignment to Axis X and reorienting bodies.
2026-07-15T12:03:02Z [3,849ms] [Warning] [omni.usd] Warning: in _ReportErrors at line 3172 of /builds/omniverse/usd-ci/USD/pxr/usd/usd/stage.cpp -- In </partnet_8eee3b5fd2f3abd4bcde6f92ef1f7ee7/base/visuals>: Unresolved reference prim path @/home/ubuntu/workspace/physvla_sim/datasets/data_normalized/lamp_urdf/16047/configuration/fitr_info1_base.usd@</visuals/base> introduced by @/home/ubuntu/workspace/physvla_sim/datasets/data_normalized/lamp_urdf/16047/configuration/fitr_info1_base.usd@</partnet_8eee3b5fd2f3abd4bcde6f92ef1f7ee7/base/visuals> (recomposing stage on stage @/home/ubuntu/workspace/physvla_sim/datasets/data_normalized/lamp_urdf/16047/fitr_info1.usd@ <0x2df78800>)

2026-07-15T12:03:02Z [3,850ms] [Warning] [omni.usd] Warning: in _ReportErrors at line 3172 of /builds/omniverse/usd-ci/USD/pxr/usd/usd/stage.cpp -- In </partnet_8eee3b5fd2f3abd4bcde6f92ef1f7ee7/base/visuals>: Unresolved reference prim path @/home/ubuntu/workspace/physvla_sim/datasets/data_normalized/lamp_urdf/16047/configuration/fitr_info1_base.usd@</visuals/base> introduced by @/home/ubuntu/workspace/physvla_sim/datasets/data_normalized/lamp_urdf/16047/configuration/fitr_info1_base.usd@</partnet_8eee3b5fd2f3abd4bcde6f92ef1f7ee7/base/visuals> (recomposing stage on stage @/home/ubuntu/workspace/physvla_sim/datasets/data_normalized/lamp_urdf/16047/fitr_info1.usd@ <0x2df74660>)

2026-07-15T12:03:02Z [3,853ms] [Warning] [omni.usd] Warning: in _ReportErrors at line 3172 of /builds/omniverse/usd-ci/USD/pxr/usd/usd/stage.cpp -- In </partnet_8eee3b5fd2f3abd4bcde6f92ef1f7ee7/base/visuals>: Unresolved reference prim path @/home/ubuntu/workspace/physvla_sim/datasets/data_normalized/lamp_urdf/16047/configuration/fitr_info1_physics.usd@</visuals/base> introduced by @/home/ubuntu/workspace/physvla_sim/datasets/data_normalized/lamp_urdf/16047/configuration/fitr_info1_base.usd@</partnet_8eee3b5fd2f3abd4bcde6f92ef1f7ee7/base/visuals> (recomposing stage on stage @/home/ubuntu/workspace/physvla_sim/datasets/data_normalized/lamp_urdf/16047/fitr_info1.usd@ <0x2df78800>)

2026-07-15T12:03:02Z [3,854ms] [Warning] [omni.usd] Warning: in _ReportErrors at line 3172 of /builds/omniverse/usd-ci/USD/pxr/usd/usd/stage.cpp -- In </partnet_8eee3b5fd2f3abd4bcde6f92ef1f7ee7/base/visuals>: Unresolved reference prim path @/home/ubuntu/workspace/physvla_sim/datasets/data_normalized/lamp_urdf/16047/configuration/fitr_info1_physics.usd@</visuals/base> introduced by @/home/ubuntu/workspace/physvla_sim/datasets/data_normalized/lamp_urdf/16047/configuration/fitr_info1_base.usd@</partnet_8eee3b5fd2f3abd4bcde6f92ef1f7ee7/base/visuals> (recomposing stage on stage @/home/ubuntu/workspace/physvla_sim/datasets/data_normalized/lamp_urdf/16047/fitr_info1.usd@ <0x2df74660>)

2026-07-15T12:03:02Z [3,857ms] [Warning] [omni.usd] Warning: in _ReportErrors at line 3172 of /builds/omniverse/usd-ci/USD/pxr/usd/usd/stage.cpp -- In </partnet_8eee3b5fd2f3abd4bcde6f92ef1f7ee7/base/visuals>: Unresolved reference prim path @/home/ubuntu/workspace/physvla_sim/datasets/data_normalized/lamp_urdf/16047/configuration/fitr_info1_physics.usd@</visuals/base> introduced by @/home/ubuntu/workspace/physvla_sim/datasets/data_normalized/lamp_urdf/16047/configuration/fitr_info1_base.usd@</partnet_8eee3b5fd2f3abd4bcde6f92ef1f7ee7/base/visuals> (recomposing stage on stage @/home/ubuntu/workspace/physvla_sim/datasets/data_normalized/lamp_urdf/16047/fitr_info1.usd@ <0x2df78800>)

2026-07-15T12:03:02Z [3,858ms] [Warning] [omni.usd] Warning: in _ReportErrors at line 3172 of /builds/omniverse/usd-ci/USD/pxr/usd/usd/stage.cpp -- In </partnet_8eee3b5fd2f3abd4bcde6f92ef1f7ee7/base/visuals>: Unresolved reference prim path @/home/ubuntu/workspace/physvla_sim/datasets/data_normalized/lamp_urdf/16047/configuration/fitr_info1_physics.usd@</visuals/base> introduced by @/home/ubuntu/workspace/physvla_sim/datasets/data_normalized/lamp_urdf/16047/configuration/fitr_info1_base.usd@</partnet_8eee3b5fd2f3abd4bcde6f92ef1f7ee7/base/visuals> (recomposing stage on stage @/home/ubuntu/workspace/physvla_sim/datasets/data_normalized/lamp_urdf/16047/fitr_info1.usd@ <0x2df74660>)

2026-07-15T12:03:02Z [3,859ms] [Warning] [omni.usd] Warning: in _ReportErrors at line 3172 of /builds/omniverse/usd-ci/USD/pxr/usd/usd/stage.cpp -- In </partnet_8eee3b5fd2f3abd4bcde6f92ef1f7ee7/base/visuals>: Unresolved reference prim path @/home/ubuntu/workspace/physvla_sim/datasets/data_normalized/lamp_urdf/16047/configuration/fitr_info1_physics.usd@</visuals/base> introduced by @/home/ubuntu/workspace/physvla_sim/datasets/data_normalized/lamp_urdf/16047/configuration/fitr_info1_base.usd@</partnet_8eee3b5fd2f3abd4bcde6f92ef1f7ee7/base/visuals> (recomposing stage on stage @/home/ubuntu/workspace/physvla_sim/datasets/data_normalized/lamp_urdf/16047/fitr_info1.usd@ <0x2df78800>)

2026-07-15T12:03:02Z [3,861ms] [Warning] [omni.usd] Warning: in _ReportErrors at line 3172 of /builds/omniverse/usd-ci/USD/pxr/usd/usd/stage.cpp -- In </partnet_8eee3b5fd2f3abd4bcde6f92ef1f7ee7/base/visuals>: Unresolved reference prim path @/home/ubuntu/workspace/physvla_sim/datasets/data_normalized/lamp_urdf/16047/configuration/fitr_info1_physics.usd@</visuals/base> introduced by @/home/ubuntu/workspace/physvla_sim/datasets/data_normalized/lamp_urdf/16047/configuration/fitr_info1_base.usd@</partnet_8eee3b5fd2f3abd4bcde6f92ef1f7ee7/base/visuals> (recomposing stage on stage @/home/ubuntu/workspace/physvla_sim/datasets/data_normalized/lamp_urdf/16047/fitr_info1.usd@ <0x2df74660>)

2026-07-15T12:03:02Z [3,863ms] [Warning] [omni.usd] Warning: in _ReportErrors at line 3172 of /builds/omniverse/usd-ci/USD/pxr/usd/usd/stage.cpp -- In </partnet_8eee3b5fd2f3abd4bcde6f92ef1f7ee7/base/visuals>: Unresolved reference prim path @/home/ubuntu/workspace/physvla_sim/datasets/data_normalized/lamp_urdf/16047/configuration/fitr_info1_physics.usd@</visuals/base> introduced by @/home/ubuntu/workspace/physvla_sim/datasets/data_normalized/lamp_urdf/16047/configuration/fitr_info1_base.usd@</partnet_8eee3b5fd2f3abd4bcde6f92ef1f7ee7/base/visuals> (recomposing stage on stage @/home/ubuntu/workspace/physvla_sim/datasets/data_normalized/lamp_urdf/16047/fitr_info1.usd@ <0x2df78800>)

2026-07-15T12:03:02Z [3,864ms] [Warning] [omni.usd] Warning: in _ReportErrors at line 3172 of /builds/omniverse/usd-ci/USD/pxr/usd/usd/stage.cpp -- In </partnet_8eee3b5fd2f3abd4bcde6f92ef1f7ee7/base/visuals>: Unresolved reference prim path @/home/ubuntu/workspace/physvla_sim/datasets/data_normalized/lamp_urdf/16047/configuration/fitr_info1_physics.usd@</visuals/base> introduced by @/home/ubuntu/workspace/physvla_sim/datasets/data_normalized/lamp_urdf/16047/configuration/fitr_info1_base.usd@</partnet_8eee3b5fd2f3abd4bcde6f92ef1f7ee7/base/visuals> (recomposing stage on stage @/home/ubuntu/workspace/physvla_sim/datasets/data_normalized/lamp_urdf/16047/fitr_info1.usd@ <0x2df74660>)

2026-07-15T12:03:02Z [3,865ms] [Warning] [omni.usd] Warning: in _ReportErrors at line 3172 of /builds/omniverse/usd-ci/USD/pxr/usd/usd/stage.cpp -- In </partnet_8eee3b5fd2f3abd4bcde6f92ef1f7ee7/base/visuals>: Unresolved reference prim path @/home/ubuntu/workspace/physvla_sim/datasets/data_normalized/lamp_urdf/16047/configuration/fitr_info1_physics.usd@</visuals/base> introduced by @/home/ubuntu/workspace/physvla_sim/datasets/data_normalized/lamp_urdf/16047/configuration/fitr_info1_base.usd@</partnet_8eee3b5fd2f3abd4bcde6f92ef1f7ee7/base/visuals> (recomposing stage on stage @/home/ubuntu/workspace/physvla_sim/datasets/data_normalized/lamp_urdf/16047/fitr_info1.usd@ <0x2df78800>)

2026-07-15T12:03:02Z [3,867ms] [Warning] [omni.usd] Warning: in _ReportErrors at line 3172 of /builds/omniverse/usd-ci/USD/pxr/usd/usd/stage.cpp -- In </partnet_8eee3b5fd2f3abd4bcde6f92ef1f7ee7/base/visuals>: Unresolved reference prim path @/home/ubuntu/workspace/physvla_sim/datasets/data_normalized/lamp_urdf/16047/configuration/fitr_info1_physics.usd@</visuals/base> introduced by @/home/ubuntu/workspace/physvla_sim/datasets/data_normalized/lamp_urdf/16047/configuration/fitr_info1_base.usd@</partnet_8eee3b5fd2f3abd4bcde6f92ef1f7ee7/base/visuals> (recomposing stage on stage @/home/ubuntu/workspace/physvla_sim/datasets/data_normalized/lamp_urdf/16047/fitr_info1.usd@ <0x2df74660>)

2026-07-15T12:03:02Z [3,869ms] [Warning] [omni.usd] Warning: in _ReportErrors at line 3172 of /builds/omniverse/usd-ci/USD/pxr/usd/usd/stage.cpp -- In </partnet_8eee3b5fd2f3abd4bcde6f92ef1f7ee7/base/visuals>: Unresolved reference prim path @/home/ubuntu/workspace/physvla_sim/datasets/data_normalized/lamp_urdf/16047/configuration/fitr_info1_physics.usd@</visuals/base> introduced by @/home/ubuntu/workspace/physvla_sim/datasets/data_normalized/lamp_urdf/16047/configuration/fitr_info1_base.usd@</partnet_8eee3b5fd2f3abd4bcde6f92ef1f7ee7/base/visuals> (recomposing stage on stage @/home/ubuntu/workspace/physvla_sim/datasets/data_normalized/lamp_urdf/16047/fitr_info1.usd@ <0x2df78800>)

2026-07-15T12:03:02Z [3,871ms] [Warning] [omni.usd] Warning: in _ReportErrors at line 3172 of /builds/omniverse/usd-ci/USD/pxr/usd/usd/stage.cpp -- In </partnet_8eee3b5fd2f3abd4bcde6f92ef1f7ee7/base/visuals>: Unresolved reference prim path @/home/ubuntu/workspace/physvla_sim/datasets/data_normalized/lamp_urdf/16047/configuration/fitr_info1_physics.usd@</visuals/base> introduced by @/home/ubuntu/workspace/physvla_sim/datasets/data_normalized/lamp_urdf/16047/configuration/fitr_info1_base.usd@</partnet_8eee3b5fd2f3abd4bcde6f92ef1f7ee7/base/visuals> (recomposing stage on stage @/home/ubuntu/workspace/physvla_sim/datasets/data_normalized/lamp_urdf/16047/fitr_info1.usd@ <0x2df74660>)

2026-07-15T12:03:02Z [3,873ms] [Warning] [omni.usd] Warning: in _ReportErrors at line 3172 of /builds/omniverse/usd-ci/USD/pxr/usd/usd/stage.cpp -- In </partnet_8eee3b5fd2f3abd4bcde6f92ef1f7ee7/base/visuals>: Unresolved reference prim path @/home/ubuntu/workspace/physvla_sim/datasets/data_normalized/lamp_urdf/16047/configuration/fitr_info1_physics.usd@</visuals/base> introduced by @/home/ubuntu/workspace/physvla_sim/datasets/data_normalized/lamp_urdf/16047/configuration/fitr_info1_base.usd@</partnet_8eee3b5fd2f3abd4bcde6f92ef1f7ee7/base/visuals> (recomposing stage on stage @/home/ubuntu/workspace/physvla_sim/datasets/data_normalized/lamp_urdf/16047/fitr_info1.usd@ <0x2df78800>)

2026-07-15T12:03:02Z [3,876ms] [Warning] [omni.usd] Warning: in _ReportErrors at line 3172 of /builds/omniverse/usd-ci/USD/pxr/usd/usd/stage.cpp -- In </partnet_8eee3b5fd2f3abd4bcde6f92ef1f7ee7/base/visuals>: Unresolved reference prim path @/home/ubuntu/workspace/physvla_sim/datasets/data_normalized/lamp_urdf/16047/configuration/fitr_info1_physics.usd@</visuals/base> introduced by @/home/ubuntu/workspace/physvla_sim/datasets/data_normalized/lamp_urdf/16047/configuration/fitr_info1_base.usd@</partnet_8eee3b5fd2f3abd4bcde6f92ef1f7ee7/base/visuals> (recomposing stage on stage @/home/ubuntu/workspace/physvla_sim/datasets/data_normalized/lamp_urdf/16047/fitr_info1.usd@ <0x2df74660>)

Loading user config located at: '/home/ubuntu/isaacsim/kit/data/Kit/Isaac-Sim/5.1/user.config.json'
[Info] [carb] Logging to file: /home/ubuntu/isaacsim/kit/logs/Kit/Isaac-Sim/5.1/kit_20260715_200302.log
2026-07-15T12:03:02Z [0ms] [Warning] [carb.crashreporter-breakpad.plugin] [previous crash] preventing upload of minidump due to user opt-out: '/home/ubuntu/isaacsim/kit/data/Kit/Isaac-Sim/5.1/0d81a4fd-59cb-4157-42d97b80-310afb82.dmp'
2026-07-15T12:03:02Z [0ms] [Warning] [carb.crashreporter-breakpad.plugin] [previous crash] preventing upload of minidump due to user opt-out: '/home/ubuntu/isaacsim/kit/data/Kit/Isaac-Sim/5.1/7efeb785-3cdd-476a-8fc91ca3-38a85c81.dmp'
2026-07-15T12:03:02Z [0ms] [Warning] [carb.crashreporter-breakpad.plugin] [previous crash] preventing upload of minidump due to user opt-out: '/home/ubuntu/isaacsim/kit/data/Kit/Isaac-Sim/5.1/0ec06837-edee-4570-b459bb9b-e409ca73.dmp'
2026-07-15T12:03:02Z [0ms] [Warning] [carb.crashreporter-breakpad.plugin] [previous crash] preventing upload of minidump due to user opt-out: '/home/ubuntu/isaacsim/kit/data/Kit/Isaac-Sim/5.1/846da064-407f-481c-dab18ea9-9788aefc.dmp'
2026-07-15T12:03:02Z [0ms] [Warning] [carb.crashreporter-breakpad.plugin] [previous crash] preventing upload of minidump due to user opt-out: '/home/ubuntu/isaacsim/kit/data/Kit/Isaac-Sim/5.1/7674058d-a5ef-457b-61399da4-1924f871.dmp'
2026-07-15T12:03:02Z [1ms] [Warning] [carb.crashreporter-breakpad.plugin] [previous crash] preventing upload of minidump due to user opt-out: '/home/ubuntu/isaacsim/kit/data/Kit/Isaac-Sim/5.1/0dbca6de-81d5-44e8-85c7eba5-c7ac64b6.dmp'
2026-07-15T12:03:02Z [1ms] [Warning] [carb.crashreporter-breakpad.plugin] [previous crash] preventing upload of minidump due to user opt-out: '/home/ubuntu/isaacsim/kit/data/Kit/Isaac-Sim/5.1/96b6ea33-a47b-4c84-2d7408a6-bc8b64a8.dmp'
2026-07-15T12:03:02Z [184ms] [Warning] [omni.usd_config.extension] Enable omni.materialx.libs extension to use MaterialX
2026-07-15T12:03:02Z [188ms] [Warning] [omni.platforminfo.plugin] failed to open the default display.  Can't verify X Server version.
2026-07-15T12:03:03Z [472ms] [Warning] [carb] Acquiring non optional plugin interface which is not listed as dependency: [omni::physx::IPhysxBenchmarks v1.0] (plugin: <default plugin>), by client: omni.physics.physx.plugin. Add it to CARB_PLUGIN_IMPL_DEPS() macro of a client.
2026-07-15T12:03:03Z [604ms] [Warning] [omni.isaac.dynamic_control] omni.isaac.dynamic_control is deprecated as of Isaac Sim 4.5. No action is needed from end-users.

|---------------------------------------------------------------------------------------------|
| Driver Version: 580.142       | Graphics API: Vulkan
|=============================================================================================|
| GPU | Name                             | Active | LDA | GPU Memory | Vendor-ID | LUID       |
|     |                                  |        |     |            | Device-ID | UUID       |
|     |                                  |        |     |            | Bus-ID    |            |
|---------------------------------------------------------------------------------------------|
| 0   | NVIDIA GeForce RTX 5090 D v2     | Yes: 0 |     | 24701   MB | 10de      | 0          |
|     |                                  |        |     |            | 2b8c      | 5f3d0dc0.. |
|     |                                  |        |     |            | 1         |            |
|=============================================================================================|
| OS: 24.04.3 LTS (Noble Numbat) ubuntu, Version: 24.04.3, Kernel: 6.17.0-1017-oem
| Processor: Intel(R) Core(TM) i9-14900K
| Cores: 24 | Logical Cores: 32
|---------------------------------------------------------------------------------------------|
| Total Memory (MB): 64063 | Free Memory: 53876
| Total Page/Swap (MB): 8191 | Free Page/Swap: 8191
|---------------------------------------------------------------------------------------------|
2026-07-15T12:03:05Z [2,622ms] [Warning] [gpu.foundation.plugin] CPU performance profile is set to powersave. This profile sets the CPU to the lowest frequency reducing performance.
[INFO][AppLauncher]: Using device: cuda:0
[INFO][AppLauncher]: Loading experience file: /home/ubuntu/workspace/IsaacLab/apps/isaaclab.python.headless.kit
{
  "output": "/home/ubuntu/workspace/physvla_sim/datasets/data_normalized/lamp_urdf/16047/fitr_info1.usd",
  "scale": 0.3452063873921422,
  "scale_layer": "/home/ubuntu/workspace/physvla_sim/datasets/data_normalized/lamp_urdf/16047/configuration/fitr_info1_base.usd",
  "joints": [
    {
      "joint": "/partnet_8eee3b5fd2f3abd4bcde6f92ef1f7ee7/joints/joint_0",
      "drive": "angular",
      "damping": 150.0,
      "stiffness": 0.0,
      "max_force": 2.0
    },
    {
      "joint": "/partnet_8eee3b5fd2f3abd4bcde6f92ef1f7ee7/joints/joint_1",
      "drive": "linear",
      "damping": 60.0,
      "stiffness": 0.0,
      "max_force": 1.2000000476837158
    },
    {
      "joint": "/partnet_8eee3b5fd2f3abd4bcde6f92ef1f7ee7/joints/joint_3",
      "drive": "angular",
      "damping": 180.0,
      "stiffness": 0.0,
      "max_force": 2.5
    }
  ],
  "dynamics_layer": "/home/ubuntu/workspace/physvla_sim/datasets/data_normalized/lamp_urdf/16047/configuration/fitr_info1_physics.usd",
  "affordance_links": [
    "/partnet_8eee3b5fd2f3abd4bcde6f92ef1f7ee7/link_0",
    "/partnet_8eee3b5fd2f3abd4bcde6f92ef1f7ee7/link_1",
    "/partnet_8eee3b5fd2f3abd4bcde6f92ef1f7ee7/link_3"
  ]
}
2026-07-15T12:03:05Z [2,630ms] [Warning] [gpu.foundation.plugin] IOMMU is enabled.
2026-07-15T12:03:05Z [2,777ms] [Warning] [omni.usd] Warning: in _ReportErrors at line 3172 of /builds/omniverse/usd-ci/USD/pxr/usd/usd/stage.cpp -- In </partnet_8eee3b5fd2f3abd4bcde6f92ef1f7ee7/base/visuals>: Unresolved reference prim path @/home/ubuntu/workspace/physvla_sim/datasets/data_normalized/lamp_urdf/16047/configuration/fitr_info1_base.usd@</visuals/base> introduced by @/home/ubuntu/workspace/physvla_sim/datasets/data_normalized/lamp_urdf/16047/configuration/fitr_info1_base.usd@</partnet_8eee3b5fd2f3abd4bcde6f92ef1f7ee7/base/visuals> (instantiating stage on stage @/home/ubuntu/workspace/physvla_sim/datasets/data_normalized/lamp_urdf/16047/configuration/fitr_info1_base.usd@ <0x2f748780>)

2026-07-15T12:03:05Z [2,784ms] [Warning] [omni.usd] Warning: in _ReportErrors at line 3172 of /builds/omniverse/usd-ci/USD/pxr/usd/usd/stage.cpp -- In </partnet_8eee3b5fd2f3abd4bcde6f92ef1f7ee7/base/visuals>: Unresolved reference prim path @/home/ubuntu/workspace/physvla_sim/datasets/data_normalized/lamp_urdf/16047/configuration/fitr_info1_physics.usd@</visuals/base> introduced by @/home/ubuntu/workspace/physvla_sim/datasets/data_normalized/lamp_urdf/16047/configuration/fitr_info1_base.usd@</partnet_8eee3b5fd2f3abd4bcde6f92ef1f7ee7/base/visuals> (instantiating stage on stage @/home/ubuntu/workspace/physvla_sim/datasets/data_normalized/lamp_urdf/16047/configuration/fitr_info1_physics.usd@ <0x2d8aa9f0>)

2026-07-15T12:03:05Z [2,786ms] [Warning] [omni.usd] Warning: in _ReportErrors at line 3172 of /builds/omniverse/usd-ci/USD/pxr/usd/usd/stage.cpp -- In </partnet_8eee3b5fd2f3abd4bcde6f92ef1f7ee7/base/visuals>: Unresolved reference prim path @/home/ubuntu/workspace/physvla_sim/datasets/data_normalized/lamp_urdf/16047/configuration/fitr_info1_physics.usd@</visuals/base> introduced by @/home/ubuntu/workspace/physvla_sim/datasets/data_normalized/lamp_urdf/16047/configuration/fitr_info1_base.usd@</partnet_8eee3b5fd2f3abd4bcde6f92ef1f7ee7/base/visuals> (instantiating stage on stage @/home/ubuntu/workspace/physvla_sim/datasets/data_normalized/lamp_urdf/16047/fitr_info1.usd@ <0x2f720d20>)

[OK] lamp_urdf/16047
[RUN] table_urdf/21467
Loading user config located at: '/home/ubuntu/isaacsim/kit/data/Kit/Isaac-Sim/5.1/user.config.json'
[Info] [carb] Logging to file: /home/ubuntu/isaacsim/kit/logs/Kit/Isaac-Sim/5.1/kit_20260715_200305.log
2026-07-15T12:03:05Z [0ms] [Warning] [carb.crashreporter-breakpad.plugin] [previous crash] preventing upload of minidump due to user opt-out: '/home/ubuntu/isaacsim/kit/data/Kit/Isaac-Sim/5.1/0d81a4fd-59cb-4157-42d97b80-310afb82.dmp'
2026-07-15T12:03:05Z [0ms] [Warning] [carb.crashreporter-breakpad.plugin] [previous crash] preventing upload of minidump due to user opt-out: '/home/ubuntu/isaacsim/kit/data/Kit/Isaac-Sim/5.1/7efeb785-3cdd-476a-8fc91ca3-38a85c81.dmp'
2026-07-15T12:03:05Z [0ms] [Warning] [carb.crashreporter-breakpad.plugin] [previous crash] preventing upload of minidump due to user opt-out: '/home/ubuntu/isaacsim/kit/data/Kit/Isaac-Sim/5.1/0ec06837-edee-4570-b459bb9b-e409ca73.dmp'
2026-07-15T12:03:05Z [0ms] [Warning] [carb.crashreporter-breakpad.plugin] [previous crash] preventing upload of minidump due to user opt-out: '/home/ubuntu/isaacsim/kit/data/Kit/Isaac-Sim/5.1/846da064-407f-481c-dab18ea9-9788aefc.dmp'
2026-07-15T12:03:05Z [1ms] [Warning] [carb.crashreporter-breakpad.plugin] [previous crash] preventing upload of minidump due to user opt-out: '/home/ubuntu/isaacsim/kit/data/Kit/Isaac-Sim/5.1/7674058d-a5ef-457b-61399da4-1924f871.dmp'
2026-07-15T12:03:05Z [1ms] [Warning] [carb.crashreporter-breakpad.plugin] [previous crash] preventing upload of minidump due to user opt-out: '/home/ubuntu/isaacsim/kit/data/Kit/Isaac-Sim/5.1/0dbca6de-81d5-44e8-85c7eba5-c7ac64b6.dmp'
2026-07-15T12:03:05Z [1ms] [Warning] [carb.crashreporter-breakpad.plugin] [previous crash] preventing upload of minidump due to user opt-out: '/home/ubuntu/isaacsim/kit/data/Kit/Isaac-Sim/5.1/96b6ea33-a47b-4c84-2d7408a6-bc8b64a8.dmp'
2026-07-15T12:03:06Z [180ms] [Warning] [omni.platforminfo.plugin] failed to open the default display.  Can't verify X Server version.
2026-07-15T12:03:06Z [182ms] [Warning] [omni.usd_config.extension] Enable omni.materialx.libs extension to use MaterialX
2026-07-15T12:03:06Z [461ms] [Warning] [carb] Acquiring non optional plugin interface which is not listed as dependency: [omni::physx::IPhysxBenchmarks v1.0] (plugin: <default plugin>), by client: omni.physics.physx.plugin. Add it to CARB_PLUGIN_IMPL_DEPS() macro of a client.
2026-07-15T12:03:06Z [594ms] [Warning] [omni.isaac.dynamic_control] omni.isaac.dynamic_control is deprecated as of Isaac Sim 4.5. No action is needed from end-users.

|---------------------------------------------------------------------------------------------|
| Driver Version: 580.142       | Graphics API: Vulkan
|=============================================================================================|
| GPU | Name                             | Active | LDA | GPU Memory | Vendor-ID | LUID       |
|     |                                  |        |     |            | Device-ID | UUID       |
|     |                                  |        |     |            | Bus-ID    |            |
|---------------------------------------------------------------------------------------------|
| 0   | NVIDIA GeForce RTX 5090 D v2     | Yes: 0 |     | 24701   MB | 10de      | 0          |
|     |                                  |        |     |            | 2b8c      | 5f3d0dc0.. |
|     |                                  |        |     |            | 1         |            |
|=============================================================================================|
| OS: 24.04.3 LTS (Noble Numbat) ubuntu, Version: 24.04.3, Kernel: 6.17.0-1017-oem
| Processor: Intel(R) Core(TM) i9-14900K
| Cores: 24 | Logical Cores: 32
|---------------------------------------------------------------------------------------------|
| Total Memory (MB): 64063 | Free Memory: 53879
| Total Page/Swap (MB): 8191 | Free Page/Swap: 8191
|---------------------------------------------------------------------------------------------|
2026-07-15T12:03:08Z [2,586ms] [Warning] [gpu.foundation.plugin] CPU performance profile is set to powersave. This profile sets the CPU to the lowest frequency reducing performance.
2026-07-15T12:03:08Z [2,594ms] [Warning] [gpu.foundation.plugin] IOMMU is enabled.
2026-07-15T12:03:08Z [2,722ms] [Warning] [carb.windowing-glfw.plugin] GLFW initialization failed.
2026-07-15T12:03:08Z [2,722ms] [Warning] [carb] Failed to startup plugin carb.windowing-glfw.plugin (interfaces: [carb::windowing::IGLContext v1.0],[carb::windowing::IWindowing v1.5]) (impl: carb.windowing-glfw.plugin)

|---------------------------------------------------------------------------------------------|
| Driver Version: 580.142       | Graphics API: Vulkan
|=============================================================================================|
| GPU | Name                             | Active | LDA | GPU Memory | Vendor-ID | LUID       |
|     |                                  |        |     |            | Device-ID | UUID       |
|     |                                  |        |     |            | Bus-ID    |            |
|---------------------------------------------------------------------------------------------|
| 0   | NVIDIA GeForce RTX 5090 D v2     | Yes: 0 |     | 24701   MB | 10de      | 0          |
|     |                                  |        |     |            | 2b8c      | 5f3d0dc0.. |
|     |                                  |        |     |            | 1         |            |
|=============================================================================================|
| OS: 24.04.3 LTS (Noble Numbat) ubuntu, Version: 24.04.3, Kernel: 6.17.0-1017-oem
| Processor: Intel(R) Core(TM) i9-14900K
| Cores: 24 | Logical Cores: 32
|---------------------------------------------------------------------------------------------|
| Total Memory (MB): 64063 | Free Memory: 53650
| Total Page/Swap (MB): 8191 | Free Page/Swap: 8191
|---------------------------------------------------------------------------------------------|
2026-07-15T12:03:08Z [2,957ms] [Warning] [gpu.foundation.plugin] CPU performance profile is set to powersave. This profile sets the CPU to the lowest frequency reducing performance.
2026-07-15T12:03:08Z [2,958ms] [Warning] [gpu.foundation.plugin] IOMMU is enabled.
2026-07-15T12:03:09Z [3,177ms] [Warning] [carb.windowing-glfw.plugin] GLFW initialization failed.
2026-07-15T12:03:09Z [3,177ms] [Warning] [carb] Failed to startup plugin carb.windowing-glfw.plugin (interfaces: [carb::windowing::IGLContext v1.0],[carb::windowing::IWindowing v1.5]) (impl: carb.windowing-glfw.plugin)
2026-07-15T12:03:09Z [3,189ms] [Warning] [carb.windowing-glfw.plugin] GLFW initialization failed.
2026-07-15T12:03:09Z [3,189ms] [Warning] [carb] Failed to startup plugin carb.windowing-glfw.plugin (interfaces: [carb::windowing::IGLContext v1.0],[carb::windowing::IWindowing v1.5]) (impl: carb.windowing-glfw.plugin)
2026-07-15T12:03:09Z [3,194ms] [Warning] [carb.windowing-glfw.plugin] GLFW initialization failed.
2026-07-15T12:03:09Z [3,194ms] [Warning] [carb] Failed to startup plugin carb.windowing-glfw.plugin (interfaces: [carb::windowing::IGLContext v1.0],[carb::windowing::IWindowing v1.5]) (impl: carb.windowing-glfw.plugin)
2026-07-15T12:03:09Z [3,198ms] [Warning] [carb.windowing-glfw.plugin] GLFW initialization failed.
2026-07-15T12:03:09Z [3,198ms] [Warning] [carb] Failed to startup plugin carb.windowing-glfw.plugin (interfaces: [carb::windowing::IGLContext v1.0],[carb::windowing::IWindowing v1.5]) (impl: carb.windowing-glfw.plugin)
2026-07-15T12:03:09Z [3,199ms] [Warning] [carb.windowing-glfw.plugin] GLFW initialization failed.
2026-07-15T12:03:09Z [3,199ms] [Warning] [carb] Failed to startup plugin carb.windowing-glfw.plugin (interfaces: [carb::windowing::IGLContext v1.0],[carb::windowing::IWindowing v1.5]) (impl: carb.windowing-glfw.plugin)
2026-07-15T12:03:09Z [3,200ms] [Warning] [carb.windowing-glfw.plugin] GLFW initialization failed.
2026-07-15T12:03:09Z [3,200ms] [Warning] [carb] Failed to startup plugin carb.windowing-glfw.plugin (interfaces: [carb::windowing::IGLContext v1.0],[carb::windowing::IWindowing v1.5]) (impl: carb.windowing-glfw.plugin)
2026-07-15T12:03:09Z [3,470ms] [Warning] [omni.graph.visualization.nodes._impl.extension] No Viewport Window to add omni.graph.visualization.nodes-2.1.3 scene to
2026-07-15T12:03:09Z [3,553ms] [Warning] [isaacsim.asset.importer.urdf] The path handle-45 is not a valid usd path, modifying to handle_45
2026-07-15T12:03:09Z [3,553ms] [Warning] [isaacsim.asset.importer.urdf] The path handle-45 is not a valid usd path, modifying to handle_45
2026-07-15T12:03:09Z [3,553ms] [Warning] [isaacsim.asset.importer.urdf] The path board-24 is not a valid usd path, modifying to board_24
2026-07-15T12:03:09Z [3,553ms] [Warning] [isaacsim.asset.importer.urdf] The path board-24 is not a valid usd path, modifying to board_24
2026-07-15T12:03:09Z [3,553ms] [Warning] [isaacsim.asset.importer.urdf] The path board-24 is not a valid usd path, modifying to board_24
2026-07-15T12:03:09Z [3,553ms] [Warning] [isaacsim.asset.importer.urdf] The path board-24 is not a valid usd path, modifying to board_24
2026-07-15T12:03:09Z [3,553ms] [Warning] [isaacsim.asset.importer.urdf] The path board-24 is not a valid usd path, modifying to board_24
2026-07-15T12:03:09Z [3,553ms] [Warning] [isaacsim.asset.importer.urdf] The path leg-32 is not a valid usd path, modifying to leg_32
2026-07-15T12:03:09Z [3,553ms] [Warning] [isaacsim.asset.importer.urdf] The path leg-33 is not a valid usd path, modifying to leg_33
2026-07-15T12:03:09Z [3,553ms] [Warning] [isaacsim.asset.importer.urdf] The path leg-34 is not a valid usd path, modifying to leg_34
2026-07-15T12:03:09Z [3,553ms] [Warning] [isaacsim.asset.importer.urdf] The path leg-35 is not a valid usd path, modifying to leg_35
2026-07-15T12:03:09Z [3,553ms] [Warning] [isaacsim.asset.importer.urdf] The path vertical_side_panel-38 is not a valid usd path, modifying to vertical_side_panel_38
2026-07-15T12:03:09Z [3,553ms] [Warning] [isaacsim.asset.importer.urdf] The path vertical_side_panel-39 is not a valid usd path, modifying to vertical_side_panel_39
2026-07-15T12:03:09Z [3,553ms] [Warning] [isaacsim.asset.importer.urdf] The path bar_stretcher-41 is not a valid usd path, modifying to bar_stretcher_41
2026-07-15T12:03:09Z [3,553ms] [Warning] [isaacsim.asset.importer.urdf] The path bar_stretcher-42 is not a valid usd path, modifying to bar_stretcher_42
2026-07-15T12:03:09Z [3,553ms] [Warning] [isaacsim.asset.importer.urdf] The path bar_stretcher-43 is not a valid usd path, modifying to bar_stretcher_43
2026-07-15T12:03:09Z [3,553ms] [Warning] [isaacsim.asset.importer.urdf] The path back_panel-53 is not a valid usd path, modifying to back_panel_53
2026-07-15T12:03:09Z [3,553ms] [Warning] [isaacsim.asset.importer.urdf] The path bar_stretcher-57 is not a valid usd path, modifying to bar_stretcher_57
2026-07-15T12:03:09Z [3,553ms] [Warning] [isaacsim.asset.importer.urdf] The path drawer_rails-55 is not a valid usd path, modifying to drawer_rails_55
2026-07-15T12:03:09Z [3,553ms] [Warning] [isaacsim.asset.importer.urdf] The path drawer_rails-55 is not a valid usd path, modifying to drawer_rails_55
2026-07-15T12:03:09Z [3,553ms] [Warning] [isaacsim.asset.importer.urdf] The path drawer_rails-56 is not a valid usd path, modifying to drawer_rails_56
2026-07-15T12:03:09Z [3,553ms] [Warning] [isaacsim.asset.importer.urdf] The path drawer_rails-56 is not a valid usd path, modifying to drawer_rails_56
2026-07-15T12:03:09Z [3,553ms] [Warning] [isaacsim.asset.importer.urdf] The path drawer_front-46 is not a valid usd path, modifying to drawer_front_46
2026-07-15T12:03:09Z [3,553ms] [Warning] [isaacsim.asset.importer.urdf] The path drawer_side-47 is not a valid usd path, modifying to drawer_side_47
2026-07-15T12:03:09Z [3,553ms] [Warning] [isaacsim.asset.importer.urdf] The path drawer_side-48 is not a valid usd path, modifying to drawer_side_48
2026-07-15T12:03:09Z [3,553ms] [Warning] [isaacsim.asset.importer.urdf] The path drawer_back-49 is not a valid usd path, modifying to drawer_back_49
2026-07-15T12:03:09Z [3,553ms] [Warning] [isaacsim.asset.importer.urdf] The path drawer_bottom-50 is not a valid usd path, modifying to drawer_bottom_50
2026-07-15T12:03:09Z [3,566ms] [Warning] [isaacsim.asset.importer.urdf] No mass specified for link base
2026-07-15T12:03:09Z [3,566ms] [Warning] [omni.usd] Warning: in _ReportErrors at line 3172 of /builds/omniverse/usd-ci/USD/pxr/usd/usd/stage.cpp -- In </partnet_37c932b30ce507c6510e28eb1584c355/base/visuals>: Unresolved reference prim path @/home/ubuntu/workspace/physvla_sim/datasets/data_normalized/table_urdf/21467/configuration/fitr_info1_physics.usd@</visuals/base> introduced by @/home/ubuntu/workspace/physvla_sim/datasets/data_normalized/table_urdf/21467/configuration/fitr_info1_base.usd@</partnet_37c932b30ce507c6510e28eb1584c355/base/visuals> (recomposing stage on stage @/home/ubuntu/workspace/physvla_sim/datasets/data_normalized/table_urdf/21467/configuration/fitr_info1_physics.usd@ <0x7622b434eae0>)

2026-07-15T12:03:09Z [3,566ms] [Warning] [omni.usd] Warning: in _ReportErrors at line 3172 of /builds/omniverse/usd-ci/USD/pxr/usd/usd/stage.cpp -- In </partnet_37c932b30ce507c6510e28eb1584c355/base/visuals>: Unresolved reference prim path @/home/ubuntu/workspace/physvla_sim/datasets/data_normalized/table_urdf/21467/fitr_info1.usd@</visuals/base> introduced by @/home/ubuntu/workspace/physvla_sim/datasets/data_normalized/table_urdf/21467/configuration/fitr_info1_base.usd@</partnet_37c932b30ce507c6510e28eb1584c355/base/visuals> (recomposing stage on stage @/home/ubuntu/workspace/physvla_sim/datasets/data_normalized/table_urdf/21467/fitr_info1.usd@ <0x7622b433b630>)

2026-07-15T12:03:09Z [3,566ms] [Warning] [omni.usd] Warning: in _ReportErrors at line 3172 of /builds/omniverse/usd-ci/USD/pxr/usd/usd/stage.cpp -- In </partnet_37c932b30ce507c6510e28eb1584c355/base/visuals>: Unresolved reference prim path @/home/ubuntu/workspace/physvla_sim/datasets/data_normalized/table_urdf/21467/fitr_info1.usd@</visuals/base> introduced by @/home/ubuntu/workspace/physvla_sim/datasets/data_normalized/table_urdf/21467/configuration/fitr_info1_base.usd@</partnet_37c932b30ce507c6510e28eb1584c355/base/visuals> (recomposing stage on stage @/home/ubuntu/workspace/physvla_sim/datasets/data_normalized/table_urdf/21467/fitr_info1.usd@ <0x7622b4336da0>)

2026-07-15T12:03:09Z [3,566ms] [Warning] [omni.usd] Warning: in _ReportErrors at line 3172 of /builds/omniverse/usd-ci/USD/pxr/usd/usd/stage.cpp -- In </partnet_37c932b30ce507c6510e28eb1584c355/base/visuals>: Unresolved reference prim path @/home/ubuntu/workspace/physvla_sim/datasets/data_normalized/table_urdf/21467/configuration/fitr_info1_base.usd@</visuals/base> introduced by @/home/ubuntu/workspace/physvla_sim/datasets/data_normalized/table_urdf/21467/configuration/fitr_info1_base.usd@</partnet_37c932b30ce507c6510e28eb1584c355/base/visuals> (recomposing stage on stage @/home/ubuntu/workspace/physvla_sim/datasets/data_normalized/table_urdf/21467/configuration/fitr_info1_base.usd@ <0x7622b4357dc0>)

2026-07-15T12:03:09Z [3,566ms] [Warning] [omni.usd] Warning: in _ReportErrors at line 3172 of /builds/omniverse/usd-ci/USD/pxr/usd/usd/stage.cpp -- In </partnet_37c932b30ce507c6510e28eb1584c355/base/visuals>: Unresolved reference prim path @/home/ubuntu/workspace/physvla_sim/datasets/data_normalized/table_urdf/21467/configuration/fitr_info1_physics.usd@</visuals/base> introduced by @/home/ubuntu/workspace/physvla_sim/datasets/data_normalized/table_urdf/21467/configuration/fitr_info1_base.usd@</partnet_37c932b30ce507c6510e28eb1584c355/base/visuals> (recomposing stage on stage @/home/ubuntu/workspace/physvla_sim/datasets/data_normalized/table_urdf/21467/configuration/fitr_info1_physics.usd@ <0x7622b434eae0>)

2026-07-15T12:03:09Z [3,566ms] [Warning] [omni.usd] Warning: in _ReportErrors at line 3172 of /builds/omniverse/usd-ci/USD/pxr/usd/usd/stage.cpp -- In </partnet_37c932b30ce507c6510e28eb1584c355/base/visuals>: Unresolved reference prim path @/home/ubuntu/workspace/physvla_sim/datasets/data_normalized/table_urdf/21467/fitr_info1.usd@</visuals/base> introduced by @/home/ubuntu/workspace/physvla_sim/datasets/data_normalized/table_urdf/21467/configuration/fitr_info1_base.usd@</partnet_37c932b30ce507c6510e28eb1584c355/base/visuals> (recomposing stage on stage @/home/ubuntu/workspace/physvla_sim/datasets/data_normalized/table_urdf/21467/fitr_info1.usd@ <0x7622b433b630>)

2026-07-15T12:03:09Z [3,566ms] [Warning] [omni.usd] Warning: in _ReportErrors at line 3172 of /builds/omniverse/usd-ci/USD/pxr/usd/usd/stage.cpp -- In </partnet_37c932b30ce507c6510e28eb1584c355/base/visuals>: Unresolved reference prim path @/home/ubuntu/workspace/physvla_sim/datasets/data_normalized/table_urdf/21467/fitr_info1.usd@</visuals/base> introduced by @/home/ubuntu/workspace/physvla_sim/datasets/data_normalized/table_urdf/21467/configuration/fitr_info1_base.usd@</partnet_37c932b30ce507c6510e28eb1584c355/base/visuals> (recomposing stage on stage @/home/ubuntu/workspace/physvla_sim/datasets/data_normalized/table_urdf/21467/fitr_info1.usd@ <0x7622b4336da0>)

2026-07-15T12:03:09Z [3,567ms] [Warning] [omni.usd] Warning: in _ReportErrors at line 3172 of /builds/omniverse/usd-ci/USD/pxr/usd/usd/stage.cpp -- In </partnet_37c932b30ce507c6510e28eb1584c355/base/visuals>: Unresolved reference prim path @/home/ubuntu/workspace/physvla_sim/datasets/data_normalized/table_urdf/21467/configuration/fitr_info1_base.usd@</visuals/base> introduced by @/home/ubuntu/workspace/physvla_sim/datasets/data_normalized/table_urdf/21467/configuration/fitr_info1_base.usd@</partnet_37c932b30ce507c6510e28eb1584c355/base/visuals> (recomposing stage on stage @/home/ubuntu/workspace/physvla_sim/datasets/data_normalized/table_urdf/21467/configuration/fitr_info1_base.usd@ <0x7622b4357dc0>)

2026-07-15T12:03:09Z [3,567ms] [Warning] [isaacsim.asset.importer.urdf] Link base has no colliders, and no inertia was imported; assigning a small isotropic inertia matrix
2026-07-15T12:03:09Z [3,568ms] [Warning] [isaacsim.asset.importer.urdf] No mass specified for link link_1
2026-07-15T12:03:09Z [3,785ms] [Warning] [isaacsim.asset.importer.urdf] No mass specified for link link_2
2026-07-15T12:03:09Z [3,852ms] [Warning] [isaacsim.asset.importer.urdf] No mass specified for link link_0
2026-07-15T12:03:09Z [3,889ms] [Warning] [omni.usd] Warning: in _ReportErrors at line 3172 of /builds/omniverse/usd-ci/USD/pxr/usd/usd/stage.cpp -- In </partnet_37c932b30ce507c6510e28eb1584c355/base/visuals>: Unresolved reference prim path @/home/ubuntu/workspace/physvla_sim/datasets/data_normalized/table_urdf/21467/configuration/fitr_info1_base.usd@</visuals/base> introduced by @/home/ubuntu/workspace/physvla_sim/datasets/data_normalized/table_urdf/21467/configuration/fitr_info1_base.usd@</partnet_37c932b30ce507c6510e28eb1584c355/base/visuals> (recomposing stage on stage @/home/ubuntu/workspace/physvla_sim/datasets/data_normalized/table_urdf/21467/fitr_info1.usd@ <0x7622b433b630>)

2026-07-15T12:03:09Z [3,889ms] [Warning] [omni.usd] Warning: in _ReportErrors at line 3172 of /builds/omniverse/usd-ci/USD/pxr/usd/usd/stage.cpp -- In </partnet_37c932b30ce507c6510e28eb1584c355/base/visuals>: Unresolved reference prim path @/home/ubuntu/workspace/physvla_sim/datasets/data_normalized/table_urdf/21467/configuration/fitr_info1_base.usd@</visuals/base> introduced by @/home/ubuntu/workspace/physvla_sim/datasets/data_normalized/table_urdf/21467/configuration/fitr_info1_base.usd@</partnet_37c932b30ce507c6510e28eb1584c355/base/visuals> (recomposing stage on stage @/home/ubuntu/workspace/physvla_sim/datasets/data_normalized/table_urdf/21467/fitr_info1.usd@ <0x7622b4336da0>)

2026-07-15T12:03:09Z [3,891ms] [Warning] [omni.usd] Warning: in _ReportErrors at line 3172 of /builds/omniverse/usd-ci/USD/pxr/usd/usd/stage.cpp -- In </partnet_37c932b30ce507c6510e28eb1584c355/base/visuals>: Unresolved reference prim path @/home/ubuntu/workspace/physvla_sim/datasets/data_normalized/table_urdf/21467/configuration/fitr_info1_physics.usd@</visuals/base> introduced by @/home/ubuntu/workspace/physvla_sim/datasets/data_normalized/table_urdf/21467/configuration/fitr_info1_base.usd@</partnet_37c932b30ce507c6510e28eb1584c355/base/visuals> (recomposing stage on stage @/home/ubuntu/workspace/physvla_sim/datasets/data_normalized/table_urdf/21467/fitr_info1.usd@ <0x7622b433b630>)

2026-07-15T12:03:09Z [3,892ms] [Warning] [omni.usd] Warning: in _ReportErrors at line 3172 of /builds/omniverse/usd-ci/USD/pxr/usd/usd/stage.cpp -- In </partnet_37c932b30ce507c6510e28eb1584c355/base/visuals>: Unresolved reference prim path @/home/ubuntu/workspace/physvla_sim/datasets/data_normalized/table_urdf/21467/configuration/fitr_info1_physics.usd@</visuals/base> introduced by @/home/ubuntu/workspace/physvla_sim/datasets/data_normalized/table_urdf/21467/configuration/fitr_info1_base.usd@</partnet_37c932b30ce507c6510e28eb1584c355/base/visuals> (recomposing stage on stage @/home/ubuntu/workspace/physvla_sim/datasets/data_normalized/table_urdf/21467/fitr_info1.usd@ <0x7622b4336da0>)

2026-07-15T12:03:09Z [3,893ms] [Warning] [omni.usd] Warning: in _ReportErrors at line 3172 of /builds/omniverse/usd-ci/USD/pxr/usd/usd/stage.cpp -- In </partnet_37c932b30ce507c6510e28eb1584c355/base/visuals>: Unresolved reference prim path @/home/ubuntu/workspace/physvla_sim/datasets/data_normalized/table_urdf/21467/configuration/fitr_info1_physics.usd@</visuals/base> introduced by @/home/ubuntu/workspace/physvla_sim/datasets/data_normalized/table_urdf/21467/configuration/fitr_info1_base.usd@</partnet_37c932b30ce507c6510e28eb1584c355/base/visuals> (recomposing stage on stage @/home/ubuntu/workspace/physvla_sim/datasets/data_normalized/table_urdf/21467/fitr_info1.usd@ <0x7622b433b630>)

2026-07-15T12:03:09Z [3,894ms] [Warning] [omni.usd] Warning: in _ReportErrors at line 3172 of /builds/omniverse/usd-ci/USD/pxr/usd/usd/stage.cpp -- In </partnet_37c932b30ce507c6510e28eb1584c355/base/visuals>: Unresolved reference prim path @/home/ubuntu/workspace/physvla_sim/datasets/data_normalized/table_urdf/21467/configuration/fitr_info1_physics.usd@</visuals/base> introduced by @/home/ubuntu/workspace/physvla_sim/datasets/data_normalized/table_urdf/21467/configuration/fitr_info1_base.usd@</partnet_37c932b30ce507c6510e28eb1584c355/base/visuals> (recomposing stage on stage @/home/ubuntu/workspace/physvla_sim/datasets/data_normalized/table_urdf/21467/fitr_info1.usd@ <0x7622b4336da0>)

2026-07-15T12:03:09Z [3,895ms] [Warning] [omni.usd] Warning: in _ReportErrors at line 3172 of /builds/omniverse/usd-ci/USD/pxr/usd/usd/stage.cpp -- In </partnet_37c932b30ce507c6510e28eb1584c355/base/visuals>: Unresolved reference prim path @/home/ubuntu/workspace/physvla_sim/datasets/data_normalized/table_urdf/21467/configuration/fitr_info1_physics.usd@</visuals/base> introduced by @/home/ubuntu/workspace/physvla_sim/datasets/data_normalized/table_urdf/21467/configuration/fitr_info1_base.usd@</partnet_37c932b30ce507c6510e28eb1584c355/base/visuals> (recomposing stage on stage @/home/ubuntu/workspace/physvla_sim/datasets/data_normalized/table_urdf/21467/fitr_info1.usd@ <0x7622b433b630>)

2026-07-15T12:03:09Z [3,896ms] [Warning] [omni.usd] Warning: in _ReportErrors at line 3172 of /builds/omniverse/usd-ci/USD/pxr/usd/usd/stage.cpp -- In </partnet_37c932b30ce507c6510e28eb1584c355/base/visuals>: Unresolved reference prim path @/home/ubuntu/workspace/physvla_sim/datasets/data_normalized/table_urdf/21467/configuration/fitr_info1_physics.usd@</visuals/base> introduced by @/home/ubuntu/workspace/physvla_sim/datasets/data_normalized/table_urdf/21467/configuration/fitr_info1_base.usd@</partnet_37c932b30ce507c6510e28eb1584c355/base/visuals> (recomposing stage on stage @/home/ubuntu/workspace/physvla_sim/datasets/data_normalized/table_urdf/21467/fitr_info1.usd@ <0x7622b4336da0>)

2026-07-15T12:03:09Z [3,897ms] [Warning] [omni.usd] Warning: in _ReportErrors at line 3172 of /builds/omniverse/usd-ci/USD/pxr/usd/usd/stage.cpp -- In </partnet_37c932b30ce507c6510e28eb1584c355/base/visuals>: Unresolved reference prim path @/home/ubuntu/workspace/physvla_sim/datasets/data_normalized/table_urdf/21467/configuration/fitr_info1_physics.usd@</visuals/base> introduced by @/home/ubuntu/workspace/physvla_sim/datasets/data_normalized/table_urdf/21467/configuration/fitr_info1_base.usd@</partnet_37c932b30ce507c6510e28eb1584c355/base/visuals> (recomposing stage on stage @/home/ubuntu/workspace/physvla_sim/datasets/data_normalized/table_urdf/21467/fitr_info1.usd@ <0x7622b433b630>)

2026-07-15T12:03:09Z [3,898ms] [Warning] [omni.usd] Warning: in _ReportErrors at line 3172 of /builds/omniverse/usd-ci/USD/pxr/usd/usd/stage.cpp -- In </partnet_37c932b30ce507c6510e28eb1584c355/base/visuals>: Unresolved reference prim path @/home/ubuntu/workspace/physvla_sim/datasets/data_normalized/table_urdf/21467/configuration/fitr_info1_physics.usd@</visuals/base> introduced by @/home/ubuntu/workspace/physvla_sim/datasets/data_normalized/table_urdf/21467/configuration/fitr_info1_base.usd@</partnet_37c932b30ce507c6510e28eb1584c355/base/visuals> (recomposing stage on stage @/home/ubuntu/workspace/physvla_sim/datasets/data_normalized/table_urdf/21467/fitr_info1.usd@ <0x7622b4336da0>)

2026-07-15T12:03:09Z [3,900ms] [Warning] [omni.usd] Warning: in _ReportErrors at line 3172 of /builds/omniverse/usd-ci/USD/pxr/usd/usd/stage.cpp -- In </partnet_37c932b30ce507c6510e28eb1584c355/base/visuals>: Unresolved reference prim path @/home/ubuntu/workspace/physvla_sim/datasets/data_normalized/table_urdf/21467/configuration/fitr_info1_physics.usd@</visuals/base> introduced by @/home/ubuntu/workspace/physvla_sim/datasets/data_normalized/table_urdf/21467/configuration/fitr_info1_base.usd@</partnet_37c932b30ce507c6510e28eb1584c355/base/visuals> (recomposing stage on stage @/home/ubuntu/workspace/physvla_sim/datasets/data_normalized/table_urdf/21467/fitr_info1.usd@ <0x7622b433b630>)

2026-07-15T12:03:09Z [3,901ms] [Warning] [omni.usd] Warning: in _ReportErrors at line 3172 of /builds/omniverse/usd-ci/USD/pxr/usd/usd/stage.cpp -- In </partnet_37c932b30ce507c6510e28eb1584c355/base/visuals>: Unresolved reference prim path @/home/ubuntu/workspace/physvla_sim/datasets/data_normalized/table_urdf/21467/configuration/fitr_info1_physics.usd@</visuals/base> introduced by @/home/ubuntu/workspace/physvla_sim/datasets/data_normalized/table_urdf/21467/configuration/fitr_info1_base.usd@</partnet_37c932b30ce507c6510e28eb1584c355/base/visuals> (recomposing stage on stage @/home/ubuntu/workspace/physvla_sim/datasets/data_normalized/table_urdf/21467/fitr_info1.usd@ <0x7622b4336da0>)

2026-07-15T12:03:09Z [3,902ms] [Warning] [omni.usd] Warning: in _ReportErrors at line 3172 of /builds/omniverse/usd-ci/USD/pxr/usd/usd/stage.cpp -- In </partnet_37c932b30ce507c6510e28eb1584c355/base/visuals>: Unresolved reference prim path @/home/ubuntu/workspace/physvla_sim/datasets/data_normalized/table_urdf/21467/configuration/fitr_info1_physics.usd@</visuals/base> introduced by @/home/ubuntu/workspace/physvla_sim/datasets/data_normalized/table_urdf/21467/configuration/fitr_info1_base.usd@</partnet_37c932b30ce507c6510e28eb1584c355/base/visuals> (recomposing stage on stage @/home/ubuntu/workspace/physvla_sim/datasets/data_normalized/table_urdf/21467/fitr_info1.usd@ <0x7622b433b630>)

2026-07-15T12:03:09Z [3,904ms] [Warning] [omni.usd] Warning: in _ReportErrors at line 3172 of /builds/omniverse/usd-ci/USD/pxr/usd/usd/stage.cpp -- In </partnet_37c932b30ce507c6510e28eb1584c355/base/visuals>: Unresolved reference prim path @/home/ubuntu/workspace/physvla_sim/datasets/data_normalized/table_urdf/21467/configuration/fitr_info1_physics.usd@</visuals/base> introduced by @/home/ubuntu/workspace/physvla_sim/datasets/data_normalized/table_urdf/21467/configuration/fitr_info1_base.usd@</partnet_37c932b30ce507c6510e28eb1584c355/base/visuals> (recomposing stage on stage @/home/ubuntu/workspace/physvla_sim/datasets/data_normalized/table_urdf/21467/fitr_info1.usd@ <0x7622b4336da0>)

2026-07-15T12:03:09Z [3,905ms] [Warning] [omni.usd] Warning: in _ReportErrors at line 3172 of /builds/omniverse/usd-ci/USD/pxr/usd/usd/stage.cpp -- In </partnet_37c932b30ce507c6510e28eb1584c355/base/visuals>: Unresolved reference prim path @/home/ubuntu/workspace/physvla_sim/datasets/data_normalized/table_urdf/21467/configuration/fitr_info1_physics.usd@</visuals/base> introduced by @/home/ubuntu/workspace/physvla_sim/datasets/data_normalized/table_urdf/21467/configuration/fitr_info1_base.usd@</partnet_37c932b30ce507c6510e28eb1584c355/base/visuals> (recomposing stage on stage @/home/ubuntu/workspace/physvla_sim/datasets/data_normalized/table_urdf/21467/fitr_info1.usd@ <0x7622b433b630>)

2026-07-15T12:03:09Z [3,906ms] [Warning] [omni.usd] Warning: in _ReportErrors at line 3172 of /builds/omniverse/usd-ci/USD/pxr/usd/usd/stage.cpp -- In </partnet_37c932b30ce507c6510e28eb1584c355/base/visuals>: Unresolved reference prim path @/home/ubuntu/workspace/physvla_sim/datasets/data_normalized/table_urdf/21467/configuration/fitr_info1_physics.usd@</visuals/base> introduced by @/home/ubuntu/workspace/physvla_sim/datasets/data_normalized/table_urdf/21467/configuration/fitr_info1_base.usd@</partnet_37c932b30ce507c6510e28eb1584c355/base/visuals> (recomposing stage on stage @/home/ubuntu/workspace/physvla_sim/datasets/data_normalized/table_urdf/21467/fitr_info1.usd@ <0x7622b4336da0>)

Loading user config located at: '/home/ubuntu/isaacsim/kit/data/Kit/Isaac-Sim/5.1/user.config.json'
[Info] [carb] Logging to file: /home/ubuntu/isaacsim/kit/logs/Kit/Isaac-Sim/5.1/kit_20260715_200310.log
2026-07-15T12:03:10Z [0ms] [Warning] [carb.crashreporter-breakpad.plugin] [previous crash] preventing upload of minidump due to user opt-out: '/home/ubuntu/isaacsim/kit/data/Kit/Isaac-Sim/5.1/0d81a4fd-59cb-4157-42d97b80-310afb82.dmp'
2026-07-15T12:03:10Z [0ms] [Warning] [carb.crashreporter-breakpad.plugin] [previous crash] preventing upload of minidump due to user opt-out: '/home/ubuntu/isaacsim/kit/data/Kit/Isaac-Sim/5.1/7efeb785-3cdd-476a-8fc91ca3-38a85c81.dmp'
2026-07-15T12:03:10Z [0ms] [Warning] [carb.crashreporter-breakpad.plugin] [previous crash] preventing upload of minidump due to user opt-out: '/home/ubuntu/isaacsim/kit/data/Kit/Isaac-Sim/5.1/0ec06837-edee-4570-b459bb9b-e409ca73.dmp'
2026-07-15T12:03:10Z [0ms] [Warning] [carb.crashreporter-breakpad.plugin] [previous crash] preventing upload of minidump due to user opt-out: '/home/ubuntu/isaacsim/kit/data/Kit/Isaac-Sim/5.1/846da064-407f-481c-dab18ea9-9788aefc.dmp'
2026-07-15T12:03:10Z [0ms] [Warning] [carb.crashreporter-breakpad.plugin] [previous crash] preventing upload of minidump due to user opt-out: '/home/ubuntu/isaacsim/kit/data/Kit/Isaac-Sim/5.1/7674058d-a5ef-457b-61399da4-1924f871.dmp'
2026-07-15T12:03:10Z [1ms] [Warning] [carb.crashreporter-breakpad.plugin] [previous crash] preventing upload of minidump due to user opt-out: '/home/ubuntu/isaacsim/kit/data/Kit/Isaac-Sim/5.1/0dbca6de-81d5-44e8-85c7eba5-c7ac64b6.dmp'
2026-07-15T12:03:10Z [1ms] [Warning] [carb.crashreporter-breakpad.plugin] [previous crash] preventing upload of minidump due to user opt-out: '/home/ubuntu/isaacsim/kit/data/Kit/Isaac-Sim/5.1/96b6ea33-a47b-4c84-2d7408a6-bc8b64a8.dmp'
2026-07-15T12:03:10Z [185ms] [Warning] [omni.usd_config.extension] Enable omni.materialx.libs extension to use MaterialX
2026-07-15T12:03:10Z [187ms] [Warning] [omni.platforminfo.plugin] failed to open the default display.  Can't verify X Server version.
2026-07-15T12:03:10Z [463ms] [Warning] [carb] Acquiring non optional plugin interface which is not listed as dependency: [omni::physx::IPhysxBenchmarks v1.0] (plugin: <default plugin>), by client: omni.physics.physx.plugin. Add it to CARB_PLUGIN_IMPL_DEPS() macro of a client.
2026-07-15T12:03:10Z [596ms] [Warning] [omni.isaac.dynamic_control] omni.isaac.dynamic_control is deprecated as of Isaac Sim 4.5. No action is needed from end-users.

|---------------------------------------------------------------------------------------------|
| Driver Version: 580.142       | Graphics API: Vulkan
|=============================================================================================|
| GPU | Name                             | Active | LDA | GPU Memory | Vendor-ID | LUID       |
|     |                                  |        |     |            | Device-ID | UUID       |
|     |                                  |        |     |            | Bus-ID    |            |
|---------------------------------------------------------------------------------------------|
| 0   | NVIDIA GeForce RTX 5090 D v2     | Yes: 0 |     | 24701   MB | 10de      | 0          |
|     |                                  |        |     |            | 2b8c      | 5f3d0dc0.. |
|     |                                  |        |     |            | 1         |            |
|=============================================================================================|
| OS: 24.04.3 LTS (Noble Numbat) ubuntu, Version: 24.04.3, Kernel: 6.17.0-1017-oem
| Processor: Intel(R) Core(TM) i9-14900K
| Cores: 24 | Logical Cores: 32
|---------------------------------------------------------------------------------------------|
| Total Memory (MB): 64063 | Free Memory: 53835
| Total Page/Swap (MB): 8191 | Free Page/Swap: 8191
|---------------------------------------------------------------------------------------------|
2026-07-15T12:03:12Z [2,610ms] [Warning] [gpu.foundation.plugin] CPU performance profile is set to powersave. This profile sets the CPU to the lowest frequency reducing performance.
[INFO][AppLauncher]: Using device: cuda:0
[INFO][AppLauncher]: Loading experience file: /home/ubuntu/workspace/IsaacLab/apps/isaaclab.python.headless.kit
{
  "output": "/home/ubuntu/workspace/physvla_sim/datasets/data_normalized/table_urdf/21467/fitr_info1.usd",
  "scale": 0.41840310346875836,
  "scale_layer": "/home/ubuntu/workspace/physvla_sim/datasets/data_normalized/table_urdf/21467/configuration/fitr_info1_base.usd",
  "joints": [
    {
      "joint": "/partnet_37c932b30ce507c6510e28eb1584c355/joints/joint_0",
      "drive": "angular",
      "damping": 45.0,
      "stiffness": 0.0,
      "max_force": 1.5
    },
    {
      "joint": "/partnet_37c932b30ce507c6510e28eb1584c355/joints/joint_2",
      "drive": "linear",
      "damping": 20.0,
      "stiffness": 0.0,
      "max_force": 1.2000000476837158
    }
  ],
  "dynamics_layer": "/home/ubuntu/workspace/physvla_sim/datasets/data_normalized/table_urdf/21467/configuration/fitr_info1_physics.usd",
  "affordance_links": [
    "/partnet_37c932b30ce507c6510e28eb1584c355/link_0",
    "/partnet_37c932b30ce507c6510e28eb1584c355/link_2"
  ]
}
2026-07-15T12:03:12Z [2,618ms] [Warning] [gpu.foundation.plugin] IOMMU is enabled.
2026-07-15T12:03:12Z [2,753ms] [Warning] [omni.usd] Warning: in _ReportErrors at line 3172 of /builds/omniverse/usd-ci/USD/pxr/usd/usd/stage.cpp -- In </partnet_37c932b30ce507c6510e28eb1584c355/base/visuals>: Unresolved reference prim path @/home/ubuntu/workspace/physvla_sim/datasets/data_normalized/table_urdf/21467/configuration/fitr_info1_base.usd@</visuals/base> introduced by @/home/ubuntu/workspace/physvla_sim/datasets/data_normalized/table_urdf/21467/configuration/fitr_info1_base.usd@</partnet_37c932b30ce507c6510e28eb1584c355/base/visuals> (instantiating stage on stage @/home/ubuntu/workspace/physvla_sim/datasets/data_normalized/table_urdf/21467/configuration/fitr_info1_base.usd@ <0xfdcab40>)

2026-07-15T12:03:12Z [2,759ms] [Warning] [omni.usd] Warning: in _ReportErrors at line 3172 of /builds/omniverse/usd-ci/USD/pxr/usd/usd/stage.cpp -- In </partnet_37c932b30ce507c6510e28eb1584c355/base/visuals>: Unresolved reference prim path @/home/ubuntu/workspace/physvla_sim/datasets/data_normalized/table_urdf/21467/configuration/fitr_info1_physics.usd@</visuals/base> introduced by @/home/ubuntu/workspace/physvla_sim/datasets/data_normalized/table_urdf/21467/configuration/fitr_info1_base.usd@</partnet_37c932b30ce507c6510e28eb1584c355/base/visuals> (instantiating stage on stage @/home/ubuntu/workspace/physvla_sim/datasets/data_normalized/table_urdf/21467/configuration/fitr_info1_physics.usd@ <0xdf31ac0>)

2026-07-15T12:03:12Z [2,762ms] [Warning] [omni.usd] Warning: in _ReportErrors at line 3172 of /builds/omniverse/usd-ci/USD/pxr/usd/usd/stage.cpp -- In </partnet_37c932b30ce507c6510e28eb1584c355/base/visuals>: Unresolved reference prim path @/home/ubuntu/workspace/physvla_sim/datasets/data_normalized/table_urdf/21467/configuration/fitr_info1_physics.usd@</visuals/base> introduced by @/home/ubuntu/workspace/physvla_sim/datasets/data_normalized/table_urdf/21467/configuration/fitr_info1_base.usd@</partnet_37c932b30ce507c6510e28eb1584c355/base/visuals> (instantiating stage on stage @/home/ubuntu/workspace/physvla_sim/datasets/data_normalized/table_urdf/21467/fitr_info1.usd@ <0xfdace00>)

[OK] table_urdf/21467
[RUN] table_urdf/27267
Loading user config located at: '/home/ubuntu/isaacsim/kit/data/Kit/Isaac-Sim/5.1/user.config.json'
[Info] [carb] Logging to file: /home/ubuntu/isaacsim/kit/logs/Kit/Isaac-Sim/5.1/kit_20260715_200313.log
2026-07-15T12:03:13Z [0ms] [Warning] [carb.crashreporter-breakpad.plugin] [previous crash] preventing upload of minidump due to user opt-out: '/home/ubuntu/isaacsim/kit/data/Kit/Isaac-Sim/5.1/0d81a4fd-59cb-4157-42d97b80-310afb82.dmp'
2026-07-15T12:03:13Z [0ms] [Warning] [carb.crashreporter-breakpad.plugin] [previous crash] preventing upload of minidump due to user opt-out: '/home/ubuntu/isaacsim/kit/data/Kit/Isaac-Sim/5.1/7efeb785-3cdd-476a-8fc91ca3-38a85c81.dmp'
2026-07-15T12:03:13Z [0ms] [Warning] [carb.crashreporter-breakpad.plugin] [previous crash] preventing upload of minidump due to user opt-out: '/home/ubuntu/isaacsim/kit/data/Kit/Isaac-Sim/5.1/0ec06837-edee-4570-b459bb9b-e409ca73.dmp'
2026-07-15T12:03:13Z [0ms] [Warning] [carb.crashreporter-breakpad.plugin] [previous crash] preventing upload of minidump due to user opt-out: '/home/ubuntu/isaacsim/kit/data/Kit/Isaac-Sim/5.1/846da064-407f-481c-dab18ea9-9788aefc.dmp'
2026-07-15T12:03:13Z [0ms] [Warning] [carb.crashreporter-breakpad.plugin] [previous crash] preventing upload of minidump due to user opt-out: '/home/ubuntu/isaacsim/kit/data/Kit/Isaac-Sim/5.1/7674058d-a5ef-457b-61399da4-1924f871.dmp'
2026-07-15T12:03:13Z [1ms] [Warning] [carb.crashreporter-breakpad.plugin] [previous crash] preventing upload of minidump due to user opt-out: '/home/ubuntu/isaacsim/kit/data/Kit/Isaac-Sim/5.1/0dbca6de-81d5-44e8-85c7eba5-c7ac64b6.dmp'
2026-07-15T12:03:13Z [1ms] [Warning] [carb.crashreporter-breakpad.plugin] [previous crash] preventing upload of minidump due to user opt-out: '/home/ubuntu/isaacsim/kit/data/Kit/Isaac-Sim/5.1/96b6ea33-a47b-4c84-2d7408a6-bc8b64a8.dmp'
2026-07-15T12:03:13Z [185ms] [Warning] [omni.usd_config.extension] Enable omni.materialx.libs extension to use MaterialX
2026-07-15T12:03:13Z [185ms] [Warning] [omni.platforminfo.plugin] failed to open the default display.  Can't verify X Server version.
2026-07-15T12:03:13Z [456ms] [Warning] [carb] Acquiring non optional plugin interface which is not listed as dependency: [omni::physx::IPhysxBenchmarks v1.0] (plugin: <default plugin>), by client: omni.physics.physx.plugin. Add it to CARB_PLUGIN_IMPL_DEPS() macro of a client.
2026-07-15T12:03:13Z [589ms] [Warning] [omni.isaac.dynamic_control] omni.isaac.dynamic_control is deprecated as of Isaac Sim 4.5. No action is needed from end-users.

|---------------------------------------------------------------------------------------------|
| Driver Version: 580.142       | Graphics API: Vulkan
|=============================================================================================|
| GPU | Name                             | Active | LDA | GPU Memory | Vendor-ID | LUID       |
|     |                                  |        |     |            | Device-ID | UUID       |
|     |                                  |        |     |            | Bus-ID    |            |
|---------------------------------------------------------------------------------------------|
| 0   | NVIDIA GeForce RTX 5090 D v2     | Yes: 0 |     | 24701   MB | 10de      | 0          |
|     |                                  |        |     |            | 2b8c      | 5f3d0dc0.. |
|     |                                  |        |     |            | 1         |            |
|=============================================================================================|
| OS: 24.04.3 LTS (Noble Numbat) ubuntu, Version: 24.04.3, Kernel: 6.17.0-1017-oem
| Processor: Intel(R) Core(TM) i9-14900K
| Cores: 24 | Logical Cores: 32
|---------------------------------------------------------------------------------------------|
| Total Memory (MB): 64063 | Free Memory: 53831
| Total Page/Swap (MB): 8191 | Free Page/Swap: 8191
|---------------------------------------------------------------------------------------------|
2026-07-15T12:03:15Z [2,358ms] [Warning] [gpu.foundation.plugin] CPU performance profile is set to powersave. This profile sets the CPU to the lowest frequency reducing performance.
2026-07-15T12:03:15Z [2,366ms] [Warning] [gpu.foundation.plugin] IOMMU is enabled.
2026-07-15T12:03:15Z [2,504ms] [Warning] [carb.windowing-glfw.plugin] GLFW initialization failed.
2026-07-15T12:03:15Z [2,504ms] [Warning] [carb] Failed to startup plugin carb.windowing-glfw.plugin (interfaces: [carb::windowing::IGLContext v1.0],[carb::windowing::IWindowing v1.5]) (impl: carb.windowing-glfw.plugin)

|---------------------------------------------------------------------------------------------|
| Driver Version: 580.142       | Graphics API: Vulkan
|=============================================================================================|
| GPU | Name                             | Active | LDA | GPU Memory | Vendor-ID | LUID       |
|     |                                  |        |     |            | Device-ID | UUID       |
|     |                                  |        |     |            | Bus-ID    |            |
|---------------------------------------------------------------------------------------------|
| 0   | NVIDIA GeForce RTX 5090 D v2     | Yes: 0 |     | 24701   MB | 10de      | 0          |
|     |                                  |        |     |            | 2b8c      | 5f3d0dc0.. |
|     |                                  |        |     |            | 1         |            |
|=============================================================================================|
| OS: 24.04.3 LTS (Noble Numbat) ubuntu, Version: 24.04.3, Kernel: 6.17.0-1017-oem
| Processor: Intel(R) Core(TM) i9-14900K
| Cores: 24 | Logical Cores: 32
|---------------------------------------------------------------------------------------------|
| Total Memory (MB): 64063 | Free Memory: 53644
| Total Page/Swap (MB): 8191 | Free Page/Swap: 8191
|---------------------------------------------------------------------------------------------|
2026-07-15T12:03:15Z [2,738ms] [Warning] [gpu.foundation.plugin] CPU performance profile is set to powersave. This profile sets the CPU to the lowest frequency reducing performance.
2026-07-15T12:03:15Z [2,738ms] [Warning] [gpu.foundation.plugin] IOMMU is enabled.
2026-07-15T12:03:16Z [2,939ms] [Warning] [carb.windowing-glfw.plugin] GLFW initialization failed.
2026-07-15T12:03:16Z [2,939ms] [Warning] [carb] Failed to startup plugin carb.windowing-glfw.plugin (interfaces: [carb::windowing::IGLContext v1.0],[carb::windowing::IWindowing v1.5]) (impl: carb.windowing-glfw.plugin)
2026-07-15T12:03:16Z [2,951ms] [Warning] [carb.windowing-glfw.plugin] GLFW initialization failed.
2026-07-15T12:03:16Z [2,951ms] [Warning] [carb] Failed to startup plugin carb.windowing-glfw.plugin (interfaces: [carb::windowing::IGLContext v1.0],[carb::windowing::IWindowing v1.5]) (impl: carb.windowing-glfw.plugin)
2026-07-15T12:03:16Z [2,956ms] [Warning] [carb.windowing-glfw.plugin] GLFW initialization failed.
2026-07-15T12:03:16Z [2,956ms] [Warning] [carb] Failed to startup plugin carb.windowing-glfw.plugin (interfaces: [carb::windowing::IGLContext v1.0],[carb::windowing::IWindowing v1.5]) (impl: carb.windowing-glfw.plugin)
2026-07-15T12:03:16Z [2,961ms] [Warning] [carb.windowing-glfw.plugin] GLFW initialization failed.
2026-07-15T12:03:16Z [2,961ms] [Warning] [carb] Failed to startup plugin carb.windowing-glfw.plugin (interfaces: [carb::windowing::IGLContext v1.0],[carb::windowing::IWindowing v1.5]) (impl: carb.windowing-glfw.plugin)
2026-07-15T12:03:16Z [2,962ms] [Warning] [carb.windowing-glfw.plugin] GLFW initialization failed.
2026-07-15T12:03:16Z [2,962ms] [Warning] [carb] Failed to startup plugin carb.windowing-glfw.plugin (interfaces: [carb::windowing::IGLContext v1.0],[carb::windowing::IWindowing v1.5]) (impl: carb.windowing-glfw.plugin)
2026-07-15T12:03:16Z [2,962ms] [Warning] [carb.windowing-glfw.plugin] GLFW initialization failed.
2026-07-15T12:03:16Z [2,962ms] [Warning] [carb] Failed to startup plugin carb.windowing-glfw.plugin (interfaces: [carb::windowing::IGLContext v1.0],[carb::windowing::IWindowing v1.5]) (impl: carb.windowing-glfw.plugin)
2026-07-15T12:03:16Z [3,208ms] [Warning] [omni.graph.visualization.nodes._impl.extension] No Viewport Window to add omni.graph.visualization.nodes-2.1.3 scene to
2026-07-15T12:03:16Z [3,290ms] [Warning] [isaacsim.asset.importer.urdf] The path cabinet_door_surface-44 is not a valid usd path, modifying to cabinet_door_surface_44
2026-07-15T12:03:16Z [3,290ms] [Warning] [isaacsim.asset.importer.urdf] The path board-62 is not a valid usd path, modifying to board_62
2026-07-15T12:03:16Z [3,290ms] [Warning] [isaacsim.asset.importer.urdf] The path shelf-25 is not a valid usd path, modifying to shelf_25
2026-07-15T12:03:16Z [3,290ms] [Warning] [isaacsim.asset.importer.urdf] The path shelf-26 is not a valid usd path, modifying to shelf_26
2026-07-15T12:03:16Z [3,290ms] [Warning] [isaacsim.asset.importer.urdf] The path shelf-27 is not a valid usd path, modifying to shelf_27
2026-07-15T12:03:16Z [3,290ms] [Warning] [isaacsim.asset.importer.urdf] The path shelf-28 is not a valid usd path, modifying to shelf_28
2026-07-15T12:03:16Z [3,290ms] [Warning] [isaacsim.asset.importer.urdf] The path shelf-29 is not a valid usd path, modifying to shelf_29
2026-07-15T12:03:16Z [3,290ms] [Warning] [isaacsim.asset.importer.urdf] The path vertical_side_panel-30 is not a valid usd path, modifying to vertical_side_panel_30
2026-07-15T12:03:16Z [3,290ms] [Warning] [isaacsim.asset.importer.urdf] The path vertical_side_panel-31 is not a valid usd path, modifying to vertical_side_panel_31
2026-07-15T12:03:16Z [3,290ms] [Warning] [isaacsim.asset.importer.urdf] The path leg-32 is not a valid usd path, modifying to leg_32
2026-07-15T12:03:16Z [3,290ms] [Warning] [isaacsim.asset.importer.urdf] The path leg-33 is not a valid usd path, modifying to leg_33
2026-07-15T12:03:16Z [3,290ms] [Warning] [isaacsim.asset.importer.urdf] The path leg-34 is not a valid usd path, modifying to leg_34
2026-07-15T12:03:16Z [3,290ms] [Warning] [isaacsim.asset.importer.urdf] The path leg-35 is not a valid usd path, modifying to leg_35
2026-07-15T12:03:16Z [3,290ms] [Warning] [isaacsim.asset.importer.urdf] The path bar_stretcher-40 is not a valid usd path, modifying to bar_stretcher_40
2026-07-15T12:03:16Z [3,290ms] [Warning] [isaacsim.asset.importer.urdf] The path bar_stretcher-41 is not a valid usd path, modifying to bar_stretcher_41
2026-07-15T12:03:16Z [3,290ms] [Warning] [isaacsim.asset.importer.urdf] The path tabletop_connector-58 is not a valid usd path, modifying to tabletop_connector_58
2026-07-15T12:03:16Z [3,290ms] [Warning] [isaacsim.asset.importer.urdf] The path tabletop_connector-59 is not a valid usd path, modifying to tabletop_connector_59
2026-07-15T12:03:16Z [3,290ms] [Warning] [isaacsim.asset.importer.urdf] The path drawer_rails-50 is not a valid usd path, modifying to drawer_rails_50
2026-07-15T12:03:16Z [3,290ms] [Warning] [isaacsim.asset.importer.urdf] The path drawer_rails-51 is not a valid usd path, modifying to drawer_rails_51
2026-07-15T12:03:16Z [3,290ms] [Warning] [isaacsim.asset.importer.urdf] The path handle-49 is not a valid usd path, modifying to handle_49
2026-07-15T12:03:16Z [3,290ms] [Warning] [isaacsim.asset.importer.urdf] The path handle-49 is not a valid usd path, modifying to handle_49
2026-07-15T12:03:16Z [3,290ms] [Warning] [isaacsim.asset.importer.urdf] The path drawer_front-52 is not a valid usd path, modifying to drawer_front_52
2026-07-15T12:03:16Z [3,290ms] [Warning] [isaacsim.asset.importer.urdf] The path drawer_front-52 is not a valid usd path, modifying to drawer_front_52
2026-07-15T12:03:16Z [3,290ms] [Warning] [isaacsim.asset.importer.urdf] The path drawer_side-53 is not a valid usd path, modifying to drawer_side_53
2026-07-15T12:03:16Z [3,290ms] [Warning] [isaacsim.asset.importer.urdf] The path drawer_back-54 is not a valid usd path, modifying to drawer_back_54
2026-07-15T12:03:16Z [3,290ms] [Warning] [isaacsim.asset.importer.urdf] The path drawer_bottom-55 is not a valid usd path, modifying to drawer_bottom_55
2026-07-15T12:03:16Z [3,290ms] [Warning] [isaacsim.asset.importer.urdf] The path drawer_side-60 is not a valid usd path, modifying to drawer_side_60
2026-07-15T12:03:16Z [3,309ms] [Warning] [isaacsim.asset.importer.urdf] No mass specified for link base
2026-07-15T12:03:16Z [3,309ms] [Warning] [omni.usd] Warning: in _ReportErrors at line 3172 of /builds/omniverse/usd-ci/USD/pxr/usd/usd/stage.cpp -- In </partnet_a7164d4766ff0e1b4ff124faf2d8d947/base/visuals>: Unresolved reference prim path @/home/ubuntu/workspace/physvla_sim/datasets/data_normalized/table_urdf/27267/configuration/fitr_info1_physics.usd@</visuals/base> introduced by @/home/ubuntu/workspace/physvla_sim/datasets/data_normalized/table_urdf/27267/configuration/fitr_info1_base.usd@</partnet_a7164d4766ff0e1b4ff124faf2d8d947/base/visuals> (recomposing stage on stage @/home/ubuntu/workspace/physvla_sim/datasets/data_normalized/table_urdf/27267/configuration/fitr_info1_physics.usd@ <0x1cff1d50>)

2026-07-15T12:03:16Z [3,310ms] [Warning] [omni.usd] Warning: in _ReportErrors at line 3172 of /builds/omniverse/usd-ci/USD/pxr/usd/usd/stage.cpp -- In </partnet_a7164d4766ff0e1b4ff124faf2d8d947/base/visuals>: Unresolved reference prim path @/home/ubuntu/workspace/physvla_sim/datasets/data_normalized/table_urdf/27267/fitr_info1.usd@</visuals/base> introduced by @/home/ubuntu/workspace/physvla_sim/datasets/data_normalized/table_urdf/27267/configuration/fitr_info1_base.usd@</partnet_a7164d4766ff0e1b4ff124faf2d8d947/base/visuals> (recomposing stage on stage @/home/ubuntu/workspace/physvla_sim/datasets/data_normalized/table_urdf/27267/fitr_info1.usd@ <0x1cfde8a0>)

2026-07-15T12:03:16Z [3,310ms] [Warning] [omni.usd] Warning: in _ReportErrors at line 3172 of /builds/omniverse/usd-ci/USD/pxr/usd/usd/stage.cpp -- In </partnet_a7164d4766ff0e1b4ff124faf2d8d947/base/visuals>: Unresolved reference prim path @/home/ubuntu/workspace/physvla_sim/datasets/data_normalized/table_urdf/27267/fitr_info1.usd@</visuals/base> introduced by @/home/ubuntu/workspace/physvla_sim/datasets/data_normalized/table_urdf/27267/configuration/fitr_info1_base.usd@</partnet_a7164d4766ff0e1b4ff124faf2d8d947/base/visuals> (recomposing stage on stage @/home/ubuntu/workspace/physvla_sim/datasets/data_normalized/table_urdf/27267/fitr_info1.usd@ <0x1cfda130>)

2026-07-15T12:03:16Z [3,310ms] [Warning] [omni.usd] Warning: in _ReportErrors at line 3172 of /builds/omniverse/usd-ci/USD/pxr/usd/usd/stage.cpp -- In </partnet_a7164d4766ff0e1b4ff124faf2d8d947/base/visuals>: Unresolved reference prim path @/home/ubuntu/workspace/physvla_sim/datasets/data_normalized/table_urdf/27267/configuration/fitr_info1_base.usd@</visuals/base> introduced by @/home/ubuntu/workspace/physvla_sim/datasets/data_normalized/table_urdf/27267/configuration/fitr_info1_base.usd@</partnet_a7164d4766ff0e1b4ff124faf2d8d947/base/visuals> (recomposing stage on stage @/home/ubuntu/workspace/physvla_sim/datasets/data_normalized/table_urdf/27267/configuration/fitr_info1_base.usd@ <0x1cffb680>)

2026-07-15T12:03:16Z [3,310ms] [Warning] [omni.usd] Warning: in _ReportErrors at line 3172 of /builds/omniverse/usd-ci/USD/pxr/usd/usd/stage.cpp -- In </partnet_a7164d4766ff0e1b4ff124faf2d8d947/base/visuals>: Unresolved reference prim path @/home/ubuntu/workspace/physvla_sim/datasets/data_normalized/table_urdf/27267/configuration/fitr_info1_physics.usd@</visuals/base> introduced by @/home/ubuntu/workspace/physvla_sim/datasets/data_normalized/table_urdf/27267/configuration/fitr_info1_base.usd@</partnet_a7164d4766ff0e1b4ff124faf2d8d947/base/visuals> (recomposing stage on stage @/home/ubuntu/workspace/physvla_sim/datasets/data_normalized/table_urdf/27267/configuration/fitr_info1_physics.usd@ <0x1cff1d50>)

2026-07-15T12:03:16Z [3,310ms] [Warning] [omni.usd] Warning: in _ReportErrors at line 3172 of /builds/omniverse/usd-ci/USD/pxr/usd/usd/stage.cpp -- In </partnet_a7164d4766ff0e1b4ff124faf2d8d947/base/visuals>: Unresolved reference prim path @/home/ubuntu/workspace/physvla_sim/datasets/data_normalized/table_urdf/27267/fitr_info1.usd@</visuals/base> introduced by @/home/ubuntu/workspace/physvla_sim/datasets/data_normalized/table_urdf/27267/configuration/fitr_info1_base.usd@</partnet_a7164d4766ff0e1b4ff124faf2d8d947/base/visuals> (recomposing stage on stage @/home/ubuntu/workspace/physvla_sim/datasets/data_normalized/table_urdf/27267/fitr_info1.usd@ <0x1cfde8a0>)

2026-07-15T12:03:16Z [3,310ms] [Warning] [omni.usd] Warning: in _ReportErrors at line 3172 of /builds/omniverse/usd-ci/USD/pxr/usd/usd/stage.cpp -- In </partnet_a7164d4766ff0e1b4ff124faf2d8d947/base/visuals>: Unresolved reference prim path @/home/ubuntu/workspace/physvla_sim/datasets/data_normalized/table_urdf/27267/fitr_info1.usd@</visuals/base> introduced by @/home/ubuntu/workspace/physvla_sim/datasets/data_normalized/table_urdf/27267/configuration/fitr_info1_base.usd@</partnet_a7164d4766ff0e1b4ff124faf2d8d947/base/visuals> (recomposing stage on stage @/home/ubuntu/workspace/physvla_sim/datasets/data_normalized/table_urdf/27267/fitr_info1.usd@ <0x1cfda130>)

2026-07-15T12:03:16Z [3,310ms] [Warning] [omni.usd] Warning: in _ReportErrors at line 3172 of /builds/omniverse/usd-ci/USD/pxr/usd/usd/stage.cpp -- In </partnet_a7164d4766ff0e1b4ff124faf2d8d947/base/visuals>: Unresolved reference prim path @/home/ubuntu/workspace/physvla_sim/datasets/data_normalized/table_urdf/27267/configuration/fitr_info1_base.usd@</visuals/base> introduced by @/home/ubuntu/workspace/physvla_sim/datasets/data_normalized/table_urdf/27267/configuration/fitr_info1_base.usd@</partnet_a7164d4766ff0e1b4ff124faf2d8d947/base/visuals> (recomposing stage on stage @/home/ubuntu/workspace/physvla_sim/datasets/data_normalized/table_urdf/27267/configuration/fitr_info1_base.usd@ <0x1cffb680>)

2026-07-15T12:03:16Z [3,310ms] [Warning] [isaacsim.asset.importer.urdf] Link base has no colliders, and no inertia was imported; assigning a small isotropic inertia matrix
2026-07-15T12:03:16Z [3,312ms] [Warning] [isaacsim.asset.importer.urdf] No mass specified for link link_1
2026-07-15T12:03:16Z [3,555ms] [Warning] [isaacsim.asset.importer.urdf] No mass specified for link link_0
2026-07-15T12:03:16Z [3,565ms] [Warning] [isaacsim.asset.importer.urdf] No mass specified for link link_2
2026-07-15T12:03:16Z [3,659ms] [Warning] [omni.usd] Warning: in _ReportErrors at line 3172 of /builds/omniverse/usd-ci/USD/pxr/usd/usd/stage.cpp -- In </partnet_a7164d4766ff0e1b4ff124faf2d8d947/base/visuals>: Unresolved reference prim path @/home/ubuntu/workspace/physvla_sim/datasets/data_normalized/table_urdf/27267/configuration/fitr_info1_base.usd@</visuals/base> introduced by @/home/ubuntu/workspace/physvla_sim/datasets/data_normalized/table_urdf/27267/configuration/fitr_info1_base.usd@</partnet_a7164d4766ff0e1b4ff124faf2d8d947/base/visuals> (recomposing stage on stage @/home/ubuntu/workspace/physvla_sim/datasets/data_normalized/table_urdf/27267/fitr_info1.usd@ <0x1cfde8a0>)

2026-07-15T12:03:16Z [3,660ms] [Warning] [omni.usd] Warning: in _ReportErrors at line 3172 of /builds/omniverse/usd-ci/USD/pxr/usd/usd/stage.cpp -- In </partnet_a7164d4766ff0e1b4ff124faf2d8d947/base/visuals>: Unresolved reference prim path @/home/ubuntu/workspace/physvla_sim/datasets/data_normalized/table_urdf/27267/configuration/fitr_info1_base.usd@</visuals/base> introduced by @/home/ubuntu/workspace/physvla_sim/datasets/data_normalized/table_urdf/27267/configuration/fitr_info1_base.usd@</partnet_a7164d4766ff0e1b4ff124faf2d8d947/base/visuals> (recomposing stage on stage @/home/ubuntu/workspace/physvla_sim/datasets/data_normalized/table_urdf/27267/fitr_info1.usd@ <0x1cfda130>)

2026-07-15T12:03:16Z [3,662ms] [Warning] [omni.usd] Warning: in _ReportErrors at line 3172 of /builds/omniverse/usd-ci/USD/pxr/usd/usd/stage.cpp -- In </partnet_a7164d4766ff0e1b4ff124faf2d8d947/base/visuals>: Unresolved reference prim path @/home/ubuntu/workspace/physvla_sim/datasets/data_normalized/table_urdf/27267/configuration/fitr_info1_physics.usd@</visuals/base> introduced by @/home/ubuntu/workspace/physvla_sim/datasets/data_normalized/table_urdf/27267/configuration/fitr_info1_base.usd@</partnet_a7164d4766ff0e1b4ff124faf2d8d947/base/visuals> (recomposing stage on stage @/home/ubuntu/workspace/physvla_sim/datasets/data_normalized/table_urdf/27267/fitr_info1.usd@ <0x1cfde8a0>)

2026-07-15T12:03:16Z [3,665ms] [Warning] [omni.usd] Warning: in _ReportErrors at line 3172 of /builds/omniverse/usd-ci/USD/pxr/usd/usd/stage.cpp -- In </partnet_a7164d4766ff0e1b4ff124faf2d8d947/base/visuals>: Unresolved reference prim path @/home/ubuntu/workspace/physvla_sim/datasets/data_normalized/table_urdf/27267/configuration/fitr_info1_physics.usd@</visuals/base> introduced by @/home/ubuntu/workspace/physvla_sim/datasets/data_normalized/table_urdf/27267/configuration/fitr_info1_base.usd@</partnet_a7164d4766ff0e1b4ff124faf2d8d947/base/visuals> (recomposing stage on stage @/home/ubuntu/workspace/physvla_sim/datasets/data_normalized/table_urdf/27267/fitr_info1.usd@ <0x1cfda130>)

2026-07-15T12:03:16Z [3,668ms] [Warning] [omni.usd] Warning: in _ReportErrors at line 3172 of /builds/omniverse/usd-ci/USD/pxr/usd/usd/stage.cpp -- In </partnet_a7164d4766ff0e1b4ff124faf2d8d947/base/visuals>: Unresolved reference prim path @/home/ubuntu/workspace/physvla_sim/datasets/data_normalized/table_urdf/27267/configuration/fitr_info1_physics.usd@</visuals/base> introduced by @/home/ubuntu/workspace/physvla_sim/datasets/data_normalized/table_urdf/27267/configuration/fitr_info1_base.usd@</partnet_a7164d4766ff0e1b4ff124faf2d8d947/base/visuals> (recomposing stage on stage @/home/ubuntu/workspace/physvla_sim/datasets/data_normalized/table_urdf/27267/fitr_info1.usd@ <0x1cfde8a0>)

2026-07-15T12:03:16Z [3,669ms] [Warning] [omni.usd] Warning: in _ReportErrors at line 3172 of /builds/omniverse/usd-ci/USD/pxr/usd/usd/stage.cpp -- In </partnet_a7164d4766ff0e1b4ff124faf2d8d947/base/visuals>: Unresolved reference prim path @/home/ubuntu/workspace/physvla_sim/datasets/data_normalized/table_urdf/27267/configuration/fitr_info1_physics.usd@</visuals/base> introduced by @/home/ubuntu/workspace/physvla_sim/datasets/data_normalized/table_urdf/27267/configuration/fitr_info1_base.usd@</partnet_a7164d4766ff0e1b4ff124faf2d8d947/base/visuals> (recomposing stage on stage @/home/ubuntu/workspace/physvla_sim/datasets/data_normalized/table_urdf/27267/fitr_info1.usd@ <0x1cfda130>)

2026-07-15T12:03:16Z [3,672ms] [Warning] [omni.usd] Warning: in _ReportErrors at line 3172 of /builds/omniverse/usd-ci/USD/pxr/usd/usd/stage.cpp -- In </partnet_a7164d4766ff0e1b4ff124faf2d8d947/base/visuals>: Unresolved reference prim path @/home/ubuntu/workspace/physvla_sim/datasets/data_normalized/table_urdf/27267/configuration/fitr_info1_physics.usd@</visuals/base> introduced by @/home/ubuntu/workspace/physvla_sim/datasets/data_normalized/table_urdf/27267/configuration/fitr_info1_base.usd@</partnet_a7164d4766ff0e1b4ff124faf2d8d947/base/visuals> (recomposing stage on stage @/home/ubuntu/workspace/physvla_sim/datasets/data_normalized/table_urdf/27267/fitr_info1.usd@ <0x1cfde8a0>)

2026-07-15T12:03:16Z [3,674ms] [Warning] [omni.usd] Warning: in _ReportErrors at line 3172 of /builds/omniverse/usd-ci/USD/pxr/usd/usd/stage.cpp -- In </partnet_a7164d4766ff0e1b4ff124faf2d8d947/base/visuals>: Unresolved reference prim path @/home/ubuntu/workspace/physvla_sim/datasets/data_normalized/table_urdf/27267/configuration/fitr_info1_physics.usd@</visuals/base> introduced by @/home/ubuntu/workspace/physvla_sim/datasets/data_normalized/table_urdf/27267/configuration/fitr_info1_base.usd@</partnet_a7164d4766ff0e1b4ff124faf2d8d947/base/visuals> (recomposing stage on stage @/home/ubuntu/workspace/physvla_sim/datasets/data_normalized/table_urdf/27267/fitr_info1.usd@ <0x1cfda130>)

2026-07-15T12:03:16Z [3,677ms] [Warning] [omni.usd] Warning: in _ReportErrors at line 3172 of /builds/omniverse/usd-ci/USD/pxr/usd/usd/stage.cpp -- In </partnet_a7164d4766ff0e1b4ff124faf2d8d947/base/visuals>: Unresolved reference prim path @/home/ubuntu/workspace/physvla_sim/datasets/data_normalized/table_urdf/27267/configuration/fitr_info1_physics.usd@</visuals/base> introduced by @/home/ubuntu/workspace/physvla_sim/datasets/data_normalized/table_urdf/27267/configuration/fitr_info1_base.usd@</partnet_a7164d4766ff0e1b4ff124faf2d8d947/base/visuals> (recomposing stage on stage @/home/ubuntu/workspace/physvla_sim/datasets/data_normalized/table_urdf/27267/fitr_info1.usd@ <0x1cfde8a0>)

2026-07-15T12:03:16Z [3,679ms] [Warning] [omni.usd] Warning: in _ReportErrors at line 3172 of /builds/omniverse/usd-ci/USD/pxr/usd/usd/stage.cpp -- In </partnet_a7164d4766ff0e1b4ff124faf2d8d947/base/visuals>: Unresolved reference prim path @/home/ubuntu/workspace/physvla_sim/datasets/data_normalized/table_urdf/27267/configuration/fitr_info1_physics.usd@</visuals/base> introduced by @/home/ubuntu/workspace/physvla_sim/datasets/data_normalized/table_urdf/27267/configuration/fitr_info1_base.usd@</partnet_a7164d4766ff0e1b4ff124faf2d8d947/base/visuals> (recomposing stage on stage @/home/ubuntu/workspace/physvla_sim/datasets/data_normalized/table_urdf/27267/fitr_info1.usd@ <0x1cfda130>)

2026-07-15T12:03:16Z [3,683ms] [Warning] [omni.usd] Warning: in _ReportErrors at line 3172 of /builds/omniverse/usd-ci/USD/pxr/usd/usd/stage.cpp -- In </partnet_a7164d4766ff0e1b4ff124faf2d8d947/base/visuals>: Unresolved reference prim path @/home/ubuntu/workspace/physvla_sim/datasets/data_normalized/table_urdf/27267/configuration/fitr_info1_physics.usd@</visuals/base> introduced by @/home/ubuntu/workspace/physvla_sim/datasets/data_normalized/table_urdf/27267/configuration/fitr_info1_base.usd@</partnet_a7164d4766ff0e1b4ff124faf2d8d947/base/visuals> (recomposing stage on stage @/home/ubuntu/workspace/physvla_sim/datasets/data_normalized/table_urdf/27267/fitr_info1.usd@ <0x1cfde8a0>)

2026-07-15T12:03:16Z [3,685ms] [Warning] [omni.usd] Warning: in _ReportErrors at line 3172 of /builds/omniverse/usd-ci/USD/pxr/usd/usd/stage.cpp -- In </partnet_a7164d4766ff0e1b4ff124faf2d8d947/base/visuals>: Unresolved reference prim path @/home/ubuntu/workspace/physvla_sim/datasets/data_normalized/table_urdf/27267/configuration/fitr_info1_physics.usd@</visuals/base> introduced by @/home/ubuntu/workspace/physvla_sim/datasets/data_normalized/table_urdf/27267/configuration/fitr_info1_base.usd@</partnet_a7164d4766ff0e1b4ff124faf2d8d947/base/visuals> (recomposing stage on stage @/home/ubuntu/workspace/physvla_sim/datasets/data_normalized/table_urdf/27267/fitr_info1.usd@ <0x1cfda130>)

2026-07-15T12:03:16Z [3,688ms] [Warning] [omni.usd] Warning: in _ReportErrors at line 3172 of /builds/omniverse/usd-ci/USD/pxr/usd/usd/stage.cpp -- In </partnet_a7164d4766ff0e1b4ff124faf2d8d947/base/visuals>: Unresolved reference prim path @/home/ubuntu/workspace/physvla_sim/datasets/data_normalized/table_urdf/27267/configuration/fitr_info1_physics.usd@</visuals/base> introduced by @/home/ubuntu/workspace/physvla_sim/datasets/data_normalized/table_urdf/27267/configuration/fitr_info1_base.usd@</partnet_a7164d4766ff0e1b4ff124faf2d8d947/base/visuals> (recomposing stage on stage @/home/ubuntu/workspace/physvla_sim/datasets/data_normalized/table_urdf/27267/fitr_info1.usd@ <0x1cfde8a0>)

2026-07-15T12:03:16Z [3,690ms] [Warning] [omni.usd] Warning: in _ReportErrors at line 3172 of /builds/omniverse/usd-ci/USD/pxr/usd/usd/stage.cpp -- In </partnet_a7164d4766ff0e1b4ff124faf2d8d947/base/visuals>: Unresolved reference prim path @/home/ubuntu/workspace/physvla_sim/datasets/data_normalized/table_urdf/27267/configuration/fitr_info1_physics.usd@</visuals/base> introduced by @/home/ubuntu/workspace/physvla_sim/datasets/data_normalized/table_urdf/27267/configuration/fitr_info1_base.usd@</partnet_a7164d4766ff0e1b4ff124faf2d8d947/base/visuals> (recomposing stage on stage @/home/ubuntu/workspace/physvla_sim/datasets/data_normalized/table_urdf/27267/fitr_info1.usd@ <0x1cfda130>)

2026-07-15T12:03:16Z [3,693ms] [Warning] [omni.usd] Warning: in _ReportErrors at line 3172 of /builds/omniverse/usd-ci/USD/pxr/usd/usd/stage.cpp -- In </partnet_a7164d4766ff0e1b4ff124faf2d8d947/base/visuals>: Unresolved reference prim path @/home/ubuntu/workspace/physvla_sim/datasets/data_normalized/table_urdf/27267/configuration/fitr_info1_physics.usd@</visuals/base> introduced by @/home/ubuntu/workspace/physvla_sim/datasets/data_normalized/table_urdf/27267/configuration/fitr_info1_base.usd@</partnet_a7164d4766ff0e1b4ff124faf2d8d947/base/visuals> (recomposing stage on stage @/home/ubuntu/workspace/physvla_sim/datasets/data_normalized/table_urdf/27267/fitr_info1.usd@ <0x1cfde8a0>)

2026-07-15T12:03:16Z [3,694ms] [Warning] [omni.usd] Warning: in _ReportErrors at line 3172 of /builds/omniverse/usd-ci/USD/pxr/usd/usd/stage.cpp -- In </partnet_a7164d4766ff0e1b4ff124faf2d8d947/base/visuals>: Unresolved reference prim path @/home/ubuntu/workspace/physvla_sim/datasets/data_normalized/table_urdf/27267/configuration/fitr_info1_physics.usd@</visuals/base> introduced by @/home/ubuntu/workspace/physvla_sim/datasets/data_normalized/table_urdf/27267/configuration/fitr_info1_base.usd@</partnet_a7164d4766ff0e1b4ff124faf2d8d947/base/visuals> (recomposing stage on stage @/home/ubuntu/workspace/physvla_sim/datasets/data_normalized/table_urdf/27267/fitr_info1.usd@ <0x1cfda130>)

Loading user config located at: '/home/ubuntu/isaacsim/kit/data/Kit/Isaac-Sim/5.1/user.config.json'
[Info] [carb] Logging to file: /home/ubuntu/isaacsim/kit/logs/Kit/Isaac-Sim/5.1/kit_20260715_200317.log
2026-07-15T12:03:17Z [0ms] [Warning] [carb.crashreporter-breakpad.plugin] [previous crash] preventing upload of minidump due to user opt-out: '/home/ubuntu/isaacsim/kit/data/Kit/Isaac-Sim/5.1/0d81a4fd-59cb-4157-42d97b80-310afb82.dmp'
2026-07-15T12:03:17Z [0ms] [Warning] [carb.crashreporter-breakpad.plugin] [previous crash] preventing upload of minidump due to user opt-out: '/home/ubuntu/isaacsim/kit/data/Kit/Isaac-Sim/5.1/7efeb785-3cdd-476a-8fc91ca3-38a85c81.dmp'
2026-07-15T12:03:17Z [0ms] [Warning] [carb.crashreporter-breakpad.plugin] [previous crash] preventing upload of minidump due to user opt-out: '/home/ubuntu/isaacsim/kit/data/Kit/Isaac-Sim/5.1/0ec06837-edee-4570-b459bb9b-e409ca73.dmp'
2026-07-15T12:03:17Z [0ms] [Warning] [carb.crashreporter-breakpad.plugin] [previous crash] preventing upload of minidump due to user opt-out: '/home/ubuntu/isaacsim/kit/data/Kit/Isaac-Sim/5.1/846da064-407f-481c-dab18ea9-9788aefc.dmp'
2026-07-15T12:03:17Z [0ms] [Warning] [carb.crashreporter-breakpad.plugin] [previous crash] preventing upload of minidump due to user opt-out: '/home/ubuntu/isaacsim/kit/data/Kit/Isaac-Sim/5.1/7674058d-a5ef-457b-61399da4-1924f871.dmp'
2026-07-15T12:03:17Z [0ms] [Warning] [carb.crashreporter-breakpad.plugin] [previous crash] preventing upload of minidump due to user opt-out: '/home/ubuntu/isaacsim/kit/data/Kit/Isaac-Sim/5.1/0dbca6de-81d5-44e8-85c7eba5-c7ac64b6.dmp'
2026-07-15T12:03:17Z [1ms] [Warning] [carb.crashreporter-breakpad.plugin] [previous crash] preventing upload of minidump due to user opt-out: '/home/ubuntu/isaacsim/kit/data/Kit/Isaac-Sim/5.1/96b6ea33-a47b-4c84-2d7408a6-bc8b64a8.dmp'
2026-07-15T12:03:17Z [192ms] [Warning] [omni.usd_config.extension] Enable omni.materialx.libs extension to use MaterialX
2026-07-15T12:03:17Z [195ms] [Warning] [omni.platforminfo.plugin] failed to open the default display.  Can't verify X Server version.
2026-07-15T12:03:17Z [473ms] [Warning] [carb] Acquiring non optional plugin interface which is not listed as dependency: [omni::physx::IPhysxBenchmarks v1.0] (plugin: <default plugin>), by client: omni.physics.physx.plugin. Add it to CARB_PLUGIN_IMPL_DEPS() macro of a client.
2026-07-15T12:03:18Z [606ms] [Warning] [omni.isaac.dynamic_control] omni.isaac.dynamic_control is deprecated as of Isaac Sim 4.5. No action is needed from end-users.

|---------------------------------------------------------------------------------------------|
| Driver Version: 580.142       | Graphics API: Vulkan
|=============================================================================================|
| GPU | Name                             | Active | LDA | GPU Memory | Vendor-ID | LUID       |
|     |                                  |        |     |            | Device-ID | UUID       |
|     |                                  |        |     |            | Bus-ID    |            |
|---------------------------------------------------------------------------------------------|
| 0   | NVIDIA GeForce RTX 5090 D v2     | Yes: 0 |     | 24701   MB | 10de      | 0          |
|     |                                  |        |     |            | 2b8c      | 5f3d0dc0.. |
|     |                                  |        |     |            | 1         |            |
|=============================================================================================|
| OS: 24.04.3 LTS (Noble Numbat) ubuntu, Version: 24.04.3, Kernel: 6.17.0-1017-oem
| Processor: Intel(R) Core(TM) i9-14900K
| Cores: 24 | Logical Cores: 32
|---------------------------------------------------------------------------------------------|
| Total Memory (MB): 64063 | Free Memory: 53804
| Total Page/Swap (MB): 8191 | Free Page/Swap: 8191
|---------------------------------------------------------------------------------------------|
2026-07-15T12:03:20Z [2,629ms] [Warning] [gpu.foundation.plugin] CPU performance profile is set to powersave. This profile sets the CPU to the lowest frequency reducing performance.
[INFO][AppLauncher]: Using device: cuda:0
[INFO][AppLauncher]: Loading experience file: /home/ubuntu/workspace/IsaacLab/apps/isaaclab.python.headless.kit
{
  "output": "/home/ubuntu/workspace/physvla_sim/datasets/data_normalized/table_urdf/27267/fitr_info1.usd",
  "scale": 0.32263747098682544,
  "scale_layer": "/home/ubuntu/workspace/physvla_sim/datasets/data_normalized/table_urdf/27267/configuration/fitr_info1_base.usd",
  "joints": [
    {
      "joint": "/partnet_a7164d4766ff0e1b4ff124faf2d8d947/joints/joint_0",
      "drive": "angular",
      "damping": 54.0,
      "stiffness": 0.0,
      "max_force": 1.7999999523162842
    },
    {
      "joint": "/partnet_a7164d4766ff0e1b4ff124faf2d8d947/joints/joint_2",
      "drive": "linear",
      "damping": 20.0,
      "stiffness": 0.0,
      "max_force": 0.6000000238418579
    }
  ],
  "dynamics_layer": "/home/ubuntu/workspace/physvla_sim/datasets/data_normalized/table_urdf/27267/configuration/fitr_info1_physics.usd",
  "affordance_links": [
    "/partnet_a7164d4766ff0e1b4ff124faf2d8d947/link_0",
    "/partnet_a7164d4766ff0e1b4ff124faf2d8d947/link_2"
  ]
}
2026-07-15T12:03:20Z [2,637ms] [Warning] [gpu.foundation.plugin] IOMMU is enabled.
2026-07-15T12:03:20Z [2,764ms] [Warning] [omni.usd] Warning: in _ReportErrors at line 3172 of /builds/omniverse/usd-ci/USD/pxr/usd/usd/stage.cpp -- In </partnet_a7164d4766ff0e1b4ff124faf2d8d947/base/visuals>: Unresolved reference prim path @/home/ubuntu/workspace/physvla_sim/datasets/data_normalized/table_urdf/27267/configuration/fitr_info1_base.usd@</visuals/base> introduced by @/home/ubuntu/workspace/physvla_sim/datasets/data_normalized/table_urdf/27267/configuration/fitr_info1_base.usd@</partnet_a7164d4766ff0e1b4ff124faf2d8d947/base/visuals> (instantiating stage on stage @/home/ubuntu/workspace/physvla_sim/datasets/data_normalized/table_urdf/27267/configuration/fitr_info1_base.usd@ <0x42807020>)

2026-07-15T12:03:20Z [2,770ms] [Warning] [omni.usd] Warning: in _ReportErrors at line 3172 of /builds/omniverse/usd-ci/USD/pxr/usd/usd/stage.cpp -- In </partnet_a7164d4766ff0e1b4ff124faf2d8d947/base/visuals>: Unresolved reference prim path @/home/ubuntu/workspace/physvla_sim/datasets/data_normalized/table_urdf/27267/configuration/fitr_info1_physics.usd@</visuals/base> introduced by @/home/ubuntu/workspace/physvla_sim/datasets/data_normalized/table_urdf/27267/configuration/fitr_info1_base.usd@</partnet_a7164d4766ff0e1b4ff124faf2d8d947/base/visuals> (instantiating stage on stage @/home/ubuntu/workspace/physvla_sim/datasets/data_normalized/table_urdf/27267/configuration/fitr_info1_physics.usd@ <0x4096a9e0>)

2026-07-15T12:03:20Z [2,773ms] [Warning] [omni.usd] Warning: in _ReportErrors at line 3172 of /builds/omniverse/usd-ci/USD/pxr/usd/usd/stage.cpp -- In </partnet_a7164d4766ff0e1b4ff124faf2d8d947/base/visuals>: Unresolved reference prim path @/home/ubuntu/workspace/physvla_sim/datasets/data_normalized/table_urdf/27267/configuration/fitr_info1_physics.usd@</visuals/base> introduced by @/home/ubuntu/workspace/physvla_sim/datasets/data_normalized/table_urdf/27267/configuration/fitr_info1_base.usd@</partnet_a7164d4766ff0e1b4ff124faf2d8d947/base/visuals> (instantiating stage on stage @/home/ubuntu/workspace/physvla_sim/datasets/data_normalized/table_urdf/27267/fitr_info1.usd@ <0x4abd2eb0>)

[OK] table_urdf/27267
[RUN] table_urdf/31249
Loading user config located at: '/home/ubuntu/isaacsim/kit/data/Kit/Isaac-Sim/5.1/user.config.json'
[Info] [carb] Logging to file: /home/ubuntu/isaacsim/kit/logs/Kit/Isaac-Sim/5.1/kit_20260715_200320.log
2026-07-15T12:03:20Z [0ms] [Warning] [carb.crashreporter-breakpad.plugin] [previous crash] preventing upload of minidump due to user opt-out: '/home/ubuntu/isaacsim/kit/data/Kit/Isaac-Sim/5.1/0d81a4fd-59cb-4157-42d97b80-310afb82.dmp'
2026-07-15T12:03:20Z [0ms] [Warning] [carb.crashreporter-breakpad.plugin] [previous crash] preventing upload of minidump due to user opt-out: '/home/ubuntu/isaacsim/kit/data/Kit/Isaac-Sim/5.1/7efeb785-3cdd-476a-8fc91ca3-38a85c81.dmp'
2026-07-15T12:03:20Z [0ms] [Warning] [carb.crashreporter-breakpad.plugin] [previous crash] preventing upload of minidump due to user opt-out: '/home/ubuntu/isaacsim/kit/data/Kit/Isaac-Sim/5.1/0ec06837-edee-4570-b459bb9b-e409ca73.dmp'
2026-07-15T12:03:20Z [0ms] [Warning] [carb.crashreporter-breakpad.plugin] [previous crash] preventing upload of minidump due to user opt-out: '/home/ubuntu/isaacsim/kit/data/Kit/Isaac-Sim/5.1/846da064-407f-481c-dab18ea9-9788aefc.dmp'
2026-07-15T12:03:20Z [0ms] [Warning] [carb.crashreporter-breakpad.plugin] [previous crash] preventing upload of minidump due to user opt-out: '/home/ubuntu/isaacsim/kit/data/Kit/Isaac-Sim/5.1/7674058d-a5ef-457b-61399da4-1924f871.dmp'
2026-07-15T12:03:20Z [1ms] [Warning] [carb.crashreporter-breakpad.plugin] [previous crash] preventing upload of minidump due to user opt-out: '/home/ubuntu/isaacsim/kit/data/Kit/Isaac-Sim/5.1/0dbca6de-81d5-44e8-85c7eba5-c7ac64b6.dmp'
2026-07-15T12:03:20Z [1ms] [Warning] [carb.crashreporter-breakpad.plugin] [previous crash] preventing upload of minidump due to user opt-out: '/home/ubuntu/isaacsim/kit/data/Kit/Isaac-Sim/5.1/96b6ea33-a47b-4c84-2d7408a6-bc8b64a8.dmp'
2026-07-15T12:03:20Z [183ms] [Warning] [omni.usd_config.extension] Enable omni.materialx.libs extension to use MaterialX
2026-07-15T12:03:20Z [187ms] [Warning] [omni.platforminfo.plugin] failed to open the default display.  Can't verify X Server version.
2026-07-15T12:03:21Z [458ms] [Warning] [carb] Acquiring non optional plugin interface which is not listed as dependency: [omni::physx::IPhysxBenchmarks v1.0] (plugin: <default plugin>), by client: omni.physics.physx.plugin. Add it to CARB_PLUGIN_IMPL_DEPS() macro of a client.
2026-07-15T12:03:21Z [590ms] [Warning] [omni.isaac.dynamic_control] omni.isaac.dynamic_control is deprecated as of Isaac Sim 4.5. No action is needed from end-users.

|---------------------------------------------------------------------------------------------|
| Driver Version: 580.142       | Graphics API: Vulkan
|=============================================================================================|
| GPU | Name                             | Active | LDA | GPU Memory | Vendor-ID | LUID       |
|     |                                  |        |     |            | Device-ID | UUID       |
|     |                                  |        |     |            | Bus-ID    |            |
|---------------------------------------------------------------------------------------------|
| 0   | NVIDIA GeForce RTX 5090 D v2     | Yes: 0 |     | 24701   MB | 10de      | 0          |
|     |                                  |        |     |            | 2b8c      | 5f3d0dc0.. |
|     |                                  |        |     |            | 1         |            |
|=============================================================================================|
| OS: 24.04.3 LTS (Noble Numbat) ubuntu, Version: 24.04.3, Kernel: 6.17.0-1017-oem
| Processor: Intel(R) Core(TM) i9-14900K
| Cores: 24 | Logical Cores: 32
|---------------------------------------------------------------------------------------------|
| Total Memory (MB): 64063 | Free Memory: 53835
| Total Page/Swap (MB): 8191 | Free Page/Swap: 8191
|---------------------------------------------------------------------------------------------|
2026-07-15T12:03:23Z [2,562ms] [Warning] [gpu.foundation.plugin] CPU performance profile is set to powersave. This profile sets the CPU to the lowest frequency reducing performance.
2026-07-15T12:03:23Z [2,569ms] [Warning] [gpu.foundation.plugin] IOMMU is enabled.
2026-07-15T12:03:23Z [2,694ms] [Warning] [carb.windowing-glfw.plugin] GLFW initialization failed.
2026-07-15T12:03:23Z [2,694ms] [Warning] [carb] Failed to startup plugin carb.windowing-glfw.plugin (interfaces: [carb::windowing::IGLContext v1.0],[carb::windowing::IWindowing v1.5]) (impl: carb.windowing-glfw.plugin)

|---------------------------------------------------------------------------------------------|
| Driver Version: 580.142       | Graphics API: Vulkan
|=============================================================================================|
| GPU | Name                             | Active | LDA | GPU Memory | Vendor-ID | LUID       |
|     |                                  |        |     |            | Device-ID | UUID       |
|     |                                  |        |     |            | Bus-ID    |            |
|---------------------------------------------------------------------------------------------|
| 0   | NVIDIA GeForce RTX 5090 D v2     | Yes: 0 |     | 24701   MB | 10de      | 0          |
|     |                                  |        |     |            | 2b8c      | 5f3d0dc0.. |
|     |                                  |        |     |            | 1         |            |
|=============================================================================================|
| OS: 24.04.3 LTS (Noble Numbat) ubuntu, Version: 24.04.3, Kernel: 6.17.0-1017-oem
| Processor: Intel(R) Core(TM) i9-14900K
| Cores: 24 | Logical Cores: 32
|---------------------------------------------------------------------------------------------|
| Total Memory (MB): 64063 | Free Memory: 53630
| Total Page/Swap (MB): 8191 | Free Page/Swap: 8191
|---------------------------------------------------------------------------------------------|
2026-07-15T12:03:23Z [2,930ms] [Warning] [gpu.foundation.plugin] CPU performance profile is set to powersave. This profile sets the CPU to the lowest frequency reducing performance.
2026-07-15T12:03:23Z [2,931ms] [Warning] [gpu.foundation.plugin] IOMMU is enabled.
2026-07-15T12:03:23Z [3,133ms] [Warning] [carb.windowing-glfw.plugin] GLFW initialization failed.
2026-07-15T12:03:23Z [3,134ms] [Warning] [carb] Failed to startup plugin carb.windowing-glfw.plugin (interfaces: [carb::windowing::IGLContext v1.0],[carb::windowing::IWindowing v1.5]) (impl: carb.windowing-glfw.plugin)
2026-07-15T12:03:23Z [3,146ms] [Warning] [carb.windowing-glfw.plugin] GLFW initialization failed.
2026-07-15T12:03:23Z [3,146ms] [Warning] [carb] Failed to startup plugin carb.windowing-glfw.plugin (interfaces: [carb::windowing::IGLContext v1.0],[carb::windowing::IWindowing v1.5]) (impl: carb.windowing-glfw.plugin)
2026-07-15T12:03:23Z [3,150ms] [Warning] [carb.windowing-glfw.plugin] GLFW initialization failed.
2026-07-15T12:03:23Z [3,150ms] [Warning] [carb] Failed to startup plugin carb.windowing-glfw.plugin (interfaces: [carb::windowing::IGLContext v1.0],[carb::windowing::IWindowing v1.5]) (impl: carb.windowing-glfw.plugin)
2026-07-15T12:03:23Z [3,155ms] [Warning] [carb.windowing-glfw.plugin] GLFW initialization failed.
2026-07-15T12:03:23Z [3,155ms] [Warning] [carb] Failed to startup plugin carb.windowing-glfw.plugin (interfaces: [carb::windowing::IGLContext v1.0],[carb::windowing::IWindowing v1.5]) (impl: carb.windowing-glfw.plugin)
2026-07-15T12:03:23Z [3,156ms] [Warning] [carb.windowing-glfw.plugin] GLFW initialization failed.
2026-07-15T12:03:23Z [3,156ms] [Warning] [carb] Failed to startup plugin carb.windowing-glfw.plugin (interfaces: [carb::windowing::IGLContext v1.0],[carb::windowing::IWindowing v1.5]) (impl: carb.windowing-glfw.plugin)
2026-07-15T12:03:23Z [3,156ms] [Warning] [carb.windowing-glfw.plugin] GLFW initialization failed.
2026-07-15T12:03:23Z [3,156ms] [Warning] [carb] Failed to startup plugin carb.windowing-glfw.plugin (interfaces: [carb::windowing::IGLContext v1.0],[carb::windowing::IWindowing v1.5]) (impl: carb.windowing-glfw.plugin)
2026-07-15T12:03:23Z [3,401ms] [Warning] [omni.graph.visualization.nodes._impl.extension] No Viewport Window to add omni.graph.visualization.nodes-2.1.3 scene to
2026-07-15T12:03:24Z [3,478ms] [Warning] [isaacsim.asset.importer.urdf] The path drawer_front-82 is not a valid usd path, modifying to drawer_front_82
2026-07-15T12:03:24Z [3,478ms] [Warning] [isaacsim.asset.importer.urdf] The path drawer_side-83 is not a valid usd path, modifying to drawer_side_83
2026-07-15T12:03:24Z [3,478ms] [Warning] [isaacsim.asset.importer.urdf] The path drawer_side-83 is not a valid usd path, modifying to drawer_side_83
2026-07-15T12:03:24Z [3,478ms] [Warning] [isaacsim.asset.importer.urdf] The path drawer_side-84 is not a valid usd path, modifying to drawer_side_84
2026-07-15T12:03:24Z [3,478ms] [Warning] [isaacsim.asset.importer.urdf] The path drawer_back-85 is not a valid usd path, modifying to drawer_back_85
2026-07-15T12:03:24Z [3,478ms] [Warning] [isaacsim.asset.importer.urdf] The path drawer_back-85 is not a valid usd path, modifying to drawer_back_85
2026-07-15T12:03:24Z [3,478ms] [Warning] [isaacsim.asset.importer.urdf] The path drawer_bottom-86 is not a valid usd path, modifying to drawer_bottom_86
2026-07-15T12:03:24Z [3,478ms] [Warning] [isaacsim.asset.importer.urdf] The path drawer_bottom-86 is not a valid usd path, modifying to drawer_bottom_86
2026-07-15T12:03:24Z [3,478ms] [Warning] [isaacsim.asset.importer.urdf] The path handle-47 is not a valid usd path, modifying to handle_47
2026-07-15T12:03:24Z [3,478ms] [Warning] [isaacsim.asset.importer.urdf] The path handle-47 is not a valid usd path, modifying to handle_47
2026-07-15T12:03:24Z [3,478ms] [Warning] [isaacsim.asset.importer.urdf] The path handle-47 is not a valid usd path, modifying to handle_47
2026-07-15T12:03:24Z [3,478ms] [Warning] [isaacsim.asset.importer.urdf] The path handle-47 is not a valid usd path, modifying to handle_47
2026-07-15T12:03:24Z [3,478ms] [Warning] [isaacsim.asset.importer.urdf] The path drawer_front-87 is not a valid usd path, modifying to drawer_front_87
2026-07-15T12:03:24Z [3,478ms] [Warning] [isaacsim.asset.importer.urdf] The path drawer_side-88 is not a valid usd path, modifying to drawer_side_88
2026-07-15T12:03:24Z [3,478ms] [Warning] [isaacsim.asset.importer.urdf] The path drawer_side-89 is not a valid usd path, modifying to drawer_side_89
2026-07-15T12:03:24Z [3,478ms] [Warning] [isaacsim.asset.importer.urdf] The path drawer_side-89 is not a valid usd path, modifying to drawer_side_89
2026-07-15T12:03:24Z [3,478ms] [Warning] [isaacsim.asset.importer.urdf] The path drawer_back-90 is not a valid usd path, modifying to drawer_back_90
2026-07-15T12:03:24Z [3,478ms] [Warning] [isaacsim.asset.importer.urdf] The path drawer_back-90 is not a valid usd path, modifying to drawer_back_90
2026-07-15T12:03:24Z [3,478ms] [Warning] [isaacsim.asset.importer.urdf] The path drawer_bottom-91 is not a valid usd path, modifying to drawer_bottom_91
2026-07-15T12:03:24Z [3,478ms] [Warning] [isaacsim.asset.importer.urdf] The path drawer_bottom-91 is not a valid usd path, modifying to drawer_bottom_91
2026-07-15T12:03:24Z [3,478ms] [Warning] [isaacsim.asset.importer.urdf] The path handle-40 is not a valid usd path, modifying to handle_40
2026-07-15T12:03:24Z [3,478ms] [Warning] [isaacsim.asset.importer.urdf] The path handle-40 is not a valid usd path, modifying to handle_40
2026-07-15T12:03:24Z [3,478ms] [Warning] [isaacsim.asset.importer.urdf] The path handle-40 is not a valid usd path, modifying to handle_40
2026-07-15T12:03:24Z [3,478ms] [Warning] [isaacsim.asset.importer.urdf] The path handle-40 is not a valid usd path, modifying to handle_40
2026-07-15T12:03:24Z [3,478ms] [Warning] [isaacsim.asset.importer.urdf] The path board-28 is not a valid usd path, modifying to board_28
2026-07-15T12:03:24Z [3,478ms] [Warning] [isaacsim.asset.importer.urdf] The path vertical_side_panel-16 is not a valid usd path, modifying to vertical_side_panel_16
2026-07-15T12:03:24Z [3,478ms] [Warning] [isaacsim.asset.importer.urdf] The path vertical_side_panel-17 is not a valid usd path, modifying to vertical_side_panel_17
2026-07-15T12:03:24Z [3,478ms] [Warning] [isaacsim.asset.importer.urdf] The path vertical_side_panel-18 is not a valid usd path, modifying to vertical_side_panel_18
2026-07-15T12:03:24Z [3,478ms] [Warning] [isaacsim.asset.importer.urdf] The path vertical_side_panel-19 is not a valid usd path, modifying to vertical_side_panel_19
2026-07-15T12:03:24Z [3,478ms] [Warning] [isaacsim.asset.importer.urdf] The path bottom_panel-20 is not a valid usd path, modifying to bottom_panel_20
2026-07-15T12:03:24Z [3,478ms] [Warning] [isaacsim.asset.importer.urdf] The path leg-21 is not a valid usd path, modifying to leg_21
2026-07-15T12:03:24Z [3,478ms] [Warning] [isaacsim.asset.importer.urdf] The path leg-21 is not a valid usd path, modifying to leg_21
2026-07-15T12:03:24Z [3,478ms] [Warning] [isaacsim.asset.importer.urdf] The path leg-21 is not a valid usd path, modifying to leg_21
2026-07-15T12:03:24Z [3,478ms] [Warning] [isaacsim.asset.importer.urdf] The path leg-21 is not a valid usd path, modifying to leg_21
2026-07-15T12:03:24Z [3,478ms] [Warning] [isaacsim.asset.importer.urdf] The path leg-22 is not a valid usd path, modifying to leg_22
2026-07-15T12:03:24Z [3,478ms] [Warning] [isaacsim.asset.importer.urdf] The path leg-22 is not a valid usd path, modifying to leg_22
2026-07-15T12:03:24Z [3,478ms] [Warning] [isaacsim.asset.importer.urdf] The path leg-22 is not a valid usd path, modifying to leg_22
2026-07-15T12:03:24Z [3,478ms] [Warning] [isaacsim.asset.importer.urdf] The path leg-22 is not a valid usd path, modifying to leg_22
2026-07-15T12:03:24Z [3,478ms] [Warning] [isaacsim.asset.importer.urdf] The path leg-23 is not a valid usd path, modifying to leg_23
2026-07-15T12:03:24Z [3,478ms] [Warning] [isaacsim.asset.importer.urdf] The path leg-23 is not a valid usd path, modifying to leg_23
2026-07-15T12:03:24Z [3,478ms] [Warning] [isaacsim.asset.importer.urdf] The path leg-23 is not a valid usd path, modifying to leg_23
2026-07-15T12:03:24Z [3,478ms] [Warning] [isaacsim.asset.importer.urdf] The path leg-23 is not a valid usd path, modifying to leg_23
2026-07-15T12:03:24Z [3,478ms] [Warning] [isaacsim.asset.importer.urdf] The path leg-24 is not a valid usd path, modifying to leg_24
2026-07-15T12:03:24Z [3,478ms] [Warning] [isaacsim.asset.importer.urdf] The path leg-24 is not a valid usd path, modifying to leg_24
2026-07-15T12:03:24Z [3,478ms] [Warning] [isaacsim.asset.importer.urdf] The path leg-24 is not a valid usd path, modifying to leg_24
2026-07-15T12:03:24Z [3,478ms] [Warning] [isaacsim.asset.importer.urdf] The path leg-24 is not a valid usd path, modifying to leg_24
2026-07-15T12:03:24Z [3,478ms] [Warning] [isaacsim.asset.importer.urdf] The path shelf-32 is not a valid usd path, modifying to shelf_32
2026-07-15T12:03:24Z [3,478ms] [Warning] [isaacsim.asset.importer.urdf] The path back_panel-53 is not a valid usd path, modifying to back_panel_53
2026-07-15T12:03:24Z [3,478ms] [Warning] [isaacsim.asset.importer.urdf] The path bottom_panel-54 is not a valid usd path, modifying to bottom_panel_54
2026-07-15T12:03:24Z [3,478ms] [Warning] [isaacsim.asset.importer.urdf] The path shelf-55 is not a valid usd path, modifying to shelf_55
2026-07-15T12:03:24Z [3,478ms] [Warning] [isaacsim.asset.importer.urdf] The path shelf-56 is not a valid usd path, modifying to shelf_56
2026-07-15T12:03:24Z [3,478ms] [Warning] [isaacsim.asset.importer.urdf] The path shelf-57 is not a valid usd path, modifying to shelf_57
2026-07-15T12:03:24Z [3,478ms] [Warning] [isaacsim.asset.importer.urdf] The path shelf-58 is not a valid usd path, modifying to shelf_58
2026-07-15T12:03:24Z [3,478ms] [Warning] [isaacsim.asset.importer.urdf] The path bar_stretcher-59 is not a valid usd path, modifying to bar_stretcher_59
2026-07-15T12:03:24Z [3,478ms] [Warning] [isaacsim.asset.importer.urdf] The path bar_stretcher-60 is not a valid usd path, modifying to bar_stretcher_60
2026-07-15T12:03:24Z [3,478ms] [Warning] [isaacsim.asset.importer.urdf] The path hinge-69 is not a valid usd path, modifying to hinge_69
2026-07-15T12:03:24Z [3,478ms] [Warning] [isaacsim.asset.importer.urdf] The path hinge-70 is not a valid usd path, modifying to hinge_70
2026-07-15T12:03:24Z [3,478ms] [Warning] [isaacsim.asset.importer.urdf] The path hinge-71 is not a valid usd path, modifying to hinge_71
2026-07-15T12:03:24Z [3,478ms] [Warning] [isaacsim.asset.importer.urdf] The path hinge-72 is not a valid usd path, modifying to hinge_72
2026-07-15T12:03:24Z [3,478ms] [Warning] [isaacsim.asset.importer.urdf] The path other_leaf-74 is not a valid usd path, modifying to other_leaf_74
2026-07-15T12:03:24Z [3,478ms] [Warning] [isaacsim.asset.importer.urdf] The path other_leaf-75 is not a valid usd path, modifying to other_leaf_75
2026-07-15T12:03:24Z [3,478ms] [Warning] [isaacsim.asset.importer.urdf] The path other_leaf-76 is not a valid usd path, modifying to other_leaf_76
2026-07-15T12:03:24Z [3,478ms] [Warning] [isaacsim.asset.importer.urdf] The path other_leaf-77 is not a valid usd path, modifying to other_leaf_77
2026-07-15T12:03:24Z [3,478ms] [Warning] [isaacsim.asset.importer.urdf] The path other_leaf-78 is not a valid usd path, modifying to other_leaf_78
2026-07-15T12:03:24Z [3,478ms] [Warning] [isaacsim.asset.importer.urdf] The path other_leaf-79 is not a valid usd path, modifying to other_leaf_79
2026-07-15T12:03:24Z [3,478ms] [Warning] [isaacsim.asset.importer.urdf] The path other_leaf-80 is not a valid usd path, modifying to other_leaf_80
2026-07-15T12:03:24Z [3,478ms] [Warning] [isaacsim.asset.importer.urdf] The path other_leaf-81 is not a valid usd path, modifying to other_leaf_81
2026-07-15T12:03:24Z [3,478ms] [Warning] [isaacsim.asset.importer.urdf] The path cabinet_door_surface-35 is not a valid usd path, modifying to cabinet_door_surface_35
2026-07-15T12:03:24Z [3,478ms] [Warning] [isaacsim.asset.importer.urdf] The path cabinet_door_surface-35 is not a valid usd path, modifying to cabinet_door_surface_35
2026-07-15T12:03:24Z [3,478ms] [Warning] [isaacsim.asset.importer.urdf] The path cabinet_door_surface-35 is not a valid usd path, modifying to cabinet_door_surface_35
2026-07-15T12:03:24Z [3,478ms] [Warning] [isaacsim.asset.importer.urdf] The path cabinet_door_surface-35 is not a valid usd path, modifying to cabinet_door_surface_35
2026-07-15T12:03:24Z [3,478ms] [Warning] [isaacsim.asset.importer.urdf] The path cabinet_door_surface-35 is not a valid usd path, modifying to cabinet_door_surface_35
2026-07-15T12:03:24Z [3,478ms] [Warning] [isaacsim.asset.importer.urdf] The path handle-36 is not a valid usd path, modifying to handle_36
2026-07-15T12:03:24Z [3,478ms] [Warning] [isaacsim.asset.importer.urdf] The path handle-36 is not a valid usd path, modifying to handle_36
2026-07-15T12:03:24Z [3,478ms] [Warning] [isaacsim.asset.importer.urdf] The path handle-36 is not a valid usd path, modifying to handle_36
2026-07-15T12:03:24Z [3,478ms] [Warning] [isaacsim.asset.importer.urdf] The path handle-36 is not a valid usd path, modifying to handle_36
2026-07-15T12:03:24Z [3,478ms] [Warning] [isaacsim.asset.importer.urdf] The path cabinet_door_surface-37 is not a valid usd path, modifying to cabinet_door_surface_37
2026-07-15T12:03:24Z [3,478ms] [Warning] [isaacsim.asset.importer.urdf] The path cabinet_door_surface-37 is not a valid usd path, modifying to cabinet_door_surface_37
2026-07-15T12:03:24Z [3,478ms] [Warning] [isaacsim.asset.importer.urdf] The path cabinet_door_surface-37 is not a valid usd path, modifying to cabinet_door_surface_37
2026-07-15T12:03:24Z [3,478ms] [Warning] [isaacsim.asset.importer.urdf] The path cabinet_door_surface-37 is not a valid usd path, modifying to cabinet_door_surface_37
2026-07-15T12:03:24Z [3,478ms] [Warning] [isaacsim.asset.importer.urdf] The path cabinet_door_surface-37 is not a valid usd path, modifying to cabinet_door_surface_37
2026-07-15T12:03:24Z [3,478ms] [Warning] [isaacsim.asset.importer.urdf] The path handle-38 is not a valid usd path, modifying to handle_38
2026-07-15T12:03:24Z [3,478ms] [Warning] [isaacsim.asset.importer.urdf] The path handle-38 is not a valid usd path, modifying to handle_38
2026-07-15T12:03:24Z [3,478ms] [Warning] [isaacsim.asset.importer.urdf] The path handle-38 is not a valid usd path, modifying to handle_38
2026-07-15T12:03:24Z [3,478ms] [Warning] [isaacsim.asset.importer.urdf] The path handle-38 is not a valid usd path, modifying to handle_38
2026-07-15T12:03:24Z [3,494ms] [Warning] [isaacsim.asset.importer.urdf] No mass specified for link base
2026-07-15T12:03:24Z [3,495ms] [Warning] [omni.usd] Warning: in _ReportErrors at line 3172 of /builds/omniverse/usd-ci/USD/pxr/usd/usd/stage.cpp -- In </partnet_77b83ff0d0eeb34e6349f6b5431fb3d1/base/visuals>: Unresolved reference prim path @/home/ubuntu/workspace/physvla_sim/datasets/data_normalized/table_urdf/31249/configuration/fitr_info1_physics.usd@</visuals/base> introduced by @/home/ubuntu/workspace/physvla_sim/datasets/data_normalized/table_urdf/31249/configuration/fitr_info1_base.usd@</partnet_77b83ff0d0eeb34e6349f6b5431fb3d1/base/visuals> (recomposing stage on stage @/home/ubuntu/workspace/physvla_sim/datasets/data_normalized/table_urdf/31249/configuration/fitr_info1_physics.usd@ <0x3676caa0>)

2026-07-15T12:03:24Z [3,495ms] [Warning] [omni.usd] Warning: in _ReportErrors at line 3172 of /builds/omniverse/usd-ci/USD/pxr/usd/usd/stage.cpp -- In </partnet_77b83ff0d0eeb34e6349f6b5431fb3d1/base/visuals>: Unresolved reference prim path @/home/ubuntu/workspace/physvla_sim/datasets/data_normalized/table_urdf/31249/fitr_info1.usd@</visuals/base> introduced by @/home/ubuntu/workspace/physvla_sim/datasets/data_normalized/table_urdf/31249/configuration/fitr_info1_base.usd@</partnet_77b83ff0d0eeb34e6349f6b5431fb3d1/base/visuals> (recomposing stage on stage @/home/ubuntu/workspace/physvla_sim/datasets/data_normalized/table_urdf/31249/fitr_info1.usd@ <0x367594e0>)

2026-07-15T12:03:24Z [3,495ms] [Warning] [omni.usd] Warning: in _ReportErrors at line 3172 of /builds/omniverse/usd-ci/USD/pxr/usd/usd/stage.cpp -- In </partnet_77b83ff0d0eeb34e6349f6b5431fb3d1/base/visuals>: Unresolved reference prim path @/home/ubuntu/workspace/physvla_sim/datasets/data_normalized/table_urdf/31249/fitr_info1.usd@</visuals/base> introduced by @/home/ubuntu/workspace/physvla_sim/datasets/data_normalized/table_urdf/31249/configuration/fitr_info1_base.usd@</partnet_77b83ff0d0eeb34e6349f6b5431fb3d1/base/visuals> (recomposing stage on stage @/home/ubuntu/workspace/physvla_sim/datasets/data_normalized/table_urdf/31249/fitr_info1.usd@ <0x36754d00>)

2026-07-15T12:03:24Z [3,495ms] [Warning] [omni.usd] Warning: in _ReportErrors at line 3172 of /builds/omniverse/usd-ci/USD/pxr/usd/usd/stage.cpp -- In </partnet_77b83ff0d0eeb34e6349f6b5431fb3d1/base/visuals>: Unresolved reference prim path @/home/ubuntu/workspace/physvla_sim/datasets/data_normalized/table_urdf/31249/configuration/fitr_info1_base.usd@</visuals/base> introduced by @/home/ubuntu/workspace/physvla_sim/datasets/data_normalized/table_urdf/31249/configuration/fitr_info1_base.usd@</partnet_77b83ff0d0eeb34e6349f6b5431fb3d1/base/visuals> (recomposing stage on stage @/home/ubuntu/workspace/physvla_sim/datasets/data_normalized/table_urdf/31249/configuration/fitr_info1_base.usd@ <0x36776140>)

2026-07-15T12:03:24Z [3,495ms] [Warning] [omni.usd] Warning: in _ReportErrors at line 3172 of /builds/omniverse/usd-ci/USD/pxr/usd/usd/stage.cpp -- In </partnet_77b83ff0d0eeb34e6349f6b5431fb3d1/base/visuals>: Unresolved reference prim path @/home/ubuntu/workspace/physvla_sim/datasets/data_normalized/table_urdf/31249/configuration/fitr_info1_physics.usd@</visuals/base> introduced by @/home/ubuntu/workspace/physvla_sim/datasets/data_normalized/table_urdf/31249/configuration/fitr_info1_base.usd@</partnet_77b83ff0d0eeb34e6349f6b5431fb3d1/base/visuals> (recomposing stage on stage @/home/ubuntu/workspace/physvla_sim/datasets/data_normalized/table_urdf/31249/configuration/fitr_info1_physics.usd@ <0x3676caa0>)

2026-07-15T12:03:24Z [3,495ms] [Warning] [omni.usd] Warning: in _ReportErrors at line 3172 of /builds/omniverse/usd-ci/USD/pxr/usd/usd/stage.cpp -- In </partnet_77b83ff0d0eeb34e6349f6b5431fb3d1/base/visuals>: Unresolved reference prim path @/home/ubuntu/workspace/physvla_sim/datasets/data_normalized/table_urdf/31249/fitr_info1.usd@</visuals/base> introduced by @/home/ubuntu/workspace/physvla_sim/datasets/data_normalized/table_urdf/31249/configuration/fitr_info1_base.usd@</partnet_77b83ff0d0eeb34e6349f6b5431fb3d1/base/visuals> (recomposing stage on stage @/home/ubuntu/workspace/physvla_sim/datasets/data_normalized/table_urdf/31249/fitr_info1.usd@ <0x367594e0>)

2026-07-15T12:03:24Z [3,496ms] [Warning] [omni.usd] Warning: in _ReportErrors at line 3172 of /builds/omniverse/usd-ci/USD/pxr/usd/usd/stage.cpp -- In </partnet_77b83ff0d0eeb34e6349f6b5431fb3d1/base/visuals>: Unresolved reference prim path @/home/ubuntu/workspace/physvla_sim/datasets/data_normalized/table_urdf/31249/fitr_info1.usd@</visuals/base> introduced by @/home/ubuntu/workspace/physvla_sim/datasets/data_normalized/table_urdf/31249/configuration/fitr_info1_base.usd@</partnet_77b83ff0d0eeb34e6349f6b5431fb3d1/base/visuals> (recomposing stage on stage @/home/ubuntu/workspace/physvla_sim/datasets/data_normalized/table_urdf/31249/fitr_info1.usd@ <0x36754d00>)

2026-07-15T12:03:24Z [3,496ms] [Warning] [omni.usd] Warning: in _ReportErrors at line 3172 of /builds/omniverse/usd-ci/USD/pxr/usd/usd/stage.cpp -- In </partnet_77b83ff0d0eeb34e6349f6b5431fb3d1/base/visuals>: Unresolved reference prim path @/home/ubuntu/workspace/physvla_sim/datasets/data_normalized/table_urdf/31249/configuration/fitr_info1_base.usd@</visuals/base> introduced by @/home/ubuntu/workspace/physvla_sim/datasets/data_normalized/table_urdf/31249/configuration/fitr_info1_base.usd@</partnet_77b83ff0d0eeb34e6349f6b5431fb3d1/base/visuals> (recomposing stage on stage @/home/ubuntu/workspace/physvla_sim/datasets/data_normalized/table_urdf/31249/configuration/fitr_info1_base.usd@ <0x36776140>)

2026-07-15T12:03:24Z [3,496ms] [Warning] [isaacsim.asset.importer.urdf] Link base has no colliders, and no inertia was imported; assigning a small isotropic inertia matrix
2026-07-15T12:03:24Z [3,497ms] [Warning] [isaacsim.asset.importer.urdf] No mass specified for link link_2
2026-07-15T12:03:24Z [4,041ms] [Warning] [isaacsim.asset.importer.urdf] No mass specified for link link_0
2026-07-15T12:03:24Z [4,172ms] [Warning] [isaacsim.asset.importer.urdf] No mass specified for link link_1
2026-07-15T12:03:24Z [4,311ms] [Warning] [isaacsim.asset.importer.urdf] No mass specified for link link_3
2026-07-15T12:03:25Z [4,433ms] [Warning] [isaacsim.asset.importer.urdf] No mass specified for link link_4
2026-07-15T12:03:25Z [4,567ms] [Warning] [omni.usd] Warning: in _ReportErrors at line 3172 of /builds/omniverse/usd-ci/USD/pxr/usd/usd/stage.cpp -- In </partnet_77b83ff0d0eeb34e6349f6b5431fb3d1/base/visuals>: Unresolved reference prim path @/home/ubuntu/workspace/physvla_sim/datasets/data_normalized/table_urdf/31249/configuration/fitr_info1_base.usd@</visuals/base> introduced by @/home/ubuntu/workspace/physvla_sim/datasets/data_normalized/table_urdf/31249/configuration/fitr_info1_base.usd@</partnet_77b83ff0d0eeb34e6349f6b5431fb3d1/base/visuals> (recomposing stage on stage @/home/ubuntu/workspace/physvla_sim/datasets/data_normalized/table_urdf/31249/fitr_info1.usd@ <0x367594e0>)

2026-07-15T12:03:25Z [4,570ms] [Warning] [omni.usd] Warning: in _ReportErrors at line 3172 of /builds/omniverse/usd-ci/USD/pxr/usd/usd/stage.cpp -- In </partnet_77b83ff0d0eeb34e6349f6b5431fb3d1/base/visuals>: Unresolved reference prim path @/home/ubuntu/workspace/physvla_sim/datasets/data_normalized/table_urdf/31249/configuration/fitr_info1_base.usd@</visuals/base> introduced by @/home/ubuntu/workspace/physvla_sim/datasets/data_normalized/table_urdf/31249/configuration/fitr_info1_base.usd@</partnet_77b83ff0d0eeb34e6349f6b5431fb3d1/base/visuals> (recomposing stage on stage @/home/ubuntu/workspace/physvla_sim/datasets/data_normalized/table_urdf/31249/fitr_info1.usd@ <0x36754d00>)

2026-07-15T12:03:25Z [4,575ms] [Warning] [omni.usd] Warning: in _ReportErrors at line 3172 of /builds/omniverse/usd-ci/USD/pxr/usd/usd/stage.cpp -- In </partnet_77b83ff0d0eeb34e6349f6b5431fb3d1/base/visuals>: Unresolved reference prim path @/home/ubuntu/workspace/physvla_sim/datasets/data_normalized/table_urdf/31249/configuration/fitr_info1_physics.usd@</visuals/base> introduced by @/home/ubuntu/workspace/physvla_sim/datasets/data_normalized/table_urdf/31249/configuration/fitr_info1_base.usd@</partnet_77b83ff0d0eeb34e6349f6b5431fb3d1/base/visuals> (recomposing stage on stage @/home/ubuntu/workspace/physvla_sim/datasets/data_normalized/table_urdf/31249/fitr_info1.usd@ <0x367594e0>)

2026-07-15T12:03:25Z [4,576ms] [Warning] [omni.usd] Warning: in _ReportErrors at line 3172 of /builds/omniverse/usd-ci/USD/pxr/usd/usd/stage.cpp -- In </partnet_77b83ff0d0eeb34e6349f6b5431fb3d1/base/visuals>: Unresolved reference prim path @/home/ubuntu/workspace/physvla_sim/datasets/data_normalized/table_urdf/31249/configuration/fitr_info1_physics.usd@</visuals/base> introduced by @/home/ubuntu/workspace/physvla_sim/datasets/data_normalized/table_urdf/31249/configuration/fitr_info1_base.usd@</partnet_77b83ff0d0eeb34e6349f6b5431fb3d1/base/visuals> (recomposing stage on stage @/home/ubuntu/workspace/physvla_sim/datasets/data_normalized/table_urdf/31249/fitr_info1.usd@ <0x36754d00>)

2026-07-15T12:03:25Z [4,580ms] [Warning] [omni.usd] Warning: in _ReportErrors at line 3172 of /builds/omniverse/usd-ci/USD/pxr/usd/usd/stage.cpp -- In </partnet_77b83ff0d0eeb34e6349f6b5431fb3d1/base/visuals>: Unresolved reference prim path @/home/ubuntu/workspace/physvla_sim/datasets/data_normalized/table_urdf/31249/configuration/fitr_info1_physics.usd@</visuals/base> introduced by @/home/ubuntu/workspace/physvla_sim/datasets/data_normalized/table_urdf/31249/configuration/fitr_info1_base.usd@</partnet_77b83ff0d0eeb34e6349f6b5431fb3d1/base/visuals> (recomposing stage on stage @/home/ubuntu/workspace/physvla_sim/datasets/data_normalized/table_urdf/31249/fitr_info1.usd@ <0x367594e0>)

2026-07-15T12:03:25Z [4,583ms] [Warning] [omni.usd] Warning: in _ReportErrors at line 3172 of /builds/omniverse/usd-ci/USD/pxr/usd/usd/stage.cpp -- In </partnet_77b83ff0d0eeb34e6349f6b5431fb3d1/base/visuals>: Unresolved reference prim path @/home/ubuntu/workspace/physvla_sim/datasets/data_normalized/table_urdf/31249/configuration/fitr_info1_physics.usd@</visuals/base> introduced by @/home/ubuntu/workspace/physvla_sim/datasets/data_normalized/table_urdf/31249/configuration/fitr_info1_base.usd@</partnet_77b83ff0d0eeb34e6349f6b5431fb3d1/base/visuals> (recomposing stage on stage @/home/ubuntu/workspace/physvla_sim/datasets/data_normalized/table_urdf/31249/fitr_info1.usd@ <0x36754d00>)

2026-07-15T12:03:25Z [4,587ms] [Warning] [omni.usd] Warning: in _ReportErrors at line 3172 of /builds/omniverse/usd-ci/USD/pxr/usd/usd/stage.cpp -- In </partnet_77b83ff0d0eeb34e6349f6b5431fb3d1/base/visuals>: Unresolved reference prim path @/home/ubuntu/workspace/physvla_sim/datasets/data_normalized/table_urdf/31249/configuration/fitr_info1_physics.usd@</visuals/base> introduced by @/home/ubuntu/workspace/physvla_sim/datasets/data_normalized/table_urdf/31249/configuration/fitr_info1_base.usd@</partnet_77b83ff0d0eeb34e6349f6b5431fb3d1/base/visuals> (recomposing stage on stage @/home/ubuntu/workspace/physvla_sim/datasets/data_normalized/table_urdf/31249/fitr_info1.usd@ <0x367594e0>)

2026-07-15T12:03:25Z [4,591ms] [Warning] [omni.usd] Warning: in _ReportErrors at line 3172 of /builds/omniverse/usd-ci/USD/pxr/usd/usd/stage.cpp -- In </partnet_77b83ff0d0eeb34e6349f6b5431fb3d1/base/visuals>: Unresolved reference prim path @/home/ubuntu/workspace/physvla_sim/datasets/data_normalized/table_urdf/31249/configuration/fitr_info1_physics.usd@</visuals/base> introduced by @/home/ubuntu/workspace/physvla_sim/datasets/data_normalized/table_urdf/31249/configuration/fitr_info1_base.usd@</partnet_77b83ff0d0eeb34e6349f6b5431fb3d1/base/visuals> (recomposing stage on stage @/home/ubuntu/workspace/physvla_sim/datasets/data_normalized/table_urdf/31249/fitr_info1.usd@ <0x36754d00>)

2026-07-15T12:03:25Z [4,596ms] [Warning] [omni.usd] Warning: in _ReportErrors at line 3172 of /builds/omniverse/usd-ci/USD/pxr/usd/usd/stage.cpp -- In </partnet_77b83ff0d0eeb34e6349f6b5431fb3d1/base/visuals>: Unresolved reference prim path @/home/ubuntu/workspace/physvla_sim/datasets/data_normalized/table_urdf/31249/configuration/fitr_info1_physics.usd@</visuals/base> introduced by @/home/ubuntu/workspace/physvla_sim/datasets/data_normalized/table_urdf/31249/configuration/fitr_info1_base.usd@</partnet_77b83ff0d0eeb34e6349f6b5431fb3d1/base/visuals> (recomposing stage on stage @/home/ubuntu/workspace/physvla_sim/datasets/data_normalized/table_urdf/31249/fitr_info1.usd@ <0x367594e0>)

2026-07-15T12:03:25Z [4,600ms] [Warning] [omni.usd] Warning: in _ReportErrors at line 3172 of /builds/omniverse/usd-ci/USD/pxr/usd/usd/stage.cpp -- In </partnet_77b83ff0d0eeb34e6349f6b5431fb3d1/base/visuals>: Unresolved reference prim path @/home/ubuntu/workspace/physvla_sim/datasets/data_normalized/table_urdf/31249/configuration/fitr_info1_physics.usd@</visuals/base> introduced by @/home/ubuntu/workspace/physvla_sim/datasets/data_normalized/table_urdf/31249/configuration/fitr_info1_base.usd@</partnet_77b83ff0d0eeb34e6349f6b5431fb3d1/base/visuals> (recomposing stage on stage @/home/ubuntu/workspace/physvla_sim/datasets/data_normalized/table_urdf/31249/fitr_info1.usd@ <0x36754d00>)

2026-07-15T12:03:25Z [4,605ms] [Warning] [omni.usd] Warning: in _ReportErrors at line 3172 of /builds/omniverse/usd-ci/USD/pxr/usd/usd/stage.cpp -- In </partnet_77b83ff0d0eeb34e6349f6b5431fb3d1/base/visuals>: Unresolved reference prim path @/home/ubuntu/workspace/physvla_sim/datasets/data_normalized/table_urdf/31249/configuration/fitr_info1_physics.usd@</visuals/base> introduced by @/home/ubuntu/workspace/physvla_sim/datasets/data_normalized/table_urdf/31249/configuration/fitr_info1_base.usd@</partnet_77b83ff0d0eeb34e6349f6b5431fb3d1/base/visuals> (recomposing stage on stage @/home/ubuntu/workspace/physvla_sim/datasets/data_normalized/table_urdf/31249/fitr_info1.usd@ <0x367594e0>)

2026-07-15T12:03:25Z [4,609ms] [Warning] [omni.usd] Warning: in _ReportErrors at line 3172 of /builds/omniverse/usd-ci/USD/pxr/usd/usd/stage.cpp -- In </partnet_77b83ff0d0eeb34e6349f6b5431fb3d1/base/visuals>: Unresolved reference prim path @/home/ubuntu/workspace/physvla_sim/datasets/data_normalized/table_urdf/31249/configuration/fitr_info1_physics.usd@</visuals/base> introduced by @/home/ubuntu/workspace/physvla_sim/datasets/data_normalized/table_urdf/31249/configuration/fitr_info1_base.usd@</partnet_77b83ff0d0eeb34e6349f6b5431fb3d1/base/visuals> (recomposing stage on stage @/home/ubuntu/workspace/physvla_sim/datasets/data_normalized/table_urdf/31249/fitr_info1.usd@ <0x36754d00>)

2026-07-15T12:03:25Z [4,612ms] [Warning] [omni.usd] Warning: in _ReportErrors at line 3172 of /builds/omniverse/usd-ci/USD/pxr/usd/usd/stage.cpp -- In </partnet_77b83ff0d0eeb34e6349f6b5431fb3d1/base/visuals>: Unresolved reference prim path @/home/ubuntu/workspace/physvla_sim/datasets/data_normalized/table_urdf/31249/configuration/fitr_info1_physics.usd@</visuals/base> introduced by @/home/ubuntu/workspace/physvla_sim/datasets/data_normalized/table_urdf/31249/configuration/fitr_info1_base.usd@</partnet_77b83ff0d0eeb34e6349f6b5431fb3d1/base/visuals> (recomposing stage on stage @/home/ubuntu/workspace/physvla_sim/datasets/data_normalized/table_urdf/31249/fitr_info1.usd@ <0x367594e0>)

2026-07-15T12:03:25Z [4,616ms] [Warning] [omni.usd] Warning: in _ReportErrors at line 3172 of /builds/omniverse/usd-ci/USD/pxr/usd/usd/stage.cpp -- In </partnet_77b83ff0d0eeb34e6349f6b5431fb3d1/base/visuals>: Unresolved reference prim path @/home/ubuntu/workspace/physvla_sim/datasets/data_normalized/table_urdf/31249/configuration/fitr_info1_physics.usd@</visuals/base> introduced by @/home/ubuntu/workspace/physvla_sim/datasets/data_normalized/table_urdf/31249/configuration/fitr_info1_base.usd@</partnet_77b83ff0d0eeb34e6349f6b5431fb3d1/base/visuals> (recomposing stage on stage @/home/ubuntu/workspace/physvla_sim/datasets/data_normalized/table_urdf/31249/fitr_info1.usd@ <0x36754d00>)

2026-07-15T12:03:25Z [4,620ms] [Warning] [omni.usd] Warning: in _ReportErrors at line 3172 of /builds/omniverse/usd-ci/USD/pxr/usd/usd/stage.cpp -- In </partnet_77b83ff0d0eeb34e6349f6b5431fb3d1/base/visuals>: Unresolved reference prim path @/home/ubuntu/workspace/physvla_sim/datasets/data_normalized/table_urdf/31249/configuration/fitr_info1_physics.usd@</visuals/base> introduced by @/home/ubuntu/workspace/physvla_sim/datasets/data_normalized/table_urdf/31249/configuration/fitr_info1_base.usd@</partnet_77b83ff0d0eeb34e6349f6b5431fb3d1/base/visuals> (recomposing stage on stage @/home/ubuntu/workspace/physvla_sim/datasets/data_normalized/table_urdf/31249/fitr_info1.usd@ <0x367594e0>)

2026-07-15T12:03:25Z [4,623ms] [Warning] [omni.usd] Warning: in _ReportErrors at line 3172 of /builds/omniverse/usd-ci/USD/pxr/usd/usd/stage.cpp -- In </partnet_77b83ff0d0eeb34e6349f6b5431fb3d1/base/visuals>: Unresolved reference prim path @/home/ubuntu/workspace/physvla_sim/datasets/data_normalized/table_urdf/31249/configuration/fitr_info1_physics.usd@</visuals/base> introduced by @/home/ubuntu/workspace/physvla_sim/datasets/data_normalized/table_urdf/31249/configuration/fitr_info1_base.usd@</partnet_77b83ff0d0eeb34e6349f6b5431fb3d1/base/visuals> (recomposing stage on stage @/home/ubuntu/workspace/physvla_sim/datasets/data_normalized/table_urdf/31249/fitr_info1.usd@ <0x36754d00>)

Traceback (most recent call last):
  File "/home/ubuntu/workspace/physvla_sim/Augment_code/dyn/author_info1_usd.py", line 312, in <module>
    main()
  File "/home/ubuntu/workspace/physvla_sim/Augment_code/dyn/author_info1_usd.py", line 235, in main
    root, scale_m, link_paths = author_root_and_affordances(base_stage, info)
                                ^^^^^^^^^^^^^^^^^^^^^^^^^^^^^^^^^^^^^^^^^^^^^
  File "/home/ubuntu/workspace/physvla_sim/Augment_code/dyn/author_info1_usd.py", line 184, in author_root_and_affordances
    link_name = resolve_link_name(args.asset_dir, affordance)
                ^^^^^^^^^^^^^^^^^^^^^^^^^^^^^^^^^^^^^^^^^^^^^
  File "/home/ubuntu/workspace/physvla_sim/Augment_code/dyn/author_info1_usd.py", line 132, in resolve_link_name
    joint_name = resolve_joint_name(asset_dir, data)
                 ^^^^^^^^^^^^^^^^^^^^^^^^^^^^^^^^^^^
  File "/home/ubuntu/workspace/physvla_sim/Augment_code/dyn/author_info1_usd.py", line 119, in resolve_joint_name
    raise ValueError(
ValueError: Cannot map info1 joint_2 to one revolute joint for link cabinet_door_surface; candidates=['joint_3', 'joint_4']
Loading user config located at: '/home/ubuntu/isaacsim/kit/data/Kit/Isaac-Sim/5.1/user.config.json'
[Info] [carb] Logging to file: /home/ubuntu/isaacsim/kit/logs/Kit/Isaac-Sim/5.1/kit_20260715_200325.log
2026-07-15T12:03:25Z [0ms] [Warning] [carb.crashreporter-breakpad.plugin] [previous crash] preventing upload of minidump due to user opt-out: '/home/ubuntu/isaacsim/kit/data/Kit/Isaac-Sim/5.1/0d81a4fd-59cb-4157-42d97b80-310afb82.dmp'
2026-07-15T12:03:25Z [0ms] [Warning] [carb.crashreporter-breakpad.plugin] [previous crash] preventing upload of minidump due to user opt-out: '/home/ubuntu/isaacsim/kit/data/Kit/Isaac-Sim/5.1/7efeb785-3cdd-476a-8fc91ca3-38a85c81.dmp'
2026-07-15T12:03:25Z [0ms] [Warning] [carb.crashreporter-breakpad.plugin] [previous crash] preventing upload of minidump due to user opt-out: '/home/ubuntu/isaacsim/kit/data/Kit/Isaac-Sim/5.1/0ec06837-edee-4570-b459bb9b-e409ca73.dmp'
2026-07-15T12:03:25Z [0ms] [Warning] [carb.crashreporter-breakpad.plugin] [previous crash] preventing upload of minidump due to user opt-out: '/home/ubuntu/isaacsim/kit/data/Kit/Isaac-Sim/5.1/846da064-407f-481c-dab18ea9-9788aefc.dmp'
2026-07-15T12:03:25Z [0ms] [Warning] [carb.crashreporter-breakpad.plugin] [previous crash] preventing upload of minidump due to user opt-out: '/home/ubuntu/isaacsim/kit/data/Kit/Isaac-Sim/5.1/7674058d-a5ef-457b-61399da4-1924f871.dmp'
2026-07-15T12:03:25Z [0ms] [Warning] [carb.crashreporter-breakpad.plugin] [previous crash] preventing upload of minidump due to user opt-out: '/home/ubuntu/isaacsim/kit/data/Kit/Isaac-Sim/5.1/0dbca6de-81d5-44e8-85c7eba5-c7ac64b6.dmp'
2026-07-15T12:03:25Z [1ms] [Warning] [carb.crashreporter-breakpad.plugin] [previous crash] preventing upload of minidump due to user opt-out: '/home/ubuntu/isaacsim/kit/data/Kit/Isaac-Sim/5.1/96b6ea33-a47b-4c84-2d7408a6-bc8b64a8.dmp'
2026-07-15T12:03:25Z [183ms] [Warning] [omni.usd_config.extension] Enable omni.materialx.libs extension to use MaterialX
2026-07-15T12:03:25Z [185ms] [Warning] [omni.platforminfo.plugin] failed to open the default display.  Can't verify X Server version.
2026-07-15T12:03:26Z [465ms] [Warning] [carb] Acquiring non optional plugin interface which is not listed as dependency: [omni::physx::IPhysxBenchmarks v1.0] (plugin: <default plugin>), by client: omni.physics.physx.plugin. Add it to CARB_PLUGIN_IMPL_DEPS() macro of a client.
2026-07-15T12:03:26Z [601ms] [Warning] [omni.isaac.dynamic_control] omni.isaac.dynamic_control is deprecated as of Isaac Sim 4.5. No action is needed from end-users.

|---------------------------------------------------------------------------------------------|
| Driver Version: 580.142       | Graphics API: Vulkan
|=============================================================================================|
| GPU | Name                             | Active | LDA | GPU Memory | Vendor-ID | LUID       |
|     |                                  |        |     |            | Device-ID | UUID       |
|     |                                  |        |     |            | Bus-ID    |            |
|---------------------------------------------------------------------------------------------|
| 0   | NVIDIA GeForce RTX 5090 D v2     | Yes: 0 |     | 24701   MB | 10de      | 0          |
|     |                                  |        |     |            | 2b8c      | 5f3d0dc0.. |
|     |                                  |        |     |            | 1         |            |
|=============================================================================================|
| OS: 24.04.3 LTS (Noble Numbat) ubuntu, Version: 24.04.3, Kernel: 6.17.0-1017-oem
| Processor: Intel(R) Core(TM) i9-14900K
| Cores: 24 | Logical Cores: 32
|---------------------------------------------------------------------------------------------|
| Total Memory (MB): 64063 | Free Memory: 53852
| Total Page/Swap (MB): 8191 | Free Page/Swap: 8191
|---------------------------------------------------------------------------------------------|
2026-07-15T12:03:28Z [2,566ms] [Warning] [gpu.foundation.plugin] CPU performance profile is set to powersave. This profile sets the CPU to the lowest frequency reducing performance.
[INFO][AppLauncher]: Using device: cuda:0
[INFO][AppLauncher]: Loading experience file: /home/ubuntu/workspace/IsaacLab/apps/isaaclab.python.headless.kit
2026-07-15T12:03:28Z [2,573ms] [Warning] [gpu.foundation.plugin] IOMMU is enabled.
2026-07-15T12:03:28Z [2,698ms] [Warning] [omni.usd] Warning: in _ReportErrors at line 3172 of /builds/omniverse/usd-ci/USD/pxr/usd/usd/stage.cpp -- In </partnet_77b83ff0d0eeb34e6349f6b5431fb3d1/base/visuals>: Unresolved reference prim path @/home/ubuntu/workspace/physvla_sim/datasets/data_normalized/table_urdf/31249/configuration/fitr_info1_base.usd@</visuals/base> introduced by @/home/ubuntu/workspace/physvla_sim/datasets/data_normalized/table_urdf/31249/configuration/fitr_info1_base.usd@</partnet_77b83ff0d0eeb34e6349f6b5431fb3d1/base/visuals> (instantiating stage on stage @/home/ubuntu/workspace/physvla_sim/datasets/data_normalized/table_urdf/31249/configuration/fitr_info1_base.usd@ <0x1e2a0600>)

2026-07-15T12:03:28Z [2,773ms] [Warning] [omni.physx.plugin] USD stage detach not called, holding a loose ptr to a stage!
2026-07-15T12:03:28Z [2,871ms] [Warning] [carb] Recursive unloadAllPlugins() detected!
Traceback (most recent call last):
  File "/home/ubuntu/workspace/physvla_sim/Augment_code/dyn/generate_asset_usd.py", line 238, in <module>
    main()
  File "/home/ubuntu/workspace/physvla_sim/Augment_code/dyn/generate_asset_usd.py", line 231, in main
    validate_author_output(asset_dir, args.output_name, author_result.stdout)
  File "/home/ubuntu/workspace/physvla_sim/Augment_code/dyn/generate_asset_usd.py", line 133, in validate_author_output
    raise RuntimeError("Author did not emit verified joint output")
RuntimeError: Author did not emit verified joint output
[FAILED] table_urdf/31249
SUMMARY failed=['table_urdf/31249']
